id	slug	name_en	name_sr	cats	syn
254	swim-up-procedure-i	Swim-Up Procedure I	Swim-Up procedura I	28	NULL
261	swim-up-procedure-ii	Swim-Up Procedure II	Swim-Up procedura II	28	NULL
262	home-visit-periphery	Home Visit Periphery	Kućna posjeta periferija	30	Kućna poseta periferija
263	genital-sampling	Genital Sampling	Uzimanje uzorka iz genitalija	28	NULL
264	plasma-separation-10ml	Plasma Separation 10ml	Odvajanje plazme 10ml	28	NULL
265	field-sampling	Field Sampling	Uzimanje uzorka na terenu	28	NULL
1469	nasal-irrigation	Nasal Irrigation	Ispiranje nosa	11	NULL
1470	tympanometry	Tympanometry	Timpanometrija	11	NULL
1471	audiometry	Audiometry	Audiometrija	11	Hearing Test ; Ispitivanje sluha ; Test sluha
1472	extended-tympanometry	Extended Tympanometry	Proširena timpanometrija	11	NULL
1473	single-use-forceps	Single Use Forceps	Jednokratne pincete	11	NULL
1474	pharyngeal-endoscopy	Pharyngeal Endoscopy	Faringoskopija	11	NULL
1475	foreign-body-removal	Foreign Body Removal	Uklanjanje stranog tijela	11	Uklanjanje stranog tela
1476	abscess-incision	Abscess Incision	Incizija apscesa	11,31	Otvaranje apscesa
1477	kinesiotherapy-for-children-with-deformities	Kinesiotherapy for Children with Deformities	Kineziterapija za djecu sa deformitetima	5	Kineziterapija za decu ; Kineziterapija za decu sa deformitetima
1478	shock-wave-therapy	Shock Wave Therapy	Terapija udarnim talasima	5	ESWT ; Shockwave Therapy
1479	spinal-decompression	Spinal Decompression	Spinalna dekompresija	5	NULL
1480	tecar-therapy	Tecar Therapy	Tecar terapija	5	Tekar terapija
1481	electrotherapy-2-agents	Electrotherapy 2 Agents	Elektroterapija 2 agensa	5	NULL
1482	electrotherapy-3-agents	Electrotherapy 3 Agents	Elektroterapija 3 agensa	5	NULL
1483	kinesiotherapy	Kinesiotherapy	Kineziterapija	5	Exercise Therapy ; Kinezioterapija
1484	electrotherapy-1-agent	Electrotherapy 1 Agent	Elektroterapija 1 agens	5	NULL
1486	therapeutic-massage-partial	Partial Therapeutic Massage	Terapijska masaža djelimična	5	Terapijski masaža delimična ; Therapeutic Massage Partial
1487	therapeutic-massage-complete	Complete Therapeutic Massage	Terapijska masaža kompletna	5	Terapijska masaža cijelog tijela ; Therapeutic Massage Complete
1488	lymphatic-drainage-partial	Lymphatic Drainage Partial	Limfna drenaža djelimična	5	Limfna drenaža delimična
1489	lymphatic-drainage-complete	Complete Lymphatic Drainage	Limfna drenaža kompletna	5	Lymphatic Drainage Complete ; Manual Lymphatic Drainage ; Manuelna limfna drenaža
1490	first-neurologist-examination	First Neurologist Examination	Prvi pregled neurologa	21	Initial Neurology Consultation
1491	follow-up-neurologist-examination	Follow-up Neurologist Examination	Kontrolni pregled neurologa	21	Ponovni pregled neurologa
1492	electroencephalography	Electroencephalography	Elektroencefalografija	21	EEG
1493	emng-de-and-ge	EMNG of Lower and Upper Limbs	EMNG donjih i gornjih ekstremiteta	21	EMNG DE and GE ; EMNG ruku i nogu
1494	emng-de-or-ge	EMNG of Lower or Upper Limbs	EMNG donjih ili gornjih ekstremiteta	21	EMNG DE or GE ; EMNG nogu ; EMNG ruku
1495	first-neurosurgeon-examination	First Neurosurgeon Examination	Prvi pregled neurohirurga	14,21	NULL
1496	follow-up-neurosurgeon-examination	Follow-up Neurosurgeon Examination	Kontrolni pregled neurohirurga	14,21	Ponovni pregled neurohirurga
1497	urologist-examination-with-ultrasound	Urologist Examination with Ultrasound	Pregled urologa sa ultrazvukom	22	Pregled urologa sa UZ
1498	urologist-examination	Urologist Examination	Pregled urologa	22	Urologist Consultation ; Urološki pregled
1499	prp-facial-treatment	PRP Facial Treatment	PRP tretman lica	18,24	PRP - vampirski lifting sopstvenom plazmom ; PRP Vampire Facelift Own Plasma
1500	botox-1-region	Botox 1 Region	Botox 1 region	24	NULL
1501	botox-2-regions	Botox 2 Regions	Botox 2 regiona	24	NULL
1502	botox-3-regions	Botox 3 Regions	Botox 3 regiona	24	NULL
1503	hyaluron-stylage	Hyaluron Stylage	Hijaluron Stylage	24	NULL
1504	profhilo-treatment	Profhilo Treatment	Profhilo tretman	18,24	NULL
1505	skin-lesion-removal	Skin Lesion Removal	Uklanjanje kožnih lezija	18,24	NULL
1506	lipolysis	Lipolysis	Lipoliza	18,24	NULL
1507	plexr-shower-treatment	Plexr Shower Treatment	Plexr Shower tretman	24	NULL
1509	jalupro-young-eye	Jalupro Young Eye	Jalupro Young Eye	24	NULL
1510	first-ent-examination	First ENT Examination	Prvi pregled ORL specijaliste	11	Prvi pregled otorinolaringologa
1511	follow-up-ent-examination	Follow-up ENT Examination	Kontrolni pregled ORL specijaliste	11	Follow-up ENT Specialist Examination ; Kontrolni pregled otorinolaringologa
1513	cerumen-ear-irrigation	Cerumen Ear Irrigation	Ispiranje uha od cerumena	11,15	Ear Cerumen Irrigation ; Ear Irrigation ; Earwax Removal ; Ispiranje cerumena iz uha ; Ispiranje uha ; Ispiranje ušiju
1524	facial-biorevitalization	Facial Biorevitalization	Biorevitalizacija lica	24	NULL
1525	mesotherapy-3	Mesotherapy 3	Mezoterapija 3	24	NULL
1526	mesotherapy-1	Mesotherapy 1	Mezoterapija 1	24	NULL
1527	mesotherapy-2	Mesotherapy 2	Mezoterapija 2	24	NULL
1528	therapeutic-aesthetic-peeling	Therapeutic Aesthetic Peeling	Terapijski estetski piling	24	NULL
1529	therapeutic-aesthetic-peeling-pro	Therapeutic Aesthetic Peeling Pro	Terapijski estetski piling Pro	24	NULL
1530	therapeutic-aesthetic-peeling-max	Therapeutic Aesthetic Peeling Max	Terapijski estetski piling Max	24	NULL
1531	tecar-leg	Tecar Leg	Tecar noge	5	NULL
1532	tecar-stomach-leg-back	Tecar Stomach Leg Back	Tecar stomak noge leđa	5	NULL
1533	first-gastroenterologist-examination	First Gastroenterologist Examination	Prvi pregled gastroenterologa	6	Prvi pregled gastroenterohepatologa
1534	follow-up-gastroenterologist-examination	Follow-up Gastroenterologist Examination	Kontrolni pregled gastroenterologa	6	Kontrolni pregled gastroenterohepatologa
1535	gastroenterologist-examination-with-ultrasound	Gastroenterologist Examination with Ultrasound	Pregled gastroenterologa sa ultrazvukom	6	NULL
1536	gastroenterology-ultrasound-examination	Gastroenterology Ultrasound Examination	Ultrazvučni pregled gastroenterologije	4,6	NULL
1537	first-physiatrist-examination	First Physiatrist Examination	Prvi pregled fizijatra	5	Fizijatar – prvi pregled
1538	follow-up-physiatrist-examination	Follow-up Physiatrist Examination	Kontrolni pregled fizijatra	5	Fizijatar – kontrolni pregled ; Ponovni pregled fizijatra
1539	prp-joint-treatment	PRP Joint Treatment	PRP tretman zglobova	10,19	NULL
1540	upper-abdomen-ultrasound	Upper Abdomen Ultrasound	Ultrazvuk gornjeg dijela abdomena	4,13	Ultrazvuk gornjeg dela abdomena ; Upper Abdominal Ultrasound ; UZ gornjeg abdomena
1541	lower-abdomen-ultrasound	Lower Abdomen Ultrasound	Ultrazvuk donjeg dijela abdomena	4,22	Lower Abdominal Ultrasound ; Ultrazvuk donjeg dela abdomena ; UZ donjeg abdomena
1543	thyroid-ultrasound	Thyroid Ultrasound	Ultrazvuk štitne žlijezde	4	Ultrazvuk štitaste žlijezde ; Ultrazvuk štitne žlezde ; UZ štitne žlijezde
1544	neck-ultrasound-salivary-glands	Neck Ultrasound (Salivary Glands)	Ultrazvuk vrata (pljuvačne žlijezde)	4	Neck Ultrasound Salivary Glands ; Ultrazvuk pljuvačnih žlezda ; Ultrazvuk pljuvačnih žlijezda ; Ultrazvuk vrata pljuvačne žlezde
1545	breast-ultrasound-with-axilla	Breast Ultrasound with Axilla	Ultrazvuk dojki sa aksilom	4	NULL
1546	peripheral-region-ultrasound	Peripheral Region Ultrasound	Ultrazvuk perifernih regiona	4	NULL
1547	soft-tissue-ultrasound-muscle	Soft Tissue Ultrasound Muscle	Ultrazvuk mekih tkiva mišića	4	NULL
1548	lung-base-ultrasound	Lung Base Ultrasound	Ultrazvuk baze pluća	4	NULL
1549	complete-female-ultrasound	Complete Female Ultrasound	Kompletan ženski ultrazvuk	4	NULL
1550	complete-male-ultrasound	Complete Male Ultrasound	Kompletan muški ultrazvuk	4	NULL
1551	doppler-neck-blood-vessels	Doppler Neck Blood Vessels	Dopler krvnih sudova vrata	4,8,21	Carotid Artery Color Doppler ; Carotid Doppler Ultrasound ; Carotid Duplex Scan ; Dopler karotida ; Dopler vrata ; Doppler krvnih sudova vrata ; Doppler sonografija vrata ; Kolor dopler karotidnih arterija ; Neck Doppler ; Neck Vessel Doppler Ultrasound ; Ultrazvuk krvnih sudova vrata
1552	doppler-upper-extremity-blood-vessels	Doppler Upper Extremity Blood Vessels	Dopler krvnih sudova gornjih ekstremiteta	4	Arm Doppler Ultrasound ; Dopler gornjih ekstremiteta ; Dopler krvnih sudova ruku ; Doppler sonografija gornjih ekstremiteta ; Upper Extremity Doppler ; Upper Extremity Doppler Ultrasound ; Upper Limb Doppler Ultrasound
1553	doppler-lower-extremity-blood-vessels	Doppler Lower Extremity Blood Vessels	Dopler krvnih sudova donjih ekstremiteta	4	Dopler donjih ekstremiteta ; Dopler krvnih sudova nogu ; Doppler sonografija donjih ekstremiteta ; Leg Doppler Ultrasound ; Lower Extremity Doppler ; Lower Extremity Doppler Ultrasound ; Lower Limb Doppler Ultrasound
1554	x-ray-reading	X-Ray Reading	Čitanje rendgena	3	NULL
1555	ct-scan-reading	CT Scan Reading	Čitanje CT snimka	3	NULL
1556	general-practitioner-examination	General Practitioner Examination	Pregled opšteg ljekara	9	GP Consultation ; Pregled lekara opšte prakse ; Pregled ljekara opšte prakse ; Pregled opšteg lekara
1557	preventive-general-practitioner-examination	Preventive General Practitioner Examination	Preventivni pregled opšteg ljekara	9	Preventive GP Check-up ; Preventivni pregled lekara opšte prakse ; Preventivni pregled ljekara opšte prakse ; Preventivni pregled opšteg lekara
1558	intra-articular-medication-application	Intra-Articular Medication Application	Intraartikularna primjena lijekova	29	Intraartikularna primena lekova
1559	brief-doctor-visit-consultation	Brief Doctor Visit Consultation	Kratka konsultacija ljekara	9	Kratka konsultacija lekara
1560	follow-up-general-practitioner-examination	Follow-up General Practitioner Examination	Kontrolni pregled opšteg ljekara	9	Kontrolni pregled ljekara opšte prakse ; Kontrolni pregled opšteg lekara
1561	female-package	Female Package	Ženski paket	9	NULL
1562	male-package	Male Package	Muški paket	9	NULL
1563	msc-male-package	MSC Male Package	MSC muški paket	9	NULL
1564	msc-female-package	MSC Female Package	MSC ženski paket	9	NULL
1591	subcutaneous-injection	Subcutaneous Injection	Potkožna injekcija	29	Davanje injekcije s.c. ; Injekcija pod kožu ; Subcutaneous Injection Administration ; Subkutana injekcija ; SubQ Injection
1592	intramuscular-injection	Intramuscular Injection	Intramuskularna injekcija	29	Aplikacija lijeka intramuskularno ; Davanje injekcije i.m. ; IM Injection ; Injekcija u mišić ; Intramuscular Injection Administration ; Intramuscular Medication Application
1597	wound-dressing-i	Wound Dressing I	Previjanje rane I	31	NULL
1598	wound-dressing-ii	Wound Dressing II	Previjanje rane II	31	NULL
1599	wound-dressing-iii	Wound Dressing III	Previjanje rane III	31	NULL
1604	endometrial-cell-biopsy	Endometrial Cell Biopsy	Biopsija endometrijalnih ćelija	7	NULL
1616	ecg	ECG	EKG	8,15	ECG Recording and Interpretation ; ECG with Interpretation ; Electrocardiogram ; Electrocardiography ; Elektrokardiografija ; Elektrokardiogram ; Snimanje i očitavanje EKG-a
1617	spirometry	Spirometry	Spirometrija	8,12,15	Ispitivanje plućne funkcije ; Lung Function Test ; Snimanje i čitanje spirometrije ; Spirometry Recording and Reading
1618	first-endocrinologist-examination	First Endocrinologist Examination	Prvi pregled endokrinologa	26	NULL
1619	follow-up-endocrinologist-examination	Follow-up Endocrinologist Examination	Kontrolni pregled endokrinologa	26	NULL
1620	endocrinologist-examination-with-ultrasound	Endocrinologist Examination with Ultrasound	Pregled endokrinologa sa ultrazvukom	26	NULL
1621	cardiologist-examination	Cardiologist Examination	Pregled kardiologa	8	Cardiologist Consultation ; Cardiology Consultation ; Kardiološki pregled ; Konsultacija kardiologa
1622	cardiologist-examination-with-ultrasound	Cardiologist Examination with Ultrasound	Pregled kardiologa sa ultrazvukom	8	NULL
1623	first-ophthalmologist-examination	First Ophthalmologist Examination	Prvi pregled oftalmologa	23	Eye Doctor Consultation ; Initial Eye Exam ; Pregled očnog lekara ; Pregled očnog ljekara
1624	follow-up-ophthalmologist-examination	Follow-up Ophthalmologist Examination	Kontrolni pregled oftalmologa	23	Follow-up Eye Exam ; Ponovni pregled oftalmologa
1625	diopter-determination	Diopter Determination	Određivanje dioptrije	23	Mjerenje dioptrije ; Refraction Test
1626	intraocular-pressure-determination	Intraocular Pressure Determination	Određivanje intraokularnog pritiska	23	Eye Pressure Test ; Intraocular Pressure Measurement ; Merenje očnog pritiska ; Mjerenje očnog pritiska ; Tonometrija ; Tonometry
1627	foreign-body-removal-eye	Eye Foreign Body Removal	Uklanjanje stranog tijela iz oka	23	Foreign Body Removal Eye ; Uklanjanje stranog tela iz oka ; Vađenje stranog tijela iz oka
1628	lacrimal-duct-irrigation	Lacrimal Duct Irrigation	Ispiranje suznog kanala	23	Ispiranje suznih puteva ; Propiranje suznih kanala ; Tear Duct Irrigation
1631	electrophoresis	Electrophoresis	Elektroforeza	5	Electrophoresis Therapy ; Iontophoresis ; Jontoforeza
1632	dental-consultation	Dental Consultation	Konsultacija stomatologa	20	Dentist Consultation ; Konsultacija zubara ; Stomatološka konsultacija
1633	dental-caries-treatment	Dental Caries Treatment	Liječenje karijesa	20	Lečenje karijesa ; Tooth Decay Treatment
1634	front-tooth-restoration	Front Tooth Restoration	Restauracija prednjeg zuba	20	NULL
1635	tooth-restoration-with-fiberglass-post	Tooth Restoration with Fiberglass Post	Restauracija zuba fiberglas kolčićem	20	NULL
1636	root-canal-treatment-first-root	Root Canal Treatment, First Root	Liječenje korijenskog kanala, prvi korijen	20	Lečenje korenskog kanala prvi koren ; Root Canal Treatment First Root
1637	root-canal-treatment-second-root	Root Canal Treatment, Second Root	Liječenje korijenskog kanala, drugi korijen	20	Lečenje korenskog kanala drugi koren ; Root Canal Treatment Second Root
1638	root-canal-treatment-third-root	Root Canal Treatment, Third Root	Liječenje korijenskog kanala, treći korijen	20	Lečenje korenskog kanala treći koren ; Root Canal Treatment Third Root
1639	complete-dental-cleaning	Complete Dental Cleaning	Kompletno čišćenje zuba	20	NULL
1640	teeth-whitening	Teeth Whitening	Izbjeljivanje zuba	20	Bijeljenje zuba ; Izbeljivanje zuba ; Tooth Bleaching
1641	custom-dental-guard	Custom Dental Guard	Štitnik za zube po mjeri	20	Custom Mouthguard ; Štitnik za zube po meri
1642	pediatric-dental-adaptation	Pediatric Dental Adaptation	Adaptacija djeteta na stomatologa	35	Adaptacija deteta na stomatologa
1643	pediatric-caries-treatment	Pediatric Caries Treatment	Pedijatrijsko liječenje karijesa	35	Lečenje karijesa kod dece ; Pedijatrisko lečenje karijesa
1644	pulpitis-treatment	Pulpitis Treatment	Liječenje pulpitisa	20	Lečenje pulpitisa ; Liječenje živca zuba
1646	complete-pediatric-dental-cleaning	Complete Pediatric Dental Cleaning	Kompletno pedijatrijsko čišćenje zuba	35	NULL
1647	primary-tooth-extraction	Primary Tooth Extraction	Vađenje mliječnog zuba	35	Baby Tooth Extraction ; Vađenje mlečnog zuba
1648	follow-up-dental-examination	Follow-up Dental Examination	Kontrolni stomatološki pregled	20	Dental Check-up ; Kontrola kod stomatologa
1649	specialist-dental-examination	Specialist Dental Examination	Specijalistički stomatološki pregled	20	NULL
1650	dental-treatment-planning	Dental Treatment Planning	Planiranje stomatološke terapije	20	NULL
1651	insurance-report-issuance	Insurance Report Issuance	Izdavanje izvještaja za osiguravajuće kuće	20	NULL
1652	intraoral-x-ray	Intraoral X-Ray	Intraoralni RTG snimak	3,20	Ciljani snimak zuba ; Digital Intraoral X-Ray ; Digitalni retroalveolarni snimak ; Obični intraoralni snimak zuba ; Periapical X-Ray ; Retroalveolar Radiography ; Retroalveolarna radiografija ; RVG snimak zuba ; Standard Intraoral Dental Radiograph
1653	temporary-filling-with-medication	Temporary Filling with Medication	Aplikacija lijeka i privremeni ispun	20	Privremena plomba sa lijekom
1654	pulp-capping-direct-or-indirect	Pulp Capping Direct or Indirect	Direktno ili indirektno prekrivanje pulpe	20	NULL
1655	phosphate-cement-filling	Phosphate Cement Filling	Fosfat cementna plomba	20	NULL
1656	amalgam-filling	Amalgam Filling	Amalgamska plomba	20	Amalgamski ispun ; Crna plomba ; Silver Filling
1660	premium-composite-filling-single-surface-ivoclar-empress-direct	Premium Composite Filling - Single Surface (Ivoclar Empress Direct)	Estetska plomba premium - jednopovršinska (Ivoclar Empress Direct)	20	NULL
1661	premium-composite-filling-two-surfaces-ivoclar-empress-direct	Premium Composite Filling - Two Surfaces (Ivoclar Empress Direct)	Estetska plomba premium - dvopovršinska (Ivoclar Empress Direct)	20	NULL
1662	premium-composite-filling-three-surfaces-ivoclar-empress-direct	Premium Composite Filling - Three Surfaces (Ivoclar Empress Direct)	Estetska plomba premium - tropovršinska (Ivoclar Empress Direct)	20	NULL
1663	direct-composite-veneer	Direct Composite Veneer	Direktna kompozitna faseta	20	Kompozitne fasete
1664	ceramic-inlay-onlay	Ceramic Inlay Onlay	Keramički inlay ili onlay (bezmetalna plomba)	20	NULL
1665	filling-retention-with-metal-post	Filling Retention with Metal Post	Retencija plombe metalnim kočićem	20	NULL
1666	filling-retention-with-fiber-post	Filling Retention with Fiber or Zirconia Post	Retencija plombe FRC ili cirkon kočićem	20	Filling Retention with Fiber Post
1667	pulpitis-treatment-single-root-niti	Pulpitis Treatment, Single-Root Tooth (NiTi)	Liječenje pulpitisa jednokorijenog zuba (NiTi)	20	Pulpitis Treatment Single Root NiTi
1668	pulpitis-treatment-two-root-niti	Pulpitis Treatment, Two-Root Tooth (NiTi)	Liječenje pulpitisa dvokorijenog zuba (NiTi)	20	Pulpitis Treatment Two Root NiTi
1669	pulpitis-treatment-three-root-niti	Pulpitis Treatment, Three-Root Tooth (NiTi)	Liječenje pulpitisa trokorijenog zuba (NiTi)	20	Pulpitis Treatment Three Root NiTi
1670	pulpitis-treatment-single-root-machine	Pulpitis Treatment, Single-Root Tooth (Rotary)	Liječenje pulpitisa jednokorijenog zuba (mašinski)	20	Pulpitis Treatment Single Root Machine
1671	pulpitis-treatment-two-root-machine	Pulpitis Treatment, Two-Root Tooth (Rotary)	Liječenje pulpitisa dvokorijenog zuba (mašinski)	20	Pulpitis Treatment Two Root Machine
1672	pulpitis-treatment-three-root-machine	Pulpitis Treatment, Three-Root Tooth (Rotary)	Liječenje pulpitisa trokorijenog zuba (mašinski)	20	Pulpitis Treatment Three Root Machine
1673	gangrene-treatment-single-root	Gangrene Treatment, Single-Root Tooth	Liječenje gangrene jednokorijenog zuba	20	Gangrene Treatment Single Root
1674	gangrene-treatment-two-root	Gangrene Treatment, Two-Root Tooth	Liječenje gangrene dvokorijenog zuba	20	Gangrene Treatment Two Root
1675	gangrene-treatment-three-root	Gangrene Treatment, Three-Root Tooth	Liječenje gangrene trokorijenog zuba	20	Gangrene Treatment Three Root
1676	root-canal-retreatment	Root Canal Retreatment	Revizija liječenja kanala korijena	20	Endodontic Retreatment ; Revizija kanala
1677	rubber-dam-application	Rubber Dam Application	Postavljanje koferdama	20	Dental Dam
1678	panoramic-x-ray	Panoramic X-Ray	Ortopan snimak	3,20	OPG snimak ; Orthopantomography ; Ortopantomografski snimak ; Panoramic Jaw X-Ray ; Panoramski snimak zuba ; Panoramsko snimanje vilice
1679	cross-section-x-ray	Cross Section X-Ray	Cross section snimak	20	NULL
1680	3d-dental-x-ray-cbct	3D Dental X-Ray CBCT	3D snimak CBCT	20	CBCT snimak ; Cone Beam CT ; CT zuba ; Dental CT Scan
1681	dental-jewelry-application	Dental Jewelry Application	Stavljanje zubnog nakita	20	Tooth Gem
1682	complete-denture	Complete Denture	Totalna proteza	20	Full Denture ; Potpuna proteza
1683	partial-denture	Partial Denture	Parcijalna proteza	20	Delimična proteza ; Djelimična proteza ; Removable Partial Denture
1684	denture-with-bleach-teeth	Denture with Bleach Teeth	Proteza sa Bleach zubima	20	NULL
1685	skeletal-partial-denture	Skeletal Partial Denture	Parcijalna skeletirana proteza	20	Cast Partial Denture ; Skeletal Denture ; Skeletirana proteza ; Skeletna proteza
1686	denture-retention-system-bredent	Denture Retention System Bredent	Retencioni sistem Bredent	20	NULL
1687	denture-retention-system-ceka	Denture Retention System CeKa	Retencioni sistem CeKa	20	NULL
1688	dolder-bar	Dolder Bar	Dolder prečka	20	NULL
1689	indirect-denture-relining	Indirect Denture Relining	Indirektno podlaganje proteze	20	NULL
1690	direct-denture-relining	Direct Denture Relining	Direktno podlaganje proteze	20	NULL
1691	denture-repair	Denture Repair	Reparatura proteze	20	Popravka proteze
1692	denture-tooth-addition	Denture Tooth Addition	Ugradnja zuba u protezu	20	NULL
1693	denture-clasp-addition	Denture Clasp Addition	Ugradnja kukice u protezu	20	NULL
1694	temporary-bridge-4-units	Temporary Bridge 4 Units	Privremeni most 4 člana	20	NULL
1695	temporary-crown	Temporary Crown	Privremena navlaka	20	Privremena krunica ; Provisional Crown
1696	crown-removal	Crown Removal	Skidanje krunice	20	Uklanjanje krunice
1697	crown-or-bridge-recementation	Crown or Bridge Recementation	Recementiranje krunice ili mosta	20	Ponovno cementiranje krunice
1698	cast-post-and-core	Cast Post and Core	Livana nadogradnja	20	Livena nadogradnja
1699	frc-post-build-up	FRC Post Build-up	FRC kočić i nadogradnja	20	Fiber Post and Core
1700	metal-ceramic-crown-cocr	Metal Ceramic Crown CoCr	Metalokeramička krunica CoCr	20	NULL
1701	metal-ceramic-crown-gold	Metal Ceramic Crown Gold	Metalokeramička krunica na zlatu	20	Ceramic Crown on Gold ; Keramička krunica na zlatu
1702	pressed-ceramic-crown	Pressed Ceramic Crown	Bezmetalna krunica od press keramike	20	NULL
1703	zirconia-crown-with-veneer	Zirconia Crown with Veneer	Cirkonijum krunica sa keramikom	20	NULL
1704	zirconia-multilayer-crown	Zirconia Multilayer Crown	Višeslojna cirkonijum krunica	20	NULL
1705	maryland-bridge	Maryland Bridge	Maryland most	20	Adhezivni most ; Resin-Bonded Bridge
1706	telescopic-crown	Telescopic Crown	Teleskop krunica	20	NULL
1707	metal-ceramic-crown-bleach-shade	Metal Ceramic Crown Bleach Shade	Metalokeramička krunica bleach boja	20	NULL
1708	ceramic-crown-bleach-shade	Ceramic Crown Bleach Shade	Bezmetalna krunica bleach boja	20	NULL
1709	implant-crown-metal-ceramic	Implant Crown Metal Ceramic	Metalokeramička krunica na implantu	20	Metal Ceramic Implant Crown
1710	screw-retained-implant-crown-cocr	Screw Retained Implant Crown CoCr	Šrafovana krunica na implantatu CoCr	20	NULL
1711	screw-retained-implant-crown-gold	Screw Retained Implant Crown Gold	Krunica na implantu šrafovana zlato	20	NULL
1712	multi-unit-abutment-with-ti-base	Multi Unit Abutment with Ti Base	Multi unit abutment sa Ti bazom	20	NULL
1713	hybrid-abutment-zirconia	Hybrid Abutment Zirconia	Hibridni abutment cirkonijum	20	NULL
1714	digital-smile-design	Digital Smile Design	Digitalni dizajn osmijeha	20	Digitalni dizajn osmeha ; DSD
1715	tooth-extraction-simple	Simple Tooth Extraction	Jednostavno vađenje zuba	20	Tooth Extraction Simple
1716	tooth-extraction-moderate	Tooth Extraction Moderate	Vađenje zuba otežano	20	NULL
1717	tooth-extraction-complex	Complex Tooth Extraction	Komplikovano vađenje zuba	20	Kompleksna ekstrakcija zuba ; Tooth Extraction Complex
1718	surgical-tooth-extraction	Surgical Tooth Extraction	Hirurško vađenje zuba	20	Hirurška ekstrakcija zuba
1719	impacted-tooth-extraction	Impacted Tooth Extraction	Vađenje impaktiranog zuba	20	Impacted Wisdom Tooth Removal ; Vađenje impaktiranog umnjaka
1720	impacted-tooth-extraction-complex	Impacted Tooth Extraction Complex	Vađenje impaktiranog zuba otežano	20	NULL
1722	cystectomy	Cystectomy	Cistektomija	20	Jaw Cyst Removal ; Uklanjanje ciste na zubu
1723	cystectomy-extended	Cystectomy Extended	Cistektomija proširena	20	NULL
1724	sinus-closure	Sinus Closure	Hirurško zatvaranje sinusa	20	NULL
1725	sinus-closure-with-foreign-body-removal	Sinus Closure with Foreign Body Removal	Zatvaranje sinusa sa uklanjanjem stranog tijela	20	NULL
1726	caldwell-luc-procedure	Caldwell Luc Procedure	Caldwell Luc operacija	20	NULL
1727	sinus-closure-with-mucosal-graft	Sinus Closure with Mucosal Graft	Zatvaranje sinusa sa mukoznim graftom	20	NULL
1728	mucosal-autograft	Mucosal Autograft	Slobodni mukozni autotransplantat	20	NULL
1730	frenectomy	Frenectomy	Frenektomija	20	Frenulectomy ; Frenulektomija ; Frenulum Removal ; Frenum Removal ; Uklanjanje frenuluma
1732	alveolar-ridge-leveling	Alveolar Ridge Leveling	Nivelacija alveolarnog grebena	20	Alveoloplastika ; Alveoloplasty
1733	vestibuloplasty	Vestibuloplasty	Produbljivanje forniksa	20	Vestibuloplastika
1736	bleeding-control-dental	Dental Bleeding Control	Zaustavljanje krvarenja (stomatologija)	20	Bleeding Control Dental ; Zaustavljanje krvarenja nakon vađenja zuba
1737	alveolitis-treatment	Alveolitis Treatment	Liječenje alveolita	20	Dry Socket Treatment ; Lečenje alveolita ; Suva alveola
1738	dental-implant-bredent	Dental Implant Bredent	Ugradnja implantata Bredent	20	NULL
1739	dental-implant-zimmer	Dental Implant Zimmer	Ugradnja implantata Zimmer	20	NULL
1740	dental-implant-nobel-biocare	Dental Implant Nobel Biocare	Ugradnja implantata Nobel Biocare	20	NULL
1741	dental-implant-straumann	Dental Implant Straumann	Ugradnja implantata Straumann	20	NULL
1742	socket-preservation	Socket Preservation	Priprema postekstrakcione rane za implantaciju	20	NULL
1743	bone-augmentation-biooss	Bone Augmentation Bio-Oss	Augmentacija alveolarnog grebena Bio-Oss	20	Bone Augmentation Biooss ; Bone Grafting ; Nadogradnja kosti
1744	flap-surgery-periodontal	Periodontal Flap Surgery	Parodontalna operacija režnja	20	Flap operacija ; Flap Surgery Periodontal
1745	periodontal-scaling-root-planing	Periodontal Scaling and Root Planing	Kauzalna parodontološka terapija	20	Periodontal Causal Therapy ; Periodontal Scaling Root Planing ; Zatvorena kiretaža parodontalnih džepova
1746	gingivectomy	Gingivectomy	Gingivektomija	20	Skraćivanje desni
1747	periodontal-splint	Periodontal Splint	Parodontološki splint	20	NULL
1748	surgical-exposure-impacted-tooth	Surgical Exposure of Impacted Tooth	Denudacija impaktiranog zuba	20	Otkrivanje impaktiranog zuba ; Surgical Exposure Impacted Tooth
1749	all-on-4-implant-prosthesis-bredent	All on 4 Implant Prosthesis Bredent	All on 4 proteza na implantatima Bredent	20	NULL
1750	all-on-4-implant-prosthesis-nobel	All on 4 Implant Prosthesis Nobel	All on 4 proteza na implantatima Nobel	20	All-on-4 Nobel Biocare ; Proteza na 4 implantata Nobel
1751	all-on-4-implant-prosthesis-zimmer	All on 4 Implant Prosthesis Zimmer	All on 4 proteza na implantatima Zimmer	20	NULL
1752	all-on-4-implant-prosthesis-straumann	All on 4 Implant Prosthesis Straumann	All on 4 proteza na implantatima Straumann	20	All-on-4 Straumann ; Proteza na 4 implantata Straumann
1753	overdenture-on-mini-implants	Overdenture on Mini Implants	Proteza na mini implantatima	20	Mini Implant Denture ; Proteza na mini implantima
1754	aprf-application	APRF Application	Upotreba APRF	20	NULL
1755	biooss-bone-graft-05g	Bio-Oss Bone Graft 0.5g	Koštani graft Geistlich Bio-Oss 0.5g	20	Biooss Bone Graft 0.5g
1756	biooss-membrane-small	Biooss Membrane Small	Geistlich membrana mala	20	NULL
1757	biooss-membrane-large	Biooss Membrane Large	Geistlich membrana velika	20	NULL
1758	all-on-6-implant-prosthesis-bredent	All on 6 Implant Prosthesis Bredent	All on 6 proteza na implantatima Bredent	20	NULL
1759	all-on-6-implant-prosthesis-nobel	All on 6 Implant Prosthesis Nobel	All on 6 proteza na implantatima Nobel	20	All-on-6 Nobel Biocare ; Proteza na 6 implantata Nobel
1760	all-on-4-metal-ceramic-titanium	All on 4 Metal Ceramic Titanium	All on 4 metalokeramička proteza na titanu	20	All-on-4 Metal-Ceramic ; Metalokeramička proteza na 4 implantata
1761	all-on-4-metal-ceramic-cocr	All on 4 Metal Ceramic CoCr	All on 4 metalokeramička proteza CoCr	20	NULL
1762	all-on-6-metal-ceramic	All on 6 Metal Ceramic	All on 6 metalokeramička proteza	20	All-on-6 Metal-Ceramic ; Metalokeramička proteza na 6 implantata
1763	all-on-4-zirconia	All on 4 Zirconia	All on 4 cirkonijum proteza	20	All-on-4 Zirconia ; Cirkonijum proteza na 4 implantata
1764	all-on-6-zirconia	All on 6 Zirconia	All on 6 cirkonijum proteza	20	All-on-6 Zirconia ; Cirkonijum proteza na 6 implantata
1765	implant-overdenture-locators-bredent	Implant Overdenture Locators Bredent	Proteza na lokatorima Bredent	20	NULL
1766	implant-overdenture-locators-nobel	Implant Overdenture Locators Nobel	Proteza na lokatorima Nobel	20	NULL
1767	implant-bar-attachment	Implant Bar Attachment	Prečka na implantatima	20	NULL
1768	surgical-guide-per-implant	Surgical Guide per Implant	Hirurška vodilica po implantatu	20	Hirurški šablon
1769	surgical-guide-additional-opening	Surgical Guide Additional Opening	Dodatni otvor na surgical guide	20	NULL
1770	3d-implant-planning	3D Implant Planning	Planiranje implantacije na 3D snimku	20	3D planiranje implantata ; Digital Implant Planning
1771	orthodontic-follow-up-monthly	Orthodontic Follow-up Monthly	Ortodontska kontrola mjesečna	20	NULL
1772	orthodontic-plate-with-screw	Orthodontic Plate with Screw	Ortodontska ploča sa šrafom	20	NULL
1773	monoblock-appliance	Monoblock Appliance	Monoblok aparat	20	NULL
1774	vestibular-plate	Vestibular Plate	Vestibularna ploča	20	NULL
1775	chin-cap	Chin Cap	Bradna kapa	20	Chin Cup
1776	fixed-orthodontic-braces-per-arch	Fixed Orthodontic Braces per Arch	Fiksni ortodontski aparat po vilici	20,34	Breketi ; Fiksni aparatić za zube
1777	ceramic-braces-per-arch	Ceramic Braces per Arch	Estetske bravice po vilici	20	NULL
1778	braces-removal-per-arch	Braces Removal per Arch	Skidanje fiksnog aparata po vilici	20,34	NULL
1779	complex-fixed-orthodontic-treatment	Complex Fixed Orthodontic Treatment	Kompleksna fiksna ortodontska terapija	20	NULL
1780	segmental-fixed-orthodontic-appliance	Segmental Fixed Orthodontic Appliance	Segmentni fiksni ortodontski aparat	20	NULL
1781	fixed-orthodontic-check-up	Fixed Orthodontic Check-up	Kontrola fiksnog ortodontskog aparata	20,34	Braces Check-up ; Kontrola breketa
1782	bracket-replacement	Bracket Replacement	Zamjena bravice	20,34	Bracket Rebonding ; Zamena breketa ; Zamjena breketa
1783	band-replacement	Band Replacement	Zamjena prstena	20	NULL
1784	archwire-replacement	Archwire Replacement	Zamjena luka	20	NULL
1785	invisalign-analysis	Invisalign Analysis	Analiza za Invisalign	20	NULL
1786	invisalign-attachment	Invisalign Attachment	Atečment za Invisalign	20	NULL
1787	invisalign-aligner	Invisalign Aligner	Invisalign folija	20,34	NULL
1928	pediatric-examination	Pediatric Examination	Pedijatrijski pregled	25	Paediatric Examination ; Pediatrician Visit ; Pregled djeteta ; Pregled pedijatra
1929	follow-up-pediatric-examination	Follow-up Pediatric Examination	Kontrolni pedijatrijski pregled	25	Kontrolni pregled djeteta ; Kontrolni pregled pedijatra
1930	subspecialist-pediatric-examination	Subspecialist Pediatric Examination	Subspecijalistički pregled pedijatra	25	NULL
1931	follow-up-subspecialist-pediatric-examination	Follow-up Subspecialist Pediatric Examination	Subspecijalistički kontrolni pregled pedijatra	25	NULL
1932	pediatric-gastroenterologist-examination	Pediatric Gastroenterologist Examination	Pregled pedijatra gastroenterologa	6,25	NULL
1933	pediatric-hematologist-examination	Pediatric Hematologist Examination	Pregled pedijatra hematologa	25	NULL
1934	pediatric-neurologist-examination	Pediatric Neurologist Examination	Pregled pedijatra neurologa	21,25	NULL
1935	pediatric-cardiologist-examination-with-echocardiography	Pediatric Cardiologist Examination with Echocardiography	Pregled pedijatra kardiologa sa ultrazvukom srca i EKG-om	8,25	NULL
1936	pediatric-pulmonologist-examination	Pediatric Pulmonologist Examination	Pregled pedijatra pulmologa	12,25	NULL
1937	professor-examination	Professor Examination	Profesorski pregled	9	Pregled profesora
1938	follow-up-professor-examination	Follow-up Professor Examination	Kontrolni profesorski pregled	9	Kontrolni pregled profesora
1939	pulmonologist-examination	Pulmonologist Examination	Pregled pulmologa	12	Konsultacija pulmologa ; Lung Specialist
1940	pulmonologist-examination-with-diffusion-test	Pulmonologist Examination with Diffusion Test	Pregled pulmologa sa testom difuzije	12	NULL
1941	pulmonologist-examination-with-body-plethysmography	Pulmonologist Examination with Body Plethysmography	Pregled pulmologa sa bodipletizmografijom, spirometrijom i testom difuzije	12	NULL
1942	internist-examination-with-ecg	Internist Examination with ECG	Pregled interniste sa EKG-om	9	Internistički pregled sa EKG-om
1943	cardiologist-examination-with-ecg-and-echocardiography-heart-ultrasound	Cardiologist Examination with ECG and Echocardiography (Heart Ultrasound)	Pregled kardiologa sa EKG-om i ehokardiografijom (ultrazvuk srca)	8	NULL
1944	cardiologist-examination-with-ecg	Cardiologist Examination with ECG	Pregled kardiologa sa EKG-om	8	Kardiološki pregled sa EKG-om
1945	ergometry-stress-test	Ergometry Stress Test	Ergometrija - test fizičkog opterećenja	8,9	Dinamska elektrokardiografija ; Dinamska elektrokardiografija (ergometrija) ; Ergometrija - EKG test pod fizičkim opterećenjem ; Ergometry ECG Stress Test ; Exercise ECG ; Exercise ECG (Ergometry) ; Exercise Stress Test ; Test opterećenja ; TFO
1946	professor-cardiologist-examination	Professor Cardiologist Examination	Profesorski pregled kardiologa	8	NULL
1947	follow-up-professor-cardiologist-examination	Follow-up Professor Cardiologist Examination	Kontrolni profesorski pregled kardiologa	8	NULL
1948	professor-echocardiography	Professor Echocardiography	Profesorski ultrazvučni pregled srca	8	NULL
1949	professor-cardiologist-with-echocardiography	Professor Cardiologist with Echocardiography	Profesorski pregled kardiologa sa ultrazvukom srca	8	NULL
1950	professor-ergometry	Professor Ergometry	Profesorska ergometrija - test opterećenja srca	8	NULL
1951	stress-echocardiography	Stress Echocardiography	Stres EHO srca - test fizičkog i/ili farmakološkog opterećenja	4,8,9	Dinamska ehokardiografija ; Stres eho test
1952	professor-stress-echocardiography	Professor Stress Echocardiography	Stres EHO srca - profesorski pregled	8	NULL
1953	professor-cardiology-package	Professor Cardiology Package	Profesorski kardiološki paket	8	NULL
1954	expert-consultation	Expert Consultation	Stručni konsultantski pregled	9	NULL
1955	ent-specialist-examination	ENT Specialist Examination	Pregled ORL specijaliste	11	ENT Doctor Visit ; ORL pregled ; Otolaryngologist Examination ; Pregled otorinolaringologa
1957	allergist-examination	Allergist Examination	Pregled alergologa	27	Allergist Consultation ; Konsultacija alergologa
1958	dermatologist-examination	Dermatologist Examination	Pregled dermatologa	24	Dermatology Consultation ; Dermatološki pregled ; Pregled dermatovenerologa
1959	endocrinologist-examination	Endocrinologist Examination	Pregled endokrinologa	26	Endocrinologist Consultation ; Konsultacija endokrinologa
1960	endocrinologist-examination-with-thyroid-ultrasound	Endocrinologist Examination with Thyroid Ultrasound	Pregled endokrinologa sa ultrazvukom štitne žlijezde	26	NULL
1961	professor-endocrinologist-examination	Professor Endocrinologist Examination	Profesorski pregled endokrinologa	26	NULL
1962	hematologist-examination	Hematologist Examination	Pregled hematologa	9	Hematology Consultation ; Hematološki pregled
1963	family-medicine-examination	Family Medicine Examination	Pregled specijaliste porodične medicine	9	Family Doctor Visit ; Porodični lekar ; Porodični ljekar ; Pregled porodičnog ljekara
1964	orthopedist-examination	Orthopedist Examination	Pregled ortopeda	10	Orthopaedic Examination ; Orthopedic Consultation ; Ortopedski pregled
1965	rheumatologist-examination	Rheumatologist Examination	Pregled reumatologa	10	Reumatološki pregled ; Rheumatology Consultation
1967	oncologist-examination	Oncologist Examination	Pregled interniste onkologa	9	Onkološki pregled ; Pregled onkologa
1968	home-visit-doctor-and-nurse	Home Visit Doctor and Nurse	Kućna posjeta ljekara i medicinskog tehničara	30	Kućna posjeta ljekara i medicinske sestre
1969	systematic-examination-package-1	Systematic Examination Package 1	Sistematski pregled paket 1	9	Health Check-up Package 1
1970	systematic-examination-package-2	Systematic Examination Package 2	Sistematski pregled paket 2	9	Health Check-up Package 2
1973	infusion-therapy	Infusion Therapy	Infuziona terapija	29	Davanje infuzije ; IV Drip
1975	intramuscular-therapy-1	Intramuscular Therapy 1	Intramuskularna terapija 1	29	NULL
1976	intramuscular-therapy-2	Intramuscular Therapy 2	Intramuskularna terapija 2	29	NULL
1977	wound-care	Wound Care	Obrada rane	31	NULL
1978	ear-examination-and-irrigation	Ear Examination and Irrigation	Pregled i ispiranje uha	11	NULL
1979	iv-cannula-application	IV Cannula Application	Aplikacija intravenske kanile (braunile)	15,29	Peripheral IV Cannulation ; Postavljanje braunile
1980	intravenous-medication-application	Intravenous Medication Application	Aplikacija lijeka intravenski	15,29	Davanje injekcije i.v. ; Injekcija u venu ; Intravenous Injection Administration ; Intravenous Therapy Administration ; Intravenska injekcija ; Intravenska primena terapije ; IV Injection
1981	intra-articular-injection	Intra-articular Injection	Aplikacija lijeka intraartikularno	10,19,29	Injekcija u zglob ; Joint Injection ; Local Joint Medication Injection ; Lokalna aplikacija leka u zglob ; Lokalna aplikacija lijeka u zglob
1982	iv-therapy-service	IV Therapy Service	Usluga davanja intravenske terapije	29	NULL
1983	immobilization	Immobilization	Imobilizacija	10	NULL
1984	patient-observation-per-hour	Patient Observation per Hour	Opservacija pacijenta po satu	9	NULL
1985	inhalation-therapy	Inhalation Therapy	Inhalaciona terapija	11,12,15,29	Davanje inhalacije ; Inhalacija ; Inhalaciona primena ; Inhalaciona primjena lijeka ; Inhalation Administration ; Inhaled Medication Administration ; Nebulizer Therapy
1986	aspiration	Aspiration	Aspiracija	12	NULL
1987	diffusion-test	Diffusion Test	Difuzija - procjena kapaciteta pluća za unos kiseonika	12	NULL
1988	diffusion-and-spirometry	Diffusion and Spirometry	Difuzija i spirometrija	12	NULL
1989	bronchodilator-test	Bronchodilator Test	Bronhodilatatorni test - spirometrija sa lijekom	12,15	Bronchodilator Reversibility Test ; Bronhodilatacijski test
1990	body-plethysmography	Body Plethysmography	Bodipletizmografija - mjerenje zapremine pluća	12	NULL
1991	echocardiography-heart-ultrasound	Echocardiography (Heart Ultrasound)	Ehokardiografija (ultrazvuk srca)	4,8,9	Cardiac Ultrasound ; Echocardiography ; EHO (ehokardiografija) ; Eho srca ; Transthoracic Echocardiography ; UZ srca
1992	holter-ecg-24h	Holter ECG 24h	Holter EKG-a - 24h snimanje srčane aktivnosti	8,9	24-Hour Holter Monitoring ; Ambulatory ECG ; Holter ECG ; Holter ECG Monitoring ; Holter EKG ; Holter EKG-a ; Holter srca
1993	holter-blood-pressure-24h	Holter Blood Pressure 24h	Holter krvnog pritiska - 24h praćenje vrijednosti	8,9	24-Hour Blood Pressure Monitoring ; ABPM ; Ambulatory Blood Pressure Monitoring (ABPM) ; Holter Blood Pressure Monitoring ; Holter krvnog pritiska ; Holter pritiska ; Holter TA
1994	prick-test-nutritive-allergens	Prick Test for Food Allergens	Prick test na nutritivne alergene	27	Prick test na alergene iz hrane ; Prick Test Nutritive Allergens ; Prik test na nutritivne alergene
1995	prick-test-inhalation-allergens	Prick Test for Inhalant Allergens	Prick test na inhalacione alergene	12,15,27	Alergološko prick testiranje ; Inhalation Allergen Skin Prick Test ; Ispitivanje kožne preosjetljivosti na inhalacione alergene ; Prick Test Inhalation Allergens ; Prik test na inhalacione alergene
1996	lactofan-intolerance-tests	Lactofan Intolerance Tests	Lactofan testovi intolerancije	27	Hydrogen Breath Test ; Lactose Intolerance Test ; Laktofan testovi ; Vodonični izdisajni test
1997	hip-ultrasound	Hip Ultrasound	Ultrazvuk kukova	4	Hip Joint Ultrasound ; Ultrazvuk kuka
1998	soft-tissue-ultrasound	Soft Tissue Ultrasound	Ultrazvuk mekih tkiva	4	NULL
1999	urinary-tract-ultrasound	Urinary Tract Ultrasound	Ultrazvuk urotrakta	4	KUB Ultrasound ; Ultrazvuk bubrega i mokraćne bešike ; Ultrazvuk urinarnog trakta
2000	breast-ultrasound	Breast Ultrasound	Ultrazvuk dojki	4,7	Breast Sonography ; Breast Ultrasound Examination ; Ultrazvučni pregled dojke ; Ultrazvuk dojke ; Ultrazvuk grudi ; UZ dojki
2001	abdomen-and-kidney-ultrasound	Abdomen and Kidney Ultrasound	Ultrazvuk abdomena i bubrega	4	NULL
2006	x-ray-skull-towne-altchul	X-Ray Skull (Towne and Altschul Views)	Rendgen lobanje (Towne i Altschul)	3	X-Ray Skull Towne Altchul
2008	x-ray-sinuses-with-profiles	X-Ray Sinuses with Profiles	Rendgen sinusa sa profilima	3	RTG sinusa sa profilima
2009	x-ray-maxillary-sinuses	X-Ray Maxillary Sinuses	Rendgen maksilarnih sinusa	3	Maxillary Sinus X-Ray ; Rendgen Hajmorovih šupljina ; RTG maksilarnih sinusa
2010	x-ray-orbits	X-Ray Orbits	Rendgen orbita (očnih duplji)	3	Orbit X-Ray ; RTG orbita
2011	x-ray-optic-canal-rhese	X-Ray Optic Canal (Rhese View)	Rendgen optičkog kanala - Rhese projekcija	3	X-Ray Optic Canal Rhese
2012	x-ray-mastoid-shuller	X-Ray Mastoid (Schüller View)	Rendgen mastoida (Schüller)	3	RTG mastoida ; X-Ray Mastoid Shuller
2013	x-ray-temporal-bones	X-Ray Temporal Bones (Petrous Pyramids, Mayer and Stenvers Views)	Rendgen temporalnih kostiju - piramide (Mayer, Stenvers)	3	RTG temporalnih kostiju
2014	x-ray-sella-turcica	X-Ray Sella Turcica	Rendgen sele turcike	3	RTG sele turcike ; RTG turskog sedla
2015	x-ray-facial-bones	X-Ray Facial Bones	RTG kostiju lica	3	Facial Bones X-Ray ; Rendgen kostiju lica
2016	x-ray-facial-bones-with-profiles	X-Ray Facial Bones with Profiles	RTG kostiju lica sa profilima	3	NULL
2017	x-ray-nose-profiles	X-Ray Nose Profiles	Rendgen nosa - profili	3	RTG nosa
2018	x-ray-nose-with-profiles	X-Ray Nose with Profiles	Rendgen nosa sa profilima	3	RTG nosa
2019	x-ray-maxilla-mandible-tmj	X-Ray Maxilla, Mandible and TMJ	Rendgen maksile, mandibule i temporomandibularnog zgloba	3	TMJ X-Ray ; X-Ray Maxilla Mandible TMJ
2020	x-ray-cervical-spine	X-Ray Cervical Spine	Rendgen cervikalnog (vratnog) dijela kičme	3	Cervical Spine X-Ray ; Rendgen cervikalnog (vratnog) dela vrata ; RTG vratne kičme
2021	x-ray-thoracic-spine	X-Ray Thoracic Spine	Rendgen torakalnog dijela kičme	3	Rendgen torakalnog dela kicme ; RTG torakalne kičme ; Thoracic Spine X-Ray
2022	x-ray-lumbar-spine-and-sacrum	X-Ray Lumbar Spine and Sacrum	Rendgen lumbalnog dijela kičme i sakruma	3	Lumbar Spine X-Ray ; Lumbosacral Spine X-Ray ; Rendgen lumbalnog dela kicme i sakruma ; RTG LS kičme ; RTG lumbalne kičme
2023	x-ray-full-spine	X-Ray Full Spine	Rendgen cijele kičme	3	Full Spine X-Ray ; Rendgen cele kičme ; RTG cijele kičme ; Whole Spine X-Ray
2024	x-ray-shoulder	X-Ray Shoulder	Rendgen ramena	3	RTG ramena ; Shoulder X-Ray
2025	x-ray-upper-arm	X-Ray Upper Arm	Rendgen nadlaktice	3	Humerus X-Ray ; RTG nadlaktice ; Upper Arm X-Ray
2026	x-ray-both-upper-arms	X-Ray Both Upper Arms	Rendgen obje nadlaktice	3	RTG obje nadlaktice
2027	x-ray-elbow	X-Ray Elbow	Rendgen lakta	3	Elbow X-Ray ; RTG lakta
2028	x-ray-both-elbows	X-Ray Both Elbows	Rendgen oba lakta	3	RTG oba lakta
2029	x-ray-forearm	X-Ray Forearm	Rendgen podlaktice	3	Forearm X-Ray ; RTG podlaktice
2030	x-ray-both-forearms	X-Ray Both Forearms	Rendgen obje podlaktice	3	RTG obje podlaktice
2031	x-ray-hand	X-Ray Hand	Rendgen šake	3	Hand X-Ray ; RTG šake
2032	x-ray-both-hands	X-Ray Both Hands	Rendgen obje šake	3	RTG obje šake
2033	x-ray-wrist	X-Ray Wrist	Rendgen ručnog zgloba	3	RTG ručnog zgloba ; Wrist X-Ray
2034	x-ray-both-wrists	X-Ray Both Wrists	Rendgen oba ručna zgloba	3	RTG oba ručna zgloba
2035	x-ray-chest-heart	X-Ray Lungs and Heart	RTG pluća i srca	3	Rendgen pluća i srca ; X-Ray Chest and Heart ; X-Ray Chest Heart
2037	x-ray-abdomen-native	Plain X-Ray of the Abdomen	Rendgen abdomena – nativni snimak	3,13	Nativni snimak abdomena ; Plain Abdominal X-Ray ; RTG abdomena ; X-Ray Abdomen Native
2038	x-ray-urinary-tract	X-Ray Urinary Tract	Rendgen urotrakta	3,22	RTG urotrakta ; Snimanje urotrakta ; Urinary Tract X-Ray
2039	x-ray-pelvis	X-Ray Pelvis	Rendgen karlice	3	Pelvic X-Ray ; Rendgen oba kuka sa karlicom ; RTG karlice sa kukovima ; X-Ray Both Hips with Pelvis ; X-Ray Pelvis with Hips
2040	x-ray-hip	X-Ray Hip	Rendgen kuka	3	Hip X-Ray ; RTG kuka
2041	x-ray-thigh	X-Ray Thigh	Rendgen natkoljenice	3	Rendgen butne kosti (natkoljenice) ; Rendgen natkolenice ; RTG natkoljenice ; Thigh X-Ray ; X-Ray Femur (Thigh)
2042	x-ray-both-thighs	X-Ray Both Thighs	Rendgen obje natkoljenice	3	RTG obje natkoljenice
2043	x-ray-knee	X-Ray Knee	Rendgen koljena	3	Knee X-Ray ; Rendgen kolena ; RTG koljena
2044	x-ray-both-knees	X-Ray Both Knees	Rendgen oba koljena	3	Rendgen oba kolena ; RTG oba koljena
2045	x-ray-lower-leg	X-Ray Lower Leg	Rendgen potkoljenice	3	Lower Leg X-Ray ; Rendgen potkolenice ; RTG potkoljenice ; Tibia and Fibula X-Ray
2046	x-ray-both-lower-legs	X-Ray Both Lower Legs	Rendgen obje potkoljenice	3	Rendgen obe potkolenice ; RTG obje potkoljenice
2047	x-ray-ankle	X-Ray Ankle	Rendgen skočnog zgloba	3	Ankle X-Ray ; RTG skočnog zgloba
2048	x-ray-both-ankles	X-Ray Both Ankles	Rendgen oba skočna zgloba	3	RTG oba skočna zgloba
2049	x-ray-foot	X-Ray Foot	Rendgen stopala	3	Foot X-Ray ; RTG stopala
2050	x-ray-both-feet	X-Ray Both Feet	Rendgen oba stopala	3	RTG oba stopala
2051	x-ray-heel	X-Ray Heel	Rendgen pete	3	Calcaneus X-Ray ; Heel X-Ray ; RTG pete
2052	x-ray-both-heels	X-Ray Both Heels	Rendgen obje pete	3	RTG obje pete
2053	surgical-intervention	Surgical Intervention	Hirurška intervencija	14	NULL
2054	suture-removal	Suture Removal	Skidanje konaca	15,31	Skidanje hirurških konaca ; Skidanje šavova ; Stitch Removal ; Surgical Suture Removal ; Vađenje konaca
2055	follow-up-family-medicine-examination	Follow-up Family Medicine Examination	Kontrolni pregled specijaliste porodične medicine	9	NULL
2056	family-medicine-examination-with-ultrasound	Family Medicine Examination with Ultrasound	Pregled specijaliste porodične medicine sa ultrazvukom	9	NULL
2057	medical-documentation-review-and-prescription	Medical Documentation Review and Prescription	Pregled medicinske dokumentacije i propisivanje recepta	9	NULL
2058	e-consultation-with-specialist	E-Consultation with Specialist	E-konsultacija sa drugim specijalistom	9	NULL
2059	professor-examination-with-ultrasound	Professor Examination with Ultrasound	Profesorski pregled sa ultrazvukom	9	NULL
2060	specialist-examination	Specialist Examination	Specijalistički pregled	9	Pregled specijaliste
2061	follow-up-specialist-examination	Follow-up Specialist Examination	Kontrolni specijalistički pregled	9	Kontrolni pregled specijaliste
2062	specialist-examination-with-ultrasound	Specialist Examination with Ultrasound	Specijalistički pregled sa ultrazvukom	9	NULL
2063	specialist-examination-with-two-ultrasounds	Specialist Examination with Two Ultrasounds	Specijalistički pregled sa dva ultrazvuka	9	NULL
2064	subspecialist-examination	Subspecialist Examination	Subspecijalistički pregled	9	Pregled subspecijaliste
2065	follow-up-subspecialist-examination	Follow-up Subspecialist Examination	Kontrolni subspecijalistički pregled	9	NULL
2066	subspecialist-examination-with-ultrasound	Subspecialist Examination with Ultrasound	Subspecijalistički pregled sa ultrazvukom	9	NULL
2067	home-visit-city-center	Home Visit City Center	Kućna posjeta - uži centar	30	Home Visit Center ; Kućna poseta centar ; Kućna posjeta u gradu
2068	home-visit-up-to-3km	Home Visit up to 3km	Kućna posjeta do 3 km	30	NULL
2069	home-visit-over-3km	Home Visit over 3km	Kućna posjeta preko 3 km	30	NULL
2070	home-visit-follow-up	Home Visit Follow-up	Kućna posjeta - kontrola	30	NULL
2071	systematic-exam-package-urology-hormones-men	Systematic Exam Package Urology Hormones Men	Sistematski pregled paket 1 - urološki i hormonski pregled za muškarce	22	NULL
2072	systematic-exam-package-hormones-breast-cancer-women	Systematic Exam Package Hormones Breast Cancer Women	Sistematski pregled paket 2 - hormonska ravnoteža i rana prevencija karcinoma dojke kod žena	9	NULL
2073	systematic-exam-package-thyroid	Systematic Exam Package Thyroid	Sistematski pregled paket 3 - sveobuhvatna dijagnostika štitne žlijezde	26	NULL
2074	systematic-exam-package-metabolism-nutrition	Systematic Exam Package Metabolism Nutrition	Sistematski pregled paket 4 - metabolički balans i individualni plan ishrane	9	NULL
2075	systematic-exam-package-vitamins-hormones-minerals	Systematic Exam Package Vitamins Hormones Minerals	Sistematski pregled paket 5 - energija, vitalnost i snaga - vitaminski, hormonski i mineralni pregled	9	NULL
2076	systematic-exam-package-bone-health-osteoporosis	Systematic Exam Package Bone Health Osteoporosis	Sistematski pregled paket 6 - zdravlje kostiju i prevencija osteoporoze	26	NULL
2077	systematic-exam-package-general-health	Systematic Exam Package General Health	Sistematski pregled paket 7 - preventivni sistematski pregled za opšte zdravlje	9	NULL
2078	systematic-exam-insurance	Systematic Exam Insurance	Sistematski pregled - osiguranje	9	NULL
2079	additional-intramuscular-medication	Additional Intramuscular Medication	Aplikacija lijeka intramuskularno (dodatnog)	29	NULL
2080	intramuscular-therapy	Intramuscular Therapy	Intramuskularna terapija	29	NULL
2083	enema	Enema	Klizma	9,29	Davanje klistira ; Enema Administration
2084	lactofan-test	Lactofan Test	Laktofan test	27	NULL
2085	lactofan-package-2-sugars	Lactofan Package 2 Sugars	Laktofan paket 2 šećera	27	NULL
2086	medical-security-up-to-3h	Medical Security up to 3h	Medicinsko obezbjeđenje do 3h	13	NULL
2087	medical-security-additional-hour	Medical Security Additional Hour	Medicinsko obezbjeđenje (dodatni sat)	13	NULL
2088	catheter-placement	Catheter Placement	Plasiranje katetera	9,29	Postavljanje katetera
2089	nasogastric-tube-placement	Nasogastric Tube Placement	Plasiranje nazogastrične sonde	9,15	Nasogastric Intubation ; NG Tube Insertion ; Postavljanje nazogastrične sonde
2091	medical-transport-bls-up-to-50km	Medical Transport BLS up to 50km	Transport u zemlji BLS do 50 km	13	NULL
2092	medical-transport-bls-up-to-200km	Medical Transport BLS up to 200km	Transport u zemlji BLS do 200 km	13	NULL
2093	medical-transport-als-up-to-50km	Medical Transport ALS up to 50km	Transport u zemlji ALS do 50 km	13	NULL
2094	medical-transport-als-up-to-200km	Medical Transport ALS up to 200km	Transport u zemlji ALS do 200 km	13	NULL
2098	immune-booster-iv	Immune Booster IV	Imuno booster infuzija	29	NULL
2099	myers-cocktail-iv	Myers Cocktail IV	Mayersov koktel infuzija	29	NULL
2100	after-party-cocktail-iv	After Party Cocktail IV	After Party koktel infuzija	29	NULL
2101	iron-power-iv	Iron Power IV	Iron power infuzija	29	NULL
2102	prick-test-nutritive-and-inhalation-allergens	Prick Test for Food and Inhalant Allergens	Prick test na nutritivne i inhalacione alergene	27	Prick Test Nutritive and Inhalation Allergens ; Prik test na nutritivne i inhalacione alergene
2103	upper-and-lower-extremity-doppler	Upper and Lower Extremity Doppler	Dopler gornjih i donjih ekstremiteta	4	NULL
2104	blood-vessels-doppler	Blood Vessels Doppler	Dopler krvnih sudova	4	Doppler krvnih sudova ; Doppler sonografija velikih krvnih sudova ; Major Blood Vessels Doppler Ultrasound ; Vascular Doppler Ultrasound
2105	abdomen-ultrasound	Abdomen Ultrasound	Ultrazvuk abdomena	4	Abdominal Ultrasound ; Ultrazvuk stomaka ; UZ abdomena
2106	abdomen-and-urinary-tract-ultrasound	Abdomen and Urinary Tract Ultrasound	Ultrazvuk abdomena i urotrakta	4	NULL
2107	abdomen-urinary-tract-and-thyroid-ultrasound	Abdomen Urinary Tract and Thyroid Ultrasound	Ultrazvuk abdomena, urotrakta i štitne žlijezde	4	NULL
2108	breast-and-thyroid-ultrasound	Breast and Thyroid Ultrasound	Ultrazvuk dojki i štitne žlijezde	4	NULL
2109	hip-and-kidney-ultrasound	Hip and Kidney Ultrasound	Ultrazvuk kukova i bubrega	4	NULL
2110	lung-ultrasound	Lung Ultrasound	Ultrazvuk pluća	4	NULL
2111	hand-ultrasound	Hand Ultrasound	Ultrazvuk šake	4	NULL
2113	neck-ultrasound	Neck Ultrasound	Ultrazvuk vrata	4	NULL
2114	skin-and-subcutaneous-lesion-excision	Skin and Subcutaneous Lesion Excision	Ekscizija kožnih i potkožnih lezija	15,18	NULL
2115	benign-skin-tumor-removal	Benign Skin Tumor Removal	Uklanjanje benignih tumora kože	15,18	NULL
2116	skin-tumor-excision-with-reconstruction	Skin Tumor Excision with Reconstruction	Ekcizija tumora kože sa rekonstrukcijom	15,18	NULL
2117	atheroma-and-lipoma-excision	Atheroma and Lipoma Excision	Ekcizija ateroma i lipoma	15,18	NULL
2118	surface-biopsy-punch-system	Surface Biopsy Punch System	Površinska biopsija (Punch sistem)	15	NULL
2119	anoscopy	Anoscopy	Anoskopija	6	NULL
2120	bandage	Bandage	Zavoj	31	NULL
2121	anorectal-clinical-examination	Anorectal Clinical Examination	Klinički pregled anorektuma	6	NULL
2122	crossectomy-vein-removal	Crossectomy Vein Removal	Krosektomija (uklanjanje vene)	17	NULL
2123	complete-extirpation	Complete Extirpation	Ekstirpacija u cjelosti	17	NULL
2124	hernia-operation	Hernia Operation	Operacija kile	17,32	Hernia Repair ; Hernioplastika ; Operacija hernije
2125	incision	Incision	Incizija	15	NULL
2126	infiltration	Infiltration	Infiltracija	15	NULL
2127	lymph-node-extirpation	Lymph Node Extirpation	Ekstirpacija limfnog čvora	15	NULL
2128	ingrown-toenail-surgery	Ingrown Toenail Surgery	Operacija uraslog nokta	15	NULL
2129	necrectomy-and-wound-care	Necrectomy and Wound Care	Nekrektomija i obrada rane	31	NULL
2130	pilonidal-cyst-surgery-classic	Classic Pilonidal Cyst Surgery	Operacija pilonidalne ciste, klasična	17,32	Ekscizija pilonidalnog sinusa sa primarnim šavom ; Klasična operacija pilonidalne ciste ; Pilonidal Cyst Surgery Classic
2131	pleural-drainage	Pleural Drainage	Drenaža pleure	12,15,17	Chest Tube Insertion ; Pleuralna drenaža ; Torakalna drenaža
2132	postoperative-puncture-and-evacuation	Postoperative Puncture and Evacuation	Postoperativna punkcija i evakuacija sadržaja	17	NULL
2133	purulent-skin-and-subcutaneous-incision	Purulent Skin and Subcutaneous Incision	Incizija gnojne kože i potkožnog tkiva	15	NULL
2134	rectoscopy	Rectoscopy	Rektoskopija	6,15	NULL
2135	minor-surgical-intervention	Minor Surgical Intervention	Mala hirurška intervencija	15	NULL
2137	umbilical-hernia-operation	Umbilical Hernia Operation	Operacija pupčane kile	17,32	Operacija umbilikalne hernije ; Umbilical Hernia Repair
2138	large-wound-care	Large Wound Care	Obrada rane - velika	31	NULL
2139	medium-wound-care	Medium Wound Care	Obrada rane - srednja	31	NULL
2140	small-wound-care	Small Wound Care	Obrada rane - mala	31	Mala obrada rane ; Minor Wound Care
2141	wound-care-steri-strip	Wound Care Steri-Strip	Obrada rane - Steri-Strip	31	NULL
2143	cyst-aspiration-puncture	Cyst Aspiration Puncture	Aspiraciona punkcija ciste	15	NULL
2144	benign-breast-tumor-surgery	Benign Breast Tumor Surgery	Operacija benignih tumora dojki	17	Fibroadenoma Removal ; Uklanjanje fibroadenoma dojke
2145	perianal-fistula-surgery	Perianal Fistula Surgery	Operacija perianalne fistule	32	NULL
2146	anal-fissure-surgery	Anal Fissure Surgery	Operacija analne fisure	32	Operacija analne ragade
2147	hemorrhoid-surgery-classic	Classic Hemorrhoid Surgery	Operacija hemoroida, klasična	32	Hemoroidektomija ; Hemorrhoid Surgery Classic ; Hemorrhoidectomy ; Klasična operacija hemoroida
2148	hemorrhoid-rubber-band-ligation	Hemorrhoid Rubber Band Ligation (per Node)	Gumena ligatura hemoroida, po čvoru	32	Hemorrhoid Banding
2151	hydrocele-surgery	Hydrocele Surgery	Operacija hidrocele	22	Hydrocelectomy ; Operacija hidrokele
2152	circumcision-local-anesthesia	Circumcision under Local Anesthesia	Cirkumcizija (lokalna anestezija)	22	Circumcision Local Anesthesia ; Obrezivanje ; Operacija fimoze ; Phimosis Surgery
2153	circumcision-spinal-general-anesthesia	Circumcision Spinal General Anesthesia	Cirkumcizija (spinalna/opšta anestezija)	22	NULL
2154	subcapsular-orchiectomy-local-anesthesia	Subcapsular Orchiectomy under Local Anesthesia	Subkapsularna orhiektomija (lokalna anestezija)	22	Subcapsular Orchidectomy ; Subcapsular Orchiectomy Local Anesthesia ; Subkapsularna orhidektomija
2155	subcapsular-orchiectomy-spinal-general-anesthesia	Subcapsular Orchiectomy Spinal General Anesthesia	Subkapsularna orhiektomija (spinalna/opšta anestezija)	22	NULL
2156	condyloma-removal-small-lesion	Condyloma Removal Small Lesion	Uklanjanje kondiloma manje lezije (lokalna anestezija)	22	NULL
2157	condyloma-removal-large-lesion	Condyloma Removal Large Lesion	Uklanjanje kondiloma veće lezije (lokalna anestezija)	22	NULL
2158	frenulotomy	Frenulotomy under Local Anesthesia	Frenulotomija (lokalna anestezija)	18,22	NULL
2159	orthopedic-examination-with-injection	Orthopedic Examination with Injection	Ortopedski pregled sa blokadom	10	NULL
2160	orthopedic-examination-with-1-prp-treatment	Orthopedic Examination with 1 PRP Treatment	Ortopedski pregled sa 1 PRP tretmanom	10	NULL
2161	orthopedic-examination-with-2-prp-treatments	Orthopedic Examination with 2 PRP Treatments	Ortopedski pregled sa 2 PRP tretmana	10	NULL
2162	joint-puncture	Joint Puncture	Punkcija zgloba	10,15	Arthrocentesis ; Artrocenteza ; Punkcija koljena
2163	botox-injection	Botox Injection	Botoks injekcija	18,24	Botox injekcija ; Botox Treatment ; Botox tretman ; Botulinski toksin ; Botulinum Toxin Treatment
2164	skin-hydration-treatment	Skin Hydration Treatment	Hidratacija kože	24	NULL
2165	hyaluronic-acid-filler	Hyaluronic Acid Filler	Hijaluron filer	18,24	Dermal Filler ; Filer sa hijaluronskom kiselinom ; Hijaluronski filer ; Hyaluronic Filler
2166	hyaluronic-acid-filler-charmony	Hyaluronic Acid Filler Charmony	Hijaluron filer Charmony	24	NULL
2167	jalupro-biorevitalization	Jalupro Biorevitalization	Jalupro biorevitalizacija kože	24	NULL
2168	jalupro-super-hydro-treatment	Jalupro Super Hydro Treatment	Jalupro Super Hydro tretman	24	NULL
2169	kenalog-injection-zone-1	Kenalog Injection Zone 1	Kenalog injekcija I zona	24	NULL
2170	kenalog-injection-zone-2	Kenalog Injection Zone 2	Kenalog injekcija II zona	24	NULL
2171	professor-cardiologist-examination-with-ultrasound	Professor Cardiologist Examination with Ultrasound	Profesorski pregled kardiologa sa ultrazvukom	8	NULL
2172	professor-orthopedist-examination-with-ultrasound	Professor Orthopedist Examination with Ultrasound	Profesorski pregled ortopeda sa ultrazvukom	10	NULL
2173	professor-gastroenterologist-examination-with-ultrasound	Professor Gastroenterologist Examination with Ultrasound	Profesorski pregled gastroenterologa sa ultrazvukom	6	NULL
2174	specialist-examination-type-1	Specialist Examination Type 1	Specijalistički pregled 1	9	NULL
2175	specialist-examination-type-2	Specialist Examination Type 2	Specijalistički pregled 2	9	NULL
2176	specialist-examination-type-3	Specialist Examination Type 3	Specijalistički pregled 3	9	NULL
2177	follow-up-specialist-examination-type-1	Follow-up Specialist Examination Type 1	Kontrolni specijalistički pregled 1	9	NULL
2178	follow-up-specialist-examination-type-2	Follow-up Specialist Examination Type 2	Kontrolni specijalistički pregled 2	9	NULL
2179	follow-up-specialist-examination-type-3	Follow-up Specialist Examination Type 3	Kontrolni specijalistički pregled 3	9	NULL
2180	specialist-examination-with-additional-service	Specialist Examination with Additional Service	Specijalistički pregled sa dodatnom medicinskom uslugom	9	NULL
2181	specialist-examination-with-two-additional-services	Specialist Examination with Two Additional Services	Specijalistički pregled sa dvije dodatne medicinske usluge	9	NULL
2182	home-visit-city-center-technician	Home Visit City Center Technician	Kućna posjeta - uži dio grada (tehničar)	30	NULL
2183	home-visit-suburban-technician	Home Visit Suburban Technician	Kućna posjeta - prigradska naselja (tehničar)	30	NULL
2184	home-visit-suburban	Home Visit Suburban	Kućna posjeta - prigradska naselja	30	NULL
2185	home-visit-outside-city	Home Visit Outside City	Kućna posjeta van grada	30	NULL
2186	systematic-examination-package-3	Systematic Examination Package 3	Sistematski pregled paket 3	9	NULL
2187	dermatoscopy	Dermatoscopy	Dermatoskopija	24	Dermoscopy ; Dermoskopija ; Mole Check ; Pregled mladeža
2188	demodex-test	Demodex Test	Dermodeks test	24	NULL
2189	surgical-examination	Surgical Examination	Hirurški pregled	14	Pregled hirurga ; Surgeon Consultation
2190	follow-up-surgical-examination	Follow-up Surgical Examination	Kontrolni hirurški pregled	14	Kontrolni pregled hirurga
2191	surgical-examination-with-ultrasound	Surgical Examination with Ultrasound	Hirurški pregled sa ultrazvukom	14	NULL
2192	lymph-node-biopsy	Lymph Node Biopsy	Biopsija limfnih čvorova	14	NULL
2193	wound-care-and-bandage	Wound Care and Bandage	Toaleta rane i zavoj	31	NULL
2194	bilateral-hernia-operation	Bilateral Hernia Operation	Operacija kile obostrano	17,32	Bilateral Hernia Repair ; Obostrana hernioplastika
2195	surgical-intervention-local-anesthesia	Surgical Intervention Local Anesthesia	Hirurška intervencija u lokalnoj anesteziji	15	NULL
2196	surgical-intervention-general-anesthesia	Surgical Intervention General Anesthesia	Hirurška intervencija u opštoj anesteziji	15	NULL
2197	wound-swab-sampling	Wound Swab Sampling	Bris rane - uzorkovanje	31	NULL
2198	laser-hemorrhoid-surgery	Laser Hemorrhoid Surgery	Operacija hemoroida, laserska	17,32	Laser Hemorrhoidoplasty ; Laserska operacija hemoroida
2199	circumcision-general-anesthesia	Circumcision General Anesthesia	Cirkumcizija (opšta anestezija)	22	NULL
2200	cystoscopy-male	Cystoscopy (Male)	Cistoskopija (muškarci)	15,22	Cistoskopija kod muškaraca ; Cystoscopy Male ; Male Cystoscopy
2201	cystoscopy-female	Cystoscopy (Female)	Cistoskopija (žene)	15,22	Cistoskopija kod žena ; Cystoscopy Female ; Female Cystoscopy
2202	frenulotomy-general-anesthesia	Frenulotomy General Anesthesia	Frenulotomija (opšta anestezija)	22	NULL
2203	subcapsular-orchiectomy-general-anesthesia	Subcapsular Orchiectomy General Anesthesia	Subkapsularna orhiektomija (opšta anestezija)	22	NULL
2204	follow-up-orthopedic-with-1-prp-treatment	Follow-up Orthopedic with 1 PRP Treatment	Ortopedski pregled sa 1 PRP tretmanom - kontrola	10	NULL
2205	follow-up-orthopedic-with-2-prp-treatments	Follow-up Orthopedic with 2 PRP Treatments	Ortopedski pregled sa 2 PRP tretmana - kontrola	10	NULL
2206	cast-immobilization-with-examination	Cast Immobilization with Examination	Gips imobilizacija sa pregledom	10	NULL
2207	intra-articular-injection-without-ultrasound	Intra-articular Injection without Ultrasound	Intraartikularna injekcija bez ultrazvuka	29	NULL
2208	follow-up-intra-articular-injection	Follow-up Intra-articular Injection	Intraartikularna injekcija bez ultrazvuka - kontrola	29	NULL
2209	carpal-tunnel-surgery	Carpal Tunnel Surgery	Operacija sindroma karpalnog tunela	10,18,21	Carpal Tunnel Decompression ; Carpal Tunnel Release ; Dekompresija živca šake u karpalnom kanalu ; Operacija karpalnog tunela
2210	orthopedic-reposition	Orthopedic Reposition	Ortopedska repozicija	10	NULL
2211	orthopedic-reposition-with-x-ray-and-cast	Orthopedic Reposition with X-Ray and Cast	Ortopedska repozicija sa RTG i gips imobilizacijom	10	NULL
2212	acp-therapy-plasma-for-joints	ACP Therapy Plasma for Joints	ACP terapija (plazma terapija za zglobove)	10,19	NULL
2213	acp-max-therapy-enhanced-plasma	ACP MAX Therapy Enhanced Plasma	ACP MAX terapija (ojačana plazma terapija)	10,19	NULL
2214	hyalubrix-injection	Hyalubrix Injection	Hyalubrix injekcija (hijaluronska kiselina za zglobove)	10,19	NULL
2215	gastroscopy-without-anesthesia	Gastroscopy without Anesthesia	Gastroskopija bez anestezije	6	EGD ; Gastroskopija bez narkoze ; Upper GI Endoscopy
2216	gastroscopy-with-anesthesia	Gastroscopy with Anesthesia	Gastroskopija sa anestezijom	6	Gastroscopy under Sedation ; Gastroskopija pod anestezijom ; Gastroskopija u narkozi
2217	colonoscopy-without-anesthesia	Colonoscopy without Anesthesia	Kolonoskopija bez anestezije	6	Kolonoskopija bez narkoze
2218	colonoscopy-with-anesthesia	Colonoscopy with Anesthesia	Kolonoskopija sa anestezijom	6	Colonoscopy under Sedation ; Kolonoskopija pod anestezijom ; Kolonoskopija u narkozi
2219	colonoscopy-and-gastroscopy-with-anesthesia	Colonoscopy and Gastroscopy with Anesthesia	Kolonoskopija i gastroskopija sa anestezijom	6	Gastroscopy and Colonoscopy with Anesthesia ; Gastroskopija i kolonoskopija pod anestezijom ; Gastroskopija i kolonoskopija sa anestezijom
2220	liver-biopsy-local-anesthesia	Liver Biopsy under Local Anesthesia	Biopsija jetre u lokalnoj anesteziji	6,15	Liver Biopsy Local Anesthesia ; Percutaneous Liver Biopsy ; Perkutana biopsija jetre
2221	vein-surgery-one-leg	Vein Surgery (One Leg)	Operacija vena - jedna noga	17,22	Vein Surgery One Leg
2222	vein-surgery-both-legs	Vein Surgery Both Legs	Operacija vena - obje noge	17,22	NULL
2223	histopathology-surgery-type-1	Histopathology Surgery Type 1	Patohistološka analiza hirurgija 1	17	NULL
2224	histopathology-surgery-type-2	Histopathology Surgery Type 2	Patohistološka analiza hirurgija 2	17	NULL
2225	histopathology-additional-sample-1	Histopathology Additional Sample 1	Patohistološka analiza dodatni uzorak 1	17	NULL
2226	histopathology-additional-sample-2	Histopathology Additional Sample 2	Patohistološka analiza dodatni uzorak 2	17	NULL
2227	gynecological-specialist-examination	Gynecological Specialist Examination	Specijalistički ginekološki pregled	7	Gynecologist Visit ; Pregled ginekologa
2228	gynecological-specialist-examination-with-ultrasound	Gynecological Specialist Examination with Ultrasound	Specijalistički ginekološki pregled sa ultrazvukom	7	Pregled ginekologa sa ultrazvukom
2229	gynecological-subspecialist-examination	Gynecological Subspecialist Examination	Subspecijalistički ginekološki pregled	7	NULL
2230	gynecological-subspecialist-examination-with-ultrasound	Gynecological Subspecialist Examination with Ultrasound	Subspecijalistički ginekološki pregled sa ultrazvukom	7	NULL
2231	systematic-gynecological-examination-package	Systematic Gynecological Examination Package	Sistematski ginekološki pregled - paket usluga	7	NULL
2232	colposcopy	Colposcopy	Kolposkopija (pregled grlića materice)	7	Colposcopy Examination ; Kolposkopski pregled
2233	gynecological-ultrasound	Gynecological Ultrasound	Ginekološki ultrazvuk	4,7	Female Pelvic Ultrasound ; Ultrazvuk male karlice ; Ultrazvuk materice i jajnika
2234	expert-pregnancy-ultrasound	Expert Pregnancy Ultrasound	Ekspertski ultrazvuk u trudnoći	4,7	NULL
2235	iud-insertion	IUD Insertion	Postavljanje intrauterinog uloška (IUD)	7	Coil Fitting ; Intrauterine Device Insertion ; Postavljanje IUD ; Postavljanje spirale ; Ugradnja spirale
2236	iud-removal	IUD Removal	Uklanjanje intrauterinog uloška (IUD)	7	Coil Removal ; Intrauterine Device Removal ; Skidanje IUD ; Uklanjanje spirale ; Vađenje spirale
2237	pessary-insertion	Pessary Insertion	Postavljanje pesara	7	NULL
2238	gynecological-biopsy	Gynecological Biopsy	Biopsija (ginekološki uzorak tkiva)	7	NULL
2239	ctg-fetal-monitoring	CTG Fetal Monitoring	CTG monitoring (praćenje otkucaja srca ploda i kontrakcija)	7	Cardiotocography ; Cardiotocography CTG ; CTG kardiotokografija ; Kardiotokografija ; KTG ; Non-Stress Test
2240	electrocoagulation-cervix	Electrocoagulation Cervix	Elektrokoagulacija (promjene na grliću materice)	7	NULL
2241	gynecological-swab-collection	Gynecological Swab Collection	Uzimanje ginekoloških briseva	7	Ginekološki bris
2242	pap-smear-collection	PAP Smear Collection	PAPA test (uzimanje brisa)	7	NULL
2243	exploratory-curettage-without-anesthesia	Exploratory Curettage without Anesthesia	Eksplorativna kiretaža bez anestezije	16	NULL
2244	exploratory-curettage-with-anesthesia	Exploratory Curettage with Anesthesia	Eksplorativna kiretaža sa anestezijom	16	NULL
2245	bartholin-gland-incision	Bartholin Gland Incision (Cyst or Abscess Drainage)	Incizija Bartolinijeve žlijezde (drenaža ciste ili apscesa)	16	Bartholin Abscess Drainage ; Incizija Bartolinove žlijezde
2246	cervical-canal-curettage	Cervical Canal Curettage	Kiretman cervikalnog kanala	16	NULL
2247	abortion-without-anesthesia	Abortion without Anesthesia	Arteficijelni abortus bez anestezije	16	NULL
2248	abortion-with-anesthesia	Abortion with Anesthesia	Arteficijelni abortus sa anestezijom	16	NULL
2249	loop-excision-cervix-without-anesthesia	Loop Excision Cervix without Anesthesia	Loop ekscizija grlića materice bez anestezije	16	NULL
2250	loop-excision-cervix-with-anesthesia	Loop Excision Cervix with Anesthesia	Loop ekscizija grlića materice sa anestezijom	16	NULL
2251	polypectomy	Polypectomy	Polipektomija (uklanjanje polipa)	16	NULL
2252	genital-condyloma-removal-grade-1	Genital Condyloma Removal Grade 1	Uklanjanje genitalnih kondiloma I stepen	16	NULL
2253	genital-condyloma-removal-grade-2	Genital Condyloma Removal Grade 2	Uklanjanje genitalnih kondiloma II stepen	16	NULL
2254	diagnostic-hysteroscopy	Diagnostic Hysteroscopy	Dijagnostička histeroskopija	16	NULL
2255	surgical-hysteroscopy	Surgical Hysteroscopy	Hirurška histeroskopija	16	NULL
2256	prp-vaginal-rejuvenation	PRP Vaginal Rejuvenation	PRP terapija za vaginalnu rejuvenaciju	16	NULL
2257	hpv-test	HPV Test	HPV test (Human Papilloma Virus)	7	NULL
2259	pap-test-with-smear-collection	PAP Test with Smear Collection	PAPA test sa uzimanjem brisa	7	Citološki bris po Papanikolau ; Pap Smear ; Papa bris
2260	pap-test-liquid-cytology	PAP Test Liquid Cytology	PAPA test - tečna citologija (LBC metoda)	7	Liquid-Based Cytology
2261	histopathology-1-sample	Histopathology 1 Sample	Patohistološka analiza - 1 uzorak	7	NULL
2262	histopathology-2-samples	Histopathology 2 Samples	Patohistološka analiza - 2 uzorka	7	NULL
2263	ophthalmological-examination	Ophthalmological Examination	Oftalmološki pregled	23	NULL
2264	emergency-ophthalmological-examination	Emergency Ophthalmological Examination	Hitni oftalmološki pregled	23	NULL
2265	preoperative-ophthalmological-examination	Preoperative Ophthalmological Examination	Predoperativni oftalmološki pregled	23	NULL
2266	follow-up-ophthalmological-examination	Follow-up Ophthalmological Examination	Kontrolni oftalmološki pregled do 2 sedmice od prvog pregleda	23	NULL
2267	ophthalmological-examination-contact-lenses	Ophthalmological Examination for Soft Contact Lenses	Oftalmološki pregled za meka kontaktna sočiva	23	Ophthalmological Examination Contact Lenses
2268	ophthalmological-examination-with-lens-calculation	Ophthalmological Examination with Lens Calculation	Oftalmološki pregled sa UZ i proračunom sočiva	23	NULL
2269	pediatric-strabismus-examination	Pediatric Strabismus Examination	Oftalmološki i strabološki pregled za djecu sa širenjem zjenica	23,25	Oftalmološki i strabološki pregled za djecu sa širenjem zenica
2270	complete-glaucoma-examination	Complete Glaucoma Examination	Kompletan pregled za glaukom	23	Dijagnostika glaukoma ; Glaucoma Screening
2271	ophthalmological-ultrasound	Ophthalmological Ultrasound	Oftalmološki ultrazvuk	4,23	Eye Ultrasound ; Ultrazvuk oka
2273	dry-eye-test-schirmer	Schirmer Test for Dry Eye	Test za suvo oko (Schirmer test)	23	Dry Eye Test Schirmer ; Širmerov test
2274	visual-field-test	Visual Field Test	Test vidnog polja	23	NULL
2275	oct-pachymetry-cornea	OCT Pachymetry Cornea	OCT pahimetrija (debljina rožnjače)	23	NULL
2276	oct-optic-nerve-analysis	OCT Optic Nerve Analysis	OCT analiza vidnog živca	23	NULL
2277	oct-posterior-segment	OCT Posterior Segment	OCT zadnjeg segmenta oka (vidni živac + žuta mrlja)	23	NULL
2278	oct-macula-analysis	OCT Macula Analysis	OCT analiza žute mrlje	23	NULL
2279	daily-intraocular-pressure-profile	Daily Intraocular Pressure Profile	Dnevni profil očnog pritiska (IOP)	23	Diurnal Tension Curve ; Dnevna kriva očnog pritiska
2280	chalazion-removal-children-general-anesthesia	Chalazion Removal in Children under General Anesthesia	Uklanjanje halaciona kod djece u opštoj anesteziji	23,25	Chalazion Removal Children General Anesthesia
2281	chalazion-removal-local-anesthesia	Chalazion Removal under Local Anesthesia	Uklanjanje halaciona kod djece i odraslih u lokalnoj anesteziji	23,33	Chalazion Removal Local Anesthesia
2282	eyelid-tumor-surgical-removal	Eyelid Tumor Surgical Removal	Hirurško uklanjanje tumora na kapcima	23,33	NULL
2283	ectropion-surgery	Ectropion Surgery	Operacija izvrnutog kapka (ectropium)	23,33	Operacija ektropiona
2284	entropion-surgery	Entropion Surgery	Operacija uvrnutog kapka (entropium)	23,33	Operacija entropiona
2285	blepharoplasty	Blepharoplasty	Operacija viška kože na kapcima (blefaroplastika)	18,23	Eyelid Surgery ; Korekcija kapaka
2286	lacrimal-duct-probing-children-general-anesthesia	Lacrimal Duct Irrigation and Probing in Children under General Anesthesia	Propiranje i sondiranje suznih puteva kod djece u opštoj anesteziji	23,25	Lacrimal Duct Probing Children General Anesthesia ; Sondiranje suznih kanala kod djece ; Tear Duct Probing
2287	lacrimal-duct-probing-adults	Lacrimal Duct Probing Adults	Propiranje suznih puteva u ambulantnim uslovima za odrasle	23	NULL
2288	anti-vegf-injection	Anti-VEGF Injection	Anti-VEGF injekcija (terapija očne retine)	23,29	Anti-VEGF terapija ; Anti-VEGF Therapy
2289	laser-photocoagulation-type-1	Laser Photocoagulation Type 1	Laser fotokoagulacija oka - tip 1	23	NULL
2290	laser-photocoagulation-type-2	Laser Photocoagulation Type 2	Laser fotokoagulacija oka - tip 2	23	NULL
2292	x-ray-both-knees-rosenberg	X-Ray Both Knees Rosenberg	RTG oba koljena po Rozenbergu	3	NULL
2293	x-ray-knee-patella	X-Ray Knee Patella	RTG koljena - patela (čašica koljena)	3	NULL
2294	x-ray-both-knees-patella	X-Ray Both Knees Patella	RTG koljena - patele obje noge	3	NULL
2295	x-ray-both-shoulders	X-Ray Both Shoulders	RTG oba ramena	3	NULL
2297	x-ray-chest	X-Ray Chest	RTG grudnog koša	3,12	Chest X-Ray Lungs ; Rendgen pluća ; RTG pluća sa profilom ; Snimanje pluća ; X-Ray Chest with Profile
2298	follow-up-dermatologist-examination	Follow-up Dermatologist Examination	Kontrolni pregled dermatologa	24	Ponovni pregled dermatovenerologa
2299	home-visit-type-1	Home Visit Type 1	Kućna posjeta 1	30	NULL
2300	home-visit-type-2	Home Visit Type 2	Kućna posjeta 2	30	NULL
2301	home-visit-type-3	Home Visit Type 3	Kućna posjeta 3	30	NULL
2307	gastroscopy-with-foreign-body-removal	Gastroscopy with Foreign Body Removal	Gastroskopija sa vađenjem stranog tijela	6	NULL
2308	conscious-sedation	Conscious Sedation	Analgosedacija (kratkotrajna venska anestezija)	15,20	IV Sedation
2309	general-iv-anesthesia	General IV Anesthesia	Opšta venska anestezija	15	NULL
2310	thyroid-biopsy	Thyroid Biopsy	Biopsija štitaste žlijezde	15,17,26	Biopsija štitaste žlijezde tankom iglom ; Biopsija štitne žlijezde ; Punkcija štitne žlijezde ; Thyroid Fine Needle Biopsy ; Thyroid Puncture
2311	dermatologist-examination-with-dermatoscopy	Dermatologist Examination with Dermatoscopy	Pregled dermatologa sa dermatoskopijom	24	Pregled dermatologa sa dermoskopijom
2312	extended-specialist-examination	Extended Specialist Examination	Produženi specijalistički pregled (1-2h)	9	NULL
2313	after-hours-examination	After Hours Examination	Pregled van radnog vremena	9	NULL
2314	synacthen-test	Synacthen Test	Sinaktenski test	26	NULL
2315	prolactin-profile-with-iv-cannula	Prolactin Profile with IV Cannula	Profil prolaktina sa braunilom	26	NULL
3140	mri-brain-and-spinal-cord	MRI Brain and Spinal Cord	MR pregled mozga i kičmene moždine	1	NULL
3141	mri-brain	MRI Brain	MR pregled mozga	1	Brain MRI ; Head MRI ; MR glave ; MR mozga
3142	mri-brain-with-head-arteriography	MRI Brain with Head Arteriography	MR pregled mozga sa arteriografijom glave	1	NULL
3143	mri-brain-with-venous-sinus-venography	MRI Brain with Venous Sinus Venography	MR pregled mozga sa venografijom venskih sinusa glave	1	NULL
3144	mri-brain-with-angiography-and-venography	MRI Brain with Angiography and Venography	MR pregled mozga sa angiografijom i venografijom	1	NULL
3145	mri-pituitary-gland-sella-turcica	MRI Pituitary Gland (Sella Turcica)	MR pregled hipofize (turskog sedla)	1	MR hipofize ; MR turskog sedla ; MRI Pituitary Gland ; Pituitary MRI
3146	mri-temporomandibular-joints	MRI Temporomandibular Joints	MR pregled temporomandibularnih zglobova	1	NULL
3147	mri-orbital-cavity-eye-socket	MRI Orbital Cavity (Eye Socket)	MR pregled očne orbite (očne duplje)	1	NULL
3148	mri-nasopharynx	MRI Nasopharynx	MR pregled nazofarinksa	1	NULL
3149	mri-paranasal-sinuses	MRI Paranasal Sinuses	MR pregled paranazalnih sinusa	1	NULL
3150	mri-angiography-neck-arteries	MRI Angiography Neck Arteries	MR angiografija vratnih arterija	1	NULL
3151	mri-soft-tissue-neck	MRI Soft Tissue Neck	MR pregled mekih tkiva vrata	1	MR mekih tkiva vrata ; MR vrata ; MRI Neck Soft Tissue
3152	mri-cervical-spine	MRI Cervical Spine	MR pregled vratnog dijela kičme	1	MR vratne kičme
3153	mri-thoracic-spine	MRI Thoracic Spine	MR pregled torakalnog dijela kičme	1	MR grudne kičme ; MR torakalne kičme
3154	mri-lumbosacral-spine	MRI Lumbosacral Spine	MR pregled lumbosakralnog dijela kičme	1	MR lumbalne kičme ; MR lumbosakralne kičme
3155	mri-sacroiliac-joint	MRI Sacroiliac Joint	MR pregled sakroilijačnog zgloba	1	NULL
3156	mri-breast	MRI Breast	MR pregled dojke	1	Breast MRI ; MR dojke ; MR grudi
3157	mri-cholangiography-mrcp	MRI Cholangiography (MRCP)	MR holangiografija (MRCP)	1	Magnetic Resonance Cholangiopancreatography ; MR holangiopankreatografija
3158	mri-abdomen-with-mrcp	MRI Abdomen with MRCP	MR pregled abdomena + MRCP	1	MRCP sa MR abdomena ; MRCP with Abdomen MRI
3159	mri-enterography	MRI Enterography	MR enterografija	1	NULL
3160	mri-kidneys-and-adrenal-glands	MRI Kidneys and Adrenal Glands	MR pregled bubrega i nadbubrežnih žlijezda	1	NULL
3161	mri-abdomen	MRI Abdomen	MR pregled abdomena	1	Abdominal MRI ; MR abdomena
3162	mri-soft-tissue-and-bones-forearm	MRI Soft Tissue and Bones Forearm	MR pregled mekih tkiva i kostiju jedne podlaktice	1	NULL
3163	mri-wrist-joint-not-including-hand	MRI Wrist Joint (Not Including Hand)	MR pregled jednog ručnog zgloba (ne uključujući šaku)	1	NULL
3164	mri-hand-not-including-wrist	MRI Hand (Not Including Wrist)	MR pregled jedne šake (ne uključujući ručni zglob)	1	NULL
3165	mri-both-hip-joints	MRI Both Hip Joints	MR pregled oba zgloba kuka	1	NULL
3166	mri-soft-tissue-and-bones-both-thighs	MRI Soft Tissue and Bones Both Thighs	MR pregled mekih tkiva i kostiju obe butine	1	NULL
3167	mri-knee-joint	MRI Knee Joint	MR pregled jednog (zgloba) koljena	1	NULL
3168	mri-soft-tissue-and-bones-both-lower-legs	MRI Soft Tissue and Bones Both Lower Legs	MR mekih tkiva i kostiju obe potkoljenice	1	NULL
3169	mri-ankle-joint-not-including-foot	MRI Ankle Joint (Not Including Foot)	MR pregled jednog skočnog zgloba (ne uključujući stopalo)	1	NULL
3170	mri-foot-not-including-ankle	MRI Foot (Not Including Ankle)	MR pregled jednog stopala (ne uključujući skočni zglob)	1	NULL
3171	mri-pelvic-organs	MRI Pelvic Organs	MR pregled karličnih organa	1	Magnetna rezonanca male karlice ; MR male karlice ; MRI Pelvis ; Pelvic MRI
3172	mri-hip-joints-in-pelvis	MRI Hip Joints in Pelvis	MR pregled kukova u karlici	1	Hip MRI ; MR karlice sa kukovima ; MR kukova
3173	mri-shoulder	MRI Shoulder	MR pregled ramena	1	NULL
3174	mri-prostate-multiparametric	MRI Prostate (Multiparametric)	MR pregled prostate (multiparametarska)	1	MR multiparametrija prostate ; MR prostate ; MRI Multiparametric Prostate ; Prostate MRI
3175	msct-head-endocranium-without-contrast	MSCT Head (Endocranium) without Contrast	MSCT pregled endokranijuma (glave) bez kontrasta	2	Brain CT without Contrast ; CT glave bez kontrasta ; CT glave nativno ; CT Head without Contrast ; CT mozga bez kontrasta ; Skener glave
3176	msct-head-endocranium-with-contrast	MSCT Head (Endocranium) with Contrast	MSCT pregled endokranijuma (glave) sa kontrastom	2	Brain CT with Contrast ; CT glave sa kontrastom ; CT Head with Contrast ; CT mozga sa kontrastom ; Skener glave sa kontrastom
3177	msct-paranasal-sinuses-without-contrast	MSCT Paranasal Sinuses without Contrast	MSCT pregled paranazalnih šupljina (sinusa) bez kontrasta	2	CT paranazalnih šupljina ; CT sinusa ; Sinus CT
3178	msct-paranasal-sinuses-with-contrast	MSCT Paranasal Sinuses with Contrast	MSCT pregled paranazalnih šupljina (sinusa) sa kontrastom	2	NULL
3179	msct-soft-tissue-neck-with-contrast	MSCT Soft Tissue Neck with Contrast	MSCT pregled mekih tkiva vrata sa kontrastom	2	NULL
3180	msct-thorax-chest-without-contrast	MSCT Thorax (Chest) without Contrast	MSCT pregled toraksa (grudnog koša) bez kontrasta	2	Chest CT without Contrast ; CT grudnog koša bez kontrasta ; CT pluća bez kontrasta
3181	msct-thorax-chest-with-contrast	MSCT Thorax (Chest) with Contrast	MSCT pregled toraksa (grudnog koša) sa kontrastom	2	Chest CT with Contrast ; CT grudnog koša sa kontrastom ; CT pluća sa kontrastom
3182	msct-abdomen-with-contrast	MSCT Abdomen with Contrast	MSCT pregled abdomena sa kontrastom	2	CT abdomena sa kontrastom
3183	msct-abdomen-and-pelvis-with-contrast	MSCT Abdomen and Pelvis with Contrast	MSCT pregled abdomena i male karlice sa kontrastom	2	CT abdomena i male karlice sa kontrastom
3184	msct-ivu-intravenous-urography	MSCT IVU (Intravenous Urography)	MSCT IVU (intravenska urografija)	2	CT urografija ; CT Urography
3185	msct-enterography	MSCT Enterography	MSCT enterografija	2	NULL
3186	msct-angiography-head-vessels	MSCT Angiography Head Vessels	MSCT angiografija krvnih sudova glave	2	NULL
3187	msct-angiography-neck-vessels	MSCT Angiography Neck Vessels	MSCT angiografija krvnih sudova vrata	2	NULL
3188	msct-angiography-head-and-neck-vessels	MSCT Angiography Head and Neck Vessels	MSCT angiografija krvnih sudova glave i vrata	2	CTA Head and Neck ; MSCT angiografija vrata i mozga
3189	msct-angiography-pulmonary-arteries-pte	MSCT Angiography Pulmonary Arteries (PTE)	MSCT angiografija plućnih arterija (PTE)	2	NULL
3190	msct-angiography-aorta	MSCT Angiography Aorta	MSCT angiografija aorte	2	NULL
3191	msct-angiography-aorta-and-lower-extremities	MSCT Angiography Aorta and Lower Extremities	MSCT angiografija aorte i donjih ekstremiteta	2	NULL
3192	msct-pelvis-with-hips	MSCT Pelvis with Hips	MSCT pregled karlice s kukovima	2	NULL
3193	msct-upper-extremities-arm	MSCT Upper Extremities (Arm)	MSCT pregled gornjih ekstremiteta (ruka)	2	NULL
3194	msct-lower-extremities-leg	MSCT Lower Extremities (Leg)	MSCT pregled donjih ekstremiteta (noga)	2	NULL
3195	msct-cervical-spine	MSCT Cervical Spine	MSCT pregled vratnog dijela kičme	2	CT vratne kičme
3196	msct-thoracic-spine	MSCT Thoracic Spine	MSCT pregled torakalnog dijela kičme	2	CT grudne kičme
3197	msct-lumbosacral-spine	MSCT Lumbosacral Spine	MSCT pregled lumbosakralnog dijela kičme	2	CT lumbalne kičme
3198	x-ray-head-craniogram	X-Ray Head (Craniogram)	Rendgen glave (Kraniogram)	3	Rendgen lobanje i lica ; RTG glave ; RTG lobanje ; Skull and Face X-Ray per Image ; Skull X-Ray ; Snimanje skeleta lobanje i lica za svaki snimak ; X-Ray Skull and Face
3199	x-ray-nasal-bones	X-Ray Nasal Bones	Rendgen nosnih kostiju	3	NULL
3200	x-ray-petrous-pyramid-stenvers	X-Ray Petrous Pyramid (Stenvers)	Rendgen piramida po Stenversu	3	NULL
3201	x-ray-temporomandibular-joint	X-Ray Temporomandibular Joint	Rendgen viličnog (temporomandibularnog) zgloba	3	NULL
3202	x-ray-paranasal-sinuses	X-Ray Paranasal Sinuses	Rendgen sinusa (paranazalnih šupljina)	3	RTG sinusa ; RTG sinusa (PNŠ - paranazalne šupljine) ; Sinus X-Ray ; X-Ray Sinuses ; X-Ray Sinuses Paranasal
3203	x-ray-mastoid-process	X-Ray Mastoid Process	Rendgen mastoidnog nastavka	3	NULL
3204	x-ray-zygomatic-bone	X-Ray Zygomatic Bone	Rendgen zigomatične kosti	3	NULL
3205	x-ray-atlantooccipital-joint	X-Ray Atlantooccipital Joint	Rendgen atlantookcipitalnog zgloba	3	NULL
3207	x-ray-sternum	X-Ray Sternum	Rendgen sternuma (prsne kosti)	3	RTG sternuma ; Sternum X-Ray
3208	x-ray-hemithorax	X-Ray Hemithorax	Rendgen hemitoraksa	3	NULL
3209	x-ray-fingers	X-Ray Fingers	Rendgen prstiju	3	NULL
3210	x-ray-shoulder-with-profile	X-Ray Shoulder with Profile	Rendgen ramena sa profilom	3	NULL
3211	x-ray-both-feet-two-views	X-Ray Both Feet Two Views	Rendgen oba stopala u dva pravca	3	NULL
3212	x-ray-knee-two-views	X-Ray Knee Two Views	Rendgen koljena u oba pravca	3	NULL
3213	x-ray-knee-axial-view	X-Ray Knee Axial View	Rendgenski aksijalni snimak koljena	3	Rendgenski aksijalni snimak kolena
3214	x-ray-both-knees-two-views	X-Ray Both Knees Two Views	Rendgen oba koljena u oba pravca	3	Rendgen oba kolena u oba pravca
3215	x-ray-heel-two-views	X-Ray Heel Two Views	Rendgen pete u oba pravca	3	NULL
3218	x-ray-urinary-tract-native	Plain X-Ray of the Urinary Tract	Rendgen urotrakta – nativni snimak	3,22	KUB X-Ray ; Nativni snimak urotrakta ; Plain Urinary Tract X-Ray ; X-Ray Urinary Tract Native
3219	x-ray-sacrum	X-Ray Sacrum	Rendgen sakralnog dijela kičme	3	Rendgen sakralnog dela
3245	ultrasound-neck-glands-and-soft-tissue	Ultrasound Neck Glands and Soft Tissue	Ultrazvuk vrata (žlijezde i meka tkiva)	4	Ultrazvuk mekih tkiva vrata
3246	ultrasound-thyroid-and-parathyroid-glands	Ultrasound Thyroid and Parathyroid Glands	Ultrazvuk štitne i paraštitne žlijezde	4,26	Thyroid and Parathyroid Ultrasound ; UZ štitne i paratireoidnih žljezda
3247	ultrasound-axilla-and-groin	Ultrasound Axilla and Groin	UZ pazuha i prepona	4	NULL
3248	ultrasound-pleural-effusion	Ultrasound Pleural Effusion	UZ pleuralnih izliva	4	NULL
3249	doppler-portal-vein	Doppler Portal Vein	Kolor dopler vene porte	4	Portal Vein Doppler Ultrasound
3250	doppler-renal-arteries	Doppler Renal Arteries	Kolor dopler renalnih arterija	4	Dopler bubrežnih arterija ; Renal Artery Doppler Ultrasound
3251	ultrasound-bladder-with-prostate	Ultrasound Bladder with Prostate	UZ pregled mokraćne bešike sa prostatom	4	NULL
3252	urological-ultrasound-female	Urological Ultrasound Female	UZ urološki za žene	4	NULL
3253	urological-ultrasound-male	Urological Ultrasound Male	UZ urološki za muškarce	4	NULL
3254	ultrasound-inguinal-hernia	Ultrasound Inguinal Hernia	UZ pregled preponskih kila	4	NULL
3255	ultrasound-umbilical-hernia	Ultrasound Umbilical Hernia	UZ pregled pupčanih kila	4	NULL
3256	ultrasound-femoral-hernia	Ultrasound Femoral Hernia	UZ pregled femoralnih kila	4	NULL
3257	kidney-ultrasound-with-doppler-renal-arteries	Kidney Ultrasound with Doppler Renal Arteries	UZ bubrega sa kolor dopler renalnih arterija	4	NULL
3258	diadynamic-currents	Diadynamic Currents	Dijadinamske struje	5	DD struje ; Diadinamske struje
3259	interferential-currents	Interferential Currents	Interferentne struje	5	Interferential Therapy
3260	galvanic-current	Galvanic Current	Galvanska struja	5	NULL
3261	electrical-stimulation	Electrical Stimulation	Elektro stimulacija	5	NULL
3262	ultrasound-therapy	Ultrasound Therapy	Ultrazvučna terapija	5	Terapija ultrazvukom
3263	laser-therapy	Laser Therapy	Laseroterapija	5	Laser terapija
3264	tens-therapy	TENS Therapy	TENS terapija	5	Transcutaneous Electrical Nerve Stimulation ; Transkutana nervna stimulacija
3265	magnetic-therapy	Magnetic Therapy	Magnetoterapija	5	Magneto terapija ; Magnetotherapy
3266	facial-nerve-electrical-stimulation	Facial Nerve Electrical Stimulation	Elektro stimulacija n.facialisa	5	NULL
3269	tissue-biopsy-during-procedure	Tissue Biopsy During Procedure	Biopsija tkiva tokom procedure	6,28	NULL
3270	emr-endoscopic-mucosal-resection	EMR Endoscopic Mucosal Resection	EMR (za polipe 25 mm i više)	6,15	NULL
3271	follow-up-gynecological-examination	Follow-up Gynecological Examination	Kontrolni pregled ginekologa	7	Kontrolni ginekološki pregled
3272	gynecological-oncologist-subspecialist-examination	Gynecological Oncologist Subspecialist Examination	Pregled subspecijaliste ginekologa-onkologa	7	NULL
3273	follow-up-gynecological-oncologist-examination	Follow-up Gynecological Oncologist Examination	Kontrolni pregled ginekologa-onkologa	7	NULL
3274	iud-removal-under-anesthesia	IUD Removal under Anesthesia	Uklanjanje spirale u anesteziji	7,16	NULL
3275	cervical-biopsy	Cervical Biopsy	Biopsija grlića materice	7,16	Biopsija cerviksa ; Cervix Biopsy
3276	vulvar-biopsy-under-local-anesthesia	Vulvar Biopsy under Local Anesthesia	Biopsija vulve u lokalnoj anesteziji	7,16	NULL
3277	vulvar-biopsy-under-sedation	Vulvar Biopsy under Sedation	Biopsija vulve u analgosedaciji	7,16	NULL
3278	vaginal-biopsy-under-local-anesthesia	Vaginal Biopsy under Local Anesthesia	Biopsija vagine u lokalnoj anesteziji	7,16	NULL
3279	vaginal-biopsy-under-sedation	Vaginal Biopsy under Sedation	Biopsija vagine u analgosedaciji	7,16	NULL
3280	cervical-polypectomy	Cervical Polypectomy	Cervikalna polipektomija	7,16	NULL
3281	endometrial-polypectomy	Endometrial Polypectomy	Endometrijalna polipektomija	7,16	NULL
3282	leep-excision-with-histopathology-under-local-anesthesia	LEEP Excision with Histopathology under Local Anesthesia	Loop eksizija sa histopatologijom u lokalnoj anesteziji	7,16	NULL
3283	leep-excision-with-histopathology-under-sedation	LEEP Excision with Histopathology under Sedation	Loop eksizija sa histopatologijom u analgosedaciji	7,16	NULL
3284	exploratory-fractional-curettage-under-local-anesthesia	Exploratory Fractional Curettage under Local Anesthesia	Eksplorativna frakcionirana kiretaža u lokalnoj anesteziji	7,16	NULL
3285	exploratory-fractional-curettage-under-anesthesia	Exploratory Fractional Curettage under Anesthesia	Eksplorativna frakcionirana kiretaža sa anestezijom	7,16	NULL
3286	endocervical-curettage-ecc	Endocervical Curettage ECC	ECC (Endocervikalna kiretaža)	7,16	NULL
3287	rcui-under-local-anesthesia	RCUI under Local Anesthesia	RCUI (Revisio Cavi Uteri Instrumentalis) u lokalnoj anesteziji	7,16	NULL
3288	rcui-under-sedation	RCUI under Sedation	RCUI (Revisio Cavi Uteri Instrumentalis) u analgosedaciji	7,16	NULL
3289	condyloma-and-benign-growth-removal-vulva-vagina	Removal of Condylomas and Other Benign Growths of the Vulva and Vagina	Uklanjanje kondiloma i drugih benignih izrastaja vulve i vagine	7,16	Condyloma and Benign Growth Removal Vulva Vagina ; Genital Wart Removal ; Uklanjanje genitalnih bradavica
3290	benign-growth-and-cyst-removal-vulva-vagina-under-sedation	Benign Growth and Cyst Removal Vulva Vagina under Sedation	Uklanjanje benignih izrastaja i cista sa vulve i vagine u analgosedaciji	7,16	NULL
3291	folliculometry	Folliculometry	Folikulometrija	4,7	Follicle Tracking ; Praćenje ovulacije
3292	hymenotomy	Hymenotomy	Himenotomija	7,16	Presijecanje himena
3293	follow-up-cardiologist-examination	Follow-up Cardiologist Examination	Kontrolni pregled kardiologa	8	Ponovni pregled kardiologa
3294	ergospirometry	Ergospirometry	Ergospirometrija	8,12	Cardiopulmonary Exercise Test ; CPET ; Spiroergometrija
3295	pharmacological-stress-echo-test-dobutamine	Pharmacological Stress Echo Test Dobutamine	Farmakološki stres EHO test (dobutaminski test)	4,8	Dobutamine Stress Echo ; Dobutaminski test
3296	transesophageal-echocardiography-tee	Transesophageal Echocardiography TEE	TEE pregled (Transezofagealni ehokardiogram)	4,8	Transezofagealna ehokardiografija ; Transoesophageal Echocardiography
3298	follow-up-orthopedist-examination	Follow-up Orthopedist Examination	Kontrolni pregled ortopeda	10	Ponovni pregled ortopeda
3299	orthopedic-ultrasound-single-joint	Orthopedic Ultrasound, Single Joint	Ultrazvuk jednog zgloba	4,10	Joint Ultrasound ; Orthopedic Ultrasound Single Joint ; Ultrazvuk zgloba
3300	follow-up-orthopedic-ultrasound-examination	Follow-up Orthopedic Ultrasound Examination	Kontrolni UZ pregled ortopeda	4,10	NULL
3302	wound-dressing	Wound Dressing	Prevoj povrede	10,31	Dressing Change ; Previjanje rane
3303	wound-dressing-with-suture-removal	Wound Dressing with Suture Removal	Prevoj sa skidanjem konaca	10,31	NULL
3304	small-immobilization	Small Immobilization	Mala imobilizacija	10	NULL
3305	medium-immobilization	Medium Immobilization	Srednja imobilizacija	10	NULL
3306	large-immobilization	Large Immobilization	Velika imobilizacija	10	NULL
3307	coxofemoral-immobilization-placement	Coxofemoral Immobilization Placement	Postavljanje koksofemoralne imobilizacije	10	NULL
3308	plastic-cast-removal	Plastic Cast Removal	Skidanje plastične imobilizacije	10	NULL
3309	immobilization-removal	Immobilization Removal	Skidanje imobilizacije	10	NULL
3310	immobilization-correction	Immobilization Correction	Korekcija imobilizacije	10	NULL
3311	orthosis-fitting	Orthosis Fitting	Plasiranje ortoze	10	NULL
3312	plastic-cast-application	Plastic Cast Application	Instalacija plastične imobilizacije	10	NULL
3313	shoulder-reposition	Shoulder Reposition	Repozicija ramena	10	NULL
3314	elbow-reposition	Elbow Reposition	Repozicija lakta	10	NULL
3315	wrist-reposition	Wrist Reposition	Repozicija ručnog zgloba	10	NULL
3316	forearm-reposition	Forearm Reposition	Repozicija podlaktice	10	NULL
3317	ankle-reposition	Ankle Reposition	Repozicija skočnog zgloba	10	NULL
3318	lower-leg-reposition	Lower Leg Reposition	Repozicija podkolenice	10	NULL
3319	hand-foot-reposition	Hand Foot Reposition	Repozicija šake/stopala	10	NULL
3320	patella-reposition	Patella Reposition	Repozicija patele	10	NULL
3321	bursitis-surgical-treatment	Bursitis Surgical Treatment	Operativno liječenje burzitisa	10,15	Operativno lečenje burzitisa
3322	inflamed-bursitis-surgical-treatment	Inflamed Bursitis Surgical Treatment	Operativno liječenje inflamiranog burzitisa	10,15	Operativno lečenje inflamiranog burzitisa
3323	wrist-ganglion-removal	Wrist Ganglion Removal	Uklanjanje ganglioma ručnog zgloba	10,15	NULL
3324	finger-ganglion-removal	Finger Ganglion Removal	Uklanjanje ganglioma prsta	10,15	NULL
3325	paraspinal-infiltration	Paraspinal Infiltration	Paraspinalna infiltracija	10,19,29	NULL
3326	foreign-body-removal-with-reposition	Foreign Body Removal with Reposition	Vađenje stranog tijela uz repoziciju	10	Vađenje stranog tela uz repoziciju
3327	taping-application	Taping Application	Plasiranje taping-a	10	NULL
3328	trigger-finger-surgery-single-finger	Trigger Finger Surgery Single Finger	Operacija stenozantnog tendovaginitisa - 1 prst	10,15	NULL
3329	dupuytren-contracture-surgery-single-tendon	Dupuytren Contracture Surgery Single Tendon	Operacija Dipitren kontrakture - 1 tetiva	10,15,18	NULL
3330	dupuytren-contracture-surgery-both-hands	Dupuytren Contracture Surgery Both Hands	Operacija Dipitren kontrakture - obe ruke	10,15,18	NULL
3332	both-ears-irrigation	Both Ears Irrigation	Ispiranje oba uha	11	NULL
3333	vestibulometry	Vestibulometry	Vestibulometrija	11	Ispitivanje vestibularnog aparata ; Vestibular Function Test
3335	single-ear-swab	Single Ear Swab	Bris jednog uha	11,28	NULL
3338	laryngoscopy	Laryngoscopy	Laringoskopija	11	NULL
3339	follow-up-pulmonologist-examination	Follow-up Pulmonologist Examination	Kontrolni pregled subspecijaliste pulmologa	12	Kontrolni pregled pulmologa
3340	extended-spirometry	Extended Spirometry	Funkcionalna dijagnostika pluća - velika spirometrija	12	NULL
3341	medical-transport-bls-per-km	Medical Transport BLS per km	Transport pacijenta u ambulanti sa medicinskim tehničarom (po 1km)	13	NULL
3342	medical-transport-bls-multiple-technicians-per-km	Medical Transport BLS Multiple Technicians per km	Transport pacijenata u ambulanti sa više medicinskih tehničara (po 1km)	13	NULL
3343	medical-transport-with-gp-per-km	Medical Transport with GP per km	Transport pacijenta u ambulanti sa medicinskim tehničarom i doktorom opšte prakse (po 1km)	13	NULL
3344	medical-transport-als-reanimation-team-per-km	Medical Transport ALS Reanimation Team per km	Transport pacijenata u ambulanti sa reanimacionim timom (po 1km)	13	NULL
3345	tick-removal	Tick Removal	Vađenje krpelja	15,31	Skidanje krpelja ; Uklanjanje krpelja
3346	foreign-body-extraction-surgery	Foreign Body Extraction Surgery	Vađenje stranog tijela	15	Vađenje stranog tela
3347	lymph-node-biopsy-groin-armpit	Lymph Node Biopsy Groin Armpit	Biopsija limfne žlijezde (u preponi i pazuhu)	15,28	Biopsija limfne žlezde (u preponi i pazuhu)
3348	lymph-node-biopsy-neck	Lymph Node Biopsy Neck	Biopsija limfne žlijezde (na vratu)	15,28	Biopsija limfne žlezde (na vratu)
3349	skin-and-subcutaneous-tissue-biopsy	Skin and Subcutaneous Tissue Biopsy	Biopsija kože i potkožnog tkiva	15,28	NULL
3350	abscess-incision-with-dressing	Abscess Incision with Dressing	Incizija apscesa sa previjanjem	15,31	NULL
3351	perianal-abscess-incision-and-drainage	Perianal Abscess Incision and Drainage	Incizija i drenaža perianalnog apscesa	6,15,17	Incizija perianalnog apscesa
3352	hematoma-puncture	Hematoma Puncture	Punkcija hematoma	15	NULL
3354	pleural-puncture	Pleural Puncture	Punkcija pleure	12,15	Diagnostic Pleural Puncture ; Dijagnostička punkcija pleure ; Pleuralna punkcija
3355	surgical-wound-treatment-body	Surgical Wound Treatment Body	Hirurška obrada rana na tijelu	15,31	Hirurška obrada rana na telu
3356	decubitus-surgical-treatment	Decubitus Surgical Treatment	Hirurška obrada dekubitusa	15,18,31	NULL
3357	chronic-wound-treatment-and-dressing	Chronic Wound Treatment and Dressing	Previjanje i liječenje hronične rane	15,31	Previjanje i lečenje hronične rane
3358	first-degree-burn-primary-treatment-and-dressing	First Degree Burn Primary Treatment and Dressing	Primarna obrada i previjanje opekotina prvog stepena	15,31	NULL
3359	atheroma-removal	Atheroma Removal	Uklanjanje ateroma	15,24	NULL
3360	lipoma-removal	Lipoma Removal	Uklanjanje lipoma	15,24	NULL
3361	pigmented-nevus-surgical-removal	Pigmented Nevus Surgical Removal	Hirurško uklanjanje pigmentnih nevusa (mladeža)	15,24	NULL
3362	pigmented-nevus-surgical-removal-head-and-neck	Pigmented Nevus Surgical Removal Head and Neck	Hirurško uklanjanje pigmentnih nevusa (mladeža) na glavi i vratu	15,24	NULL
3363	viral-wart-surgical-removal	Surgical Removal of Viral Warts	Hirurško uklanjanje virusnih bradavica	15,24	Uklanjanje bradavica ; Viral Wart Surgical Removal ; Wart Removal
3364	foot-callus-surgical-removal	Foot Callus Surgical Removal	Hirurško uklanjanje klavusa na stopalu	10,15	NULL
3365	foot-ganglion-removal	Foot Ganglion Removal	Hirurško uklanjanje ganglioma na stopalu	10,15	NULL
3366	tendon-repair-tenorrhaphy	Tendon Repair Tenorrhaphy	Šivenje povrede tetiva (tendorafija)	10,15,18	NULL
3367	flexor-tendon-repair	Flexor Tendon Repair	Šivenje povrede fleksorne tetive	10,15,18	NULL
3368	pilonidal-sinus-surgical-treatment	Pilonidal Sinus Surgical Treatment	Hirurško liječenje pilonidalnog sinusa	15,17,32	Hirurško lečenje pilonidalnog sinusa
3369	condyloma-laser-removal	Condyloma Laser Removal	Hirurško uklanjanje kondiloma laserom	15,24	NULL
3370	skin-lesion-laser-removal	Skin Lesion Laser Removal	Hirurško uklanjanje kožnih promena laserom	15,24	NULL
3371	hidradenitis-groin-or-armpit	Hidradenitis Groin or Armpit	Hidroadenitis prepone ili pazuha	15	NULL
3372	hidradenitis-suppurativa-groin-or-armpit	Hidradenitis Suppurativa Groin or Armpit	Hidroadenitis abscedens prepone ili pazuha	15	NULL
3373	anal-canal-polypectomy-under-anesthesia	Anal Canal Polypectomy under Anesthesia	Polipektomija analnog kanala u anesteziji	6,15	NULL
3374	varicose-vein-surgery-single-region	Varicose Vein Surgery Single Region	Hirurško rešavanje variksa u jednoj regiji	15,22	NULL
3377	laparoscopic-myomectomy	Laparoscopic Myomectomy	Laparoskopska miomektomija	7,16,17	Laparoscopic Fibroid Removal ; Laparoskopsko uklanjanje mioma
3378	laparoscopic-oophorectomy	Laparoscopic Oophorectomy	Laparoskopska ovariektomija	7,16,17	NULL
3379	laparoscopic-salpingectomy	Laparoscopic Salpingectomy	Laparoskopska salpingektomija	7,16,17	Laparoscopic Fallopian Tube Removal ; Laparoskopsko uklanjanje jajovoda
3380	vulvectomy	Vulvectomy	Vulvektomija	7,16	NULL
3381	laparoscopic-ovarian-biopsy	Laparoscopic Ovarian Biopsy	Laparoskopska biopsija jajnika	7,16,17	NULL
3382	laparoscopic-ovarian-cystectomy	Laparoscopic Ovarian Cystectomy	Laparoskopska ovarijalna cistektomija	7,16,17	NULL
3383	laparoscopic-salpingo-oophorectomy	Laparoscopic Salpingo-oophorectomy	Laparoskopska salpingo-ooforektomija	7,16,17	Laparoscopic Adnexectomy ; Laparoskopska adneksektomija
3384	ovarian-cyst-puncture-under-general-anesthesia	Ovarian Cyst Puncture under General Anesthesia	Punkcija ciste jajnika u opštoj anesteziji	7,16	NULL
3385	iud-insertion-under-general-anesthesia	IUD Insertion under General Anesthesia	Ubacivanje intrauterinog uređaja (IUD) u opštoj anesteziji	7,16	NULL
3386	hymenectomy	Hymenectomy	Himenektomija	7,16	NULL
3387	vaginal-lesion-excision	Vaginal Lesion Excision	Ekscizija lezije vagine	7,16	NULL
3388	open-abdominal-sterilization	Open Abdominal Sterilization	Sterilizacija otvorenim abdominalnim pristupom	16	NULL
3389	abdominal-hysterectomy	Abdominal Hysterectomy	Abdominalna histerektomija	7,16,17	Uklanjanje materice abdominalnim putem
3390	vaginal-hysterectomy	Vaginal Hysterectomy	Vaginalna histerektomija	7,16	Uklanjanje materice vaginalnim putem
3391	cervical-conization	Cervical Conization	Konizacija grlića materice	7,16	NULL
3392	cervical-amputation	Cervical Amputation	Amputacija grlića materice	7,16	Amputacija cerviksa ; Cervix Amputation
3393	cervical-stump-removal	Cervical Stump Removal	Uklanjanje patrljka grlića materice	7,16	NULL
3394	foreign-body-removal-from-cervix	Foreign Body Removal from Cervix	Uklanjanje stranog tijela iz cerviksa	7,16	Uklanjanje stranog tela iz cerviksa
3395	vaginal-hematoma-drainage	Vaginal Hematoma Drainage	Drenaža vaginalnog hematoma	7,16	NULL
3396	vaginal-septum-resection	Vaginal Septum Resection	Resekcija vaginalnog septuma	7,16	NULL
3397	anterior-vaginal-wall-repair	Anterior Vaginal Wall Repair	Reparacija prednjeg dijela vagine	7,16,18	Reparacija prednjeg dela vagine
3398	anterior-and-posterior-vaginal-wall-repair	Anterior and Posterior Vaginal Wall Repair	Reparacija prednjeg i zadnjeg dijela vagine	7,16,18	Reparacija prednjeg i zadnjeg dela vagine
3399	rectovaginal-fistula-surgery	Rectovaginal Fistula Surgery	Operacija rektovaginalne fistule	7,16	NULL
3400	vesicovaginal-fistula-surgery	Vesicovaginal Fistula Surgery	Operacija vezikovaginalne fistule vaginalnim putem	7,16,22	NULL
3401	ureterovaginal-fistula-surgery	Ureterovaginal Fistula Surgery	Operacija ureterovaginalne fistule	7,16,22	NULL
3402	vaginoperineal-fistula-surgery	Vaginoperineal Fistula Surgery	Operacija vaginoperinealne fistule	7,16	NULL
3403	laparoscopic-sterilization	Laparoscopic Sterilization	Laparoskopska sterilizacija	7,16	NULL
3404	subtotal-laparoscopic-hysterectomy	Subtotal Laparoscopic Hysterectomy	Subtotalna laparoskopska histerektomija	7,16,17	NULL
3405	total-laparoscopic-abdominal-hysterectomy	Total Laparoscopic Abdominal Hysterectomy	Totalna laparoskopska abdominalna histerektomija	7,16,17	Laparoskopsko uklanjanje materice ; TLH ; Total Laparoscopic Hysterectomy
3406	laparoscopic-sacral-colpopexy	Laparoscopic Sacral Colpopexy	Laparoskopska sakralna kolpopeksija	7,16	NULL
3407	hysteroscopy-asherman-syndrome	Hysteroscopy for Asherman Syndrome	Histeroskopija (Ašermanov sindrom)	7,16	Asherman sindrom ; Hysteroscopy Asherman Syndrome
3408	uterine-septum-resection-hysteroscopy	Hysteroscopic Uterine Septum Resection	Resekcija septuma uterusa histeroskopijom	7,16	Histeroskopska resekcija septuma ; Hysteroscopic Metroplasty ; Hysteroscopic Septoplasty ; Uterine Septum Resection Hysteroscopy
3409	uterine-polypectomy-hysteroscopy	Hysteroscopic Uterine Polypectomy	Polipektomija materice histeroskopijom	7,16	Endometrial Polyp Removal ; Histeroskopska polipektomija ; Uklanjanje polipa materice ; Uterine Polypectomy Hysteroscopy
3410	abdominal-hysterectomy-with-conservation	Abdominal Hysterectomy with Preservation of Adnexa	Abdominalna histerektomija sa konzervacijom adneksa	7,16	Abdominal Hysterectomy with Conservation ; Hysterectomy with Ovarian Preservation ; Uklanjanje materice uz očuvanje jajnika
3411	labiaplasty	Labiaplasty	Korekcija labija	7,16,18	Labioplastika ; Labioplasty
3412	laparoscopic-appendectomy	Laparoscopic Appendectomy	Laparoskopska operacija slijepog crijeva (apendektomija)	17,32	Laparoscopic Appendicectomy ; Laparoskopska apendektomija ; Laparoskopska operacija slepog creva (apendektomija)
3413	open-appendectomy	Open Appendectomy	Otvorena operacija slijepog crijeva (apendektomija)	17,32	Open Appendicectomy ; Otvorena operacija slepog creva (apendektomija)
3414	laparoscopic-cholecystectomy	Laparoscopic Cholecystectomy	Laparoskopska operacija žučne kese (holecistektomija)	17,32	Laparoscopic Gallbladder Removal ; Laparoskopska holecistektomija ; Laparoskopska operacija žučnog mjehura
3415	open-cholecystectomy	Open Cholecystectomy	Otvorena operacija žučne kese (holecistektomija)	17,32	NULL
3416	cholecystectomy-with-t-tube-drainage	Cholecystectomy with T-tube Drainage	Holecistektomija sa T-drenažom	17,32	NULL
3417	liver-echinococcal-cyst-surgery	Liver Echinococcal Cyst Surgery	Operacija ehinokokne ciste jetre	17,32	NULL
3418	epigastric-hernia-operation	Epigastric Hernia Operation	Operacija epigastrične kile	17,32	Operacija epigastrične hernije
3419	incarcerated-hernia-operation	Incarcerated Hernia Operation	Operacija uklještene kile	17,32	Incarcerated Hernia Repair ; Operacija uklještene hernije ; Operativno liječenje ukliještene hernije
3420	cytoreduction-hipec	Cytoreduction HIPEC	Citoredukcija + HIPEC	17,32	NULL
3421	liver-resection	Liver Resection	Resekcija jetre	17,32	NULL
3422	liver-biopsy-surgical	Liver Biopsy Surgical	Biopsija jetre	17,32	NULL
3423	pancreatic-head-carcinoma-whipple	Whipple Procedure for Pancreatic Head Carcinoma	Duodenopankreatektomija (Whipple) kod karcinoma glave pankreasa	17,32	Pancreatic Head Carcinoma Whipple ; Pancreaticoduodenectomy
3424	pancreatic-biopsy-surgical	Pancreatic Biopsy Surgical	Biopsija pankreasa	17,32	NULL
3425	exploratory-laparotomy	Exploratory Laparotomy	Eksplorativna laparotomija	17,32	Eksploracija trbušne duplje
3426	small-bowel-partial-resection-with-primary-anastomosis	Small Bowel Partial Resection with Primary Anastomosis	Parcijalna resekcija tankih crijeva sa primarnom anastomozom	17,32	Parcijalna resekcija tankih creva sa primarnom anastomozom
3427	small-bowel-partial-resection-with-ileostomy	Small Bowel Partial Resection with Ileostomy	Parcijalna resekcija tankih crijeva sa ileostomom	17,32	Parcijalna resekcija tankih creva sa ileostomom
3428	ileo-colo-anastomosis-bypass	Ileo-colo Anastomosis Bypass	Derivaciona proceduralna ileo-kolo anastomoza	17,32	NULL
3429	transverse-colon-resection-with-colo-colo-anastomosis	Transverse Colon Resection with Colo-colo Anastomosis	Resekcija transverzalnog kolona sa primarnom kolo-kolo anastomozom	17,32	NULL
3430	atypical-sigmoid-partial-resection	Atypical Sigmoid Partial Resection	Parcijalna resekcija sigme atipična	17,32	NULL
3431	anterior-high-rectal-resection	Anterior High Rectal Resection	Prednja visoka resekcija rektuma	17,32	NULL
3432	anterior-high-rectal-resection-with-protective-ileostomy	Anterior High Rectal Resection with Protective Ileostomy	Prednja visoka resekcija rektuma sa protektivnom ileostomom	17,32	NULL
3433	anterior-low-rectal-resection	Anterior Low Rectal Resection	Prednja niska resekcija rektuma	17,32	NULL
3434	anterior-atypical-rectal-resection-with-anastomosis	Anterior Atypical Rectal Resection with Anastomosis	Prednja atipična resekcija rektuma sa anastomozom	17,32	NULL
3435	anterior-low-rectal-resection-with-protective-ileostomy	Anterior Low Rectal Resection with Protective Ileostomy	Prednja niska resekcija rektuma sa protektivnom ileostomom	17,32	NULL
3436	miles-rectal-amputation	Miles Rectal Amputation	Amputacija rektuma po Milesu	17,32	Abdominoperineal Resection ; Abdominoperinealna resekcija rektuma
3437	miles-thomson-rectal-amputation-with-vaginal-wall-resection	Miles Thomson Rectal Amputation with Vaginal Wall Resection	Amputacija rektuma sa resekcijom zadnjeg zida vagine - Miles-Thomson	17,32	NULL
3438	left-hemicolectomy-with-unipolar-colostomy	Left Hemicolectomy with Unipolar Colostomy	Lijeva hemikolektomija sa unipolarnom kolostomom	17,32	Leva hemikolektomija sa unipolarnom kolostomom
3439	left-hemicolectomy-with-colostomy	Left Hemicolectomy with Colostomy	Lijeva hemikolektomija sa izvođenjem kolostome	17,32	Leva hemikolektomija sa izvođenjem kolostome ; Lijeva hemikolektomija sa formiranjem stome
3440	left-hemicolectomy-with-colo-colo-anastomosis	Left Hemicolectomy with Colo-colo Anastomosis	Lijeva hemikolektomija sa kolo-kolo anastomozom	17,32	Leva hemikolektomija sa kolo-kolo anastomozom ; Lijeva hemikolektomija sa anastomozom
3441	laparoscopic-left-hemicolectomy	Laparoscopic Left Hemicolectomy	Laparoskopska lijeva hemikolektomija	17,32	Laparoskopska leva hemikolektomija
3442	right-hemicolectomy-with-anastomosis	Right Hemicolectomy with Anastomosis	Desna hemikolektomija i anastomoza crijeva	17,32	Desna hemikolektomija i anastomoza creva ; Desna hemikolektomija sa anastomozom
3443	laparoscopic-right-hemicolectomy	Laparoscopic Right Hemicolectomy	Laparoskopska desna hemikolektomija	17,32	NULL
3444	digestive-tract-reconstruction-ileo-colono-anastomosis	Digestive Tract Reconstruction Ileo-colono Anastomosis	Rekonstrukcija digestivne cevi i ileokolonoanastomoza	17,32	NULL
3445	hartmann-reconstruction	Reconstruction after Hartmann Procedure	Rekonstrukcija nakon Hartmanove operacije	17,32	Hartmann Reconstruction ; Hartmann Reversal ; Zatvaranje kolostome nakon Hartmanove operacije
3446	total-colectomy-with-terminal-ileostomy	Total Colectomy with Terminal Ileostomy	Totalna kolektomija sa terminalnom ileostomom	17,32	NULL
3447	total-colectomy-with-ileo-rectal-anastomosis	Total Colectomy with Ileo-rectal Anastomosis	Totalna kolektomija sa ileorektalnom anastomozom	17,32	NULL
3448	total-proctocolectomy-with-terminal-ileostomy	Total Proctocolectomy with Terminal Ileostomy	Totalna prokto-kolektomija sa terminalnom ileostomom	17,32	NULL
3449	total-proctocolectomy-with-j-pouch-reconstruction	Total Proctocolectomy with J-pouch Reconstruction	Totalna prokto-kolektomija sa J-pauch rekonstrukcijom	17,32	NULL
3450	total-anterior-pelvic-exenteration	Total Anterior Pelvic Exenteration	Totalna prednja pelvična egzenteracija	17,32	NULL
3451	total-posterior-pelvic-exenteration	Total Posterior Pelvic Exenteration	Totalna zadnja pelvična egzenteracija	17,32	NULL
3452	aortoiliac-lymph-node-dissection	Aortoiliac Lymph Node Dissection	Aortoilijacna limfodisekcija	17	NULL
3453	retroperitoneal-tumor-surgery	Retroperitoneal Tumor Surgery	Operacija retroperitonealnog tumora	17,32	NULL
3454	total-gastrectomy	Total Gastrectomy	Totalna gastrektomija	6,17,32	NULL
3455	laparoscopic-total-gastrectomy	Laparoscopic Total Gastrectomy	Laparoskopska totalna gastrektomija	6,17,32	NULL
3456	laparoscopic-subtotal-gastrectomy	Laparoscopic Subtotal Gastrectomy	Laparoskopska subtotalna gastrektomija	6,17,32	NULL
3457	antrectomy-with-truncal-vagotomy	Antrectomy with Truncal Vagotomy	Antrektomija sa trunkalnom vagotomijom	17,32	NULL
3458	subtotal-gastrectomy-with-d2-lymphadenectomy	Subtotal Gastrectomy with D2 Lymphadenectomy	Subtotalna gastrektomija sa D2 limfadenektomijom	17,32	NULL
3459	gastric-resection-with-roux-reconstruction	Gastric Resection with Roux Reconstruction	Resekcija želuca sa Roux rekonstrukcijom	17,32	NULL
3460	total-gastrectomy-with-d2-lymphadenectomy	Total Gastrectomy with D2 Lymphadenectomy	Totalna gastrektomija sa D2 limfadenektomijom	17,32	NULL
3461	gastro-entero-and-entero-entero-anastomosis	Gastroenterostomy and Enteroenterostomy	Gastroenteroanastomoza i enteroenteroanastomoza	17,32	Gastro-entero and Entero-entero Anastomosis ; Gastrojejunalna anastomoza ; Gastrojejunostomy
3462	peg-gastrostomy	PEG Gastrostomy	PEG	6,17,32	NULL
3463	gastrostomy	Gastrostomy	Gastrostoma	6,17,32	NULL
3464	nutritional-jejunostomy	Nutritional Jejunostomy	Nutritivna jejunostoma	17,32	NULL
3465	atypical-gastric-resection	Atypical Gastric Resection	Atipična resekcija želuca	17,32	NULL
3466	wedge-gastric-resection	Wedge Gastric Resection	Wedge resekcija želuca	17,32	NULL
3467	sleeve-gastrectomy	Sleeve Gastrectomy	Sleeve gastrektomija	6,17,32	NULL
3468	primary-choledochoduodenostomy-with-roux-loop	Primary Choledochoduodenostomy with Roux Loop	Primarna holedohoduodenoza sa Roux vijugom	17,32	NULL
3469	rectocele-surgery	Rectocele Surgery	Rektocela	6,17	NULL
3470	hepatectomy	Hepatectomy	Hepatektomija	17,32	NULL
3471	klatskin-tumor-with-reconstruction	Klatskin Tumor with Reconstruction	Klackin tumor sa rekonstrukcijom	17,32	NULL
3472	benign-bile-duct-reconstruction-after-injury	Benign Bile Duct Reconstruction after Injury	Benigna rekonstrukcija žučnih puteva - nakon povreda	17,32	NULL
3473	hepp-procedure	Hepp Procedure	Operacija po Hepp	17,32	NULL
3474	biliodigestive-anastomosis-roux-with-cholecystectomy	Biliodigestive Anastomosis Roux with Cholecystectomy	Bilodigestivne anastomoze - Roux (sa holecistektomijom)	17,32	NULL
3475	laparoscopic-liver-cyst-surgery	Laparoscopic Liver Cyst Surgery	Ciste jetre - laparoskopski	17,32	NULL
3476	liver-hemangioma-surgery	Liver Hemangioma Surgery	Hemangiom jetre	17,32	NULL
3477	metastasectomy	Metastasectomy	Metastazektomija	17,32	NULL
3478	splenectomy	Splenectomy	Splenektomija	17,32	NULL
3479	choledochoduodenostomy	Choledochoduodenostomy	Holedoho-duodeno anastomoza	17,32	NULL
3480	hepaticojejunostomy-biliodigestive-bypass	Hepaticojejunostomy Biliodigestive Bypass	Hepatiko-jejuno (bilo-digestivni bypass)	17,32	NULL
3481	pancreatic-pseudocyst-with-internal-drainage	Pancreatic Pseudocyst with Internal Drainage	Pseudo-ciste pankreasa sa unutrašnjom drenažom	17,32	NULL
3482	ileus-surgery	Ileus Surgery	Ileus	17,32	NULL
3483	deliberatio-colonis-duodeni-et-ventriculi	Deliberatio Colonis Duodeni et Ventriculi	Deliberatio colonis duodeni et ventriculi	17,32	NULL
3484	total-mastopexy	Total Mastopexy	Totalna mastopeksija	17	NULL
3485	pancreatic-decompression	Pancreatic Decompression	Dekompresija pankreasa	17,32	NULL
3486	scar-correction	Scar Correction	Korekcija ožiljka	18,24	Korekcija ožiljaka ; Scar Revision ; Uklanjanje ožiljaka
3487	surgical-lip-correction	Surgical Lip Correction	Hirurška korekcija usana	18	NULL
3488	dermabrasion	Dermabrasion	Dermoabrazija	18,24	NULL
3489	axillary-hyperhidrosis-botox	Axillary Hyperhidrosis Botox	Hiperhidroza pazuha - botox	18,24	NULL
3491	pigmented-lesion-removal-aesthetic	Pigmented Lesion Removal Aesthetic	Uklanjanje pigmentnih promena	18,24	NULL
3492	skin-autograft-after-tumor-removal	Skin Autograft after Tumor Removal	Autotransplantacija kože nakon uklanjanja tumora	18	NULL
3493	local-flap-reconstruction-after-tumor-removal	Local Flap Reconstruction after Tumor Removal	Rekonstrukcija lokalnim režnjem nakon uklanjanja tumora	18	NULL
3494	aesthetic-atheroma-removal	Aesthetic Atheroma Removal	Estetsko uklanjanje ateroma	18	NULL
3495	aesthetic-lipoma-removal	Aesthetic Lipoma Removal	Estetsko uklanjanje lipoma	18	NULL
3496	breast-augmentation	Breast Augmentation	Augmentacija grudi	18	Breast Implants ; Povećanje grudi
3497	breast-lift-mastopexy	Breast Lift (Mastopexy)	Podizanje grudi (mastopeksija)	18	Breast Lift Mastopexy ; Lifting grudi
3498	temporal-lift	Temporal Lift	Temporal lift	18	NULL
3499	face-lift	Face Lift	Lifting lica	18	Rhytidectomy ; Zatezanje lica
3500	capsular-contracture-correction	Capsular Contracture Correction	Korekcija kapsularne kontrakture	18	NULL
3501	capsular-contracture-correction-with-implant	Capsular Contracture Correction with Implant	Korekcija kapsularne kontrakture sa implantom	18	NULL
3502	penile-prosthesis-implantation	Penile Prosthesis Implantation	Ugradnja penilne proteze	18,22	Penile Implant Surgery ; Ugradnja proteze penisa
3503	laser-liposuction-upper-arm	Laser Liposuction Upper Arm	Laserska liposukcija nadlaktice	18	NULL
3504	areola-and-nipple-reconstruction	Areola and Nipple Reconstruction	Rekonstrukcija oblika i veličine areole i bradavice	18	NULL
3505	breast-reconstruction	Breast Reconstruction	Rekonstrukcija dojke	18	NULL
3506	xanthelasma-removal-eye-area	Xanthelasma Removal Around the Eyes	Uklanjanje ksantelazmi u predjelu očiju	18,23	Uklanjanje ksantelazmi u predelu očiju ; Uklanjanje masnih naslaga na koži kapaka ; Xanthelasma Removal Eye Area
3507	rhinoplasty	Rhinoplasty	Operacija nosa	11,18	Nose Job ; Rinoplastika
3508	rhinoplasty-with-septoplasty	Rhinoplasty with Septoplasty	Operacija nosa i nosne pregrade	11,18	NULL
3509	aesthetic-nose-and-septum-correction	Aesthetic Nose and Septum Correction	Estetska korekcija nosa i nosne pregrade	11,18	NULL
3510	fat-transfer-lipofilling	Fat Transfer Lipofilling	Lipotransfer masti	18	NULL
3511	ingrown-toenail-aesthetic-correction	Ingrown Toenail Aesthetic Correction	Hirurška korekcija uraslog nokta	10,18	NULL
3512	eyelid-ptosis-correction	Eyelid Ptosis Correction	Korekcija ptoze kapaka (spušteni kapak)	18,23	NULL
3513	upper-blepharoplasty	Upper Blepharoplasty	Hirurška korekcija viška kože gornjih kapaka (blefaroplastika)	18,23	Korekcija gornjih kapaka ; Upper Eyelid Surgery
3514	lower-blepharoplasty	Lower Blepharoplasty	Hirurška korekcija viška kože donjih kapaka (blefaroplastika)	18,23	Eye Bag Removal ; Korekcija donjih kapaka ; Lower Eyelid Surgery ; Operacija podočnjaka
3515	full-blepharoplasty	Full Blepharoplasty	Hirurška korekcija viška kože gornjih i donjih kapaka (blefaroplastika)	18,23	NULL
3516	full-abdominoplasty	Full Abdominoplasty	Kompletna abdominoplastika	18	NULL
3517	full-abdominoplasty-with-liposuction	Full Abdominoplasty with Liposuction	Kompletna abdominoplastika sa liposukcijom	18	NULL
3518	thigh-lift	Thigh Lift	Thigh lift - smanjenje butina	18	NULL
3519	necrectomy-with-secondary-suture	Necrectomy with Secondary Suture	Nekrektomija sa sekundarnim šavom	18	NULL
3520	calf-implants	Calf Implants	Ugradnja potkoljeničnih implantata	18	NULL
3521	subcutaneous-mastectomy-with-breast-reconstruction	Subcutaneous Mastectomy with Breast Reconstruction	Subkutana mastektomija sa rekonstrukcijom dojki	18	NULL
3522	hygroma-extirpation	Hygroma Extirpation	Ekstirpacija higroma	10,18	NULL
3523	eyelid-capillary-removal	Eyelid Capillary Removal	Uklanjanje kapilara na očnim kapcima	18,23	NULL
3524	liposuction-under-general-anesthesia	Liposuction under General Anesthesia	Liposukcija u opštoj anesteziji	18	NULL
3525	face-lift-with-fat-transfer	Face Lift with Fat Transfer	Lifting lica sa transferom masti iz drugih regija tijela	18	Face lifting sa transferom masti u lice iz drugih regija tela
3526	keloid-scar-corticosteroid-injection	Keloid Scar Corticosteroid Injection	Korekcija keloidnih ožiljaka injektovanjem kortikosteroidnih rastvora (kenalog)	18,24	NULL
3527	skin-lesion-removal-with-local-flap-reconstruction	Skin Lesion Removal with Local Flap Reconstruction	Hirurško uklanjanje jedne promene na koži u lokalnoj anesteziji (sa rekonstrukcijom lokalnim režnjem)	18	NULL
3528	chin-liposuction	Chin Liposuction	Klasična liposukcija podbratka	18	NULL
3529	small-lip-surgical-correction	Small Lip Surgical Correction	Hirurška korekcija malih usana	18	NULL
3530	nasal-tip-correction	Nasal Tip Correction	Korekcija vrha nosa	11,18	NULL
3531	aesthetic-vaginoplasty	Aesthetic Vaginoplasty	Estetska korekcija vagine	7,18	NULL
3532	mini-face-lift	Mini Face Lift	Mali lifting lica	18	NULL
3533	gluteal-suspension	Gluteal Suspension	Suspenzija glutealne regije	18	NULL
3534	hymenoplasty	Hymenoplasty	Himenoplastika	7,18	NULL
3535	male-genital-aesthetic-correction	Male Genital Aesthetic Correction	Estetska korekcija muških genitalija	18,22	NULL
3536	secondary-rhinoplasty	Secondary Rhinoplasty	Sekundarna korekcija nosa	11,18	NULL
3537	breast-implant-replacement	Breast Implant Replacement	Zamjena grudnih implantata	18	Zamena grudnih implantanata
3538	brow-lift	Brow Lift	Podizanje obrva	18	NULL
3539	surgical-upper-lip-lift	Surgical Upper Lip Lift	Hirurško podizanje gornje usne (lip lift)	18	Bullhorn Lip Lift ; Podizanje - Lifting gornje usne ; Upper Lip Lift
3540	otoplasty	Otoplasty	Korekcija klempavih ušiju (otoplastika)	11,18	Ear Pinning ; Operacija klempavih ušiju
3541	gynecomastia-correction	Gynecomastia Correction	Korekcija ginekomastije (muških dojki)	18	Male Breast Reduction ; Smanjenje grudi kod muškaraca
3542	capsulectomy	Capsulectomy	Kapsulektomija	18	NULL
3543	infected-implant-removal	Infected Implant Removal	Vađenje inficiranog implanta	18	NULL
3547	pain-medicine-subspecialist-examination	Pain Medicine Subspecialist Examination	Pregled subspecijaliste medicine bola	19	NULL
3548	iv-analgesic-therapy-for-pain	IV Analgesic Therapy for Pain	IV terapija analgetikom kod terapije bolova	19,29	NULL
3549	epidural-catheter-placement-and-first-therapy	Epidural Catheter Placement and First Therapy	Plasiranje epiduralnog katetera i prva terapija	19	NULL
3550	epidural-catheter-therapy-administration	Epidural Catheter Therapy Administration	Davanje terapije preko epiduralnog katetera	19	NULL
3551	epidural-steroid-injection-for-lumbar-syndrome	Epidural Steroid Injection for Lumbar Syndrome	Epiduralna aplikacija steroida kod lumbalnog sindroma	10,19,29	NULL
3552	paracervical-steroid-injection	Paracervical Steroid Injection	Paracervikalna aplikacija steroida	10,19,29	NULL
3553	medication-for-acute-disc-prolapse-and-discopathy	Medication for Acute Disc Prolapse and Discopathy	Aplikacija lijeka kod akutno nastalog prolapsa diskusa i diskopatije	10,19,29	NULL
3554	inguinal-hernia-operation	Inguinal Hernia Operation	Operacija ingvinalne kile	17,32	NULL
3555	examination-with-abdominal-ultrasound	Examination with Abdominal Ultrasound	Pregled sa ultrazvukom abdomena	9	NULL
3557	vascular-surgeon-examination-with-color-doppler	Vascular Surgeon Examination with Color Doppler	Pregled vaskularnog hirurga sa kolor doplerom	14	NULL
3558	follow-up-vascular-surgeon-examination-with-color-doppler	Follow-up Vascular Surgeon Examination with Color Doppler	Kontrolni pregled vaskularnog hirurga sa kolor doplerom	14	NULL
3560	home-visit-examination	Home Visit Examination	Pregled u kućnim uslovima	30	Lekar na kućnu adresu ; Ljekar na kućnu adresu ; Pregled kod kuće
3561	intramuscular-injection-type-i	Intramuscular Injection Type I	Intramuskularna injekcija I	29	NULL
3562	intramuscular-injection-type-ii	Intramuscular Injection Type II	Intramuskularna injekcija II	29	NULL
3563	infusion-type-i-without-medications	Infusion Type I (without medications)	Infuzija I (bez lijekova)	29	NULL
3564	infusion-type-ii	Infusion Type II	Infuzija II	29	NULL
3565	infusion-type-iii	Infusion Type III	Infuzija III	29	NULL
3566	infusion-type-iv	Infusion Type IV	Infuzija IV	29	NULL
3567	urinary-catheter-placement	Urinary Catheter Placement	Plasiranje urinarnog katetera	15,22	Bladder Catheterization ; Foley Catheter Insertion ; Kateterizacija mokraćne bešike ; Postavljanje urinarnog katetera
3568	medication-inhalation	Medication Inhalation	Inhalacija lijekom	12	NULL
3569	spirometry-bronchodilator-test	Spirometry / Bronchodilator Test	Spirometrija / bronhodilatatorni test	12	NULL
3570	vitamin-or-anti-aging-tad-infusion	Vitamin or Anti-aging (TAD) Infusion	Vitaminska ili antiageing (TAD) infuzija	29	NULL
3571	anti-aging-package-10-iv-treatments-doctor-examination-and-lab-tests	Anti-aging Package (10 IV treatments + doctor examination and lab tests)	Antiaging paket (10 i.v. tretmana + pregled doktora i laboratorijske analize)	29	NULL
3572	comprehensive-health-checkup	Comprehensive Health Checkup	Sistematski pregled	9	NULL
3573	preoperative-assessment	Preoperative Assessment	Preoperativna priprema	9,14	NULL
3575	aorta-ultrasound	Aorta Ultrasound	Ultrazvuk aorte	4,8	Aortic Ultrasound ; UZ aorte
3578	lower-extremity-color-doppler	Lower Extremity Color Doppler	Kolor dopler krvnih sudova donjih ekstremiteta	4	NULL
3579	upper-extremity-color-doppler	Upper Extremity Color Doppler	Kolor dopler krvnih sudova gornjih ekstremiteta	4	NULL
3580	rectoscopy-without-anesthesia	Rectoscopy without Anesthesia	Rektoskopija bez anestezije	6	NULL
3581	rectoscopy-with-anesthesia	Rectoscopy with Anesthesia	Rektoskopija sa anestezijom	6	NULL
3582	professor-gastroscopy-without-anesthesia	Professor Gastroscopy without Anesthesia	Gastroskopija profesora bez anestezije	6	NULL
3583	professor-gastroscopy-with-anesthesia	Professor Gastroscopy with Anesthesia	Gastroskopija profesora sa anestezijom	6	NULL
3584	gastroscopy-and-colonoscopy-without-anesthesia	Gastroscopy and Colonoscopy without Anesthesia	Gastroskopija i kolonoskopija bez anestezije	6	NULL
3586	endoscopic-biopsy-with-single-use-forceps	Endoscopic Biopsy with Single Use Forceps	Endoskopska biopsija single use forcepsom	6,28	NULL
3587	histopathology-report-single-biopsy	Histopathology Report - Single Biopsy	Patohistološki nalaz - jedna biopsija	6,28	Histopatološki nalaz biopsije
3588	small-wound-dressing	Small Wound Dressing	Previjanje malih rana	31	NULL
3589	large-wound-dressing	Large Wound Dressing	Previjanje velikih rana	31	NULL
3592	small-skin-abscess-incision	Small Skin Abscess Incision	Incizija manjeg apscesa na koži	15,31	NULL
3593	large-skin-abscess-incision	Large Skin Abscess Incision	Incizija većeg apscesa na koži	15,31	NULL
3594	perianal-incision	Perianal Incision	Perianalna incizija	15	NULL
3595	small-atheroma-lipoma-nevus-removal	Small Atheroma, Lipoma, Nevus Removal	Uklanjanje manjeg ateroma, lipoma, nevusa	15,24	NULL
3596	medium-atheroma-lipoma-nevus-removal	Medium Atheroma, Lipoma, Nevus Removal	Uklanjanje srednjeg ateroma, lipoma, nevusa	15,24	NULL
3597	large-atheroma-lipoma-nevus-removal	Large Atheroma, Lipoma, Nevus Removal	Uklanjanje većeg ateroma, lipoma, nevusa	15,24	NULL
3598	partial-ingrown-nail-resection	Partial Ingrown Nail Resection	Parcijalna resekcija uraslog nokta	15	NULL
3599	nail-ablation	Nail Ablation	Ablacija nokta	15	NULL
3600	malignant-skin-lesion-removal	Malignant Skin Lesion Removal	Uklanjanje malignih promjena na koži	15,24	NULL
3601	benign-skin-lesion-removal-with-electrocautery-1-lesion	Benign Skin Lesion Removal with Electrocautery (1 lesion)	Uklanjanje benignih promjena na koži elektrokauterom (1 promjena)	15,24	NULL
3602	skin-biopsy-with-histopathology-report	Skin Biopsy with Histopathology Report	Biopsija kože sa patohistološkim nalazom	15,24,28	Dermatološki pregled sa biopsijom kože
3603	abdominal-paracentesis	Abdominal Paracentesis	Punkcija abdomena	6,15,17	Abdominal Puncture ; Ascitic Tap ; Paracenteza ; Punkcija ascitesa
3604	thoracentesis	Thoracentesis	Torakocenteza	12,15	Terapijska punkcija pleure ; Therapeutic Pleural Puncture
3605	ultrasound-guided-biopsy	Ultrasound-Guided Biopsy	Biopsija pod kontrolom ultrazvuka	4,17,28	NULL
3606	percutaneous-nephrostomy	Percutaneous Nephrostomy	Perkutana nefrostoma	22	NULL
3607	comprehensive-ophthalmological-examination	Comprehensive Ophthalmological Examination	Opšti oftalmološki pregled	23	Comprehensive Eye Exam ; Kompletan oftalmološki pregled
3608	iol-master-biometry	IOL Master Biometry	IOL Master	23	NULL
3609	a-scan-biometry	A-Scan Biometry	Biometrija A-scan	23	NULL
3610	b-scan-ocular-ultrasound	B-Scan Ocular Ultrasound	Ultrazvuk oka B-scan	23	NULL
3611	optical-coherence-tomography-oct	Optical Coherence Tomography (OCT)	Optička koherentna tomografija OCT	23	OCT oka
3612	visual-field-test-single-eye	Visual Field Test Single Eye	Kompjuterizovano vidno polje jedno oko	23	NULL
3613	visual-field-test-both-eyes	Visual Field Test Both Eyes	Kompjuterizovano vidno polje oba oka	23	NULL
3614	fluorescein-angiography	Fluorescein Angiography	Fluoresceinska angiografija	23	Angiografija očnog dna
3615	fundus-photography	Fundus Photography	Fotografija fundusa	23	Fotografisanje očnog dna ; Retinal Photography
3616	corneal-topography-sirius	Corneal Topography Sirius	Kompletni kompjuterizovani pregled rožnjače Sirius	23	NULL
3617	panretinal-laser-photocoagulation-single-eye	Panretinal Laser Photocoagulation Single Eye	Panretinalna laser fotokoagulacija mrežnjače jedno oko	23	NULL
3618	focal-laser-photocoagulation-single-eye	Focal Laser Photocoagulation Single Eye	Laser fotokoagulacija mrežnjače jedno oko	23	NULL
3619	additional-laser-photocoagulation	Additional Laser Photocoagulation	Dopunska laser fotokoagulacija	23	NULL
3620	laser-trabeculoplasty	Laser Trabeculoplasty	Laser trabekuloplastika	23	NULL
3621	ndyag-laser-capsulotomy	Nd:YAG Laser Capsulotomy	Nd YAG laser kapsulotomija	23	NULL
3622	ndyag-laser-iridotomy	Nd:YAG Laser Iridotomy	Nd YAG laser iridotomija	23	NULL
3623	selective-laser-trabeculoplasty-slt	Selective Laser Trabeculoplasty SLT	Selektivna laser trabekuloplastika SLT	23	NULL
3624	gonioplasty	Gonioplasty	Gonioplastika	23	NULL
3625	goniopuncture	Goniopuncture	Goniopunktura	23	NULL
3626	macular-laser-stimulation-5-sessions	Macular Laser Stimulation 5 Sessions	Laserska stimulacija makule 5 seansi	23	NULL
3627	paraocular-injection	Paraocular Injection	Aplikacija paraokularne injekcije	23,29	NULL
3628	eyelid-hygiene-care	Eyelid Hygiene Care	Toaleta kapaka	23	NULL
3629	chalazion-injection-treatment	Chalazion Injection Treatment	Liječenje halaciona injekcijama	23,29	NULL
3630	postoperative-follow-up-first-month	Postoperative Follow-up First Month	Kontrolni postoperativni pregled u mesecu nakon operacije	23	NULL
3631	treatment-follow-up-first-month	Treatment Follow-up First Month	Kontrola liječenja u mjesecu nakon prvog pregleda	23	Kontrola lečenja u mesecu nakon prvog pregleda
3632	preoperative-examination-package	Preoperative Examination Package	Predoperativna priprema pregled interniste i laboratorijske analize	9	NULL
3633	preoperative-examination-for-refractive-surgery	Preoperative Examination for Refractive Surgery	Predoperativna priprema za refraktivnu hirurgiju	9,23	NULL
3634	first-postoperative-follow-up	First Postoperative Follow-up	Prvi kontrolni postoperativni pregled	23	NULL
3635	first-treatment-follow-up	First Treatment Follow-up	Prvi kontrolni pregled nakon početka liječenja	23	Prvi kontrolni pregled nakon početka lečenja
3636	lasik-single-eye	LASIK Single Eye	Eximer-lasersko skidanje dioptrije LASIK jedno oko	33	NULL
3637	lasik-both-eyes	LASIK Both Eyes	Eximer-lasersko skidanje dioptrije LASIK oba oka	33	NULL
3638	superlasik-single-eye	SuperLASIK Single Eye	Eximer-lasersko skidanje dioptrije SuperLASIK jedno oko	33	NULL
3639	prk-single-eye	PRK Single Eye	Eximer-lasersko skidanje dioptrije PRK jedno oko	33	NULL
3640	intracorneal-ring-segments-keratoconus	Intracorneal Ring Segments Keratoconus	Implantacija intrakornealnih segmenata kod keratokonusa	33	NULL
3641	limbal-relaxing-incisions-lri	Limbal Relaxing Incisions LRI	Limbalne relaksirajuće incizije LRI	33	NULL
3642	cataract-surgery-with-standard-iol	Cataract Surgery with Standard IOL	Uklanjanje katarakte sa ugradnjom standardnog sočiva	33	Operacija sive mrene
3643	cataract-surgery-with-toric-iq-iol	Cataract Surgery with Toric IQ IOL	Uklanjanje katarakte sa ugradnjom toričnog IQ sočiva	33	NULL
3644	cataract-surgery-with-multifocal-iol	Cataract Surgery with Multifocal IOL	Uklanjanje katarakte sa ugradnjom multifokalnog sočiva	33	NULL
3645	cataract-surgery-complicated-case	Cataract Surgery Complicated Case	Extrakcija katarakte sa ugradnjom sočiva komplikovani slučaj	33	NULL
3646	intraocular-lens-exchange	Intraocular Lens Exchange	Zamjena intraokularnog sočiva	33	Zamena intraokularnog sočiva
3647	secondary-iol-implantation	Secondary IOL Implantation	Sekundarna implantacija IOL-a	33	Sekundarna ugradnja intraokularnog sočiva
3648	phacoemulsification-with-trabeculectomy	Phacoemulsification with Trabeculectomy	Fakoemulzifikacija i trabekulektomija	33	NULL
3649	trabeculectomy	Trabeculectomy	Trabekulektomija	33	NULL
3650	deep-sclerectomy-non-penetrating-glaucoma	Deep Sclerectomy Non-penetrating Glaucoma	Glaukom bez penetracije duboka sklerotomija	33	NULL
3651	trabeculectomy-with-implant	Trabeculectomy with Implant	Trabekulektomija sa implantom	33	NULL
3652	cyclocryotherapy	Cyclocryotherapy	Cyclocrio aplikacija	33	NULL
3653	intravitreal-anti-vegf-injection-lucentis	Intravitreal Anti-VEGF Injection Lucentis	Intravitrealna injekcija Lucentis	29,33	NULL
3654	vitrectomy-category-i	Vitrectomy Category I	Vitrektomija I kategorije	33	NULL
3655	vitrectomy-category-ii	Vitrectomy Category II	Vitrektomija II kategorije	33	NULL
3656	vitrectomy-category-iii	Vitrectomy Category III	Vitrektomija III kategorije	33	NULL
3657	silicone-oil-exchange	Silicone Oil Exchange	Zamjena silikonskog ulja	33	Zamena silikonskog ulja
3658	silicone-oil-removal	Silicone Oil Removal	Evakuacija silikonskog ulja	33	Uklanjanje silikonskog ulja ; Vađenje silikonskog ulja
3659	episcleral-retinal-detachment-surgery	Episcleral Retinal Detachment Surgery	Episkleralna operacija ablacije mrežnjače	33	Scleral Buckling
3660	vitreous-cavity-revision	Vitreous Cavity Revision	Revizija prostora staklastog tijela	33	Revizija prostora staklastog tela
3661	pterygium-removal	Pterygium Removal	Uklanjanje pterigijuma	23,33	Operacija pterigijuma
3662	pterygium-removal-with-conjunctival-graft	Pterygium Removal with Conjunctival Graft	Uklanjanje pterigijuma sa kalemom konjunktive	18,23,33	NULL
3663	eyelid-correction-surgery	Eyelid Correction Surgery	Korekcija kapka	18,33	NULL
3664	minor-ophthalmic-surgical-procedure	Minor Ophthalmic Surgical Procedure	Mali hirurški zahvat na oku	33	NULL
3665	strabismus-surgery	Strabismus Surgery	Operacija strabizma	33	Operacija razrokosti ; Squint Surgery
3666	acrysof-iq-iol-surcharge	AcrySof IQ IOL Surcharge	Doplata za implantaciju sočiva AcrySof IQ	NULL	NULL
3667	multifocal-iol-surcharge	Multifocal IOL Surcharge	Doplata za implantaciju multifokalnog sočiva	NULL	NULL
3668	professional-dental-cleaning-deciduous-teeth	Professional Dental Cleaning (Deciduous Teeth)	Profesionalno čišćenje zuba (mliječni zubi)	35	Čišćenje mlečnih zuba ; Čišćenje mliječnih zuba ; Profesionalno čišćenje zuba mlečni zubi ; Professional Dental Cleaning Deciduous Teeth
3669	professional-dental-cleaning-mixed-dentition	Professional Dental Cleaning (Mixed Dentition)	Profesionalno čišćenje zuba (mješovita denticija)	35	Professional Dental Cleaning Mixed Dentition
3670	silver-diamine-fluoride-application	Silver Diamine Fluoride Application	Srebrenje zuba	35	SDF
3671	aesthetic-tooth-restoration	Aesthetic Tooth Restoration	Estetska restauracija zuba	20	NULL
3672	root-canal-preparation	Root Canal Preparation	Primarna obrada kanala korijena	20	Primarna obrada kanala korena
3673	root-canal-obturation	Root Canal Obturation	Definitivna opturacija kanala korijena	20	Definitivna opturacija kanala korena
3674	orthodontic-consultation	Orthodontic Consultation	Konsultacija ortodonta	34	Pregled ortodonta
3675	lost-bracket-replacement	Lost Bracket Replacement	Zamjena izgubljenog breketa	34	Zamena izgubljenog breketa
3676	retainer-placement-per-arch	Retainer Placement per Arch	Postavljanje retejnera po vilici	34	NULL
3677	retention-aligner-fabrication	Retention Aligner Fabrication	Izrada retencione kape	34	Clear Retainer ; Retenciona folija
3678	temporary-removable-partial-denture-butterfly	Temporary Removable Partial Denture Butterfly	Privremena parcijalna proteza leptir 1-2 zuba	34	NULL
3679	dental-trainer-appliance	Dental Trainer Appliance	Trenažer za zube	34,35	NULL
3680	pediatric-dentist-consultation	Pediatric Dentist Consultation	Konsultacija dječjeg stomatologa	35	Dečji stomatolog ; Konsultacija dečjeg stomatologa ; Pedodont ; Pregled dječjeg stomatologa
3681	dental-consultation-with-treatment-plan	Dental Consultation with Treatment Plan	Konsultacija sa planom liječenja	20	Konsultacija sa planom lečenja
3682	dental-diagnostics-and-treatment-planning	Dental Diagnostics and Treatment Planning	Dijagnostika i planiranje liječenja	20	Dijagnostika i planiranje lečenja
3683	implantologist-consultation	Implantologist Consultation	Konsultacija implantologa	20	Pregled implantologa
3684	aligner-therapy-consultation	Aligner Therapy Consultation	Konsultacija o terapiji alignerom	34	NULL
3685	single-segment-cbct-scan	Single Segment CBCT Scan	Kompjuterska tomografija jednog segmenta	20	3D snimak jednog segmenta
3686	additional-cbct-scan	Additional CBCT Scan	Dodatna CBCT snimka	20	NULL
3687	tmj-cbct-scan	TMJ CBCT Scan	3D snimak TMZ	20	NULL
3688	additional-tmj-cbct-scan	Additional TMJ CBCT Scan	Dodatna 3D snimka TMZ	20	NULL
3689	comprehensive-orthodontic-diagnostics	Comprehensive Orthodontic Diagnostics	Kompleksna ortodontska dijagnostika	34	NULL
3690	pediatric-dental-diagnostics-with-treatment-plan	Pediatric Dental Diagnostics with Treatment Plan	Dječja stomatološka dijagnostika sa planom liječenja	35	Dečja stomatološka dijagnostika ; Dečja stomatološka dijagnostika sa planom lečenja
3691	comprehensive-dental-diagnostics-with-treatment-plan	Comprehensive Dental Diagnostics with Treatment Plan	Kompleksna stomatološka dijagnostika sa planom liječenja	20	Kompleksna stomatološka dijagnostika sa planom lečenja
3692	perinatologist-ultrasound-examination	Perinatologist Ultrasound Examination	Ultrazvučni pregled perinatologa	4,7	NULL
3693	follow-up-expert-ultrasound	Follow-up Expert Ultrasound	Kontrolni ekspertski ultrazvuk	4,7	NULL
3694	4d-pregnancy-ultrasound	4D Pregnancy Ultrasound	4D ultrazvuk	4,7	NULL
3695	professor-expert-pregnancy-ultrasound	Professor Expert Pregnancy Ultrasound	Ekspertski ultrazvuk profesora	4,7	NULL
3696	professor-gynecological-examination	Professor Gynecological Examination	Ginekološki pregled profesora	7	NULL
3697	professor-colposcopy	Professor Colposcopy	Kolposkopija profesora	7	NULL
3698	leep-excision-with-histopathology	LEEP Excision with Histopathology	Loop ekscizija sa Ph nalazom	7,16	NULL
3699	fertility-couple-subspecialist-examination	Fertility Couple Subspecialist Examination	Subspecijalistički pregled para za fertilitet	7	NULL
3700	ctg-extended-fetal-monitoring	CTG Extended Fetal Monitoring	CTG II	7	NULL
3701	genital-condyloma-removal-grade-3	Genital Condyloma Removal Grade 3	Radiotalasno uklanjanje kondiloma III stepen	7,16	NULL
3702	professor-ultrasound-single-region	Professor Ultrasound Single Region	Ultrazvuk jedne regije profesora	4	NULL
3703	professor-ultrasound-two-regions	Professor Ultrasound Two Regions	Ultrazvuk dvije regije profesora	4	NULL
3704	professor-ultrasound-three-regions	Professor Ultrasound Three Regions	Ultrazvuk tri regije profesora	4	NULL
3705	3d-digital-tomosynthesis-mammography	3D Digital Tomosynthesis Mammography	Digitalna 3D tomosinteza mamografija	3	NULL
3706	professor-3d-tomosynthesis-mammography	Professor 3D Tomosynthesis Mammography	Digitalna 3D tomosinteza mamografija profesora	3	NULL
3707	professor-breast-examination-package	Professor Breast Examination Package	Pregled ultrazvuk i digitalna 3D mamografija profesora	3	NULL
3708	core-biopsy-with-histopathology	Core Biopsy with Histopathology	CORE biopsija sa Ph nalazom	15	NULL
3709	core-biopsy-with-histopathology-and-receptors	Core Biopsy with Histopathology and Receptors	CORE biopsija sa Ph nalazom i receptorima	15	NULL
3710	professor-dermatologist-examination	Professor Dermatologist Examination	Dermatološki pregled profesora	24	NULL
3711	professor-dermatoscopy	Professor Dermatoscopy	Dermoskopija profesora	24	NULL
3712	total-body-mole-mapping-digital-dermoscopy	Total Body Mole Mapping Digital Dermoscopy	Mapa mladeža čitavog tijela digitalnim dermoskopom	24	NULL
3713	digital-dermoscopy-up-to-5-moles	Digital Dermoscopy Up to 5 Moles	Digitalna dermoskopija do 5 mladeža	24	NULL
3714	digital-dermoscopy-more-than-5-moles	Digital Dermoscopy More Than 5 Moles	Digitalna dermoskopija više od 5 mladeža	24	NULL
3715	radiowave-skin-lesion-removal	Radiowave Skin Lesion Removal	Uklanjanje kožnih promjena radiotalasima	18,24	Radiofrequency Mole Removal ; Uklanjanje mladeža radiotalasima
3716	professor-ent-examination	Professor ENT Examination	ORL pregled profesora	11	NULL
3717	follow-up-professor-ent-examination	Follow-up Professor ENT Examination	Kontrola ORL profesora	11	NULL
3718	radiowave-conchoplasty	Radiowave Conchoplasty	Radiotalasna konhoplastika	11	NULL
3719	doppler-head-blood-vessels	Doppler Head Blood Vessels	Kolor dopler krvnih sudova glave	21	NULL
3720	neurology-examination-with-head-and-neck-doppler	Neurology Examination with Head and Neck Doppler	Neurološki pregled kolor dopler krvnih sudova glave i vrata	21	NULL
3721	oncological-surgeon-examination	Oncological Surgeon Examination	Pregled hirurga onkologa	14,17	Oncosurgeon Examination ; Pregled onkohirurga
3722	maxillofacial-surgeon-examination	Maxillofacial Surgeon Examination	Pregled maksilofacijalnog hirurga	14	NULL
3723	puncture-with-histopathology	Puncture with Histopathology	Punkcija sa Ph nalazom	15	NULL
3724	surgical-mole-removal-with-histopathology	Surgical Mole Removal with Histopathology	Hirurško uklanjanje mladeža sa Ph nalazom	15	NULL
3725	breast-cyst-puncture	Breast Cyst Puncture	Punkcija ciste na dojkama	15	NULL
3726	thyroid-examination-with-ultrasound	Thyroid Examination with Ultrasound	Pregled i ultrazvuk štitaste žlijezde	4,26	NULL
3728	thyroid-fine-needle-biopsy-with-histopathology	Thyroid Fine Needle Biopsy with Histopathology	Biopsija štitaste žlijezde tankom iglom sa Ph nalazom	26	NULL
3729	progesterone-injection	Progesterone Injection	Injekcija progesterona	29	NULL
3730	plastic-surgery-consultation	Plastic Surgery Consultation	Pregled plastičnog hirurga	14,18	NULL
3731	hematologist-oncologist-consultation	Hematologist-Oncologist Consultation	Pregled hematologa-onkologa	9	NULL
3732	hematologist-oncologist-expert-opinion	Hematologist-Oncologist Expert Opinion	Stručno mišljenje hematologa-onkologa	9	NULL
3733	plastic-surgeon-follow-up-examination	Plastic Surgeon Follow-up Examination	Kontrolni pregled plastičnog hirurga	14,18	Follow-up Plastic Surgeon Examination ; Ponovni (kontrolni) pregled - plastični hirurg
3734	neuromuscular-transmission-test	Neuromuscular Transmission Test	Test neuromišićne transmisije	21	Repetitive Nerve Stimulation ; TNT test
3735	prostigmin-test	Prostigmin Test	Prostigminski test	21	Neostigmine Test
3736	internist-consent	Internist Consent	Internistička saglasnost	9,12	NULL
3737	consent-for-surgery	Consent for Surgery	Saglasnost za operaciju	9,12	NULL
3738	pediatric-hip-ultrasound	Pediatric Hip Ultrasound	Ultrazvuk kukova kod djece	4,10,25	Infant Hip Ultrasound ; Ultrazvuk kukova kod dece ; UZ kukova kod djece ; UZ kukova kod odojčadi
3739	joint-puncture-with-infiltration	Joint Puncture with Infiltration	Punkcija zgloba sa infiltracijom	10,19	NULL
3740	fracture-reduction-with-cast-immobilization	Fracture Reduction with Cast Immobilization	Repozicija preloma sa gipsanom imobilizacijom	10	NULL
3741	bandage-application-for-dislocation	Bandage Application for Dislocation	Prevoj kod iščašenja	10	NULL
3742	hyalubrix-30mg-with-clinic-ampoule	Hyalubrix 30mg with Clinic Ampoule	Hyalubrix 30mg sa našom ampulom	10,19	NULL
3743	hyalubrix-30mg-with-patient-ampoule	Hyalubrix 30mg with Patient Ampoule	Hyalubrix 30mg sa ampulom pacijenta	10	NULL
3744	hyalubrix-60mg-with-clinic-ampoule	Hyalubrix 60mg with Clinic Ampoule	Hyalubrix 60mg sa našom ampulom	10,19	NULL
3745	hyalubrix-60mg-with-patient-ampoule	Hyalubrix 60mg with Patient Ampoule	Hyalubrix 60mg sa ampulom pacijenta	10	NULL
3746	chondryal-plus-with-clinic-ampoule	Chondryal Plus with Clinic Ampoule	Chondryal plus sa našom ampulom	10,19	NULL
3747	hyaluron-tendon-with-clinic-ampoule	Hyaluron Tendon with Clinic Ampoule	Hyaluron tendom sa našom ampulom	10,19	NULL
3748	artox-2-with-clinic-ampoule	Artox 2% with Clinic Ampoule	Artox 2% sa našom ampulom	10,19	NULL
3749	prp-single-region	PRP Single Region	PRP jedna regija	10,19	NULL
3750	prp-two-regions	PRP Two Regions	PRP dvije regije	10,19	NULL
3751	joint-blockade-flosteron-lidocaine	Joint Blockade Flosteron Lidocaine	Blokade flosteron sa lidokainom	10,19	NULL
3752	oncologist-consultation	Oncologist Consultation	Konzilijarni pregled onkologa	NULL	NULL
3753	rectosigmoidoscopy	Rectosigmoidoscopy	Rektosigmoidoskopija	6,15	Proctosigmoidoscopy
3754	colonoscopy-with-polypectomy	Colonoscopy with Polypectomy	Kolonoskopija sa polipektomijom	6	Colon Polyp Removal ; Uklanjanje polipa debelog crijeva
3755	stomach-polypectomy	Stomach Polypectomy	Polipektomija želuca	6	Gastric Polyp Removal ; Uklanjanje polipa želuca
3756	gastroscopy-and-colonoscopy	Gastroscopy and Colonoscopy	Gastroskopija i kolonoskopija	6	NULL
3757	ph-analysis-single-sample	pH Analysis Single Sample	pH analiza jedan uzorak	6	NULL
3758	analgosedation-single-procedure	Analgosedation Single Procedure	Analgosedacija jedan pregled	6	NULL
3759	analgosedation-gastroscopy-colonoscopy	Analgosedation Gastroscopy Colonoscopy	Analgosedacija gastroskopija i kolonoskopija	6	NULL
3760	abdominal-surgeon-examination	Abdominal Surgeon Examination	Pregled abdominalnog hirurga	14,32	NULL
3761	endoscopic-gastric-balloon	Endoscopic Gastric Balloon	Endoskopski želudačni balon za mršavljenje	32	NULL
3762	vascular-surgeon-examination	Vascular Surgeon Examination	Pregled vaskularnog hirurga	14,17	NULL
3764	breast-biopsy	Breast Biopsy	Biopsija dojke	17	NULL
3766	hyaluronic-fillers-1ml	Hyaluronic Fillers 1ml	Hijaluronski filer 1 ml	18,24	NULL
3767	botox-single-region	Botox Single Region	Botox, jedna regija	18,24	NULL
3768	botox-three-regions	Botox Three Regions	Botox tri regije	18,24	NULL
3769	facial-mesotherapy-single-treatment	Facial Mesotherapy Single Treatment	Mezoterapija lica, jedan tretman	18,24	NULL
3770	facial-mesotherapy-package-3-treatments	Facial Mesotherapy Package 3 Treatments	Mezoterapija lica paket tri tretmana	18,24	NULL
3771	biorevitalization	Biorevitalization	Biorevitalizacija	18,24	NULL
3772	aptos-threads	Aptos Threads	Aptos niti	18	NULL
3775	first-psychological-examination	First Psychological Examination	Prvi psihološki pregled	NULL	NULL
3776	follow-up-psychological-examination	Follow-up Psychological Examination	Kontrola psihološkog pregleda	NULL	NULL
3777	psychological-testing-single-test	Psychological Testing Single Test	Psihološko testiranje jedan test	NULL	NULL
3778	complete-psychological-testing	Complete Psychological Testing	Kompletno psihološko testiranje	NULL	NULL
3779	psychotherapy	Psychotherapy	Psihoterapija	NULL	NULL
3780	internist-examination-with-ecg-home-visit	Internist Examination with ECG Home Visit	Internistički pregled sa EKG na terenu	9,30	NULL
3781	post-covid-internist-examination-package	Post-Covid Internist Examination Package	Post-Covid internistički pregled paket	9	NULL
3782	holter-ecg-home-visit	Holter ECG Home Visit	Holter EKG na terenu	8,30	NULL
3783	ecg-home-visit	ECG Home Visit	EKG na terenu	8,30	NULL
3784	preoperative-internist-examination	Preoperative Internist Examination	Priprema za operacije pregled interniste	9	NULL
3785	holter-ecg-48h	Holter ECG 48h	Holter EKG 48h	8	NULL
3787	pericardial-pleural-effusion-ultrasound-check	Pericardial Pleural Effusion Ultrasound Check	UZ kontrola perikardijalnog i pleuralnog izliva	8	NULL
3791	mri-brain-with-orbits	MRI Brain with Orbits	MR mozga sa orbitama	NULL	NULL
3792	mri-brain-with-sinuses	MRI Brain with Sinuses	MR mozga sa sinusima	NULL	NULL
3793	mri-brain-with-epi-program	MRI Brain with EPI Program	MR mozga sa EPI programom	NULL	NULL
3794	mri-brain-with-auditory-canal	MRI Brain with Auditory Canal	MR mozga sa slušnim kanalom	NULL	NULL
3796	mri-brain-with-pituitary	MRI Brain with Pituitary	MR mozga sa hipofizom	NULL	NULL
3797	mri-brain-with-mra	MRI Brain with MRA	MR mozga sa MRA	NULL	NULL
3798	mra-head-arteries-with-mrv-venography	MRA Head Arteries with MRV Venography	MRA arterija glave sa MRV venografijom	NULL	NULL
3799	mra-head	MRA Head	MRA glave	NULL	NULL
3800	mri-brain-and-cervical-spine	MRI Brain and Cervical Spine	MR mozga i cervikalne kičme	NULL	NULL
3801	mri-brain-and-full-spine	MRI Brain and Full Spine	MR mozga i cijele kičme	NULL	NULL
3802	mri-single-spine-segment	MRI Single Spine Segment	MR jednog segmenta kičme	NULL	NULL
3803	mri-two-spine-segments	MRI Two Spine Segments	MR dva segmenta kičme	NULL	NULL
3804	mri-full-spine	MRI Full Spine	MR cijele kičme	NULL	NULL
3805	mra-neck-vessels	MRA Neck Vessels	MR angiografija krvnih sudova vrata	NULL	NULL
3807	mri-brachial-plexus	MRI Brachial Plexus	MR plexus brachialis	NULL	NULL
3808	mri-neck-soft-tissue-with-cervical-spine	MRI Neck Soft Tissue with Cervical Spine	MR mekih tkiva vrata sa cervikalnom kičmom	NULL	NULL
3809	mri-mediastinum	MRI Mediastinum	MR medijastinuma	NULL	NULL
3810	mri-sternum	MRI Sternum	MR sternuma	NULL	NULL
3814	mri-lumbosacral-plexus	MRI Lumbosacral Plexus	MR plexus lumbosacralis	NULL	NULL
3815	mri-abdomen-and-pelvis	MRI Abdomen and Pelvis	MR abdomena i male karlice	NULL	NULL
3816	mri-abdomen-pelvis-with-mrcp	MRI Abdomen Pelvis with MRCP	MR abdomena i male karlice sa MRCP	NULL	NULL
3817	mri-abdomen-with-primovist	MRI Abdomen with Primovist	MR abdomena sa Primovistom	NULL	NULL
3818	mri-colonography	MRI Colonography	MR kolonografija	NULL	NULL
3819	mri-entero-colonography	MRI Entero-colonography	MR entero-kolonografija	NULL	NULL
3820	mri-urography	MRI Urography	MR urografija	NULL	NULL
3821	mri-heart	MRI Heart	MR srca	NULL	NULL
3822	mri-single-joint	MRI Single Joint	MR jednog zgloba	NULL	NULL
3823	mri-paired-joints	MRI Paired Joints	MR parnih zglobova	NULL	NULL
3824	radiology-second-opinion-single-region	Radiology Second Opinion Single Region	Konsultativni pregled radiologa drugo mišljenje jedna regija	NULL	NULL
3825	radiology-second-opinion-two-regions	Radiology Second Opinion Two Regions	Konsultativni pregled radiologa drugo mišljenje dvije regije	NULL	NULL
3826	radiology-second-opinion-three-regions	Radiology Second Opinion Three Regions	Konsultativni pregled radiologa drugo mišljenje tri regije	NULL	NULL
3827	radiology-second-opinion-heart	Radiology Second Opinion Heart	Konsultativni pregled radiologa drugo mišljenje srce	NULL	NULL
3828	radiology-second-opinion-breast	Radiology Second Opinion Breast	Konsultativni pregled radiologa drugo mišljenje dojke	NULL	NULL
3829	mri-sedation-single-region	MRI Sedation Single Region	Analgosedacija za MRI jedna regija	NULL	NULL
3830	mri-sedation-two-regions	MRI Sedation Two Regions	Analgosedacija za MRI dvije regije	NULL	NULL
3831	mri-sedation-three-regions	MRI Sedation Three Regions	Analgosedacija za MRI tri regije	NULL	NULL
3836	ultrasound-neck-thyroid-parathyroid-salivary-glands	Ultrasound Neck Thyroid Parathyroid Salivary Glands	UZ vrata štitne paraštitne i pljuvačne žlijezde	NULL	NULL
3838	doppler-abdominal-arteries-and-veins	Doppler Abdominal Arteries and Veins	Doplersonografija velikih arterija i vena abdomena	NULL	NULL
3841	ultrasound-abdomen-and-pelvis	Ultrasound Abdomen and Pelvis	UZ abdomena i male karlice	NULL	NULL
3843	ultrasound-lymph-nodes	Ultrasound Lymph Nodes	UZ limfnih žlijezda	NULL	Lymph Node Ultrasound ; Ultrazvuk limfnih čvorova ; Ultrazvuk limfnih žlezda ; Ultrazvuk limfnih žlijezda ; UZ pregled limfnih žljezda
3844	ultrasound-scrotum-and-testes	Ultrasound Scrotum and Testes	UZ skrotuma i testisa	NULL	NULL
3848	msct-temporal-bone	MSCT Temporal Bone	CT temporalne kosti	2	NULL
3849	msct-facial-bones	MSCT Facial Bones	CT kostiju lica	2	NULL
3850	msct-orbits	MSCT Orbits	CT orbita	2	NULL
3851	msct-head-with-orbits	MSCT Head with Orbits	CT mozga sa orbitama	2	NULL
3852	msct-head-two-regions	MSCT Head Two Regions	CT glave dva pregleda	2	NULL
3853	msct-head-with-facial-bones	MSCT Head with Facial Bones	CT mozga sa kostima lica	2	NULL
3854	msct-two-spine-segments	MSCT Two Spine Segments	CT kičme dva segmenta	2	NULL
3855	msct-full-spine	MSCT Full Spine	CT kičmenog stuba tri segmenta	2	NULL
3856	msct-single-spine-segment-with-contrast	MSCT Single Spine Segment with Contrast	CT kičme jedan segment sa kontrastom	2	NULL
3857	msct-two-spine-segments-with-contrast	MSCT Two Spine Segments with Contrast	CT kičme dva segmenta sa kontrastom	2	NULL
3858	msct-full-spine-with-contrast	MSCT Full Spine with Contrast	CT kičmenog stuba sa kontrastom	2	NULL
3859	msct-lungs-covid-post-covid	MSCT Lungs Covid Post-Covid	CT pluća covid i post-covid	2	NULL
3860	msct-abdomen-native	MSCT Abdomen Native	CT abdomena nativno	2	NULL
3861	msct-pelvis-native	MSCT Pelvis Native	CT male karlice nativno	2	NULL
3862	msct-urinary-tract-native	MSCT Urinary Tract Native	CT urotrakta nativno	2	NULL
3863	msct-head-and-neck-native	MSCT Head and Neck without Contrast	CT glave i vrata nativno	2	MSCT Head and Neck Native
3864	msct-head-and-chest-native	MSCT Head and Chest Native	CT glave i grudnog koša nativno	2	NULL
3865	msct-chest-and-abdomen-native	MSCT Chest and Abdomen Native	CT grudnog koša i abdomena nativno	2	NULL
3866	msct-abdomen-and-pelvis-native	MSCT Abdomen and Pelvis Native	CT abdomena i male karlice nativno	2	NULL
3867	msct-chest-abdomen-pelvis-native	MSCT Chest Abdomen Pelvis Native	CT grudnog koša abdomena i male karlice nativno	2	NULL
3868	msct-neck-and-chest-with-contrast	MSCT Neck and Chest with Contrast	CT vrata i grudnog koša sa kontrastom	2	NULL
3869	msct-chest-and-abdomen-with-contrast	MSCT Chest and Abdomen with Contrast	CT grudnog koša i abdomena sa kontrastom	2	NULL
3870	msct-chest-abdomen-pelvis-with-contrast	MSCT Chest Abdomen Pelvis with Contrast	CT grudnog koša abdomena i male karlice sa kontrastom	2	NULL
3871	msct-neck-chest-abdomen-pelvis-with-contrast	MSCT Neck Chest Abdomen Pelvis with Contrast	CT vrata grudnog koša abdomena i male karlice sa kontrastom	2	NULL
3872	msct-angiography-abdominal-vessels	MSCT Angiography Abdominal Vessels	CT angiografija velikih krvnih sudova abdomena	2	NULL
3873	msct-angiography-thoracic-aorta	MSCT Angiography Thoracic Aorta	CT angiografija torakalne aorte	2	NULL
3874	msct-angiography-abdominal-aorta	MSCT Angiography Abdominal Aorta	CT angiografija abdominalne aorte	2	NULL
3875	msct-angiography-lower-extremities	MSCT Angiography Lower Extremities	CT angiografija donjih ekstremiteta	2	NULL
3876	msct-angiography-thoracic-and-abdominal-aorta	MSCT Angiography Thoracic and Abdominal Aorta	CT angiografija torakalne i abdominalne aorte	2	NULL
3877	msct-angiography-abdominal-aorta-and-lower-extremities	MSCT Angiography Abdominal Aorta and Lower Extremities	CT angiografija abdominalne aorte i donjih ekstremiteta	2	NULL
3878	msct-angiography-full-aorta-and-lower-extremities	MSCT Angiography Full Aorta and Lower Extremities	CT angiografija aorte i donjih ekstremiteta	2	NULL
3879	msct-coronary-angiography	MSCT Coronary Angiography	CT koronarografija	2	Coronary CT Angiography ; CT koronarnih arterija ; MSCT koronarografija
3880	msct-calcium-score	MSCT Calcium Score	CT Ca score	2	Agatston Score ; Coronary Artery Calcium Score ; Kalcijum skor koronarnih arterija
3881	msct-colonography	MSCT Colonography	CT kolonografija	2	Virtual Colonoscopy ; Virtuelna kolonoskopija
3882	msct-joint-pair	MSCT Joint Pair	CT koštano zglobni par	2	NULL
3883	msct-si-joints-and-hips	MSCT SI Joints and Hips	CT SI zglobova i kukova	2	NULL
3884	ct-radiology-second-opinion-x-ray	CT Radiology Second Opinion X-Ray	Konsultativni pregled radiologa drugo mišljenje RTG	2	NULL
3885	ct-contrast-agent	CT Contrast Agent	CT kontrastno sredstvo	2	NULL
3886	msct-single-region-native	MSCT Single Region without Contrast	CT jedne regije nativno	2	MSCT Single Region Native
3887	msct-single-region-with-contrast	MSCT Single Region with Contrast	CT jedne regije sa kontrastom	2	NULL
3888	msct-two-regions-native	MSCT Two Regions Native	CT dvije regije nativno	2	NULL
3889	msct-two-regions-with-contrast	MSCT Two Regions with Contrast	CT dvije regije sa kontrastom	2	NULL
3890	msct-three-regions-native	MSCT Three Regions Native	CT tri regije nativno	2	NULL
3891	msct-three-regions-with-contrast	MSCT Three Regions with Contrast	CT tri regije sa kontrastom	2	NULL
3892	msct-four-regions-native	MSCT Four Regions Native	CT četiri regije nativno	2	NULL
3893	msct-four-regions-with-contrast	MSCT Four Regions with Contrast	CT četiri regije sa kontrastom	2	NULL
3898	internist-examination	Internist Examination	Internistički pregled	9	Internal Medicine Consultation ; Pregled interniste
3903	pharmacological-test-for-myocardial-ischemia	Pharmacological test for myocardial ischemia	Farmakološki test na išemiju srca	NULL	NULL
3904	follow-up-internist-examination	Follow-up Internist Examination	Kontrolni internistički pregled	9	Kontrolni pregled interniste ; Ponovni pregled interniste
3910	aesthetic-consultation	Aesthetic Consultation	Estetska konsultacija	14,18	Aesthetic Medicine Consultation
3946	laparoscopic-hernia-operation	Laparoscopic Hernia Operation	Laparoskopska operacija kile	17,32	NULL
3947	laparoscopic-bilateral-hernia-operation	Laparoscopic Bilateral Hernia Operation	Laparoskopska operacija obostrane kile	17,32	NULL
3948	laser-anal-fissure-surgery	Laser Anal Fissure Surgery	Laserska operacija analne fisure	17,32	NULL
3949	laser-perianal-fistula-surgery	Laser Perianal Fistula Surgery	Laserska operacija perianalne fistule	17,32	NULL
3950	laser-pilonidal-sinus-surgery	Laser Pilonidal Sinus Surgery	Laserska operacija pilonidalnog sinusa	17,32	Laserska operacija pilonidalne ciste
3951	thyroidectomy	Thyroidectomy	Operacija štitne žlijezde	12,17	Operacija štitne žlezde ; Thyroid Surgery ; Tireoidektomija
3952	parathyroidectomy	Parathyroidectomy	Operacija paratiroidne žlijezde	12,17	NULL
3953	laser-varicose-vein-surgery	Laser Varicose Vein Surgery	Laserska operacija proširenih vena	17,22	Endovenous Laser Ablation ; EVLA ; Laserska operacija varikoznih vena
3954	body-composition-analysis	Body Composition Analysis	Analiza tjelesne kompozicije	9	Analiza sastava tijela ; Analiza telesne kompozicije ; Bioelectrical Impedance Analysis ; Bioimpedansa
3955	rapid-blood-glucose-test	Rapid Blood Glucose Test	Brzi test glukoze u krvi	15,28	Fingerstick Glucose Test ; Mjerenje šećera glukometrom ; Određivanje glikemije glukometrom
3956	rapid-cholesterol-test	Rapid Cholesterol Test	Brzi test holesterola	28	NULL
3957	rapid-triglyceride-test	Rapid Triglyceride Test	Brzi test triglicerida	28	NULL
3958	health-prevention-counseling	Health Prevention Counseling	Preventivno zdravstveno savjetovanje	9	NULL
3959	home-patient-care	Home Patient Care	Njega pacijenta u kućnim uslovima	30	NULL
3960	skin-disease-medical-treatment	Skin Disease Medical Treatment	Medicinski tretman oboljele kože	24	NULL
3961	video-colposcopy	Video Colposcopy	Video kolposkopija	7	NULL
3962	colposcopy-with-pap-test	Colposcopy with PAP Test	Kolposkopija i Papanikolau test	7	NULL
3963	perinatologist-consultation	Perinatologist Consultation	Konsultativni pregled perinatologa	7	NULL
3964	gynecological-examination-with-colposcopy	Gynecological Examination with Colposcopy	Ginekološki pregled + Kolposkopija	7	NULL
3965	comprehensive-gynecological-examination-with-pap	Comprehensive Gynecological Examination with PAP	Ginekološki pregled + Kolposkopija + PAP + Grupa sekreta	7	NULL
3966	brief-visit-results-review	Brief Visit Results Review	Kratka posjeta bez pregleda (čitanje rezultata)	7	NULL
3967	cervicometry	Cervicometry	Cervikometrija	4,7	NULL
3968	vaginal-ring-insertion	Vaginal Ring Insertion	Stavljanje vaginalnog prstena	7	NULL
3969	iud-control-with-ultrasound	IUD Control with Ultrasound	Kontrola spirale - Ultrazvuk	4,7	NULL
3970	contraceptive-ring-insertion	Contraceptive Ring Insertion	Postavljanje kontraceptivnog prstena	7	NULL
3971	cervical-biopsy-with-histopathology	Cervical Biopsy with Histopathology	Biopsija grlića + Histopatološka analiza	16	NULL
3972	cervical-polyp-removal-with-histopathology	Cervical Polyp Removal with Histopathology	Skidanje polipa grlića + Histopatološka analiza	16	NULL
3973	exploratory-curettage-with-histopathology	Exploratory Curettage with Histopathology	Eksplorativna kiretaža + Histopatološka analiza	16	NULL
3975	cervical-erosion-radio-wave-treatment	Cervical Erosion Radio Wave Treatment	Tretman ranice na grliću materice radiotalasima	16	NULL
3976	cervical-erosion-thermocauterization	Cervical Erosion Thermocauterization	Tretman ranice na grliću materice termokauterizacijom	16	NULL
3977	condyloma-radio-wave-removal	Condyloma Radio Wave Removal	Skidanje kondiloma radio talasima	16	NULL
3978	condyloma-thermocauterization-removal	Condyloma Thermocauterization Removal	Skidanje kondiloma termokauterizacijom	16	NULL
3979	benign-skin-growth-radio-wave-removal	Benign Skin Growth Radio Wave Removal	Skidanje benignih promjena sa kože radio talasima	16	NULL
3980	benign-skin-growth-thermocauterization-removal	Benign Skin Growth Thermocauterization Removal	Skidanje benignih promjena sa kože termokauterizacijom	16	NULL
3981	bartholin-gland-puncture	Bartholin Gland Puncture	Punkcija Bartolinijeve žlijezde	16	NULL
3982	wound-treatment-with-suturing	Wound Treatment with Suturing	Obrada rane sa šivenjem	31	NULL
3983	vaginal-irrigation	Vaginal Irrigation	Ispiranje vagine	NULL	NULL
3984	psychological-counseling-for-pregnant-women-individual	Psychological Counseling for Pregnant Women Individual	Psihološko savjetovanje trudnica - individualni rad	7	NULL
3985	psychological-counseling-for-pregnant-women-group	Psychological Counseling for Pregnant Women Group	Psihološko savjetovanje trudnica - grupni rad	7	NULL
3986	psychological-counseling-for-infertility-individual	Psychological Counseling for Infertility Individual	Psihološko savjetovanje kod bračnog steriliteta - individualni rad	7	NULL
3987	psychological-counseling-for-infertility-group	Psychological Counseling for Infertility Group	Psihološko savjetovanje kod bračnog steriliteta - grupni rad	7	NULL
3988	std-testing-package	STD Testing Package	Testiranje na polno prenosive bolesti	7	NULL
3989	complete-preventive-gynecological-package-examination-ultrasound-pap-vaginal-secretion-colposcopy	Complete Preventive Gynecological Package (Examination + Ultrasound + PAP + Vaginal Secretion + Colposcopy)	Kompletni promotivni pregled (Ginekološki pregled + Ultrazvuk + PAP test + Stepen čistoće vaginalnog sekreta + Kolposkopija)	7	NULL
3990	intrauterine-insemination-package-iui-pregnyl-injection-3-ultrasound-exams	Intrauterine Insemination Package (IUI + Pregnyl Injection + 3 Ultrasound Exams)	Intrauterina inseminacija (IUI + Davanje injekcije Pregnyl + 3 Ultrazvučna pregleda)	7,16	NULL
3991	ent-subspecialist-examination	ENT Subspecialist Examination	Subspecijalistički ORL pregled	11	NULL
3992	eustachian-tube-function-test	Eustachian Tube Function Test	Test funkcije Eustahijeve tube	11	Ispitivanje prohodnosti Eustahijeve tube
3993	acumetric-hearing-tests	Acumetric Hearing Tests	Akumetrijski testovi	11	Ispitivanje zvučnim viljuškama ; Tuning Fork Tests
3994	hearing-loss-percentage-calculation-fowler-sabine-formula	Hearing Loss Percentage Calculation (Fowler-Sabine Formula)	Izračunavanje procenta gubitka sluha po Fowler-Sabine formuli	11	NULL
3995	otoacoustic-emissions-teoae	Otoacoustic Emissions (TEOAE)	Otoakustična emisija (TEOAE)	11	Otoakustičke emisije
3996	objective-audiometry-bera	Objective Audiometry (BERA)	Objektivna audiometrija (BERA)	11	Auditory Brainstem Response (ABR) ; Evocirani potencijali moždanog stabla
3997	initial-dental-examination-and-medical-record-opening	Initial Dental Examination and Medical Record Opening	Prvi stomatološki pregled i otvaranje kartona	20	First Dental Visit ; Prvi pregled kod zubara
3998	dental-first-aid	Dental First Aid	Stomatološka prva pomoć	20	Emergency Dental Care ; Hitna stomatološka pomoć
3999	composite-filling-on-primary-tooth	Composite Filling on Primary Tooth	Kompozitni ispun na mliječnom zubu	35	Kompozitni ispun na mlečnom zubu
4000	composite-filling-single-surface-ivoclar-evoceram	Composite Filling - Single Surface (Ivoclar EvoCeram)	Kompozitni ispun (estetska plomba) - jednopovršinski (Ivoclar EvoCeram)	20	NULL
4001	composite-filling-two-surfaces-ivoclar-evoceram	Composite Filling - Two Surfaces (Ivoclar EvoCeram)	Kompozitni ispun (estetska plomba) - dvopovršinski (Ivoclar EvoCeram)	20	NULL
4002	composite-filling-three-surfaces-ivoclar-evoceram	Composite Filling - Three Surfaces (Ivoclar EvoCeram)	Kompozitni ispun (estetska plomba) - tropovršinski (Ivoclar EvoCeram)	20	NULL
4003	frc-post	FRC Post	FRC kočić	20	Fiber kočić ; Fiber Post
4004	direct-pulp-capping	Direct Pulp Capping	Direktno prekrivanje pulpe	20	NULL
4005	vital-extirpation-of-single-root-teeth-with-definitive-filling	Vital Extirpation of Single-Root Teeth with Definitive Filling	Vitalna ekstirpacija jednokorijenih zuba sa definitivnim punjenjem	20	NULL
4006	vital-extirpation-of-multi-root-teeth-with-definitive-filling	Vital Extirpation of Multi-Root Teeth with Definitive Filling	Vitalna ekstirpacija višekorijenih zuba sa definitivnim punjenjem	20	NULL
4007	mortal-extirpation-of-single-root-teeth-with-definitive-filling	Mortal Extirpation of Single-Root Teeth with Definitive Filling	Mortalna ekstirpacija jednokorijenih zuba sa definitivnim punjenjem	20	NULL
4008	mortal-extirpation-of-multi-root-teeth-with-definitive-filling	Mortal Extirpation of Multi-Root Teeth with Definitive Filling	Mortalna ekstirpacija višekorijenih zuba sa definitivnim punjenjem	20	NULL
4009	conservative-treatment-of-periapical-process-and-dental-gangrene	Conservative Treatment of Periapical Process and Dental Gangrene	Konzervativni tretman periapikalnog procesa i gangrene zuba	20	Apical Periodontitis Treatment ; Liječenje periodontitisa
4010	filling-revision	Filling Revision	Revizija punjenja	20	NULL
4011	complete-acrylic-denture	Complete Acrylic Denture	Totalna akrilatna proteza	20	NULL
4012	partial-acrylic-denture	Partial Acrylic Denture	Parcijalna akrilatna proteza	20	NULL
4013	flexible-denture	Flexible Denture	Fleksibilna proteza	20	Elastična proteza
4015	dental-anchor	Dental Anchor	Stomatološki anker	20	NULL
4016	dental-bridge-abutment	Dental Bridge Abutment	Nosač zubnog mosta	20	NULL
4017	metal-ceramic-crown	Metal-Ceramic Crown	Metalokeramička krunica	20	Metalokeramička kruna ; PFM Crown ; Porcelain-Fused-to-Metal Crown
4018	ceramic-crown-on-titanium	Ceramic Crown on Titanium	Keramička krunica na titanijumu	20	NULL
4020	metal-free-zirconia-ceramic-crown	Metal-Free (Zirconia) Ceramic Crown	Bezmetalna (cirkonijum) keramička krunica	20	Cirkonijum krunica ; Zirconia Crown
4021	ceramic-veneer	Ceramic Veneer	Keramička faseta	20	Keramičke fasete ; Porcelain Veneer ; Porcelanske fasete
4022	internal-bleaching-of-devitalized-tooth	Internal Bleaching of Devitalized Tooth	Izbjeljivanje devitalizovanog zuba	20	Izbeljivanje devitalizovanog zuba ; Izbjeljivanje mrtvog zuba ; Non-Vital Tooth Bleaching
4023	laser-teeth-whitening	Laser Teeth Whitening	Lasersko izbjeljivanje zuba	20	Lasersko izbeljivanje zuba
4024	tooth-extraction	Tooth Extraction	Vađenje zuba	20	Ekstrakcija zuba ; Tooth Removal
4026	extraction-of-semi-impacted-or-impacted-tooth	Extraction of Semi-Impacted or Impacted Tooth	Vađenje poluimpaktiranog ili impaktiranog zuba	20	NULL
4027	apicoectomy	Apicoectomy	Apikoektomija	20	Apicectomy ; Resekcija korijena zuba ; Resekcija vrha korena ; Resekcija vrha korijena ; Root Resection Apicoectomy
4028	cystectomy-up-to-2-teeth	Cystectomy (up to 2 teeth)	Cistoektomija (do 2 zuba)	20	NULL
4029	cystectomy-3-teeth	Cystectomy (3+ teeth)	Cistoektomija (3+ zuba)	20	NULL
4030	dental-implants-biohorizons-straumann	Dental Implants (Biohorizons, Straumann)	Implanti (Biohorizons, Straumann)	20	NULL
4031	dental-sinus-lift	Dental Sinus Lift	Sinus lift	20	Podizanje dna sinusa ; Podizanje poda sinusa sa augmentacijom ; Sinus Augmentation ; Sinus Lift with Augmentation
4032	implant-suprastructure	Implant Suprastructure	Suprastruktura implantata	20	Implant Abutment ; Implant Superstructure
4033	dental-calculus-removal-and-air-flow	Dental Calculus Removal and Air-Flow	Uklanjanje zubnog kamenca i Air-Flow	20	Scaling and Air Polishing ; Skidanje kamenca i Air-Flow
4035	periodontal-surgical-therapy-flap-surgery-per-tooth	Periodontal Surgical Therapy (Flap Surgery) per Tooth	Parodontološka hirurška terapija (režanj operacija) - po zubu	20	NULL
4036	correction-of-dental-aesthetic-defects-per-tooth	Correction of Dental Aesthetic Defects per Tooth	Korekcija estetskih stomatoloških nedostataka - po zubu	20	NULL
4037	dental-crown-lengthening	Dental Crown Lengthening	Produženje kliničke krune zuba	20	Produženje krune zuba
4038	dental-oral-vestibule-deepening	Dental Oral Vestibule Deepening	Stomatološko produbljivanje vestibuluma usta	20	NULL
4039	gingival-recession-treatment-aloderm	Gingival Recession Treatment - ALODERM	Liječenje recesije gingive - ALODERM	20	NULL
4040	gingival-recession-surgery-smgat	Gingival Recession Surgery (SMGAT)	Hirurgija recesije gingive (SMGAT)	20	NULL
4043	3d-dental-scan	3D Dental Scan	3D snimanje	3	NULL
4044	orthodontic-removable-plate-appliance	Orthodontic Removable Plate Appliance	Ortodontski pokretni pločasti aparat	34	Mobilni ortodontski aparat ; Removable Braces
4045	orthodontic-functional-monoblock-appliance	Orthodontic Functional Monoblock Appliance	Ortodontski funkcionalni aparat monoblok	34	NULL
4046	orthodontic-twin-block-appliance	Orthodontic Twin Block Appliance	Ortodontski twin blok aparat	34	NULL
4047	orthodontic-treatment-with-trainer	Orthodontic Treatment with Trainer	Ortodontsko liječenje sa Trejnerom	34	NULL
4048	fixed-braces-metal-per-jaw	Fixed Braces (Metal) per Jaw	Fiksni aparat (metalni) po vilici	34	Metal Braces ; Metalni breketi
4049	fixed-braces-ceramic-or-composite-per-jaw	Fixed Braces (Ceramic or Composite) per Jaw	Fiksni aparat (keramički ili kompozitni) po vilici	34	Ceramic Braces ; Keramički breketi
4050	orthodontic-follow-up-of-removable-appliance	Orthodontic Follow-up of Removable Appliance	Ortodontska kontrola pokretnog aparata	34	NULL
4051	self-ligating-braces-metal-per-jaw	Self-Ligating Braces (Metal) per Jaw	Samoligirajući aparat po vilici (metalni)	34	NULL
4052	self-ligating-braces-ceramic-per-jaw	Self-Ligating Braces (Ceramic) per Jaw	Samoligirajući aparat po vilici (keramički)	34	NULL
4053	orthodontic-palatal-or-lingual-arch	Orthodontic Palatal or Lingual Arch	Ortodontski palatinalni ili lingvalni luk	34	NULL
4054	orthodontic-retainer	Orthodontic Retainer	Ortodontski retejner	34	NULL
4055	orthodontic-micro-implant	Orthodontic Micro Implant	Ortodontski mikro implant	34	NULL
4062	first-orthopedist-examination	First Orthopedist Examination	Prvi pregled ortopeda	10	Initial Orthopedic Consultation
4063	first-orthopedist-examination-with-ultrasound	First Orthopedist Examination with Ultrasound	Prvi pregled ortopeda sa ultrazvučnim pregledom	10	NULL
4065	hydrotherapy-galvanic-bath-for-whole-body	Hydrotherapy: Galvanic Bath for Whole Body	Hidroterapija: galvanska kada za cijelo tijelo	5	NULL
4066	hydrotherapy-underwater-massage	Hydrotherapy: Underwater Massage	Hidroterapija: podvodna masaža	5	NULL
4067	hydrotherapy-galvanic-four-cell-bath	Hydrotherapy: Galvanic Four-Cell Bath	Hidroterapija: galvanska četvoroćelijska kupka	5	NULL
4068	hydrotherapy-contrast-bath	Hydrotherapy: Contrast Bath	Hidroterapija: kontrastna kupka	5	NULL
4069	thermotherapy-parafango	Thermotherapy: Parafango	Termoterapija: parafango	5	Paraffin and Mud Therapy ; Parafin i fango terapija
4070	thermotherapy-thermo-pack	Thermotherapy: Thermo Pack	Termo terapija: termo pak	5	NULL
4071	thermotherapy-cryotherapy	Thermotherapy: Cryotherapy	Termoterapija: krioterapija	5,24	Cryotherapy and Cryomassage ; Krioterapija i kriomasaža
4072	electrotherapy	Electrotherapy	Elektroterapija	5	NULL
4073	robot-laser-therapy	Robot-Laser Therapy	Robot-laser terapija	5	NULL
4075	high-inductive-magnet-therapy	High-Inductive Magnet Therapy	Visokoinduktivni magnet	5	NULL
4076	prp-angel-arthrex-one-joint	PRP Angel Arthrex - One Joint	PRP Angel Arthrex - jedan zglob	5	NULL
4077	prp-angel-arthrex-two-joints	PRP Angel Arthrex - Two Joints	PRP Angel Arthrex - dva zgloba	5	NULL
4078	prp-therapy-cellular-matrix	PRP Therapy Cellular Matrix	PRP terapija Cellular Matrix	5	NULL
4079	medication-infiltration	Medication Infiltration	Infiltracija lijeka	5	NULL
4080	hyalubrix-60-mg-infiltration	Hyalubrix 60 mg + Infiltration	Hyalubrix 60 mg + infiltracija	5	NULL
4081	acupuncture	Acupuncture	Akupunktura	5	NULL
4082	manual-therapy	Manual Therapy	Manuelna terapija	5	NULL
4083	cupping-therapy	Cupping Therapy	Cupping terapija	5	Hidžama ; Hijama
4084	iastm-therapy	IASTM Therapy	IASTM terapija	5	Instrument-Assisted Soft Tissue Mobilization
4085	individual-kinesiotherapy	Individual Kinesiotherapy	Individualna kinezioterapija	5	NULL
4086	sauna-60-min-up-to-2-persons	Sauna 60 min (up to 2 persons)	Sauna 60 min (do 2 osobe)	5	NULL
4087	sauna-60-min-more-than-2-persons	Sauna 60 min (more than 2 persons)	Sauna 60 min (više od 2 osobe)	5	NULL
4088	ir-cabin-30-min	IR Cabin 30 min	IC kabina 30 min	5	NULL
4089	spa-hydromassage-pool-60-min-up-to-2-persons	SPA Hydromassage Pool 60 min (up to 2 persons)	SPA hidromasažni bazen 60 min (do 2 osobe)	5	NULL
4090	spa-hydromassage-pool-60-min-more-than-2-persons	SPA Hydromassage Pool 60 min (more than 2 persons)	SPA hidromasažni bazen 60 min (više od 2 osobe)	5	NULL
4091	full-body-massage-60-min	Full Body Massage 60 min	Masaža cijelog tijela 60 min	5	NULL
4092	full-body-massage-45-min	Full Body Massage 45 min	Masaža cijelog tijela 45 min	5	NULL
4093	back-massage-30-min	Back Massage 30 min	Masaža leđa 30 min	5	NULL
4094	segmental-massage-15-min	Segmental Massage 15 min	Segmentna masaža 15 min	5	NULL
4095	sports-massage-30-min	Sports Massage 30 min	Sportska masaža 30 min	5	NULL
4096	sports-massage-45-min	Sports Massage 45 min	Sportska masaža 45 min	5	NULL
4097	sports-massage-60-min	Sports Massage 60 min	Sportska masaža 60 min	5	NULL
4098	pressotherapy	Pressotherapy	Presoterapija	5	NULL
4099	hot-stone-massage-60-min	Hot Stone Massage 60 min	Masaža vulkanskim kamenjem – hot stone 60 min	5	NULL
4100	hot-stone-massage-90-min	Hot Stone Massage 90 min	Masaža vulkanskim kamenjem – hot stone 90 min	5	NULL
4101	anti-cellulite-massage-45-min	Anti-Cellulite Massage 45 min	Anticelulit masaža 45 min	5	NULL
4102	combination-of-up-to-4-physical-therapies	Combination of Up to 4 Physical Therapies	Kombinacija do 4 fizikalne terapije	5	NULL
4103	combination-of-5-6-physical-therapies	Combination of 5-6 Physical Therapies	Kombinacija 5-6 fizikalnih terapija	5	NULL
4104	combination-of-more-than-6-physical-therapies	Combination of More Than 6 Physical Therapies	Kombinacija više od 6 fizikalnih terapija	5	NULL
4105	postoperative-combined-therapy-set-1	Postoperative Combined Therapy - Set 1	Postoperativni tretman kombinovane terapije - set 1	5	NULL
4106	postoperative-combined-therapy-set-2	Postoperative Combined Therapy - Set 2	Postoperativni tretman kombinovane terapije - set 2	5	NULL
4111	pacemaker-icd-and-crt-device-testing	Pacemaker, ICD and CRT Device Testing	Testiranje pejsmejkera, ICD i CRT uređaja	8	NULL
4112	sports-cardiology-package-basic	Sports Cardiology Package - Basic	Sportski kardiološki paket - Osnovni	8	NULL
4113	sports-cardiology-package-intermediate	Sports Cardiology Package - Intermediate	Sportski kardiološki paket - Srednji	8	NULL
4114	sports-cardiology-package-advanced	Sports Cardiology Package - Advanced	Sportski kardiološki paket - Napredni	8	NULL
4115	polysomnography	Polysomnography	Polisomnografija	12	Sleep Study ; Snimanje sna
4116	adrenal-glands-ultrasound	Adrenal Glands Ultrasound	Ultrazvuk nadbubrežnih žlijezda	4	NULL
4117	testicular-ultrasound	Testicular Ultrasound	Ultrazvuk testisa	4,22	Scrotal Ultrasound ; Ultrazvuk skrotuma
4118	capillaroscopy	Capillaroscopy	Kapilaroskopija	10,15	Nailfold Capillaroscopy
4119	nutritionist-specialist-examination	Nutritionist Specialist Examination	Specijalistički pregled nutricioniste	9	Konsultacija nutricioniste
4120	nutritional-diagnosis	Nutritional Diagnosis	Postavljanje nutritivne dijagnoze	9	NULL
4121	body-composition-analysis-follow-up	Body Composition Analysis Follow-up	Praćenje sastava tijela (Body Analyzer)	9	NULL
4122	diet-therapy-for-chronic-diseases	Diet Therapy for Chronic Diseases	Dijetoterapija hroničnih bolesti	9	NULL
4123	obesity-diagnosis-and-treatment	Obesity Diagnosis and Treatment	Dijagnoza i tretman gojaznosti	9	NULL
4124	personalized-nutrition-plan	Personalized Nutrition Plan	Plan ishrane prema zdravstvenom stanju	9	NULL
4125	body-weight-and-composition-assessment	Body Weight and Composition Assessment	Kontrola tjelesne težine i sastava tijela	9	NULL
4126	suprapubic-catheter-placement	Suprapubic Catheter Placement	Plasiranje suprapubičnog katetera	22	NULL
4127	suprapubic-catheter-replacement	Suprapubic Catheter Replacement	Zamjena suprapubičnog katetera	22	NULL
4128	indwelling-urinary-catheter-replacement	Indwelling Urinary Catheter Replacement	Zamjena stalnog urinarnog katetera	22	NULL
4130	arrhythmologist-electrophysiologist-examination	Arrhythmologist-Electrophysiologist Examination	Pregled arimologa-elektrofiziologa	8	NULL
4131	breath-urea-test	Breath Urea Test	BUT test	6	NULL
4132	eeg-after-sleep-deprivation	EEG After Sleep Deprivation	EEG poslije deprivacije sna	21	EEG posle deprivacije sna
4133	professor-neurologist-examination	Professor Neurologist Examination	Specijalistički pregled profesora neurologa	21	NULL
4134	follow-up-professor-neurologist-examination	Follow-up Professor Neurologist Examination	Kontrolni pregled profesora neurologa	21	NULL
4135	intramuscular-injection-home-visit-city	Intramuscular Injection Home Visit City	Davanje intramuskularne terapije patronaža grad	29,30	NULL
4136	intramuscular-injection-home-visit-suburban	Intramuscular Injection Home Visit Suburban	Davanje intramuskularne terapije patronaža periferija	29,30	NULL
4137	intravenous-therapy-home-visit-city	Intravenous Therapy Home Visit City	Davanje intravenske terapije patronaža grad	29,30	NULL
4138	intravenous-therapy-home-visit-suburban	Intravenous Therapy Home Visit Suburban	Davanje intravenske terapije patronaža periferija	29,30	NULL
4139	spine-scan	Spine Scan	Spine scan	5	NULL
4140	follow-up-urologist-examination	Follow-up Urologist Examination	Kontrolni pregled urologa	22	Ponovni pregled urologa
4141	gynecological-examination-with-ultrasound-and-colposcopy	Gynecological Examination with Ultrasound and Colposcopy	Specijalistički pregled ginekologa sa ultrazvukom i kolposkopijom	7	NULL
4142	follow-up-rheumatologist-examination	Follow-up Rheumatologist Examination	Kontrolni pregled reumatologa	10	Ponovni pregled reumatologa
4143	chemical-peeling-face	Chemical Face Peel	Hemijski piling lica	24	Chemical Peel Face ; Chemical Peeling Face ; Hemijski piling – lice
4144	chemical-peeling-back	Chemical Peeling Back	Hemijski piling leđa	24	NULL
4145	hyperbaric-oxygen-therapy-session	Hyperbaric Oxygen Therapy Session	Hiperbarična oksigenoterapija – jedan tretman u komori	5	HBO terapija ; HBOT ; Hiperbarična komora ; Hyperbaric Chamber
4146	hyperbaric-oxygen-therapy-with-wound-care	Hyperbaric Oxygen Therapy with Wound Care	Hiperbarična medicina - Jedan ulazak - tretman sa previjanjem - obradom rane	5,31	NULL
4147	infant-brain-ultrasound-neurosonography	Infant Brain Ultrasound (Neurosonography)	Ultrazvuk mozga beba	4,25	Cranial Ultrasound for Newborns and Infants ; Ultrasound Infant CNS ; Ultrazvuk mozga novorođenčadi i odojčadi ; UZ CNS kod odojčadi
4148	renuvion-skin-tightening	Renuvion Skin Tightening	Renuvion	18	NULL
4149	alma-soprano-titanium-special-edition-hair-removal	Alma Soprano Titanium Special Edition Hair Removal	Alma Soprano Titanium Special Edition	18	NULL
4150	receding-chin-correction	Receding Chin Correction	Korekcija uvučene brade	18	NULL
4151	lip-augmentation	Lip Augmentation	Uvećanje usana	18	Lip Augmentation Fillers ; Lip Fillers ; Povećanje usana
4152	face-contouring-fat-transfer-stem-cells	Face Contouring Fat Transfer Stem Cells	Konstruisanje lica masnim tkivom (matične ćelije)	18	NULL
4153	ear-reconstruction	Ear Reconstruction	Rekonstrukcija uha	11,18	NULL
4155	nose-correction-rhinoplasty	Nose Correction Rhinoplasty	Rinoplastika - korekcija nosa	11,18	NULL
4156	neck-and-submental-liposuction	Neck and Submental Liposuction	Liposukcija vrata i podbratka	18	NULL
4157	neck-lift	Neck Lift	Zatezanje vrata	18	NULL
4158	eyelid-lift	Eyelid Lift	Zatezanje kapaka	18,23	NULL
4160	ear-reduction	Ear Reduction	Smanjenje ušne školjke	11,18	NULL
4161	buccal-fat-pad-removal	Buccal Fat Pad Removal	Uklanjanje masnog jastučeta sa obraza	18	NULL
4162	brow-and-forehead-lift	Brow and Forehead Lift	Podizanje - lifting obrva i čela	18	NULL
4163	breast-reconstruction-after-mastectomy	Breast Reconstruction After Mastectomy	Rekonstrukcija dojke nakon mastektomije	17,18	NULL
4164	congenital-breast-asymmetry-correction	Congenital Breast Asymmetry Correction	Korekcija kongenitalnih asimetrija dojki	18	NULL
4165	nipple-reduction	Nipple Reduction	Smanjenje bradavice	18	NULL
4166	inverted-nipple-correction	Inverted Nipple Correction	Korekcija uvučene bradavice	18	NULL
4167	body-contouring-fat-transfer	Body Contouring Fat Transfer	Konturisanje masnim tkivom - Transfer masti	18	NULL
4168	breast-reduction	Breast Reduction	Smanjenje grudi	18	Reduction Mammaplasty ; Redukcija grudi
4169	breast-lift-and-tightening	Breast Lift and Tightening	Podizanje i zatezanje grudi	18	NULL
4170	male-breast-reduction-gynecomastia	Male Breast Reduction Gynecomastia	Smanjenje dojke - Ginekomastija	18,26	NULL
4171	hand-rejuvenation-fat-transfer	Hand Rejuvenation Fat Transfer	Podmlađivanje šake - Transfer masnog tkiva	18	NULL
4172	hand-rejuvenation-hyaluronic-fillers	Hand Rejuvenation Hyaluronic Fillers	Podmlađivanje šake - Hijaluronski fileri	18	NULL
4173	hair-transplantation	Hair Transplantation	Transplatacija kose	18	NULL
4174	liposuction	Liposuction	Liposukcija	18	NULL
4175	fat-transfer	Fat Transfer	Transfer masnog tkiva	18	NULL
4176	non-surgical-rejuvenation-fillers	Non-Surgical Rejuvenation Fillers	Nehirurško podmlađivanje - Fileri	18,24	NULL
4177	redensity-ii-filler	Redensity II Filler	Redensity II	18,24	NULL
4178	ultimate-filler	Ultimate Filler	Ultimate	18,24	NULL
4179	juvederm-volbella-filler	Juvederm Volbella Filler	Volbella®	18,24	NULL
4180	juvederm-vollure-filler	Juvederm Vollure Filler	Vollure®	18,24	NULL
4181	juvederm-voluma-filler	Juvederm Voluma Filler	Voluma®	18,24	NULL
4182	juvederm-filler	Juvederm Filler	Juvederm®	18,24	NULL
4183	filler-dissolution-hyaluronidase	Filler Dissolution Hyaluronidase	Topljenje filera hijaluronidazom	18,24	NULL
4184	buttock-augmentation-caha-fillers	Buttock Augmentation CAHA Fillers	Uvećanje zadnjice preparatima CAHA	18	NULL
4185	wrinkle-correction-hyaluronic-acid	Wrinkle Correction Hyaluronic Acid	Korekcija bora hijaluronskom kisjelinom	18,24	NULL
4187	non-surgical-rejuvenation-botox	Non-Surgical Rejuvenation Botox	Nehirurško podmlađivanje - Botox toksin	18,24	NULL
4189	vistabel-botox	Vistabel Botox	Vistabel Botox	18,24	NULL
4190	hyperhidrosis-botox-treatment	Hyperhidrosis Botox Treatment	Botox tretman hiperhidroze	18,24	Botox for Excessive Sweating ; Botox protiv znojenja
4191	botox-wrinkle-correction-and-hyperhidrosis-treatment	Botox Wrinkle Correction and Hyperhidrosis Treatment	Korekcija bora Botoksom i terapija protiv pojačanog znojenja	18,24	NULL
4192	non-surgical-rejuvenation-fractora-laser	Non-Surgical Rejuvenation Fractora Laser	Nehirurško podmlađivanje - Fraktora laser	18,24	NULL
4193	meso-cocktails	Meso Cocktails	Mezo kokteli	18,24	NULL
4194	melasma-hyperpigmentation-laser	Melasma Hyperpigmentation Laser	Melazma - hiperpigmentacije	18,24	NULL
4195	acne-laser-treatment	Acne Laser Treatment	Akne tretman	18,24	NULL
4196	face-lifting-cog-threads	Face Lifting COG Threads	Zatezanje lica cog nitima	18,24	NULL
4197	prp-treatment-for-intimate-rejuvenation-women-and-men	PRP treatment for intimate rejuvenation (women and men)	PRP tretman za intimno podmlađivanje (za žene i muškarce)	7,18	NULL
4198	prp-hair-vitality	PRP Hair Vitality	PRP za vitalnost kose	18,24	NULL
4200	kybella-submental-fat-melting	Kybella Submental Fat Melting	Kybella - Topljenje podbratka	18,24	NULL
4201	chemical-peel	Chemical Peel	Hemijski piling	18,24	NULL
4202	collagen-and-elastin-remodeling	Collagen and Elastin Remodeling	Remodeliranje kolagena i elastina	18,24	NULL
4203	acne-and-scar-treatment	Acne and Scar Treatment	Tretman akni i ožiljaka	18,24	NULL
4204	wrinkle-treatment	Wrinkle Treatment	Tretman bora	18,24	NULL
4205	face-and-body-skin-tightening	Face and Body Skin Tightening	Zatezanje kože lica i tijela	18,24	Face and Body Tightening ; Zatezanje lica i tijela
4206	non-surgical-body-rejuvenation	Non-Surgical Body Rejuvenation	Nehirurško podmlađivanje - Tijelo	18,24	NULL
4208	stretch-mark-treatment	Stretch Mark Treatment	Tretman strija	18,24	NULL
4209	cellulite-and-fat-deposits-treatment-skin-tightening-fat-killer	Cellulite and Fat Deposits Treatment Skin Tightening Fat Killer	Jedinstvena tehnologija tretmana celulita i masnih naslaga sa efektom zatezanja kože - Fat killer	18,24	NULL
4210	male-body-contouring	Male Body Contouring	Konturisanje tijela kod muškaraca	18	NULL
4211	hyperpigmentation-treatment	Hyperpigmentation Treatment	Hiperpigmentacije	18,24	NULL
4212	melasma-treatment	Melasma Treatment	Melazme	18,24	NULL
4213	reconstruction-after-tumor-removal	Reconstruction After Tumor Removal	Rekonstrukcija nakon uklanjanja tumora	17,18	NULL
4214	hidradenitis-suppurativa-surgery	Hidradenitis Suppurativa Surgery	Hidradenitis	18,24	NULL
4215	benign-and-malignant-skin-tumor-removal-face-body-with-histopathology	Benign and Malignant Skin Tumor Removal Face Body with Histopathology	Odstranjivanje malignih i benignih tumora kože lica i tijela sa patohistološkom analizom	18,24	NULL
4216	cystic-lesion-removal	Cystic Lesion Removal	Odstranjivanje cističnih promjena	18,24	NULL
4217	congenital-hand-anomalies-syndactyly	Congenital Hand Anomalies Syndactyly	Urođene anomalije - sastavljeni prsti	10,18	NULL
4218	hand-tumors	Hand Tumors	Tumori šake	10,18	NULL
4219	dupuytren-contracture-palm-nodules	Dupuytren Contracture Palm Nodules	Dupuytreni kontraktura - čvorići na dlanu	10,18	NULL
4220	compression-syndrome-carpal-tunnel	Compression Syndrome Carpal Tunnel	Kompresivni sindrom	10,18,21	NULL
4221	body-reconstructive-surgery	Body Reconstructive Surgery	Rekonstruktivna hirurgija tijela	18	NULL
4222	mole-and-growth-removal	Mole and Growth Removal	Uklanjanje mladeža i drugih izraslina	18,24	NULL
4223	mommy-makeover	Mommy Makeover	Mommy Makeover	18	NULL
4224	post-birth-deformity-correction	Post-Birth Deformity Correction	Deformacije nakon porođaja	18	NULL
4225	accessory-nipple-removal	Accessory Nipple Removal	Uklanjanje akcesorne bradavice	18	NULL
4226	skin-tightening-after-weight-loss	Skin Tightening After Weight Loss	Zatezanje opuštene kože nakon gubitka tjelesne težine	17,18	NULL
4227	tummy-tuck-abdominoplasty	Tummy Tuck Abdominoplasty	Zatezanje stomaka (Tummy tuck) - Abdominoplastika	17,18	NULL
4228	brazilian-butt-lift-fat-transfer-implants	Brazilian Butt Lift Fat Transfer Implants	Brazilska zadnjica - uvećanje zadnjice masnim tkivom / implatantima	18	NULL
4229	fat-transfer-liposculpture	Fat Transfer Liposculpture	Transfer sopstvenog masnog tkiva - Liposkulptura	18	NULL
4230	arm-and-thigh-lift	Arm and Thigh Lift	Zatezanje nadlaktica i butina	18	NULL
4231	cycloplegic-refraction	Cycloplegic Refraction	Određivanje dioptrije sa širenjem zjenica	23	NULL
4232	strabismus-examination	Strabismus Examination	Strabološki pregled	23	NULL
4233	follow-up-contact-lens-examination	Follow-up Contact Lens Examination	Kontrolni pregled za kontaktna sočiva	23	NULL
4234	fundus-examination-on-specialist-referral	Fundus Examination on Specialist Referral	Pregled očnog dna na zahtjev specijalista	23	NULL
4235	preoperative-cataract-examination-with-therapy	Preoperative Cataract Examination with Therapy	Pregled za operaciju katarakte sa terapijom	23	NULL
4236	emergency-ophthalmological-examination-after-hours	Emergency Ophthalmological Examination After Hours	Hitan oftalmološki pregled tokom neradnog dana	23	NULL
4237	autokeratorefractometry	Autokeratorefractometry	Autokeratorefraktometrija	23	Autorefraction ; Autorefractometry ; Autorefraktometrija ; Kompjuterski pregled vida
4238	gonioscopy	Gonioscopy	Gonioskopija	23	NULL
4239	meibography	Meibography	Meibomografija	23	NULL
4240	non-contact-tonometry	Non-Contact Tonometry	Beskontaktno mjerenje očnog pritiska	23	NULL
4241	contact-lens-fitting-and-care-training	Contact Lens Wear and Care Training	Obuka za nošenje i održavanje kontaktnih sočiva	23	Contact Lens Fitting and Care Training
4242	goldmann-kinetic-perimetry	Goldmann Kinetic Perimetry	Goldmann kinetička perimetrija	23	NULL
4243	special-perimetry-swap-and-flicker	Special Perimetry SWAP and Flicker	Specijalna perimetrija SWAP i Flicker	23	NULL
4244	oct-anterior-segment	OCT Anterior Segment	OCT prednjeg segmenta oka	23	NULL
4245	oct-angiography	OCT Angiography	OCT angiografija	23	NULL
4246	iol-power-calculation	IOL Power Calculation	Biometrijski proračun dioptrijske vrijednosti sočiva	23	NULL
4247	exophthalmometry-hertel	Hertel Exophthalmometry	Egzoftalmometrija po Hertelu	23	Exophthalmometry Hertel
4248	color-vision-test-ishihara	Color Vision Test Ishihara	Ispitivanje kolornog vida Ishihara test	23	NULL
4249	comprehensive-dry-eye-assessment	Comprehensive Dry Eye Assessment	Ispitivanje suvoće oka (Schirmer, BUT, Lissamine)	23	NULL
4250	eye-swab-conjunctiva-and-lid-margin	Eye Swab Conjunctiva and Lid Margin	Bris oka (konjunktive i/ili rubova kapaka)	23	NULL
4251	therapeutic-bandage-contact-lens-application	Therapeutic Bandage Contact Lens Application	Aplikacija terapeutskog kontaktnog sočiva	23	NULL
4252	topical-eye-medication-application	Topical Eye Medication Application (Drops and Ointments)	Primjena lokalne terapije kapi i masti	23	Aplikacija lijeka lokalno ; Topical Eye Drug Application
4253	corneal-abrasion-and-infiltrate-treatment	Corneal Abrasion and Infiltrate Treatment	Obrada abrazije i infiltracije rožnjače	23	NULL
4254	lacrimal-duct-irrigation-children	Lacrimal Duct Irrigation in Children	Ispiranje suznih kanala kod djece	23	Ispiranje suznih puteva kod djece ; Lacrimal Duct Irrigation Children ; Tear Duct Irrigation in Children
4255	punctum-plug-implantation	Punctum Plug Implantation	Implantacija punctum pluga u suzni kanalić	23	NULL
4256	subconjunctival-injection	Subconjunctival Injection	Subkonjunktivalna injekcija	23,29	NULL
4257	sub-tenon-injection	Sub-Tenon Injection	Subtenonijalna injekcija	23,29	NULL
4258	5-fluorouracil-or-mitomycin-c-application	5-Fluorouracil or Mitomycin C Application	Aplikacija 5-fluorouracila ili Mitomycina C	23	NULL
4259	eyelid-expression-and-curettage	Eyelid Expression and Curettage	Ekspresija i tuširanje kapaka	23	NULL
4260	eyelash-epilation	Eyelash Epilation	Epilacija trepavica	23	NULL
4261	intravitreal-anti-vegf-injection-eylea	Intravitreal Anti-VEGF Injection Eylea	Anti-VEGF intravitrealna injekcija Eylea	23,29	NULL
4262	intravitreal-anti-vegf-injection-eylea-1143-mg	Intravitreal Anti-VEGF Injection Eylea 114.3 mg	Anti-VEGF intravitrealna injekcija Eylea 114,3	23,29	NULL
4263	intravitreal-anti-vegf-injection-vabysmo	Intravitreal Anti-VEGF Injection Vabysmo	Anti-VEGF intravitrealna injekcija Vabysmo	23,29	NULL
4264	intravitreal-antibiotic-injection	Intravitreal Antibiotic Injection	Intravitrealna injekcija antibiotika	23,29	NULL
4265	intravitreal-triamcinolone-injection	Intravitreal Triamcinolone Injection	Intravitrealna injekcija triamcinolona	23,29	NULL
4266	conjunctival-suture-removal	Conjunctival Suture Removal	Vađenje konjunktivalnih konaca	23,31	NULL
4267	corneal-suture-removal	Corneal Suture Removal	Vađenje konaca sa rožnjače	23,31	NULL
4268	conjunctival-suturing	Conjunctival Suturing	Ušivanje konjunktive	23,33	NULL
4269	scleral-suturing	Scleral Suturing	Ušivanje sklere	33	NULL
4270	eyelid-wound-repair	Eyelid Wound Repair	Obrada rane kapaka	23,33	NULL
4271	upper-blepharoplasty-with-internal-brow-elevation	Upper Blepharoplasty with Internal Brow Elevation	Blefaroplastika gornjih kapaka sa internom elevacijom obrva	18,33	NULL
4272	ptosis-correction-without-skin-incision	Ptosis Correction Without Skin Incision	Korekcija ptoze bez reza na koži	23,33	NULL
4273	ptosis-correction-with-frontal-suspension	Ptosis Correction with Frontal Suspension	Korekcija ptoze frontalnom suspenzijom	23,33	Podizanje spuštenog kapka
4274	eyelid-or-orbital-incision-and-drainage	Eyelid or Orbital Incision and Drainage	Incizija kapka ili orbitalnog dijela	23,33	NULL
4275	eyelid-cyst-excision	Eyelid Cyst Excision	Ekstrakcija ciste kapaka	23	NULL
4276	eyelid-tumor-removal-with-minor-reconstruction	Eyelid Tumor Removal with Minor Reconstruction	Operacija tumora kapaka sa manjom rekonstrukcijom i PH	23,33	NULL
4277	conjunctival-tumor-removal-with-histopathology	Conjunctival Tumor Removal with Histopathology	Operacija tumora konjunktive sa PH	23,33	NULL
4278	eyelid-papilloma-removal	Eyelid Papilloma Removal	Uklanjanje papiloma kože kapaka	23	NULL
4279	recurrent-pterygium-surgery	Recurrent Pterygium Surgery	Operacija recidivantnog pterigijuma	23,33	NULL
4280	involutional-ectropion-entropion-repair	Involutional Ectropion Entropion Repair	Operacija involutivnog ektropiona/entropiona	23,33	NULL
4281	cicatricial-eyelid-malposition-repair	Cicatricial Eyelid Malposition Repair	Korekcija ožiljnih malpozicija kapaka	23,33	NULL
4282	cheek-lift	Cheek Lift	Podizanje obraza	18,33	NULL
4283	lesion-excision-without-reconstruction-with-histopathology	Lesion Excision without Reconstruction with Histopathology	Ekscizija promjene bez rekonstrukcije sa PH analizom	23,33	NULL
4284	eyelid-tumor-reconstruction-level-1	Eyelid Tumor Reconstruction Level 1	Tumor kapaka rekonstrukcija nivo 1	33	NULL
4285	eyelid-tumor-reconstruction-level-2	Eyelid Tumor Reconstruction Level 2	Tumor kapaka rekonstrukcija nivo 2	33	NULL
4286	eyelid-tumor-reconstruction-level-3	Eyelid Tumor Reconstruction Level 3	Tumor kapaka rekonstrukcija nivo 3	33	NULL
4287	eyelid-tumor-reconstruction-level-4	Eyelid Tumor Reconstruction Level 4	Tumor kapaka rekonstrukcija nivo 4	33	NULL
4288	eyelid-tumor-reconstruction-level-5	Eyelid Tumor Reconstruction Level 5	Tumor kapaka rekonstrukcija nivo 5	33	NULL
4289	eyelash-epilation-laser-electrolysis	Eyelash Epilation Laser Electrolysis	Epilacija trepavica laserom/elektrolizom	23,33	NULL
4290	cataract-surgery-with-aspheric-monofocal-iol	Cataract Surgery with Aspheric Monofocal IOL	Operacija katarakte sa asferičnim monofokalnim sočivom	33	NULL
4291	cataract-surgery-with-monofocal-clareon-iol	Cataract Surgery with Monofocal Clareon IOL	Operacija katarakte sa monofokalnim Clareon sočivom	33	NULL
4292	cataract-surgery-with-vivity-iol	Cataract Surgery with Vivity IOL	Operacija katarakte sa Vivity sočivom	33	NULL
4293	cataract-surgery-with-toric-vivity-iol	Cataract Surgery with Toric Vivity IOL	Operacija katarakte sa toričnim Vivity sočivom	33	NULL
4294	cataract-surgery-with-panoptix-iol	Cataract Surgery with PanOptix IOL	Operacija katarakte sa PanOptix sočivom	33	NULL
4295	cataract-surgery-with-panoptix-clareon-iol	Cataract Surgery with PanOptix Clareon IOL	Operacija katarakte sa PanOptix Clareon sočivom	33	NULL
4296	refractive-lens-exchange-with-multifocal-iol	Refractive Lens Exchange with Multifocal IOL	Refraktivna zamjena sočiva sa multifokalnim implantatom	33	NULL
4297	subluxated-cataract-surgery-with-iris-clip-iol	Subluxated Cataract Surgery with Iris Clip IOL	Operacija subluksirane katarakte sa iris clip sočivom	33	NULL
4298	lens-mass-aspiration	Lens Mass Aspiration	Aspiracija sočivnih masa	33	NULL
4299	anterior-vitrectomy	Anterior Vitrectomy	Prednja vitrektomija	33	NULL
4300	anterior-vitrectomy-with-iol-fixation	Anterior Vitrectomy with IOL Fixation	Prednja vitrektomija sa fiksacijom intraokularnog sočiva	33	NULL
4301	phaco-vitrectomy	Phaco-Vitrectomy	Fako-vitrektomija	33	NULL
4302	scleral-buckle-with-vitrectomy	Scleral Buckle with Vitrectomy	Serklaž uz vitrektomiju	33	NULL
4303	silicone-oil-exchange-with-revision	Silicone Oil Exchange with Revision	Zamjena silikonskog ulja sa doradom	33	NULL
4304	iridoplasty	Iridoplasty	Iridoplastika	33	Pupilloplasty ; Pupiloplastika ; Rekonstrukcija zjenice
4305	filtering-bleb-needling	Filtering Bleb Needling	Needling filtracionog jastučeta	33	NULL
4306	ocular-implant-removal	Ocular Implant Removal	Uklanjanje implantata iz oka	33	NULL
4307	general-anesthesia	General Anesthesia	Opšta anestezija	33	NULL
4308	perforating-eye-injury-repair	Perforating Eye Injury Repair	Obrada perforativne povrede očne jabučice	33	NULL
4309	congenital-nasolacrimal-duct-obstruction-surgery	Congenital Nasolacrimal Duct Obstruction Surgery	Operacija kongenitalne neprohodnosti suznog kanala kod djece	33	NULL
4310	punctal-stenosis-treatment	Punctal Stenosis Treatment	Liječenje punktalne stenoze	23,33	NULL
4311	external-dacryocystorhinostomy	External Dacryocystorhinostomy	Eksterna dakrocistorinostomija	33	NULL
4312	endoscopic-dacryocystorhinostomy	Endoscopic Dacryocystorhinostomy	Endoskopska dakrocistorinostomija	33	NULL
4313	conjunctivodacryocystorhinostomy-with-jones-tube	Conjunctivodacryocystorhinostomy with Jones Tube	CDCR sa Jones tubom	33	NULL
4314	canaliculotomy	Canaliculotomy	Kanalikulotomija	33	NULL
4315	peripunctal-triamcinolone-injection	Peripunctal Triamcinolone Injection	Peripunktalna injekcija triamcinolona	23,29	NULL
4316	eye-evisceration-with-orbital-implant	Eye Evisceration with Orbital Implant	Evisceracija oka sa orbitalnim implantom	33	NULL
4317	eye-enucleation-with-orbital-implant	Eye Enucleation with Orbital Implant	Enukleacija oka sa orbitalnim implantom	33	NULL
4318	secondary-orbital-implant-insertion	Secondary Orbital Implant Insertion	Sekundarna ugradnja orbitalnog implantata	33	NULL
4319	orbital-implant-exchange	Orbital Implant Exchange	Eksplantacija i zamjena orbitalnog implantata	33	NULL
4320	fornix-reconstruction-with-oral-mucosa-graft	Fornix Reconstruction with Oral Mucosa Graft	Rekonstrukcija forniksa sa transplantacijom oralne mukoze	33	NULL
4321	complete-socket-reconstruction-for-prosthesis	Complete Socket Reconstruction for Prosthesis	Kompletna rekonstrukcija ležišta za protezu	33	NULL
4322	dermoadipose-graft-transplantation	Dermoadipose Graft Transplantation	Transplantacija dermoadipoznog grafta	33	NULL
4323	neonatologist-examination	Neonatologist Examination	Pregled neonatologa	25	NULL
4324	follow-up-neonatologist-examination	Follow-up Neonatologist Examination	Kontrolni pregled neonatologa	25	Kontrolni pregled novorođenčeta
4325	high-risk-newborn-monitoring	High-Risk Newborn Monitoring	Praćenje rizične novorođenčadi	25	NULL
4327	pre-vaccination-baby-examination	Pre-Vaccination Baby Examination	Pregled bebe prije vakcinacije	25	NULL
4328	systematic-infant-examination	Systematic Infant Examination	Sistematski pregled odojčeta	25	Newborn Systematic Examination ; Sistematski pregled novorođenčeta
4329	baby-development-monitoring	Baby Development Monitoring	Praćenje razvoja bebe	25	NULL
4330	breastfeeding-counseling	Breastfeeding Counseling	Savjetovanje o dojenju	25	NULL
4331	newborn-care-counseling	Newborn Care Counseling	Savjetovanje o njezi novorođenčeta	25	NULL
4332	preventive-examination-for-kindergarten-and-school-enrollment	Preventive Examination for Kindergarten and School Enrollment	Preventivni pregled za upis u vrtić i školu	25	Sistematski pregled za školu
4333	developmental-monitoring-of-at-risk-children	Developmental Monitoring of At-Risk Children	Praćenje razvoja djece sa rizikom	25	NULL
4334	child-psychiatrist-examination	Child Psychiatrist Examination	Pregled dječjeg psihijatra	25	NULL
4335	child-psychologist-consultation	Child Psychologist Consultation	Pregled dječjeg psihologa	25	NULL
4336	pediatric-allergologist-examination	Pediatric Allergologist Examination	Pregled dječjeg alergologa	25	NULL
4337	pediatric-ent-examination	Pediatric ENT Examination	Pregled dječjeg ORL specijaliste	25	NULL
4338	pediatric-surgeon-examination	Pediatric Surgeon Examination	Pregled dječjeg hirurga	25	NULL
4339	pediatric-developmental-assessment-consilium	Pediatric Developmental Assessment Consilium	Konzilijum za procjenu razvoja djeteta	25	NULL
4340	pediatric-second-opinion-consultation	Pediatric Second Opinion Consultation	Drugo mišljenje iz pedijatrije	25	NULL
4341	pediatric-electroencephalography	Pediatric Electroencephalography	Dječji EEG (elektroencefalografija)	21,25	NULL
4342	follow-up-pediatric-neurologist-examination	Follow-up Pediatric Neurologist Examination	Kontrolni pregled dječjeg neurologa	21,25	NULL
4343	developmental-neurological-assessment	Developmental Neurological Assessment	Razvojna neurološka procjena	21,25	NULL
4344	pediatric-endocrinologist-examination	Pediatric Endocrinologist Examination	Pregled dječjeg endokrinologa	25	NULL
4345	pediatric-rheumatologist-examination	Pediatric Rheumatologist Examination	Pregled dječjeg reumatologa	25	NULL
4346	apicoectomy-multi-root-tooth	Apicoectomy Multi-Root Tooth	Apikoektomija višekorijenog zuba	20	NULL
4347	gingivoplasty	Gingivoplasty	Gingivoplastika	20	Gum Contouring ; Oblikovanje desni
4348	oral-fibroma-and-bone-exostosis-removal	Oral Fibroma and Bone Exostosis Removal	Uklanjanje oralnih fibroma i koštanih egzostoza	20	NULL
4349	pre-prosthetic-soft-and-hard-tissue-correction	Pre-prosthetic Soft and Hard Tissue Correction	Preprotetska korekcija mekog i koštanog tkiva	20	NULL
4350	oral-biopsy	Oral Biopsy	Oralna biopsija	20,28	NULL
4351	flipper-denture	Flipper Denture	Proteza žabica	20	NULL
4352	precision-attachment-for-denture	Precision Attachment for Denture	Atečmen za protezu	20	NULL
4353	metal-ceramic-crown-with-shofu-ceramic	Metal-Ceramic Crown with Shofu Ceramic	Metalokeramička krunica sa Shofu keramikom	20	NULL
4354	cadcam-e-max-layered-crown	CAD/CAM E-max Layered Crown	CAD/CAM bezmetalna krunica E-max fasetirana	20	Emax krunica
4355	icon-dental-infiltration	Icon Dental Infiltration	Icon tehnika infiltracije	20	NULL
4356	temporary-crown-digital-smile-design	Temporary Crown Digital Smile Design	Privremena krunica Digital Smile Design	20	NULL
4357	dental-implant-swiss	Dental Implant Swiss	Zubni implantat Swiss	20	NULL
4358	dental-implant-removal	Dental Implant Removal	Vađenje implantata	20	NULL
4359	mini-dental-implant	Mini Dental Implant	Mini zubni implantat	20	NULL
4360	screw-retained-implant-crown-zirconia	Screw Retained Implant Crown Zirconia	Šrafovana cirkonijum krunica na implantatu	20	NULL
4361	periodontal-flap-surgery-with-bone-graft-per-tooth	Periodontal Flap Surgery with Bone Graft per Tooth	Režanj operacija sa ubacivanjem vještačke kosti po zubu	20	NULL
4362	treatment-of-tooth-with-incomplete-root-growth	Treatment of Tooth with Incomplete Root Growth	Liječenje zuba sa nezavršenim rastom korijena	35	NULL
4363	primary-tooth-pulp-treatment	Primary Tooth Pulp Treatment	Liječenje pulpe mliječnog zuba	35	Lečenje mlečnog zuba ; Liječenje mliječnog zuba
4364	primary-tooth-extraction-non-resorbed-root	Primary Tooth Extraction with Non-Resorbed Root	Vađenje mliječnog zuba sa neresorbovanim korijenom	35	Primary Tooth Extraction Non-Resorbed Root
4365	dental-fissure-sealant	Dental Fissure Sealant	Zalivanje fisura	35	Pit and Fissure Sealing ; Silanti
4366	topical-fluoride-treatment	Topical Fluoride Treatment	Lokalna fluorizacija zuba	20,35	Lokalno fluorisanje zuba ; Topical Fluoride Application
4367	soft-dental-deposit-removal	Soft Dental Deposit Removal	Uklanjanje mekih naslaga	20	Plaque Removal ; Uklanjanje plaka
4368	home-teeth-whitening-per-arch	Home Teeth Whitening per Arch	Kućno bijeljenje zuba po vilici	20	NULL
4369	teeth-whitening-gel-syringe	Teeth Whitening Gel Syringe	Špric za izbjeljivanje zuba	20	NULL
4370	teeth-whitening-gel-syringe-22	Teeth Whitening Gel Syringe 22%	Špric za izbjeljivanje zuba 22%	20	NULL
4371	in-office-teeth-whitening-single-arch	In-Office Teeth Whitening Single Arch	Ordinacijsko izbjeljivanje zuba jedne vilice	20	Ordinacijsko izbeljivanje zuba
4372	mortal-pulpotomy	Mortal Pulpotomy	Mortalna amputacija pulpe	20	NULL
4373	infected-tooth-drainage	Infected Tooth Drainage	Drenaža oboljelog zuba	20	NULL
4374	machine-root-canal-treatment-per-canal	Rotary Root Canal Treatment per Canal	Mašinsko liječenje kanala korijena (po kanalu)	20	Machine Root Canal Treatment per Canal
4375	root-canal-retreatment-multi-root-tooth	Root Canal Retreatment, Multi-Root Tooth	Revizija liječenja kanala višekorijenog zuba	20	Root Canal Retreatment Multi-Root Tooth
4376	empress-composite-veneer	Empress Composite Veneer	Kompozitna faseta Empress	20	NULL
4377	injection-technique-composite-veneer	Injection Technique Composite Veneer	Kompozitna faseta injekcijskom tehnikom	20	NULL
4378	bruxism-night-guard	Bruxism Night Guard	Folija za bruksizam	20	NULL
4379	heavy-dental-scaling-and-polishing	Heavy Dental Scaling and Polishing	Uklanjanje tvrdih zubnih naslaga i poliranje	20	NULL
4380	lumineers	Lumineers	Luminiri	20	NULL
4381	metal-free-implant-crown-with-original-abutment	Metal-Free Implant Crown with Original Abutment	Bezmetalna kruna na implantu sa originalnom suprastrukturom	20	NULL
4382	home-teeth-whitening	Home Teeth Whitening	Kućno bijeljenje zuba	20	Kućno izbeljivanje zuba ; Kućno izbjeljivanje zuba ; Take-Home Teeth Whitening
4383	dental-implant-biotech	Dental Implant Biotech	Zubni implant Biotech	20	NULL
4384	all-on-4-implant-prosthesis-biotech	All on 4 Implant Prosthesis Biotech	All on 4 implant proteza Biotech	20	NULL
4385	all-on-6-implant-prosthesis-biotech	All on 6 Implant Prosthesis Biotech	All on 6 implant proteza Biotech	20	NULL
4386	all-on-4-acrylic-titanium	All on 4 Acrylic Titanium	All on 4 akrilat-titan	20	NULL
4387	all-on-6-acrylic-titanium	All on 6 Acrylic Titanium	All on 6 akrilat-titan	20	NULL
4388	temporary-bridge-relining	Temporary Bridge Relining	Podlaganje privremenog mosta	20	NULL
4389	cervical-polypectomy-with-histopathology	Cervical Polypectomy with Histopathology	Polipektomija grlića materice sa patohistologijom	7,16,28	NULL
4390	incomplete-miscarriage-evacuation	Incomplete Miscarriage Evacuation	Dovršavanje nekompletnog pobačaja	7,16	NULL
4391	bartholin-gland-incision-and-marsupialization	Bartholin Gland Incision and Marsupialization	Incizija Bartolinove žlijezde i marsupijalizacija	7,16	NULL
4392	pregnancy-specialist-examination	Pregnancy Specialist Examination	Specijalistički pregled u trudnoći	7	NULL
4393	expert-twin-pregnancy-ultrasound	Expert Twin Pregnancy Ultrasound	Ekspertski pregled u blizanačkoj trudnoći	4,7	NULL
4394	emergency-pregnancy-visit	Emergency Pregnancy Visit	Hitni pregled u trudnoći	7	NULL
4395	amniocentesis	Amniocentesis	Amniocenteza	7,28	NULL
4396	condyloma-cryotherapy-removal-with-examination	Condyloma Cryotherapy Removal with Examination	Uklanjanje kondiloma tečnim azotom sa pregledom	24	NULL
4397	cryotherapy-liquid-nitrogen-up-to-5-lesions	Cryotherapy Liquid Nitrogen Up to 5 Lesions	Krioterapija (tečni azot) – do 5 promjena	24	NULL
4398	cryotherapy-liquid-nitrogen-6-to-20-lesions	Cryotherapy Liquid Nitrogen 6 to 20 Lesions	Krioterapija (tečni azot) – od 6 do 20 promjena	24	NULL
4399	cryotherapy-liquid-nitrogen-over-20-lesions	Cryotherapy Liquid Nitrogen Over 20 Lesions	Krioterapija (tečni azot) – preko 20 promjena	24	NULL
4400	plasma-pen-treatment-up-to-3-lesions	Plasma Pen Treatment Up to 3 Lesions	Plasmapen – do 3 promjene	24	NULL
4401	plasma-pen-treatment-up-to-10-lesions	Plasma Pen Treatment Up to 10 Lesions	Plasmapen – do 10 promjena	24	NULL
4402	plasma-pen-treatment-over-10-lesions	Plasma Pen Treatment Over 10 Lesions	Plasmapen – preko 10 promjena	24	NULL
4403	rf-electrocauterization-up-to-3-lesions	RF Electrocauterization Up to 3 Lesions	RT elektrokauterizacija – do 3 promjene	24	NULL
4404	rf-electrocauterization-up-to-10-lesions	RF Electrocauterization Up to 10 Lesions	RT elektrokauterizacija – do 10 promjena	24	NULL
4405	rf-electrocauterization-over-10-lesions	RF Electrocauterization Over 10 Lesions	RT elektrokauterizacija – preko 10 promjena	24	NULL
4406	botox-bocouture-1-region	Botox Bocouture 1 Region	Botox Bocouture – 1 regija	18,24	NULL
4407	botox-bocouture-2-regions	Botox Bocouture 2 Regions	Botox Bocouture – 2 regije	18,24	NULL
4408	botox-bocouture-3-regions	Botox Bocouture 3 Regions	Botox Bocouture – 3 regije	18,24	NULL
4409	axillary-hyperhidrosis-botox-bocouture	Axillary Hyperhidrosis Botox Bocouture	Hiperhidroza pazuha Bocouture	18,24	NULL
4410	palmar-hyperhidrosis-botox-bocouture	Palmar Hyperhidrosis Botox Bocouture	Hiperhidroza šaka Bocouture	18,24	NULL
4411	botox-xeomin-1-region	Botox Xeomin 1 Region	Botox Xeomin – 1 regija	18,24	NULL
4412	botox-xeomin-2-regions	Botox Xeomin 2 Regions	Botox Xeomin – 2 regije	18,24	NULL
4413	botox-xeomin-3-regions	Botox Xeomin 3 Regions	Botox Xeomin – 3 regije	18,24	NULL
4414	axillary-hyperhidrosis-botox-xeomin	Axillary Hyperhidrosis Botox Xeomin	Hiperhidroza pazuha Xeomin	18,24	NULL
4415	palmar-hyperhidrosis-botox-xeomin	Palmar Hyperhidrosis Botox Xeomin	Hiperhidroza šaka Xeomin	18,24	NULL
4416	hyaluronic-fillers-2ml	Hyaluronic Fillers 2ml	Hijaluronski fileri 2ml	18,24	NULL
4417	hyaluronic-fillers-3ml	Hyaluronic Fillers 3ml	Hijaluronski fileri 3ml	18,24	NULL
4418	cog-thread-lift-2-threads	COG Thread Lift 2 Threads	COG niti (2 kom.)	18	NULL
4419	cog-thread-lift-4-threads	COG Thread Lift 4 Threads	COG niti (4 kom.)	18	NULL
4420	spanish-glow-biorevitalization	Spanish Glow Biorevitalization	Spanish glow (Lola + HA eyes + Hylift)	18,24	NULL
4421	skinbuilder-lola-biorevitalization	Skinbuilder LOLA Biorevitalization	Skinbuilder – LOLA	18,24	NULL
4422	hyalift-75-pro-skin-booster	Hyalift 75 Pro Skin Booster	Skin booster – HYALIFT 75 PRO	18,24	NULL
4423	ha-eyes-biorevitalization	HA Eyes Biorevitalization	HA EYES	18,24	NULL
4424	face-and-neck-mesotherapy	Face and Neck Mesotherapy	Mezoterapija lica i vrata	18,24	NULL
4425	face-neck-and-decollete-mesotherapy	Face Neck and Decollete Mesotherapy	Mezoterapija lica, vrata i dekoltea	18,24	NULL
4426	scalp-mesotherapy	Scalp Mesotherapy	Mezoterapija vlasišta	18,24	Hair Mesotherapy ; Mezoterapija kose
4428	chemical-peel-face-and-neck	Chemical Peel Face and Neck	Hemijski piling – lice i vrat	24	NULL
4429	chemical-peel-face-neck-and-decollete	Chemical Peel Face Neck and Decollete	Hemijski piling – lice, vrat i dekolte	24	NULL
4430	follow-up-ultrasound-examination	Follow-up Ultrasound Examination	Kontrolni ultrazvučni pregled	4	NULL
4431	multi-segment-ultrasound-examination	Multi-segment Ultrasound Examination	Ultrazvučni pregled više segmenata	4	NULL
4432	physiatrist-consultation	Physiatrist Consultation	Konsultacija sa fizijatrom	5	NULL
4433	ultrasound-therapy-with-analgesic	Ultrasound Therapy with Analgesic	Ultrazvučna terapija sa analgetikom	5	NULL
4435	physical-therapy-silver-package-10-treatments	Physical Therapy Silver Package 10 Treatments	Silver paket – fizikalna terapija 10 tretmana	5	NULL
4436	physical-therapy-gold-package-15-treatments	Physical Therapy Gold Package 15 Treatments	Gold paket – fizikalna terapija 10 + kineziterapija 5 tretmana	5	NULL
4437	physical-therapy-platinum-package-20-treatments	Physical Therapy Platinum Package 20 Treatments	Platinum paket – fizikalna terapija 10 + kineziterapija 5 + masaža 5	5	NULL
4438	shockwave-therapy-package-10-treatments	Shockwave Therapy Package 10 Treatments	Shockwave terapija 10 tretmana	5	NULL
4439	kinesiotherapy-30-min	Kinesiotherapy 30 min	Kineziterapija – 30 min.	5	NULL
4440	kinesiotherapy-45-min	Kinesiotherapy 45 min	Kineziterapija – 45 min.	5	NULL
4441	schroth-method-45-min	Schroth Method 45 min	SCHROTH metoda – 45 min.	5	NULL
4442	schroth-method-45-min-second-child	Schroth Method 45 min Second Child	SCHROTH metoda 45 min. – drugo dijete iz porodice	5	NULL
4443	kinesiotherapy-30-min-package-10-treatments	Kinesiotherapy 30 min Package 10 Treatments	Kineziterapija 30 min. – paket 10 tretmana	5	NULL
4444	kinesiotherapy-45-min-package-10-treatments	Kinesiotherapy 45 min Package 10 Treatments	Kineziterapija 45 min. – paket 10 tretmana	5	NULL
4445	schroth-method-package-10-treatments	Schroth Method Package 10 Treatments	SCHROTH metoda – paket 10 tretmana	5	NULL
4446	schroth-method-second-child-package-10-treatments	Schroth Method Second Child Package 10 Treatments	SCHROTH metoda drugo dijete – paket 10 tretmana	5	NULL
4447	visceral-osteopathy	Visceral Osteopathy	Visceralna osteopatija	5	Visceral Manipulation
4448	swedish-therapeutic-massage-30-min	Swedish Therapeutic Massage 30 min	Švedska terapeutska masaža 30 min.	5	NULL
4449	swedish-therapeutic-massage-45-min	Swedish Therapeutic Massage 45 min	Švedska terapeutska masaža 45 min.	5	NULL
4450	swedish-therapeutic-massage-60-min	Swedish Therapeutic Massage 60 min	Švedska terapeutska masaža 60 min.	5	NULL
4451	pregnancy-massage-30-min	Pregnancy Massage 30 min	Masaža trudnica 30 min.	5	NULL
4452	pregnancy-massage-45-min	Pregnancy Massage 45 min	Masaža trudnica 45 min.	5	NULL
4453	manual-lymphatic-drainage-30-min	Manual Lymphatic Drainage 30 min	Manuelna limfna drenaža 30 min.	5	NULL
4454	manual-lymphatic-drainage-40-min	Manual Lymphatic Drainage 40 min	Manuelna limfna drenaža 40 min.	5	NULL
4455	manual-lymphatic-drainage-60-min	Manual Lymphatic Drainage 60 min	Manuelna limfna drenaža 60 min.	5	NULL
4456	dry-cupping-back	Dry Cupping Back	Suva hidžama – leđa	5	NULL
4457	wet-cupping-back	Wet Cupping Back	Vlažna hidžama – leđa	5	NULL
4458	cupping-full-body	Cupping Full Body	Hidžama – cijelo tijelo	5	NULL
4459	laser-hair-removal-upper-lip-women	Laser Hair Removal Upper Lip Women	Laserska epilacija – nausnice (žene)	24	NULL
4460	laser-hair-removal-chin-and-upper-lip-women	Laser Hair Removal Chin and Upper Lip Women	Laserska epilacija – brada i nausnice (žene)	24	NULL
4461	laser-hair-removal-chin-and-under-chin-women	Laser Hair Removal Chin and Under Chin Women	Laserska epilacija – brada i podbradak (žene)	24	NULL
4462	laser-hair-removal-sideburns-women	Laser Hair Removal Sideburns Women	Laserska epilacija – zulufi (žene)	24	NULL
4463	laser-hair-removal-full-face-women	Laser Hair Removal Full Face Women	Laserska epilacija – cijelo lice (žene)	24	NULL
4464	laser-hair-removal-underarms-women	Laser Hair Removal Underarms Women	Laserska epilacija – pazušne jame (žene)	24	NULL
4465	laser-hair-removal-forearms-women	Laser Hair Removal Forearms Women	Laserska epilacija – podlaktice (žene)	24	NULL
4466	laser-hair-removal-full-arms-women	Laser Hair Removal Full Arms Women	Laserska epilacija – cijele ruke (žene)	24	NULL
4467	laser-hair-removal-bikini-line-women	Laser Hair Removal Bikini Line Women	Laserska epilacija – prepone (žene)	24	NULL
4468	laser-hair-removal-intimate-zone-1-women	Laser Hair Removal Intimate Zone 1 Women	Laserska epilacija – intimna zona 1 (žene)	24	NULL
4469	laser-hair-removal-intimate-zone-2-women	Laser Hair Removal Intimate Zone 2 Women	Laserska epilacija – intimna zona 2 (žene)	24	NULL
4470	laser-hair-removal-lower-legs-women	Laser Hair Removal Lower Legs Women	Laserska epilacija – potkoljenice (žene)	24	NULL
4471	laser-hair-removal-full-legs-women	Laser Hair Removal Full Legs Women	Laserska epilacija – cijele noge (žene)	24	NULL
4472	laser-hair-removal-full-legs-and-bikini-women	Laser Hair Removal Full Legs and Bikini Women	Laserska epilacija – cijele noge i prepone (žene)	24	NULL
4473	laser-hair-removal-beard-men	Laser Hair Removal Beard Men	Laserska epilacija – brada (muškarci)	24	NULL
4474	laser-hair-removal-sideburns-men	Laser Hair Removal Sideburns Men	Laserska epilacija – zulufi (muškarci)	24	NULL
4475	laser-hair-removal-cheeks-men	Laser Hair Removal Cheeks Men	Laserska epilacija – jagodice (muškarci)	24	NULL
4476	laser-hair-removal-ears-men	Laser Hair Removal Ears Men	Laserska epilacija – ušne školjke (muškarci)	24	NULL
4477	laser-hair-removal-neck-men	Laser Hair Removal Neck Men	Laserska epilacija – vrat (muškarci)	24	NULL
4478	laser-hair-removal-underarms-men	Laser Hair Removal Underarms Men	Laserska epilacija – pazušne jame (muškarci)	24	NULL
4479	laser-hair-removal-forearms-men	Laser Hair Removal Forearms Men	Laserska epilacija – podlaktice (muškarci)	24	NULL
4480	laser-hair-removal-full-arms-men	Laser Hair Removal Full Arms Men	Laserska epilacija – cijele ruke (muškarci)	24	NULL
4481	laser-hair-removal-chest-men	Laser Hair Removal Chest Men	Laserska epilacija – grudi (muškarci)	24	NULL
4482	laser-hair-removal-abdomen-men	Laser Hair Removal Abdomen Men	Laserska epilacija – stomak (muškarci)	24	NULL
4483	laser-hair-removal-full-back-men	Laser Hair Removal Full Back Men	Laserska epilacija – cijela leđa (muškarci)	24	NULL
4484	laser-hair-removal-shoulders-men	Laser Hair Removal Shoulders Men	Laserska epilacija – ramena (muškarci)	24	NULL
4485	laser-hair-removal-lower-legs-men	Laser Hair Removal Lower Legs Men	Laserska epilacija – potkoljenice (muškarci)	24	NULL
4486	laser-hair-removal-full-legs-men	Laser Hair Removal Full Legs Men	Laserska epilacija – cijele noge (muškarci)	24	NULL
4487	laser-hair-removal-full-body-package-6-treatments	Laser Hair Removal Full Body Package 6 Treatments	Laserska epilacija cijelo tijelo – 6 tretmana	24	NULL
4488	co2-laser-face	CO2 Laser Face	CO2 laser – lice	18,24	NULL
4489	co2-laser-face-and-neck	CO2 Laser Face and Neck	CO2 laser – lice i vrat	18,24	NULL
4490	co2-laser-neck-and-decollete	CO2 Laser Neck and Decollete	CO2 laser – vrat i dekolte	18,24	NULL
4491	co2-laser-decollete	CO2 Laser Decollete	CO2 laser – dekolte	18,24	NULL
4492	co2-laser-face-neck-and-decollete	CO2 Laser Face Neck and Decollete	CO2 laser – lice, vrat i dekolte	18,24	NULL
4493	co2-laser-eyelids-upper-or-lower	CO2 Laser Eyelids Upper or Lower	CO2 laser – kapci donji ili gornji	18,24	NULL
4494	co2-laser-eyelids-upper-and-lower	CO2 Laser Eyelids Upper and Lower	CO2 laser – kapci gornji i donji	18,24	NULL
4495	co2-laser-stretch-marks-abdomen-small	CO2 Laser Stretch Marks Abdomen Small	CO2 laser – strije stomak, mala regija	18,24	NULL
4496	co2-laser-stretch-marks-abdomen-medium	CO2 Laser Stretch Marks Abdomen Medium	CO2 laser – strije stomak, srednja regija	18,24	NULL
4497	co2-laser-stretch-marks-abdomen-large	CO2 Laser Stretch Marks Abdomen Large	CO2 laser – strije stomak, velika regija	18,24	NULL
4498	co2-laser-stretch-marks-thighs-small	CO2 Laser Stretch Marks Thighs Small	CO2 laser – strije butine, mala regija	18,24	NULL
4499	co2-laser-stretch-marks-thighs-medium	CO2 Laser Stretch Marks Thighs Medium	CO2 laser – strije butine, srednja regija	18,24	NULL
4500	co2-laser-stretch-marks-thighs-large	CO2 Laser Stretch Marks Thighs Large	CO2 laser – strije butine, velika regija	18,24	NULL
4501	co2-laser-scar-up-to-10cm	CO2 Laser Scar Up to 10cm	CO2 laser – ožiljak do 10cm	18,24	NULL
4502	co2-laser-scar-up-to-20cm	CO2 Laser Scar Up to 20cm	CO2 laser – ožiljak do 20cm	18,24	NULL
4503	co2-laser-scar-up-to-30cm	CO2 Laser Scar Up to 30cm	CO2 laser – ožiljak do 30cm	18,24	NULL
4504	pressotherapy-30-min	Pressotherapy 30 min	Presoterapija – aparaturna limfna drenaža 30 min.	5	NULL
4505	pressotherapy-45-min	Pressotherapy 45 min	Presoterapija – aparaturna limfna drenaža 45 min.	5	NULL
4506	pressotherapy-60-min	Pressotherapy 60 min	Presoterapija – aparaturna limfna drenaža 60 min.	5	NULL
4507	pressotherapy-30-min-package-10-treatments	Pressotherapy 30 min Package 10 Treatments	Presoterapija 30 min. – paket 10 tretmana	5	NULL
4508	pressotherapy-45-min-package-10-treatments	Pressotherapy 45 min Package 10 Treatments	Presoterapija 45 min. – paket 10 tretmana	5	NULL
4509	pressotherapy-60-min-package-10-treatments	Pressotherapy 60 min Package 10 Treatments	Presoterapija 60 min. – paket 10 tretmana	5	NULL
4510	anti-cellulite-btl-x-wave-package	Anti-Cellulite BTL X-wave Package	Anticelulit paket (BTL X-wave, presoterapija, mezoterapija)	18,24	NULL
4511	exilis-face-lifting-6-treatments	Exilis Face Lifting 6 Treatments	Exilis Face Lifting – 6 tretmana	18,24	NULL
4512	exilis-face-lifting-with-peptides-8-treatments	Exilis Face Lifting with Peptides 8 Treatments	Exilis Face Lifting – 4 tretmana + 4 tretmana peptidima	18,24	NULL
4513	exilis-face-and-neck-lifting-4-treatments	Exilis Face and Neck Lifting 4 Treatments	Exilis Face & Neck Lifting – 4 tretmana	18,24	NULL
4514	exilis-face-and-neck-lifting-with-peptides-8-treatments	Exilis Face and Neck Lifting with Peptides 8 Treatments	Exilis Face & Neck Lifting – 4 tretmana + 4 tretmana peptidima	18,24	NULL
4515	exilis-abdomen-fat-reduction-with-pressotherapy	Exilis Abdomen Fat Reduction with Pressotherapy	Exilis – redukcija masnih naslaga (stomak) + presoterapija	18	NULL
4516	exilis-abdomen-fat-reduction-with-pressotherapy-and-drainage	Exilis Abdomen Fat Reduction with Pressotherapy and Drainage	Exilis – redukcija masnih naslaga (stomak) + presoterapija + limfna drenaža	18	NULL
4517	exilis-flanks-fat-reduction-with-pressotherapy	Exilis Flanks Fat Reduction with Pressotherapy	Exilis – redukcija masnih naslaga (bokovi) + presoterapija	18	NULL
4518	exilis-flanks-fat-reduction-with-pressotherapy-and-drainage	Exilis Flanks Fat Reduction with Pressotherapy and Drainage	Exilis – redukcija masnih naslaga (bokovi) + presoterapija + limfna drenaža	18	NULL
4519	exilis-abdomen-and-flanks-fat-reduction-with-pressotherapy	Exilis Abdomen and Flanks Fat Reduction with Pressotherapy	Exilis – redukcija masnih naslaga (stomak i bokovi) + presoterapija	18	NULL
4520	exilis-abdomen-and-flanks-fat-reduction-with-pressotherapy-and-drainage	Exilis Abdomen and Flanks Fat Reduction with Pressotherapy and Drainage	Exilis – redukcija masnih naslaga (stomak i bokovi) + presoterapija + limfna drenaža	18	NULL
4521	exilis-thighs-bilateral-with-pressotherapy	Exilis Thighs Bilateral with Pressotherapy	Exilis – butine (obostrano) + presoterapija	18	NULL
4522	exilis-thighs-bilateral-with-pressotherapy-and-drainage	Exilis Thighs Bilateral with Pressotherapy and Drainage	Exilis – butine (obostrano) + presoterapija + limfna drenaža	18	NULL
4523	exilis-upper-arms-5-treatments	Exilis Upper Arms 5 Treatments	Exilis – nadlaktice 5 tretmana	18	NULL
4524	medical-certificate-for-general-work	Medical Certificate for General Work	Ljekarsko uvjerenje za opšte poslove	9	Ljekarsko uvjerenje o opštoj zdravstvenoj sposobnosti
4525	medical-certificate-for-high-risk-and-difficult-working-conditions	Medical Certificate for High Risk and Difficult Working Conditions	Ljekarsko uvjerenje za povećan rizik i otežane uslove rada	9	Lekarsko uverenje za radna mesta sa povećanim rizikom ; Ljekarsko uvjerenje za radna mjesta sa povećanim rizikom
4526	medical-certificate-for-difficult-working-conditions-without-high-risk	Medical Certificate for Difficult Working Conditions Without High Risk	Ljekarsko uvjerenje za otežane uslove rada bez povećanog rizika	9	Lekarsko uverenje za otežane uslove rada bez povećanog rizika
4527	medical-certificate-for-driving-license-category-a-b-c-d-e	Medical Certificate for Driving License Category A, B, C, D, E	Ljekarsko uvjerenje za polaganje vozačke dozvole A, B, C, D, E kategorije	9	Driver's License Medical Certificate ; Driving Licence Medical Certificate ; Lekarsko uverenje za vozačku dozvolu ; Ljekarsko uvjerenje za vozačku dozvolu
4528	medical-certificate-for-driving-license-renewal-category-a-b-c-d-e	Medical Certificate for Driving License Renewal Category A, B, C, D, E	Ljekarsko uvjerenje za produženje vozačke dozvole A, B, C, D, E kategorije	9	Driving Licence Renewal Medical Certificate ; Lekarsko uverenje za produženje vozačke dozvole
4529	medical-certificate-for-professional-drivers	Medical Certificate for Professional Drivers	Ljekarsko uvjerenje za profesionalne vozače	9	Lekarsko uverenje za profesionalne vozače
4530	medical-certificate-for-driving-instructor-category-b-c-d-e	Medical Certificate for Driving Instructor Category B, C, D, E	Ljekarsko uvjerenje za posao instruktora vožnje B, C, D i E kategorije	9	Lekarsko uverenje za instruktora vožnje
4531	medical-certificate-for-boat-operation-up-to-12-meters	Medical Certificate for Boat Operation up to 12 Meters	Ljekarsko uvjerenje za upravljanje čamcem do 12 metara	9	Boat License Medical Certificate ; Lekarsko uverenje za upravljanje čamcem
4532	medical-certificate-for-firearms-possession	Medical Certificate for Firearms Possession	Ljekarsko uvjerenje o podobnosti za posjedovanje vatrenog oružja	9	Gun License Medical Certificate ; Lekarsko uverenje za oružje ; Ljekarsko uvjerenje za oružni list
4533	medical-certificate-for-military-service	Medical Certificate for Military Service	Ljekarsko uvjerenje o sposobnosti za obavljanje službe u Vojsci Crne Gore	9	Lekarsko uverenje za vojsku ; Ljekarsko uvjerenje za vojsku
4534	medical-certificate-for-underage-marriage	Medical Certificate for Underage Marriage	Ljekarsko uvjerenje za sklapanje braka za maloljetne osobe	9	Lekarsko uverenje za sklapanje braka maloletnih osoba
4535	medical-certificate-for-child-adoption	Medical Certificate for Child Adoption	Ljekarsko uvjerenje o podobnosti za usvajanje djeteta	9	Lekarsko uverenje za usvajanje deteta ; Ljekarsko uvjerenje za starateljstvo
4536	medical-certificate-for-study-abroad-and-visa	Medical Certificate for Study Abroad and Visa	Ljekarsko uvjerenje za dalji nastavak školovanja i boravak u inostranstvu	9	Lekarsko uverenje za školovanje u inostranstvu ; Ljekarsko uvjerenje za vizu ; Student Visa Medical Certificate
4537	medical-certificate-for-court-expert	Medical Certificate for Court Expert	Ljekarsko uvjerenje za posao sudskog vještaka	9	Lekarsko uverenje za sudskog veštaka
4538	medical-certificate-for-life-insurance	Medical Certificate for Life Insurance	Ljekarsko uvjerenje radi životnog osiguranja	9	Lekarsko uverenje za životno osiguranje
4539	medical-certificate-for-collective-accommodation	Medical Certificate for Collective Accommodation	Ljekarsko uvjerenje za kolektivni smještaj	9	Lekarsko uverenje za kolektivni smeštaj ; Ljekarsko uvjerenje za studentski dom ; Medical Certificate for Dormitory
4540	medical-certificate-for-athletes	Medical Certificate for Athletes	Ljekarsko uvjerenje za sportiste	9	Lekarsko uverenje za sportiste ; Sports Medical Certificate
4541	medical-certificate-for-residence-and-work-in-montenegro	Medical Certificate for Residence and Work in Montenegro	Ljekarsko uvjerenje za boravak i rad u Crnoj Gori	9	Lekarsko uverenje za boravak i rad ; Ljekarsko uvjerenje za privremeni boravak i rad ; Residence Permit Medical Certificate ; Work Permit Medical Certificate
4542	medical-certificate-for-maritime-workers	Medical Certificate for Maritime Workers	Ljekarsko uvjerenje za rad u vodenom saobraćaju (pomorci)	9	Lekarsko uverenje za pomorce ; Ljekarsko uvjerenje za pomorce ; Seafarer Medical Certificate
4544	fissure-sealant-with-fluoride	Fissure Sealant with Fluoride	Zalivanje fisura sa fluorom	20	Fluoride Dental Sealant ; Silanti sa fluorom
4546	dental-local-anesthesia	Dental Local Anesthesia	Lokalna anestezija (stomatologija)	20	Anestezija zuba ; Dental Anaesthesia
4547	glass-ionomer-filling	Glass Ionomer Filling	Glas-jonomer plomba	20	GIC Filling ; Glasjonomerna plomba ; Glasjonomerni ispun
4548	amalgam-filling-two-surfaces	Amalgam Filling Two Surfaces	Amalgamska plomba dvopovršinska	20	NULL
4549	amalgam-filling-three-surfaces	Amalgam Filling Three Surfaces	Amalgamska plomba tropovršinska	20	NULL
4550	microhybrid-composite-filling-class-vi	Microhybrid Composite Filling Class VI	Mikrohibridna kompozitna plomba VI klasa	20	NULL
4551	microhybrid-composite-filling-single-surface	Microhybrid Composite Filling Single Surface	Mikrohibridna kompozitna plomba jednopovršinska	20	NULL
4552	microhybrid-composite-filling-two-surfaces	Microhybrid Composite Filling Two Surfaces	Mikrohibridna kompozitna plomba dvopovršinska	20	NULL
4553	microhybrid-composite-filling-three-surfaces	Microhybrid Composite Filling Three Surfaces	Mikrohibridna kompozitna plomba tropovršinska	20	NULL
4554	pulpotomy	Pulpotomy (Vital or Devital)	Amputacija pulpe (vitalna ili mortalna)	20	Pulp Amputation ; Pulpotomija
4555	immediate-acrylic-denture	Immediate Acrylic Denture	Imedijatna akrilatna proteza	20	NULL
4556	porcelain-teeth-installation-in-denture-front-6	Porcelain Teeth Installation in Denture Front 6	Ugradnja porcelanskih zuba u protezu – prednjih 6	20	NULL
4557	porcelain-teeth-installation-in-denture-all-teeth	Porcelain Teeth Installation in Denture All Teeth	Ugradnja porcelanskih zuba u protezu – svi zubi	20	NULL
4558	partial-flexible-denture	Partial Flexible Denture	Parcijalna fleksibilna proteza	20	Flexible Partial Denture
4559	complete-flexible-denture	Complete Flexible Denture	Totalna fleksibilna proteza	20	NULL
4560	flexible-single-tooth-denture	Flexible Single Tooth Denture	Žabica fleksibilna (1 zub)	20	NULL
4561	indirect-denture-relining-with-base-replacement	Indirect Denture Relining with Base Replacement	Indirektno podlaganje proteze sa zamjenom baze	20	NULL
4562	ultrasonic-denture-cleaning	Ultrasonic Denture Cleaning	Ultrazvučno čišćenje proteze	20	NULL
4563	ball-attachment-installation-in-existing-denture	Ball Attachment Installation in Existing Denture	Ugradnja drikera u postojeću protezu	20	NULL
4564	fixed-prosthetic-impression	Fixed Prosthetic Impression	Otisak za fiksnu protetiku	20	NULL
4565	crown-recementation-with-composite-cement	Crown Recementation with Composite Cement	Cementiranje krunice kompozitnim cementom	20	NULL
4566	metal-ceramic-crown-cocr-with-porcelain-effects	Metal Ceramic Crown CoCr with Porcelain Effects	Metalkeramička krunica na leguri čelika sa efektima u porcelanu	20	NULL
4567	tooth-contouring	Tooth Contouring	Preoblikovanje zuba brušenjem	20	Enameloplasty ; Tooth Reshaping
4568	definitive-root-filling-with-calcium-hydroxide	Definitive Root Filling with Calcium Hydroxide	Definitivno punjenje liječenog zuba sa Ca(OH)2 pastom	20	NULL
4569	dental-implant-biohorizons	Dental Implant Biohorizons	Dentalni implantat Biohorizons	20	NULL
4570	fixed-braces-sapphire-per-jaw	Fixed Braces (Sapphire) per Jaw	Fiksni ortodontski aparat (safir) po vilici	34	Safirni breketi ; Sapphire Braces
4571	fixed-braces-ice-per-jaw	Fixed Braces (Ice) per Jaw	Fiksni ortodontski aparat (Ice) po vilici	34	NULL
4572	segmental-fixed-orthodontic-appliance-ceramic	Segmental Fixed Orthodontic Appliance Ceramic	Segmentni fiksni aparat – estetske bravice	34	NULL
4573	musculoskeletal-ultrasound	Musculoskeletal Ultrasound	Mišićno-skeletni ultrazvuk	4,5	MSK Ultrasound ; Muskuloskeletni ultrazvuk
4574	orthofed-method	Orthofed Method	Ortofed metoda	5	NULL
4576	chiropractic-treatment	Chiropractic Treatment	Kiropraktički tretman	5	Chiropractor ; Kiropraktičar ; Kiropraktika
4577	hilt-laser-therapy	HILT Laser Therapy	HILT laser terapija	5	High-Intensity Laser Therapy ; Visokointenzivna laserska terapija
4578	super-inductive-system-therapy	Super Inductive System Therapy	Super Inductive System terapija	5	SIS Therapy
4579	idd-therapy	IDD Therapy	IDD terapija	5	NULL
4580	dry-needling	Dry Needling	Suvo iglanje	5	NULL
4581	pediatric-rehabilitation	Pediatric Rehabilitation	Rehabilitacija djece	5,25	Dječja rehabilitacija
4582	schroth-method	Schroth Method	Schroth metoda	5	Šrot metoda
4584	dental-implant-straumann-blx	Dental Implant Straumann BLX	Zubni implantat Straumann BLX	20	NULL
4585	all-on-6-implant-prosthesis-straumann	All on 6 Implant Prosthesis Straumann	All on 6 proteza na implantatima Straumann	20	NULL
4586	immediate-implant-placement	Immediate Implant Placement	Neposredna ugradnja implantata	20	NULL
4587	quick-aligner	Quick Aligner	Quick Aligner folije	34	NULL
4588	quick-aligner-analysis	Quick Aligner Analysis	Quick Aligner analiza	34	NULL
4589	metal-ceramic-crown-silver-palladium	Metal Ceramic Crown Silver Palladium	Metalokeramička krunica srebro paladijum	20	NULL
4590	bone-augmentation	Bone Augmentation	Augmentacija kosti	20	NULL
4591	screening-audiometry	Screening Audiometry	Skrining audiometrija	11	NULL
4592	otomicroscopy-with-ear-aspiration	Otomicroscopy with Ear Aspiration	Otomikroskopija sa aspiracionim čišćenjem uha	11	NULL
4593	ear-polyp-removal	Ear Polyp Removal	Odstranjivanje polipa iz uha	11	NULL
4594	ear-impression-for-hearing-aid	Ear Impression for Hearing Aid	Uzimanje otiska uha za slušni aparat	11	NULL
4596	fiberoptic-nasopharyngolaryngoscopy	Fiberoptic Nasopharyngolaryngoscopy	Fiberoptička nazo-faringo-laringoskopija	11	NULL
4597	intratympanic-injection	Intratympanic Injection	Intratimpanična injekcija	11,29	NULL
4598	laser-myringotomy	Laser Myringotomy	Laserska paracenteza bubne opne	11	NULL
4599	auricular-hematoma-incision	Auricular Hematoma Incision	Incizija hematoma ili zagnojenja uške	11	NULL
4600	tympanostomy-tube-placement-local-anesthesia	Tympanostomy Tube Placement Local Anesthesia	Ugradnja ventilacione cjevčice u lokalnoj anesteziji	11	NULL
4601	tympanostomy-tube-placement-general-anesthesia	Tympanostomy Tube Placement General Anesthesia	Ugradnja ventilacione cjevčice u opštoj anesteziji	11	NULL
4602	tympanostomy-tube-with-adenoidectomy	Tympanostomy Tube with Adenoidectomy	Ugradnja ventilacione cjevčice i adenoidektomija	11	NULL
4603	myringoplasty-general-anesthesia	Myringoplasty General Anesthesia	Miringoplastika u opštoj anesteziji	11	NULL
4604	myringoplasty-local-anesthesia	Myringoplasty Local Anesthesia	Miringoplastika u lokalnoj anesteziji	11	NULL
4605	otoplasty-local-anesthesia	Otoplasty Local Anesthesia	Otoplastika u lokalnoj anesteziji	11,18	NULL
4606	otoplasty-general-anesthesia	Otoplasty General Anesthesia	Otoplastika u opštoj anesteziji	11,18	NULL
4607	anterior-nasal-packing	Anterior Nasal Packing	Prednja tamponada nosa	11,15	Anterior Nasal Tamponade
4608	laser-nasal-tumor-removal	Laser Nasal Tumor Removal	Lasersko otklanjanje tumora nosa	11	NULL
4609	nasal-polypectomy-local-anesthesia	Nasal Polypectomy Local Anesthesia	Polipektomija nosa u lokalnoj anesteziji	11	NULL
4610	nasal-and-sinus-polypectomy-general-anesthesia	Nasal and Sinus Polypectomy General Anesthesia	Polipektomija nosa i sinusa u opštoj anesteziji	11	NULL
4611	laser-turbinoplasty-local-anesthesia	Laser Turbinoplasty Local Anesthesia	Laserska turbinoplastika u lokalnoj anesteziji	11	NULL
4612	laser-turbinoplasty-general-anesthesia	Laser Turbinoplasty General Anesthesia	Laserska turbinoplastika u opštoj anesteziji	11	NULL
4613	caldwell-luc-maxillary-sinus-surgery	Caldwell-Luc Maxillary Sinus Surgery	Operacija viličnog sinusa po Caldwell-Luc-u	11	NULL
4614	septoplasty-with-turbinoplasty	Septoplasty with Turbinoplasty	Septoplastika sa konhotomijom	11	NULL
4615	septal-perforation-repair	Septal Perforation Repair	Zatvaranje perforacije nosne pregrade	11	NULL
4616	throat-and-oral-tumor-removal	Throat and Oral Tumor Removal	Otklanjanje tumora grla i usta	11	NULL
4617	laser-tonsil-cryptolysis	Laser Tonsil Cryptolysis	Laserska kriptoliza krajnika	11	NULL
4619	laser-uvulopalatoplasty-local-anesthesia	Laser Uvulopalatoplasty Local Anesthesia	Laserska uvulopalatoplastika (LAUP) u lokalnoj anesteziji	11	NULL
4620	laser-uvulopalatoplasty-general-anesthesia	Laser Uvulopalatoplasty General Anesthesia	Laserska uvulopalatoplastika (LAUP) u opštoj anesteziji	11	NULL
4621	laser-vocal-cord-surgery-polyps	Laser Vocal Cord Surgery Polyps	Laserska operacija glasnica - polipi, ciste, edemi	11	NULL
4622	laser-vocal-cord-surgery-papilloma	Laser Vocal Cord Surgery Papilloma	Laserska operacija glasnica - papilom, disfonija	11	NULL
4623	topical-ent-medication-application	Topical ENT Medication Application	Lokalna aplikacija lijeka u uhu, nosu ili grlu	11	NULL
4624	ent-silver-nitrate-cauterization	ENT Silver Nitrate Cauterization	Lapizacija u uhu, nosu ili grlu	11	NULL
4625	ent-region-lesion-removal	ENT Region Lesion Removal	Otklanjanje tumora, ciste, ateroma, bradavica ORL regije	11	NULL
4626	epley-maneuver-for-vertigo	Epley Maneuver for Vertigo	Repozicioni manevar kod vrtoglavice (Epley)	11	NULL
4627	z-plasty-earlobe-repair	Z-Plasty Earlobe Repair	Z-plastika rascjepa ušne resice	11,18	NULL
4628	lip-augmentation-05-ml	Lip Augmentation 0.5 ml	Korekcija usana 0,5 ml	18,24	NULL
4629	lip-augmentation-1-ml	Lip Augmentation 1 ml	Korekcija usana 1 ml	18,24	NULL
4630	biorevitalization-1	Biorevitalization 1	Biorevitalizacija 1	18,24	NULL
4631	biorevitalization-2	Biorevitalization 2	Biorevitalizacija 2	18,24	NULL
4632	biorevitalization-3	Biorevitalization 3	Biorevitalizacija 3	18,24	NULL
4633	lipolysis-10-ml	Lipolysis 10 ml	Lipoliza 10 ml	18,24	NULL
4634	lipolysis-20-ml	Lipolysis 20 ml	Lipoliza 20 ml	18,24	NULL
4635	lipolysis-30-ml	Lipolysis 30 ml	Lipoliza 30 ml	18,24	NULL
4636	ultraformer-lift-middle-and-lower-face	Ultraformer Lift Middle and Lower Face	Ultraformer lifting srednje i donje trećine lica	18,24	NULL
4637	ultraformer-lift-middle-lower-face-and-chin	Ultraformer Lift Middle Lower Face and Chin	Ultraformer lifting srednje, donje trećine lica i podbratka	18,24	NULL
4638	ultraformer-full-face-lift	Ultraformer Full Face Lift	Ultraformer lifting cijelog lica	18,24	NULL
4639	ultraformer-full-face-and-neck-lift	Ultraformer Full Face and Neck Lift	Ultraformer lifting cijelog lica i vrata	18,24	NULL
4640	ultraformer-neck-lift	Ultraformer Neck Lift	Ultraformer lifting vrata	18,24	NULL
4641	ultraformer-laser-facial-rejuvenation	Ultraformer Laser Facial Rejuvenation	Ultraformer laserska rejuvenacija lica	18,24	NULL
4642	ultraformer-fat-reduction-and-skin-tightening	Ultraformer Fat Reduction and Skin Tightening	Ultraformer topljenje masnih naslaga i zatezanje kože	18,24	NULL
4643	bruxism-botox-treatment	Bruxism Botox Treatment	Terapija bruksizma botoksom	18,24	NULL
4644	nefertiti-lift	Nefertiti Lift	Nefertiti lifting vrata i donje trećine lica	18,24	NULL
4645	non-surgical-rhinoplasty	Non-Surgical Rhinoplasty	Nehirurška korekcija nosa	11,18,24	NULL
4646	composite-filling	Composite Filling	Kompozitni ispun	20	Bela plomba ; Bijela plomba ; Kompozitna plomba ; White Filling
4647	deep-caries-treatment	Deep Caries Treatment	Terapija dubokog karijesa	20	NULL
4648	vital-or-mortal-pulp-extirpation	Vital or Mortal Pulp Extirpation	Vitalna ili mortalna ekstirpacija pulpe	20	NULL
4649	endodontic-treatment-single-canal-tooth	Endodontic Treatment Single Canal Tooth	Endodontsko liječenje jednokanalnih zuba	20	Endodontsko lečenje jednokanalnih zuba
4650	endodontic-treatment-multi-canal-tooth	Endodontic Treatment Multi-Canal Tooth	Endodontsko liječenje višekanalnih zuba	20	Endodontsko lečenje višekanalnih zuba
4651	composite-core-build-up	Composite Core Build-up	Kompozitna nadogradnja	20	NULL
4652	periodontal-pocket-treatment	Periodontal Pocket Treatment	Obrada parodontalnog džepa	20	NULL
4653	vaginal-secretion-wet-mount-analysis	Vaginal Secretion Wet Mount Analysis	Određivanje stepena čistoće vagine	7	NULL
4654	hycosy-tubal-patency-ultrasound	HyCoSy Tubal Patency Ultrasound	Ultrazvučno ispitivanje prohodnosti jajovoda HyCoSy	4,7	NULL
4655	bartholin-gland-marsupialization	Bartholin Gland Marsupialization	Marsupijalizacija Bartholinijeve žlijezde	7,16	NULL
4656	well-child-preventive-check-up	Well-Child Preventive Check-up	Savjetovalište za zdravo dijete	25	NULL
4657	home-visit-during-working-hours	Home Visit During Working Hours	Kućna posjeta u toku radnog vremena	30	NULL
4658	home-visit-outside-working-hours	Home Visit Outside Working Hours	Kućna posjeta van radnog vremena	30	NULL
4659	newborn-home-visit	Newborn Home Visit	Posjeta novorođenčetu	25,30	NULL
4660	after-hours-pediatric-examination	After-Hours Pediatric Examination	Pedijatrijski pregled van radnog vremena u ordinaciji	25	NULL
4661	bronchodilator-inhalation	Bronchodilator Inhalation	Inhalacija bronhodilatatorom (Ventolin, Berodual)	12	NULL
4662	corticosteroid-inhalation	Corticosteroid Inhalation	Inhalacija kortikosteroidom (Pulmicort)	12	NULL
4663	septoplasty	Septoplasty	Septoplastika	11,18	NULL
4664	nasal-polypectomy	Nasal Polypectomy	Polipektomija nosa	11	NULL
4665	tympanostomy-tube-insertion	Tympanostomy Tube Insertion	Ugradnja ventilacionih cjevčica	11	NULL
4666	tonsillectomy	Tonsillectomy	Tonzilektomija	11	Operacija krajnika ; Tonsil Removal ; Vađenje krajnika
4667	vocal-cord-surgery	Vocal Cord Surgery	Operacija glasnih žica	11	NULL
4668	paravertebral-nerve-block	Paravertebral Nerve Block	Paravertebralna blokada nerva	10,19	NULL
4669	orthokine-therapy	Orthokine Therapy	Orthokine terapija	10,19	NULL
4670	shoulder-joint-block	Shoulder Joint Block	Blokada ramena	10,19	NULL
4671	shoulder-arthroscopy	Shoulder Arthroscopy	Artroskopija ramena	10	NULL
4672	arthroscopic-subacromial-decompression	Arthroscopic Subacromial Decompression	Artroskopska subakromijalna dekompresija	10	NULL
4673	arthroscopic-shoulder-stabilization	Arthroscopic Shoulder Stabilization	Artroskopska stabilizacija ramena	10	NULL
4674	rotator-cuff-repair	Rotator Cuff Repair	Rekonstrukcija rotatorne manžetne	10	NULL
4675	elbow-joint-block	Elbow Joint Block	Blokada lakta	10,19	NULL
4676	elbow-arthroscopy	Elbow Arthroscopy	Artroskopija lakta	10	NULL
4677	arthroscopic-loose-body-removal-elbow	Arthroscopic Loose Body Removal Elbow	Artroskopsko uklanjanje slobodnih tijela lakta	10	NULL
4678	wrist-and-hand-arthroscopy	Wrist and Hand Arthroscopy	Artroskopija ručnog zgloba i šake	10	NULL
4679	wrist-arthrodesis	Wrist Arthrodesis	Artrodeza ručnog zgloba	10	NULL
4680	wrist-arthrolysis-and-capsular-release	Wrist Arthrolysis and Capsular Release	Artroliza ručnog zgloba i opuštanje kapsule	10	NULL
4681	distal-radius-fracture-osteosynthesis	Distal Radius Fracture Osteosynthesis	Osteosinteza preloma distalnog radijusa	10	NULL
4682	wrist-ligament-reconstruction	Wrist Ligament Reconstruction	Rekonstrukcija ligamenata ručnog zgloba	10	NULL
4683	wrist-synovectomy	Wrist Synovectomy	Sinovektomija ručnog zgloba	10	NULL
4684	scaphoid-fracture-surgery	Scaphoid Fracture Surgery	Operacija preloma skafoida	10	NULL
4685	hand-microsurgery	Hand Microsurgery	Mikrohirurgija šake	10,18	NULL
4686	total-hip-arthroplasty	Total Hip Arthroplasty	Totalna artroplastika kuka	10	NULL
4687	bilateral-total-hip-arthroplasty-single-stage	Bilateral Total Hip Arthroplasty Single Stage	Bilateralna totalna artroplastika kuka u jednom aktu	10	NULL
4688	hip-arthroscopy	Hip Arthroscopy	Artroskopija kuka	10	NULL
4689	knee-arthroscopy	Knee Arthroscopy	Artroskopija koljena	10	NULL
4690	corrective-osteotomy	Corrective Osteotomy	Korektivna osteotomija	10	NULL
4691	osteosynthesis	Osteosynthesis	Osteosinteza	10	NULL
4692	knee-tendon-reconstruction	Knee Tendon Reconstruction	Rekonstrukcija tetiva koljena	10	NULL
4693	tendon-release	Tendon Release	Opuštanje tetiva	10	NULL
4694	synovectomy	Synovectomy	Sinovektomija	10	NULL
4695	partial-knee-arthroplasty	Partial Knee Arthroplasty	Djelimična artroplastika koljena	10	NULL
4697	revision-knee-arthroplasty	Revision Knee Arthroplasty	Revizijska artroplastika koljena	10	NULL
4698	arthroscopic-meniscectomy	Arthroscopic Meniscectomy	Artroskopska meniscektomija	10	NULL
4699	ankle-arthroscopy	Ankle Arthroscopy	Artroskopija skočnog zgloba	10	NULL
4700	toe-joint-arthroscopy	Toe Joint Arthroscopy	Artroskopija zgloba palca	10	NULL
4701	foot-tendon-and-ligament-reconstruction	Foot Tendon and Ligament Reconstruction	Rekonstrukcija tetiva i ligamenata stopala	10	NULL
4702	foot-arthrodesis	Foot Arthrodesis	Artrodeza stopala	10	NULL
4703	endoscopic-retrocalcaneal-bursectomy	Endoscopic Retrocalcaneal Bursectomy	Endoskopska retrokalkanealna bursektomija	10	NULL
4704	open-achilles-tendon-surgery	Open Achilles Tendon Surgery	Otvorena operacija Ahilove tetive	10	NULL
4705	hallux-valgus-surgery	Hallux Valgus Surgery	Operacija Hallux valgus	10	Bunion Surgery ; Operacija čukljeva (hallux valgus)
4706	radiofrequency-ablation-of-varicose-veins	Radiofrequency Ablation of Varicose Veins	Radiofrekventna ablacija proširenih vena	17	NULL
4707	foam-sclerotherapy	Foam Sclerotherapy	Sklerozacija vena pjenom	17	NULL
4708	femoral-hernia-operation	Femoral Hernia Operation	Operacija femoralne kile	17,32	NULL
4709	incisional-ventral-hernia-operation	Incisional Ventral Hernia Operation	Operacija incizione ventralne kile	17,32	NULL
4710	thyroid-lobectomy	Thyroid Lobectomy	Lobektomija štitne žlijezde	17	NULL
4711	skin-sparing-mastectomy	Skin-Sparing Mastectomy	Skin-sparing mastektomija	17,18	NULL
4712	breast-quadrantectomy	Breast Quadrantectomy	Kvadrantektomija dojke	17	NULL
4713	mastectomy	Mastectomy	Mastektomija	17,18	NULL
4714	radical-mastectomy	Radical Mastectomy	Radikalna mastektomija	17	NULL
4715	pilonidal-abscess-drainage	Pilonidal Abscess Drainage	Drenaža pilonidalnog apscesa	32	NULL
4716	dermapen-microneedling	Dermapen Microneedling	Dermapen mikroiglična terapija	18,24	NULL
4717	diamond-microdermabrasion	Diamond Microdermabrasion	Dijamantska mikrodermoabrazija	18,24	NULL
4718	buttock-augmentation-with-implants	Buttock Augmentation with Implants	Augmentacija gluteusa implantima	18	NULL
4720	binocular-vision-functional-assessment	Binocular Vision Functional Assessment	Funkcionalno ispitivanje binokularnog vida	23	NULL
4721	ophthalmology-consultation	Ophthalmology Consultation	Konsultativni oftalmološki pregled	23	NULL
4723	fusion-and-coordinator-exercises	Fusion and Coordinator Exercises	Vježbe fuzije i koordinatora	23	NULL
4724	euthyscopy	Euthyscopy	Eutiskopija	23	NULL
4725	corneal-pachymetry	Corneal Pachymetry	Pahimetrija rožnjače	23	NULL
4727	eyelid-lesion-injury-and-foreign-body-examination	Eyelid Lesion Injury and Foreign Body Examination	Pregled halaciona, povrede ili stranog tijela	14,23	NULL
4728	central-corneal-thickness-measurement-both-eyes	Central Corneal Thickness Measurement Both Eyes	Mjerenje debljine rožnjače CCT oba oka	23	NULL
4729	central-corneal-thickness-measurement-single-eye	Central Corneal Thickness Measurement Single Eye	Mjerenje debljine rožnjače CCT jednog oka	23	NULL
4730	retrobulbar-or-parabulbar-injection-both-eyes	Retrobulbar or Parabulbar Injection Both Eyes	Retrobulbarna ili parabulbarna injekcija OU	23,29	NULL
4731	large-chalazion-removal	Large Chalazion Removal	Ekstrakcija većeg chalationa	33	NULL
4732	lesion-thermocauterization	Lesion Thermocauterization	Termokauterizacija lezija	33	NULL
4733	ophthalmic-biopsy	Ophthalmic Biopsy	Biopsija oka	28,33	NULL
4734	tarsorrhaphy	Tarsorrhaphy	Tarzorafija	33	NULL
4735	canthoplasty	Canthoplasty	Kantoplastika	18,33	NULL
4736	xanthelasma-removal-stage-i	Xanthelasma Removal Stage I	Ksantelazma I stepena	18,24,33	NULL
4737	xanthelasma-removal-stage-ii	Xanthelasma Removal Stage II	Ksantelazma II stepena	18,24,33	NULL
4738	xanthelasma-removal-stage-iii	Xanthelasma Removal Stage III	Ksantelazma III stepena	18,24,33	NULL
4739	blepharochalasis-surgery	Blepharochalasis Surgery	Operacija blefarohalazisa	18,33	NULL
4740	guided-tissue-regeneration	Guided Tissue Regeneration	Vođena regeneracija tkiva (GTR)	20	NULL
4741	prp-dental-application	PRP Dental Application	PRP aplikacija u stomatologiji	20	NULL
4742	rhbmp-2-bone-graft-application	rhBMP-2 Bone Graft Application	rhBMP-2 aplikacija sa koštanim graftom	20	NULL
4743	aphthous-ulcer-treatment	Aphthous Ulcer Treatment	Tretman aftoznih ulceracija	20	NULL
4744	thoracic-surgeon-examination	Thoracic Surgeon Examination	Pregled specijaliste grudne hirurgije	14	NULL
4745	follow-up-thoracic-surgeon-examination	Follow-up Thoracic Surgeon Examination	Kontrolni pregled — grudni hirurg	14	Kontrolni pregled specijaliste grudne hirurgije ; Ponovni pregled — grudni hirurg
4746	vats-pleural-exploration-with-biopsy	VATS Pleural Exploration with Biopsy	VATS eksploracija pleuralnog prostora sa biopsijom	17	NULL
4747	vats-pleural-exploration-with-biopsy-and-pleurodesis	VATS Pleural Exploration with Biopsy and Pleurodesis	VATS eksploracija pleuralnog prostora sa biopsijom i pleurodezom	17	NULL
4748	vats-pleural-effusion-evacuation	VATS Pleural Effusion Evacuation	VATS eksploracija i evakuacija pleuralnog izliva	17	NULL
4749	vats-thymectomy	VATS Thymectomy	VATS timektomija	17	NULL
4750	vats-sympathectomy	VATS Sympathectomy	VATS simpatektomija	17	NULL
4751	vats-early-pleural-decortication	VATS Early Pleural Decortication	VATS rana dekortikacija pleure	17	NULL
4752	tracheal-resection	Tracheal Resection	Resekcija traheje	17	NULL
4753	transthoracic-tracheal-resection	Transthoracic Tracheal Resection	Transtorakalna resekcija traheje	17	NULL
4754	thoracotomy-with-lung-biopsy-and-wedge-resection	Thoracotomy with Lung Biopsy and Wedge Resection	Torakotomija sa biopsijom pluća i klinastom resekcijom pluća	17	NULL
4755	thoracotomy-with-hemostasis	Thoracotomy with Hemostasis	Torakotomija sa hemostazom	17	NULL
4756	open-lung-lobectomy	Open Lung Lobectomy	Otvorena lobektomija pluća	17	NULL
4757	sleeve-lung-resection-with-radical-lymphadenectomy	Sleeve Lung Resection with Radical Lymphadenectomy	Sleeve resekcija pluća sa radikalnom limfadenektomijom	17	NULL
4758	hemithyroidectomy	Hemithyroidectomy	Strumektomija / Lobektomija / Hemitireoidektomija	17	NULL
4759	total-thyroidectomy-with-recurrent-nerve-identification	Total Thyroidectomy with Recurrent Nerve Identification	Totalna tireoidektomija sa identifikacijom nerva rekurensa	17	NULL
4760	completion-thyroidectomy-after-partial-strumectomy	Completion Thyroidectomy after Partial Strumectomy	Totalna tireoidektomija nakon parcijalne strumektomije	17	NULL
4761	recurrent-ventral-hernia-repair	Recurrent Ventral Hernia Repair	Plastika recidivantne ventralne hernije	17,32	NULL
4762	femoral-hernia-repair	Femoral Hernia Repair	Plastika femoralne hernije	17,32	NULL
4763	open-inguinal-hernia-repair	Open Inguinal Hernia Repair	Ingvinalna hernija – otvorena operacija	17,32	NULL
4764	recurrent-inguinal-hernia-repair	Recurrent Inguinal Hernia Repair	Operacija recidivantne ingvinalne kile	17,32	Operacija recidivantne ingvinalne hernije ; Operacija recidivantne preponske kile
4765	laparoscopic-umbilical-hernia-repair	Laparoscopic Umbilical Hernia Repair	Umbilikalna hernija – laparoskopska operacija	17,32	Laparoskopska operacija pupčane kile
4766	open-ventral-hernia-repair	Open Ventral Hernia Repair	Plastika trbušnog zida kod ventralnih hernija – otvorena	17,32	NULL
4767	laparoscopic-ventral-hernia-repair	Laparoscopic Ventral Hernia Repair	Plastika trbušnog zida kod ventralnih hernija – laparoskopska	17,32	NULL
4768	open-incarcerated-ventral-hernia-surgery	Open Incarcerated Ventral Hernia Surgery	Operacija ukliještene ventralne kile	17,32	NULL
4769	laparoscopic-liver-biopsy	Laparoscopic Liver Biopsy	Biopsija jetre – laparoskopska	17,32	Laparoskopska biopsija jetre
4770	open-hiatal-hernia-repair-magna	Open Hiatal Hernia Repair Magna	Hijatus hernija MAGNA – otvorena operacija	32	NULL
4771	billroth-i-gastric-resection	Billroth I Gastric Resection	Resekcija stomaka po Billrothu I (RSV B1)	32	NULL
4772	open-billroth-ii-gastric-resection	Open Billroth II Gastric Resection	Resekcija stomaka po Billrothu II – otvorena (RSV B2)	32	NULL
4773	open-bowel-adhesiolysis	Open Bowel Adhesiolysis	Adhezioliza crijeva – otvorena	32	NULL
4774	open-small-bowel-tumor-surgery	Open Small Bowel Tumor Surgery	Operacija tumora tankog crijeva – otvorena	32	NULL
4775	terminal-ileostomy-creation	Terminal Ileostomy Creation	Kreiranje terminalne ileostome	32	NULL
4776	bipolar-ileostomy-creation	Bipolar Ileostomy Creation	Kreiranje bipolarne ileostome	32	NULL
4777	bipolar-colostomy-creation	Bipolar Colostomy Creation	Bipolarna kolostoma	32	NULL
4778	colostomy-closure	Colostomy Closure	Zatvaranje kolostome	32	NULL
4779	thd-hemorrhoid-surgery	THD Hemorrhoid Surgery	Operacija hemoroida THD	32	NULL
4780	cystojejunostomy	Cystojejunostomy	Cistojejunoanastomoza	32	NULL
4781	etappenlavage	Etappenlavage	Etape lavage	32	NULL
4782	retroperitoneal-and-intra-abdominal-abscess-drainage	Retroperitoneal and Intra-abdominal Abscess Drainage	Drenaža retroperitonealnih ili intraabdominalnih apscesa	32	NULL
4783	esophageal-cancer-surgery-with-reconstruction	Esophageal Cancer Surgery with Reconstruction	Operacija karcinoma jednjaka sa rekonstrukcijom	32	NULL
4784	cervical-esophageal-diverticulum-surgery	Cervical Esophageal Diverticulum Surgery	Operacija divertikuluma jednjaka na vratu	32	NULL
4785	thoracic-esophageal-diverticulum-surgery	Thoracic Esophageal Diverticulum Surgery	Operacija divertikuluma jednjaka u grudnom košu	32	NULL
4786	esophageal-achalasia-heller-myotomy	Esophageal Achalasia Heller Myotomy	Operacija ahalazije jednjaka – Hellerova miotomija	32	NULL
4787	decompensated-esophagus-resection-with-reconstruction	Decompensated Esophagus Resection with Reconstruction	Resekcija dekompenzovanog jednjaka kod ahalazije sa rekonstrukcijom	32	NULL
4788	esophageal-perforation-repair-with-mediastinitis	Esophageal Perforation Repair with Mediastinitis	Povreda – perforacija jednjaka sa medijastinitisom	32	NULL
4789	merendino-procedure	Merendino Procedure	Merendinova operacija	32	NULL
4790	diffuse-esophageal-spasm-surgery	Diffuse Esophageal Spasm Surgery	Operacija difuznog spazma jednjaka	32	NULL
4791	complete-esophageal-myotomy	Complete Esophageal Myotomy	Kompletna miotomija jednjaka	32	NULL
4792	diagnostic-laparoscopy	Diagnostic Laparoscopy	Laparoskopska eksploracija	17,32	NULL
4793	follow-up-pediatric-surgeon-examination	Follow-up Pediatric Surgeon Examination	Kontrolni pregled dječijeg hirurga	25	NULL
4794	cervical-hemangioma-surgery	Cervical Hemangioma Surgery	Operacija hemangioma vrata	25	NULL
4795	lymphangioma-surgery	Lymphangioma Surgery	Operacija limfangioma	25	NULL
4796	cervical-lymphohemangioma-surgery	Cervical Lymphohemangioma Surgery	Operacija limfo-hemangioma vrata	25	NULL
4797	median-and-lateral-cervical-cyst-surgery	Median and Lateral Cervical Cyst Surgery	Operacija medijalnih i lateralnih cista vrata	25	NULL
4798	bronchogenic-cyst-surgery	Bronchogenic Cyst Surgery	Operacija bronhogenih cista	25	NULL
4799	congenital-chest-wall-tumor-surgery	Congenital Chest Wall Tumor Surgery	Operacija urođenih tumora zida grudnog koša	25	NULL
4800	congenital-lung-cyst-surgery	Congenital Lung Cyst Surgery	Operacija urođenih cista pluća	25	NULL
4801	congenital-diaphragmatic-defect-repair	Congenital Diaphragmatic Defect Repair	Operacija urođenih defekata dijafragme	25	NULL
4802	pediatric-echinococcal-lung-cyst-surgery	Pediatric Echinococcal Lung Cyst Surgery	Operacija ehinokoknih cista pluća kod djece	25	NULL
4803	pediatric-ventral-hernia-repair	Pediatric Ventral Hernia Repair	Operacija ventralnih kila kod djece	25	NULL
4804	pediatric-umbilical-hernia-repair	Pediatric Umbilical Hernia Repair	Operacija pupčane kile kod djece	25	NULL
4805	pediatric-inguinal-hernia-repair	Pediatric Inguinal Hernia Repair	Operacija preponske kile kod djece	25	NULL
4806	pediatric-midline-hernia-repair	Pediatric Midline Hernia Repair	Operacija kile srednje linije kod djece	25	NULL
4807	pediatric-bowel-obstruction-surgery	Pediatric Bowel Obstruction Surgery	Operacija spleta crijeva kod djece	25	NULL
4808	orchidopexy-for-cryptorchidism	Orchidopexy for Cryptorchidism	Operacija nespuštenog testisa kod djece	25	NULL
4809	congenital-testicular-tumor-surgery	Congenital Testicular Tumor Surgery	Operacija urođenih tumora testisa	25	NULL
4810	pediatric-testicular-trauma-surgery	Pediatric Testicular Trauma Surgery	Operacija povreda testisa kod djece	25	NULL
4811	hypospadias-repair	Hypospadias Repair	Operacija hipospadije	25	NULL
4812	penile-curvature-correction	Penile Curvature Correction	Korekcija krivina penisa	25	NULL
4813	testicular-torsion-surgery	Testicular Torsion Surgery	Operacija torzije testisa	25	NULL
4814	hydatid-of-morgagni-torsion-surgery	Hydatid of Morgagni Torsion Surgery	Operacija torzije hidatide testisa	25	NULL
4815	pediatric-acute-epididymitis-treatment	Pediatric Acute Epididymitis Treatment	Tretman akutnog epididimitisa kod djece	25	NULL
4816	vesicoureteral-reflux-surgery	Vesicoureteral Reflux Surgery	Operacija vezikoureteralnog refluksa	25	NULL
4817	congenital-bladder-anomaly-surgery	Congenital Bladder Anomaly Surgery	Operacija urođenih anomalija mokraćne bešike	25	NULL
4818	congenital-ureteral-anomaly-surgery	Congenital Ureteral Anomaly Surgery	Operacija urođenih anomalija mokraćovoda	25	NULL
4819	congenital-kidney-anomaly-surgery	Congenital Kidney Anomaly Surgery	Operacija anomalija bubrega i sabirnog sistema	25	NULL
4820	ureteropelvic-junction-stenosis-surgery	Ureteropelvic Junction Stenosis Surgery	Operacija UP stenoze	25	NULL
4821	sting-procedure-for-vesicoureteral-reflux	STING Procedure for Vesicoureteral Reflux	STING procedura kod vezikoureteralnog refluksa	25	NULL
4822	endoscopic-bladder-lesion-biopsy	Endoscopic Bladder Lesion Biopsy	Biopsije patoloških stanja u lumenu bešike	25	NULL
4823	sclerotherapy-veins	Sclerotherapy Veins	Skleroterapija vena	17	NULL
4824	laser-capillary-treatment	Laser Capillary Treatment	Laserski tretman kapilara	17	NULL
4825	lower-extremities-vascular-examination-with-doppler	Lower Extremities Vascular Examination with Doppler	Specijalistički vaskularni pregled donjih ekstremiteta sa Doplerom	14	NULL
4826	carotid-vascular-examination-with-doppler	Carotid Vascular Examination with Doppler	Specijalistički vaskularni pregled karotida sa Doplerom	14	NULL
4827	aortic-vascular-examination-with-doppler	Aortic Vascular Examination with Doppler	Specijalistički vaskularni pregled aorte sa Doplerom	14	NULL
4828	upper-extremities-vascular-examination-with-doppler	Upper Extremities Vascular Examination with Doppler	Specijalistički vaskularni pregled gornjih ekstremiteta sa Doplerom	14	NULL
4829	earfold-implant-otoplasty	Earfold Implant Otoplasty	Otoplastika sa Earfold implantatom	18	NULL
4830	mesothreads-treatment	Mesothreads Treatment	Tretman mezonitima	18	NULL
4831	g-spot-augmentation-g-shot	G-Spot Augmentation G-Shot	Augmentacija G-tačke (G-Shot)	18	NULL
4832	transconjunctival-blepharoplasty	Transconjunctival Blepharoplasty	Transkonjuktivalna blefaroplastika	18	NULL
4833	breast-augmentation-with-fat-transfer	Breast Augmentation with Fat Transfer	Povećanje grudi masnim ćelijama	18	NULL
4834	pulse-oximetry	Pulse Oximetry	Pulsna oksimetrija	12,15	Mjerenje saturacije ; Oxygen Saturation Measurement
4835	lingual-frenectomy	Lingual Frenectomy	Resekcija frenuluma jezika	11	NULL
4836	internist-examination-with-ecg-and-ultrasound	Internist Examination with ECG and Ultrasound	Internistički pregled sa EKG-om i ultrazvukom	9	NULL
4837	orthodontic-activator-appliance	Orthodontic Activator Appliance	Aktivator	34	NULL
4838	removable-space-maintainer	Removable Space Maintainer	Pokretni držač prostora	34	NULL
4839	clear-aligner-therapy	Clear Aligner Therapy	Folija za ispravljanje zuba	34	Aligneri ; Clear Aligners ; Invisible Braces ; Providne folije za zube
4840	orthodontic-face-bow	Orthodontic Face Bow	Obrazni luk	34	NULL
4841	orthodontic-face-mask	Orthodontic Face Mask	Facijalna maska	34	NULL
4842	rapid-palatal-expander	Rapid Palatal Expander	Aparat za brzo širenje nepca	34	NULL
4843	prefabricated-composite-veneer	Prefabricated Composite Veneer	Konfekcijska kompozitna ljuska	20	NULL
4844	dental-implant-astra-tech	Dental Implant Astra Tech	Dentalni implant Astra Tech	20	NULL
4845	bone-graft-with-membrane	Bone Graft with Membrane	Koštana plastika sa membranom	20	NULL
4846	bone-substitute-material	Bone Substitute Material	Materijal za zamjenu kosti	20	NULL
4847	resorbable-membrane	Resorbable Membrane	Resorptivna membrana	20	NULL
4848	zirconia-inlay	Zirconia Inlay	Cirkonijumski inlej	20	NULL
4849	gold-inlay	Gold Inlay	Zlatni inlej	20	NULL
4850	partial-denture-with-precision-attachment	Partial Denture with Precision Attachment	Parcijalna proteza sa atečmenom	20	NULL
4852	dental-implant-placement	Dental Implant Placement	Ugradnja dentalnog implanta	20	NULL
4853	hypertrophic-soft-tissue-excision	Hypertrophic Soft Tissue Excision	Uklanjanje hipertrofičnog mekog tkiva	20	NULL
4854	no-prep-veneer	No-Prep Veneer	No-Prep vinir	20	NULL
4855	lingual-braces-per-jaw	Lingual Braces per Jaw	Lingvalne bravice po vilici	34	NULL
4861	first-anesthesiologist-examination	First Anesthesiologist Examination	Prvi pregled - anesteziolog	14	NULL
4862	first-pediatric-examination	First Pediatric Examination	Prvi pregled djeteta - pedijatar	25	NULL
4863	first-infant-examination	First Infant Examination	Prvi pregled odojčeta - pedijatar	25	NULL
4864	first-neonatologist-examination	First Neonatologist Examination	Prvi pregled novorođenčeta - neonatolog	25	NULL
4865	follow-up-infant-examination	Follow-up Infant Examination	Ponovni pregled odojčeta - pedijatar	25	NULL
4866	first-gynecologist-obstetrician-examination	First Gynecologist-Obstetrician Examination	Prvi pregled - ginekolog-akušer	7	NULL
4867	follow-up-gynecologist-obstetrician-examination	Follow-up Gynecologist-Obstetrician Examination	Ponovni pregled - ginekolog-akušer	7	NULL
4868	first-pediatric-and-adolescent-gynecology-examination	First Pediatric and Adolescent Gynecology Examination	Prvi specijalistički pregled u dječijoj i adolescentnoj dobi	7,25	NULL
4869	follow-up-pediatric-and-adolescent-gynecology-examination	Follow-up Pediatric and Adolescent Gynecology Examination	Ponovni specijalistički pregled u dječijoj i adolescentnoj dobi	7,25	NULL
4870	first-internist-examination	First Internist Examination	Prvi pregled - internista	9	NULL
4871	first-rheumatologist-examination	First Rheumatologist Examination	Prvi pregled - reumatolog	10	NULL
4872	first-cardiologist-examination	First Cardiologist Examination	Prvi pregled - kardiolog	8	NULL
4873	first-pulmonologist-examination	First Pulmonologist Examination	Prvi pregled - pulmolog	12	NULL
4874	first-phthisiopneumologist-examination	First Phthisiopneumologist Examination	Prvi pregled - pneumoftiziolog	12	NULL
4875	follow-up-phthisiopneumologist-examination	Follow-up Phthisiopneumologist Examination	Ponovni pregled - pneumoftiziolog	12	NULL
4876	first-pediatric-endocrinologist-examination-infant	First Pediatric Endocrinologist Examination (Infant)	Prvi pregled odojčeta - dječiji endokrinolog	25,26	NULL
4877	first-pediatric-endocrinologist-examination	First Pediatric Endocrinologist Examination	Prvi pregled djeteta - dječiji endokrinolog	25,26	NULL
4878	follow-up-pediatric-endocrinologist-examination-infant	Follow-up Pediatric Endocrinologist Examination (Infant)	Ponovni pregled odojčeta - dječiji endokrinolog	25,26	NULL
4879	follow-up-pediatric-endocrinologist-examination	Follow-up Pediatric Endocrinologist Examination	Ponovni pregled djeteta - dječiji endokrinolog	25,26	NULL
4880	first-nephrologist-examination	First Nephrologist Examination	Prvi pregled - nefrolog	9	Prvi pregled nefrologa
4881	follow-up-nephrologist-examination	Follow-up Nephrologist Examination	Ponovni pregled - nefrolog	9	Kontrolni pregled nefrologa
4882	first-pediatric-nephrologist-examination-infant	First Pediatric Nephrologist Examination (Infant)	Prvi pregled odojčeta - dječiji nefrolog	9,25	NULL
4883	first-pediatric-nephrologist-examination	First Pediatric Nephrologist Examination	Prvi pregled djeteta - dječiji nefrolog	9,25	NULL
4884	follow-up-pediatric-nephrologist-examination-infant	Follow-up Pediatric Nephrologist Examination (Infant)	Ponovni pregled odojčeta - dječiji nefrolog	9,25	NULL
4885	follow-up-pediatric-nephrologist-examination	Follow-up Pediatric Nephrologist Examination	Ponovni pregled djeteta - dječiji nefrolog	9,25	NULL
4886	first-infectious-disease-specialist-examination	First Infectious Disease Specialist Examination	Prvi pregled - infektolog	9	First Infectologist Examination ; Prvi pregled infektologa
4887	follow-up-infectious-disease-specialist-examination	Follow-up Infectious Disease Specialist Examination	Ponovni pregled - infektolog	9	Follow-up Infectologist Examination ; Kontrolni infektološki pregled ; Kontrolni pregled infektologa
4888	first-dermatologist-examination	First Dermatologist Examination	Prvi pregled - dermatovenerolog	24	NULL
4889	first-surgical-examination	First Surgical Examination	Prvi pregled - hirurg	14	NULL
4890	first-urologist-examination	First Urologist Examination	Prvi pregled urologa	22	Initial Urology Consultation
4891	abdominal-vessels-and-lymph-nodes-ultrasound	Abdominal Vessels and Lymph Nodes Ultrasound	Ultrazvuk abdominalnih krvnih sudova i limfnih žlijezda	4	NULL
4892	transcranial-doppler-sonography	Transcranial Doppler Sonography	Transkranijalna doppler sonografija	4	TCD ; Transkranijalni dopler
4893	sinus-ultrasound	Sinus Ultrasound	Ultrazvuk sinusa	4,11	Paranasal Sinus Ultrasound ; Ultrazvuk paranazalnih sinusa
4894	ankle-brachial-index-by-doppler-ultrasound	Ankle-Brachial Index by Doppler Ultrasound	Mjerenje gležanjsko-brahijalnog indeksa dopler ultrazvukom	4	ABI ; Gležanjsko-brahijalni indeks ; Pedobrahijalni indeks
4895	msct-angiography-extremities	MSCT Angiography Extremities	MSCT angiografija ekstremiteta	2	NULL
4896	msct-virtual-bronchoscopy	MSCT Virtual Bronchoscopy	MSCT virtuelna bronhoskopija	2	NULL
4897	percutaneous-aspiration-biopsy-under-ct-guidance	Percutaneous Aspiration Biopsy under CT Guidance	Perkutana aspiraciona biopsija pod kontrolom CT-a	2	CT-Guided Aspiration Biopsy ; PAB pod kontrolom CT-a
4898	biliary-system-drainage-under-ct-guidance	Biliary System Drainage under CT Guidance	Drenaža bilijarnog sistema pod kontrolom CT-a	2	Drenaža žučnih puteva pod kontrolom CT-a
4899	percutaneous-transhepatic-bile-stone-removal-dormia-basket	Percutaneous Transhepatic Bile Stone Removal (Dormia Basket)	Perkutano-transhepatalno odstranjivanje žučnih konkremenata (Dormia košaricom)	2	NULL
4900	t-drain-replacement-under-ct-guidance	Replacement of Dislodged T-Drain under CT Guidance	Nadomještanje ispalog T-drena pod kontrolom CT-a	2	T-Drain Replacement under CT Guidance
4901	removal-of-obstructions-in-blocked-t-drain	Removal of Obstructions in Blocked T-Drain	Uklanjanje barijera u začepljenom T-drenu	2	NULL
4902	bile-duct-stricture-dilatation	Bile Duct Stricture Dilatation	Dilatacija striktura žučnih puteva	2	NULL
4903	postoperative-biopsy-of-extrahepatic-bile-ducts	Postoperative Biopsy of Extrahepatic Bile Ducts	Postoperativna biopsija ekstrahepatalnih žučnih vodova	2	NULL
4904	percutaneous-renal-cyst-aspiration-under-ct-guidance	Percutaneous Renal Cyst Aspiration under CT Guidance	Punkcija i evakuacija bubrežnih cista pod kontrolom CT-a	2	Punkcija ciste bubrega pod kontrolom CT-a
4905	percutaneous-nephrostomy-under-ct-guidance	Percutaneous Nephrostomy under CT Guidance	Perkutana nefrostomija pod kontrolom CT-a	2	NULL
4906	percutaneous-ureter-recanalization	Percutaneous Ureter Recanalization	Perkutana rekanalizacija uretera	2	NULL
4907	percutaneous-ureter-occlusion	Percutaneous Ureter Occlusion	Perkutano začepljenje uretera	2	NULL
4908	percutaneous-liver-abscess-drainage-under-ct-guidance	Percutaneous Liver Abscess Drainage under CT Guidance	Perkutana drenaža jetrenog apscesa pod kontrolom CT-a	2	NULL
4909	pericardiocentesis-with-catheter-drainage-under-ct-guidance	Pericardiocentesis with Catheter Drainage under CT Guidance	Perikardiocenteza i drenaža kateterom pod kontrolom CT-a	2	NULL
4910	selective-arterial-vasopressin-infusion-for-hemorrhage-control	Selective Arterial Vasopressin Infusion for Hemorrhage Control	Selektivna arterijska infuzija vazopresina za zaustavljanje krvarenja	2	NULL
4911	selective-arterial-vasopressin-and-prostaglandin-infusion-in-mesenteric-arteries	Selective Arterial Vasopressin and Prostaglandin Infusion in Mesenteric Arteries	Selektivna arterijska infuzija vazopresina i prostaglandina u crijevne arterije	2	NULL
4912	transcatheter-therapeutic-embolization	Transcatheter Therapeutic Embolization	Transkateterska terapijska embolizacija (TTE)	2	NULL
4913	catheter-organ-resection-by-feeding-artery-embolization	Transcatheter Organ Ablation by Feeding Artery Embolization	Kateterska ektomija organa (embolizacija dovodne arterije)	2	Catheter Organ Resection by Feeding Artery Embolization
4914	transcatheter-electrocoagulation-of-tumor-vessels	Transcatheter Electrocoagulation of Tumor Vessels	Transkateterska elektrokoagulacija krvnih sudova tumora	2	NULL
4915	intracranial-aneurysm-occlusion-with-balloon-catheter	Intracranial Aneurysm Occlusion with Balloon Catheter	Okluzija intrakranijalnih aneurizmi sa balonskim kateterom ili drugim okluzionim materijalom	2	NULL
4916	balloon-atrial-septostomy-rashkind-procedure	Balloon Atrial Septostomy (Rashkind Procedure)	Atrioseptostomija sa balonskim kateterom (po Rashkindu)	2	Atrioseptostomija po Raškindu
4917	patent-ductus-arteriosus-closure-portsmann-method	Patent Ductus Arteriosus Closure (Porstmann Method)	Zatvaranje otvorenog ductus Botalli (po Porstmannu)	2	Patent Ductus Arteriosus Closure (Portsmann Method) ; PDA Closure (Porstmann Method) ; Zatvaranje otvorenog Botalijevog kanala po Porstmannu
4918	percutaneous-transluminal-angioplasty	Percutaneous Transluminal Angioplasty	Perkutana transluminalna angioplastika (PTA) - dilatacija krvnih sudova	2	NULL
4919	foreign-body-removal-from-blood-vessels	Foreign Body Removal from Blood Vessels	Odstranjivanje stranih tijela iz krvnih sudova	2	NULL
4920	myelography	Myelography	Mijelografija	3	NULL
4921	mri-musculoskeletal-system	MRI Musculoskeletal System	MR pregled osteomuskularnog sistema	1	MR osteomuskularnog sistema ; Musculoskeletal MRI
4922	mri-angiography-brain-and-neck-vessels	MRI Angiography Brain and Neck Vessels	MR angiografija krvnih sudova vrata i mozga	1	MR krvnih sudova vrata i mozga ; MRA Head and Neck
4923	mri-thorax-and-mediastinum	MRI Thorax and Mediastinum	MR pregled toraksa i medijastinuma	1	NULL
4924	first-radiologist-examination	First Radiologist Examination	Prvi specijalistički pregled - radiolog	3,9	First Radiologist Specialist Examination ; Prvi specijalistički pregled radiologa ; Radiologist Examination ; Specijalistički pregled radiologa
4925	foreign-body-localization-x-ray-except-eye	Foreign Body Localization X-Ray (Except Eye)	Lokalizacija stranog tijela u bilo kojem organu (osim oka)	3	Foreign Body Localization Imaging ; Lokalizacija stranog tijela u bilo kom organu ; Rendgenska lokalizacija stranog tijela ; X-Ray Foreign Body Localization
4926	pharynx-and-larynx-x-ray	Pharynx and Larynx X-Ray	Snimanje ždrijela i grkljana	3	Rendgen grla ; Rendgen ždrijela i grkljana ; RTG ždrijela i grkljana ; X-Ray Pharynx and Larynx
4927	lung-fluorography	Lung Fluorography	Fluorografija pluća	3	Fluorogram pluća ; Lung Fluorogram
4928	mediastinum-x-ray	Mediastinum X-Ray	Snimak medijastinuma	3,12	Rendgen medijastinuma ; RTG medijastinuma ; X-Ray Mediastinum
4929	hepatobiliary-tract-x-ray	Hepatobiliary Tract X-Ray	Snimanje hepatobilijarnog trakta	3,13	Hepatobiliary X-Ray ; Rendgen hepatobilijarnog trakta ; Snimanje hepatobiliarnog trakta ; X-Ray Hepatobiliary Tract
4930	mammography	Mammography	Mamografija	3,7	Mammogram
4931	hysterosalpingography	Hysterosalpingography	Histerosalpingografija	3	HSG
4932	intravenous-cholangiocholecystography	Intravenous Cholangiocholecystography	Intravenska holangioholecistografija	3	NULL
4933	barium-enema	Barium Enema	Irigoskopija i irigografija	3	Lower GI Series
4934	double-contrast-barium-enema-fischer-method	Double Contrast Barium Enema (Fischer Method)	Irigoskopija i irigografija sa duplim kontrastom po Fišeru	3	Air-Contrast Barium Enema
4935	targeted-upper-gi-tract-x-ray	Targeted X-Ray of Esophagus, Stomach, Duodenum and Intestine (per Image)	Ciljano snimanje jednjaka, želuca, duodenuma i crijeva (za svaki snimak)	3	Targeted Upper GI Tract X-Ray
4936	intestinal-barium-passage	Intestinal Barium Passage	Pasaža crijeva	3	NULL
4937	intravenous-urography	Intravenous Urography	Intravenska urografija	3	Excretory Urography ; Intravenozna urografija ; IVP
4938	voiding-cystourethrography	Voiding Cystourethrography	Mikciona cistografija	3	MCUG ; Mikciona cistouretrografija ; VCUG
4939	infusion-urography-with-descending-cystography	Infusion Urography with Descending Cystography	Infuziona urografija sa descendentnom cistografijom	3	NULL
4940	eye-bulb-x-ray-vogt-method	Eye Bulb X-Ray (Vogt Method)	Snimanje očnog bulbusa po Vogtu	3	NULL
4941	foreign-body-localization-in-eye-with-fluoroscopy	Foreign Body Localization in Eye with Fluoroscopy	Lokalizacija stranog tijela u oku uz RTG kontrolu	3	NULL
4942	foreign-body-fluoroscopy-and-x-ray	Foreign Body Fluoroscopy and X-Ray	Radioskopija i snimanje stranog tijela	3	NULL
4943	intravenous-cholangiography-through-t-drain	Intravenous Cholangiography through T-Drain	Intravenska holangiografija kroz T-dren	3	NULL
4944	standard-cystourethrography	Standard Cystourethrography	Standardna cistografija (uretrocistografija)	3	Cystography
4945	percutaneous-urography	Percutaneous Urography	Perkutana urografija	3	NULL
4946	percutaneous-renal-cyst-sclerotherapy	Percutaneous Renal Cyst Sclerotherapy	Perkutana sklerotizacija ciste bubrega	3	NULL
4947	pathological-fluid-collection-and-biliary-drainage-control	Drainage Check of Pathological Fluid Collections, Biliary Tract and Nephrostomy	Kontrola drenaže patoloških tečnih kolekcija, bilijarnih puteva i nefrostome	3	Pathological Fluid Collection and Biliary Drainage Control
4948	antegrade-urography	Antegrade Urography	Anterogradna urografija	3	NULL
4949	cyst-puncture-under-ultrasound-guidance	Cyst Puncture under Ultrasound Guidance	Punkcija ciste pod kontrolom ultrazvuka	4	NULL
4950	thoracic-fluid-drainage-under-ultrasound-guidance	Thoracic Fluid Drainage under Ultrasound Guidance	Drenaža tečnih kolekcija iz torakalne šupljine pod kontrolom ultrazvuka	4	NULL
4951	abdominal-fluid-drainage-under-ultrasound-guidance	Abdominal Fluid Drainage under Ultrasound Guidance	Drenaža tečnih kolekcija iz abdominalne šupljine pod kontrolom ultrazvuka	4	NULL
4952	percutaneous-nephrostomy-under-ultrasound-guidance	Percutaneous Nephrostomy under Ultrasound Guidance	Perkutana nefrostomija pod kontrolom ultrazvuka	4	NULL
4953	fistulography	Fistulography	Fistulografija	3	NULL
4954	oral-cholecystography	Oral Cholecystography	Peroralna holecistografija	3	NULL
4955	infusion-cholecystography	Infusion Cholecystography	Infuziona holecistografija	3	NULL
4956	minute-urography	Minute Urography	Minutna urografija	3	NULL
4957	colon-x-ray-through-stoma	Colon X-Ray through Stoma	RTG pregled debelog crijeva kroz stomu	3	NULL
4958	retrograde-urography	Retrograde Urography	Retrogradna urografija	3	Retrograde Pyelography ; Retrogradna pijelografija
4959	pharynx-and-larynx-x-ray-with-fluoroscopy	Pharynx and Larynx X-Ray with Fluoroscopy	Snimanje ždrijela i grkljana uz rentgenoskopiju	3	NULL
4960	soft-tissue-neck-x-ray	Soft Tissue Neck X-Ray	Snimanje mekog tkiva vrata	3	RTG mekih tkiva vrata
4961	lung-fluoroscopy	Lung Fluoroscopy	Radioskopija pluća	3,12	Fluoroskopija pluća ; Pulmonary Fluoroscopy
4962	heart-fluoroscopy	Heart Fluoroscopy	Radioskopija srca	3	NULL
4963	esophagus-stomach-and-duodenum-fluoroscopy	Esophagus, Stomach and Duodenum Fluoroscopy	Radioskopija jednjaka, želuca i duodenuma	3	Radioskopija želuca
4964	stomach-and-duodenum-fluoroscopy-with-double-contrast	Stomach and Duodenum Fluoroscopy with Double Contrast	Radioskopija želuca i duodenuma sa dvostrukim kontrastom	3	NULL
4965	hypotonic-duodenography	Hypotonic Duodenography	Hipotona duodenografija	3	NULL
4966	stomach-stump-x-ray-with-catheter	Stomach Stump X-Ray with Catheter	RTG pregled batrljka želuca sa kateterom	3	NULL
4967	gastroduodenum-x-ray-through-stoma	Gastroduodenum X-Ray through Stoma	RTG pregled gastroduodenuma kroz stomu	3	NULL
4968	small-bowel-standard-fluoroscopic-passage	Standard Fluoroscopic Small Bowel Follow-Through	Standardna rentgenoskopska pasaža tankog crijeva	3	Small Bowel Series ; Small Bowel Standard Fluoroscopic Passage
4969	intravenous-cystography	Intravenous Cystography	Intravenska cistografija	3	NULL
4970	x-ray-abdomen-and-pelvis-native	X-Ray Abdomen and Pelvis Native	Pregledni snimak abdomena nativno sa karlicom	3	NULL
4971	unilateral-sialography	Unilateral Sialography	Sijalografija jedne pljuvačne žlijezde na jednoj strani	3	NULL
4972	bilateral-sialography	Bilateral Sialography	Sijalografija pljuvačnih žlijezda na obje strane	3	NULL
4973	temporomandibular-joint-arthrography	Temporomandibular Joint Arthrography	Artrografija temporomandibularnog zgloba	3	Artrografija viličnog zgloba ; TMJ Arthrography
4974	bronchography	Bronchography	Bronhografija	3	NULL
4975	cephalometric-x-ray	Cephalometric X-Ray	Telerentgenski snimak glave	3,20	Cephalometric Head Radiograph ; Lateral Cephalogram ; Telerendgenski snimak glave ; Telerentgenografski snimak glave
4976	pre-employment-medical-certificate	Pre-Employment Medical Certificate	Ljekarsko uvjerenje pri zasnivanju radnog odnosa	9	NULL
4977	medical-certificate-for-lifeguards-divers-and-boat-operators	Medical Certificate for Lifeguards Divers and Boat Operators	Ljekarsko uvjerenje za spasioce, ronioce i upravljanje čamcem	9	NULL
4978	medical-certificate-for-sports-referees-and-other-purposes	Medical Certificate for Sports Referees and Other Purposes	Ljekarsko uvjerenje za druge potrebe (sportske sudije i dr.)	9	NULL
4979	venous-blood-draw	Venous Blood Draw	Uzimanje krvi iz vene	28,29	Blood Collection Fee ; Naknada za uzimanje krvi ; Vađenje krvi ; Vađenje krvi iz vene
4980	capillary-blood-draw	Capillary Blood Draw	Uzimanje krvi iz prsta	28	Finger Prick Blood Draw ; Vađenje krvi iz prsta
4981	serum-separation	Serum Separation	Odvajanje seruma	28	NULL
4982	first-microbiologist-examination	First Microbiologist Examination	Prvi specijalistički pregled - mikrobiolog	9,28	First Microbiologist Specialist Examination ; Prvi specijalistički pregled mikrobiolog
4983	sample-reception-and-sterile-container-distribution	Sample Reception and Sterile Container Distribution	Prijem materijala i davanje sterilnih posuda	28	Sample Receipt and Sterile Container Issue ; Sterilna posuda za urin
4984	microbiology-sample-collection	Microbiology Sample Collection	Uzimanje uzoraka za mikrobiologiju	28	Sample Collection ; Uzimanje uzorka
4985	histopathology-of-appendectomy-specimen	Histopathology of Appendectomy Specimen	Pregled amputiranog apendiksa	28	NULL
4986	histopathology-of-colon-endoscopic-biopsy	Histopathology of Colon Endoscopic Biopsy	Pregled endoskopske biopsije kolona	28	NULL
4987	histopathology-of-lip-biopsy	Histopathology of Lip Biopsy	Pregled biopsije usne (labium oris)	28	NULL
4988	histopathology-of-gastric-mucosa-endoscopic-biopsy	Histopathology of Gastric Mucosa Endoscopic Biopsy	Pregled endoskopske biopsije sluznice želuca	28	NULL
4989	histopathology-of-dentogenic-cyst	Histopathology of Dentogenic Cyst	Pregled dentogene ciste	28	NULL
4990	histopathology-of-esophageal-endoscopic-biopsy	Histopathology of Esophageal Endoscopic Biopsy	Pregled endoskopske biopsije jednjaka	28	NULL
4991	histopathology-of-hemorrhoidectomy-specimen	Histopathology of Hemorrhoidectomy Specimen	Pregled hemoroidektomije	28	NULL
4992	histopathology-of-colon-polyp-endoscopic-resection	Histopathology of Colon Polyp Endoscopic Resection	Pregled endoskopski reseciranog polipa kolona	28	NULL
4993	histopathology-of-partial-gastrectomy-with-ulcer	Histopathology of Partial Gastrectomy with Ulcer	Pregled parcijalne resekcije želuca sa ulkusom	28	NULL
4994	histopathology-of-small-intestine-resection	Histopathology of Small Intestine Resection	Pregled resekovanog tankog crijeva	28	NULL
4995	histopathology-of-labial-cyst	Histopathology of Labial Cyst	Pregled labijalne ciste	28	NULL
4996	histopathology-of-myoma	Histopathology of Myoma	Pregled mioma	28	NULL
4997	histopathology-of-cervical-polyp	Histopathology of Cervical Polyp	Pregled polipa cerviksa	28	NULL
4998	histopathology-of-partial-ovarian-resection	Histopathology of Partial Ovarian Resection	Pregled parcijalne resekcije jajnika	28	NULL
4999	histopathology-of-fallopian-tube	Histopathology of Fallopian Tube	Pregled jajovoda	28	NULL
5000	histopathology-of-vaginal-biopsy	Histopathology of Vaginal Biopsy	Pregled biopsije vagine	28	NULL
5001	histopathology-of-salivary-and-lacrimal-glands	Histopathology of Salivary and Lacrimal Glands	Pregled pljuvačnih i suznih žlijezda	28	NULL
5002	histopathology-of-liver-echinococcus-cyst	Histopathology of Liver Echinococcus Cyst	Pregled ehinokoka jetre	28	NULL
5003	histopathology-of-conjunctival-biopsy	Histopathology of Conjunctival Biopsy	Pregled biopsije konjunktive	28	NULL
5004	histopathology-of-ear-canal-lesion	Histopathology of Ear Canal Lesion	Pregled promjene iz ušnog kanala	28	NULL
5005	histopathology-of-skin-biopsy	Histopathology of Skin Biopsy	Pregled biopsije kože	28	NULL
5006	histopathology-of-oral-and-pharyngeal-mucosa-biopsy	Histopathology of Oral and Pharyngeal Mucosa Biopsy	Pregled biopsije mukoze usta i farinksa	28	NULL
5007	histopathology-of-small-intestine-partial-resection-fissures-and-fistulas	Histopathology of Small Intestine Partial Resection (Fissures and Fistulas)	Pregled parcijalne resekcije tankog crijeva (fisure i fistule)	28	NULL
5008	histopathology-of-vaginal-tumor	Histopathology of Vaginal Tumor	Pregled tumora vagine (extirpatio tumoris vaginae)	28	NULL
5009	histopathology-of-cholecystectomy-specimen	Histopathology of Cholecystectomy Specimen	Pregled odstranjene žučne kese	28	NULL
5010	histopathology-of-salivary-gland-tumor	Histopathology of Salivary Gland Tumor	Pregled tumora pljuvačne žlijezde	28	NULL
5011	histopathology-of-pilonidal-sinus	Histopathology of Pilonidal Sinus	Pregled pilonidalnog sinusa	28	NULL
5012	histopathology-of-muscle-biopsy	Histopathology of Muscle Biopsy	Pregled biopsije mišića	28	NULL
5013	histopathology-of-subcutaneous-tumor	Histopathology of Subcutaneous Tumor	Pregled tumora subkutisa	28	NULL
5014	histopathology-of-laryngeal-biopsy	Histopathology of Laryngeal Biopsy	Pregled biopsije larinksa	28	NULL
5015	histopathology-of-tracheal-or-bronchial-biopsy	Histopathology of Tracheal or Bronchial Biopsy	Pregled biopsije traheje ili bronha	28	NULL
5016	cytological-analysis-of-pleural-and-abdominal-punctate	Cytological Analysis of Pleural and Abdominal Punctate	Citološka analiza pleuralnog i abdominalnog punktata	28	NULL
5017	histopathology-of-pharyngeal-tumor	Histopathology of Pharyngeal Tumor	Pregled tumora faringsa	28	NULL
5018	histopathology-of-total-laryngectomy	Histopathology of Total Laryngectomy	Pregled totalne resekcije larinksa	28	NULL
5019	histopathology-of-laryngeal-polyp	Histopathology of Laryngeal Polyp	Pregled polipa larinksa	28	NULL
5020	cytological-examination-of-sputum	Cytological Examination of Sputum	Citološki pregled sputuma	28	NULL
5021	histopathology-of-subtotal-thyroidectomy	Histopathology of Subtotal Thyroidectomy	Pregled subtotalne resekcije štitne žlijezde	28	NULL
5022	histopathology-of-penile-biopsy	Histopathology of Penile Biopsy	Pregled biopsije penisa	28	NULL
5023	histopathology-of-peritoneal-biopsy	Histopathology of Peritoneal Biopsy	Pregled biopsije peritoneuma (trbušne maramice)	28	NULL
5024	histopathology-of-teeth	Histopathology of Teeth	Pregled zuba (dentes)	28	NULL
5025	histopathology-of-oral-cavity-tumor	Histopathology of Oral Cavity Tumor	Pregled tumora iz usne duplje	28	NULL
5026	histopathology-of-middle-ear-surgery-specimen	Histopathology of Middle Ear Surgery Specimen	Pregled operativnog materijala iz srednjeg uva (granulacije, polipi)	28	NULL
5027	histopathology-of-cervical-biopsy-with-endocervical-curettage	Histopathology of Cervical Biopsy with Endocervical Curettage	Pregled biopsije cerviksa uterusa sa endocervikalnom kiretažom	28	NULL
5028	histopathology-of-lymph-node-biopsy	Histopathology of Lymph Node Biopsy	Pregled biopsije limfnog čvora	28	NULL
5030	histopathology-of-aortic-aneurysm	Histopathology of Aortic Aneurysm	Pregled aneurizme aorte	28	NULL
5031	histopathology-of-esophageal-resection	Histopathology of Esophageal Resection	Pregled resektata jednjaka	28	NULL
5032	histopathology-of-ovary-with-fallopian-tube	Histopathology of Ovary with Fallopian Tube	Pregled jajnika sa jajovodom	28	NULL
5033	histopathology-of-neck-cyst	Histopathology of Neck Cyst	Pregled ciste vrata	28	NULL
5034	histopathology-of-nevus	Histopathology of Nevus	Pregled nevusa	28	NULL
5035	histopathology-of-bone-curettage	Histopathology of Bone Curettage	Pregled kiretaže kosti	28	NULL
5036	histopathology-of-nasal-polyp	Histopathology of Nasal Polyp	Pregled polipa iz nosa	28	NULL
5037	histopathology-of-tonsillectomy-specimen	Histopathology of Tonsillectomy Specimen	Pregled tonzilektomije	28	NULL
5038	histopathology-of-transurethral-bladder-tumor-resection	Histopathology of Transurethral Bladder Tumor Resection	Pregled transuretralne resekcije tumora mokraćne bešike	28	NULL
5039	histopathology-of-nerve-biopsy	Histopathology of Nerve Biopsy	Pregled biopsije nerva	28	NULL
5040	histopathology-of-partial-colectomy	Histopathology of Partial Colectomy	Pregled parcijalne resekcije debelog crijeva	28	NULL
5041	histopathology-of-testicular-biopsy	Histopathology of Testicular Biopsy	Pregled biopsije testisa	28	NULL
5042	histopathology-of-amputated-rectum	Histopathology of Amputated Rectum	Pregled amputiranog rektuma	28	NULL
5043	histopathology-of-breast-tumor	Histopathology of Breast Tumor	Pregled tumora dojke	28	NULL
5044	histopathology-of-ovarian-cyst-or-tumor	Histopathology of Ovarian Cyst or Tumor	Pregled ciste ili tumora jajnika	28	NULL
5045	histopathology-of-spleen	Histopathology of Spleen	Pregled slezine	28	NULL
5046	histopathology-of-mandible-or-maxilla-resection	Histopathology of Mandible or Maxilla Resection	Pregled resektata mandibule ili maksile	28	NULL
5047	histopathology-of-total-gastrectomy	Histopathology of Total Gastrectomy	Pregled totalne gastrektomije	28	NULL
5048	histopathology-of-lymph-node-group	Histopathology of Lymph Node Group	Pregled grupe limfnih čvorova	28	NULL
5049	histopathology-of-bone-tumor	Histopathology of Bone Tumor	Pregled tumora kosti	28	NULL
5050	histopathology-of-total-thyroidectomy	Histopathology of Total Thyroidectomy	Pregled totalne resekcije štitne žlijezde	28	NULL
5051	histopathology-of-cervical-conization	Histopathology of Cervical Conization	Pregled konizata cerviksa uterusa	28	NULL
5052	histopathology-of-uterus-with-unilateral-adnexa	Histopathology of Uterus with Unilateral Adnexa	Pregled uterusa sa jednim jajovodom i jajnikom	28	NULL
5053	histopathology-of-uterus	Histopathology of Uterus	Pregled uterusa	28	NULL
5054	histopathology-of-bone-marrow-biopsy	Histopathology of Bone Marrow Biopsy	Pregled biopsije koštane srži	28	NULL
5055	histopathology-of-uterus-with-bilateral-adnexa	Histopathology of Uterus with Bilateral Adnexa	Pregled uterusa sa adneksima	28	NULL
5056	frozen-section-histopathology-ex-tempore	Frozen Section Histopathology (Ex Tempore)	Histopatološka dijagnostika ex tempore (smrznuti rez)	28	NULL
5057	histopathology-of-esophagogastrectomy	Histopathology of Esophagogastrectomy	Pregled ezofagogastrektomije	28	NULL
5058	histopathology-of-eye-globe	Histopathology of Eye Globe	Pregled očne jabučice (bulbus oculi)	28	NULL
5059	histopathology-of-lung-tumor	Histopathology of Lung Tumor	Pregled tumora pluća	28	NULL
5060	histopathology-of-nephrectomy	Histopathology of Nephrectomy	Pregled totalne resekcije bubrega	28	NULL
5061	histopathology-of-total-cystectomy	Histopathology of Total Cystectomy	Pregled totalne ekstirpacije mokraćne bešike	28	NULL
5062	histopathology-of-total-prostatectomy	Histopathology of Total Prostatectomy	Pregled totalne resekcije prostate	28	NULL
5063	histopathology-of-total-gastric-resection	Histopathology of Total Gastric Resection	Pregled totalne resekcije želuca	28	NULL
5064	histopathology-of-total-gastrectomy-with-splenectomy	Histopathology of Total Gastrectomy with Splenectomy	Pregled totalne resekcije želuca sa slezinom	28	NULL
5065	histopathology-of-radical-mastectomy	Histopathology of Radical Mastectomy	Pregled radikalne mastektomije	28	NULL
5066	histopathology-of-benign-skin-lesions-atheroma-wart-papilloma-condyloma-xanthelasma	Histopathology of Benign Skin Lesions (Atheroma, Wart, Papilloma, Condyloma, Xanthelasma)	Pregled benignih lezija kože (ateromi, veruke, papilomi, kondilomi, ksantelazme)	28	NULL
5067	histopathology-of-total-colectomy	Histopathology of Total Colectomy	Pregled totalne resekcije debelog crijeva	28	NULL
5068	histopathology-of-intestinal-resection-in-whipples-disease	Histopathology of Intestinal Resection in Whipple's Disease	Pregled resekovanog crijeva kod Whipple-ove bolesti	28	NULL
5069	histopathology-of-neck-block-dissection	Histopathology of Neck Block Dissection	Pregled blok resekcije vrata	28	NULL
5070	clinical-autopsy	Clinical Autopsy	Klinička obdukcija	28	NULL
5071	histopathology-of-gastric-polyp-endoscopic-resection	Histopathology of Gastric Polyp Endoscopic Resection	Pregled endoskopske resekcije polipa želuca	28	NULL
5072	histopathology-of-partial-gastrectomy-with-tumor	Histopathology of Partial Gastrectomy with Tumor	Pregled parcijalne resekcije želuca sa tumorom	28	NULL
5073	histopathology-of-salivary-gland-biopsy	Histopathology of Salivary Gland Biopsy	Pregled biopsije pljuvačne žlijezde	28	NULL
5074	histopathology-of-penile-resection	Histopathology of Penile Resection	Pregled resekcije penisa	28	NULL
5075	histopathology-of-prostate-biopsy	Histopathology of Prostate Biopsy	Pregled biopsije prostate	28	NULL
5076	histopathology-of-endometrial-curettage	Histopathology of Endometrial Curettage	Pregled kiretaže endometrijuma	28	NULL
5077	histopathology-of-fractional-uterine-curettage	Histopathology of Fractional Uterine Curettage	Pregled frakcione kiretaže uterusa	28	NULL
5078	histopathology-of-partial-hepatectomy	Histopathology of Partial Hepatectomy	Pregled parcijalne resekcije jetre	28	NULL
5079	histopathology-of-ovarian-biopsy	Histopathology of Ovarian Biopsy	Pregled biopsije jajnika	28	NULL
5080	histopathology-of-tonsil-biopsy	Histopathology of Tonsil Biopsy	Pregled biopsije tonzile	28	NULL
5081	histopathology-of-transurethral-bladder-or-prostate-mucosa-resection	Histopathology of Transurethral Bladder or Prostate Mucosa Resection	Pregled transuretralne resekcije sluznice mokraćne bešike ili prostate	28	NULL
5082	histopathology-of-orchiectomy-specimen	Histopathology of Orchiectomy Specimen	Pregled preparata orhiektomije	28	NULL
5083	cytology-of-breast-punctate	Cytology of Breast Punctate	Citologija punktata dojke	28	NULL
5084	cytology-of-thyroid-punctate	Cytology of Thyroid Punctate	Citologija punktata štitne žlijezde	28	NULL
5085	cytology-of-lymph-node-punctate	Cytology of Lymph Node Punctate	Citologija punktata limfnog čvora	28	NULL
5086	cytology-of-salivary-gland-punctate	Cytology of Salivary Gland Punctate	Citologija punktata pljuvačne žlijezde	28	NULL
5087	cytology-of-bronchial-lavage	Cytology of Bronchial Lavage	Citološki pregled bronhijalnog lavata	28	NULL
5088	cytology-of-aspirate	Cytology of Aspirate	Citološki pregled aspirata	28	NULL
5089	cytology-of-tumor-punctate	Cytology of Tumor Punctate	Citologija punktata tumora	28	NULL
5090	histopathology-of-renal-biopsy	Histopathology of Renal Biopsy	Pregled biopsije bubrega	28	NULL
5091	histopathology-of-partial-nephrectomy	Histopathology of Partial Nephrectomy	Pregled parcijalne resekcije bubrega	28	NULL
5092	histopathology-of-adrenal-gland	Histopathology of Adrenal Gland	Pregled nadbubrežne žlijezde	28	NULL
5093	histopathology-of-total-gastrectomy-with-omentum-and-spleen	Histopathology of Total Gastrectomy with Omentum and Spleen	Pregled totalne resekcije želuca sa omentumom i slezinom	28	NULL
5094	clinical-autopsy-with-embalming	Clinical Autopsy with Embalming	Klinička obdukcija sa balsamacijom	28	NULL
5095	histopathology-of-blood-vessel-biopsy	Histopathology of Blood Vessel Biopsy	Pregled biopsije krvnog suda	28	NULL
5096	histopathology-of-myocardial-biopsy	Histopathology of Myocardial Biopsy	Pregled biopsije miokarda	28	NULL
5097	histopathology-of-cardiac-tumor	Histopathology of Cardiac Tumor	Pregled tumora srca	28	NULL
5098	histopathology-of-cardiac-valve	Histopathology of Cardiac Valve	Pregled srčanog zaliska	28	NULL
5099	histopathology-of-anal-resection	Histopathology of Anal Resection	Pregled resekcije anusa	28	NULL
5100	histopathology-of-duodenal-and-small-intestine-endoscopic-biopsy	Histopathology of Duodenal and Small Intestine Endoscopic Biopsy	Pregled endoskopske biopsije duodenuma i tankog crijeva	28	NULL
5101	histopathology-of-duodenal-resection	Histopathology of Duodenal Resection	Pregled resektata duodenuma	28	NULL
5102	histopathology-of-duodenum-and-pancreas-resection	Histopathology of Duodenum and Pancreas Resection	Pregled resektata duodenuma i pankreasa	28	NULL
5103	histopathology-of-pancreatic-biopsy	Histopathology of Pancreatic Biopsy	Pregled biopsije pankreasa	28	NULL
5104	histopathology-of-pancreatic-resection	Histopathology of Pancreatic Resection	Pregled resektata pankreasa	28	NULL
5105	histopathology-of-liver-needle-biopsy	Histopathology of Liver Needle Biopsy	Pregled iglene biopsije jetre	28	NULL
5107	histopathology-of-endometrial-polyp	Histopathology of Endometrial Polyp	Pregled polipa endometrijuma	28	NULL
5108	histopathology-of-uterus-with-adnexa-and-regional-lymph-nodes	Histopathology of Uterus with Adnexa and Regional Lymph Nodes	Pregled uterusa sa adneksima i regionalnim limfnim čvorovima	28	NULL
5110	histopathology-of-vulvectomy	Histopathology of Vulvectomy	Pregled vulvektomije	28	NULL
5111	histopathology-of-placenta	Histopathology of Placenta	Pregled posteljice	28	NULL
5112	histopathology-of-breast-needle-biopsy	Histopathology of Breast Needle Biopsy	Pregled iglene biopsije dojke	28	NULL
5113	histopathology-of-breast-biopsy	Histopathology of Breast Biopsy	Pregled biopsije dojke	28	NULL
5114	histopathology-of-breast-quadrantectomy	Histopathology of Breast Quadrantectomy	Pregled kvadrantektomije dojke	28	NULL
5115	histopathology-of-partial-mastectomy	Histopathology of Partial Mastectomy	Pregled parcijalne mastektomije	28	NULL
5116	histopathology-of-lung-biopsy	Histopathology of Lung Biopsy	Pregled biopsije pluća	28	NULL
5117	histopathology-of-lung-lobectomy	Histopathology of Lung Lobectomy	Pregled resekcije lobusa pluća (lobektomija)	28	NULL
5118	histopathology-of-lung-bilobectomy	Histopathology of Lung Bilobectomy	Pregled bilobektomije pluća	28	NULL
5119	histopathology-of-pneumonectomy-specimen	Histopathology of Pneumonectomy Specimen	Pregled pulmonektomije (plućnog krila)	28	NULL
5120	histopathology-of-pleural-biopsy	Histopathology of Pleural Biopsy	Pregled biopsije pleure	28	NULL
5121	histopathology-of-lung-echinococcus-cyst	Histopathology of Lung Echinococcus Cyst	Pregled ehinokoka pluća	28	NULL
5122	histopathology-of-thymic-tumor-or-cyst	Histopathology of Thymic Tumor or Cyst	Pregled tumora i cisti timusa	28	NULL
5123	histopathology-of-mediastinal-tumor	Histopathology of Mediastinal Tumor	Pregled tumora medijastinuma	28	NULL
5124	histopathology-of-pharyngeal-biopsy	Histopathology of Pharyngeal Biopsy	Pregled biopsije farinksa	28	NULL
5125	histopathology-of-sinus-biopsy	Histopathology of Sinus Biopsy	Pregled biopsije sinusa	28	NULL
5126	histopathology-of-partial-laryngectomy	Histopathology of Partial Laryngectomy	Pregled parcijalne resekcije larinksa	28	NULL
5127	histopathology-of-skin-tumor	Histopathology of Skin Tumor	Pregled tumora kože	28	NULL
5128	histopathology-of-brain-tumor	Histopathology of Brain Tumor	Pregled tumora mozga	28	NULL
5129	histopathology-of-brain-lobe-resection	Histopathology of Brain Lobe Resection	Pregled resekovanog režnja mozga	28	NULL
5130	histopathology-of-retroperitoneal-tumor	Histopathology of Retroperitoneal Tumor	Pregled tumora retroperitoneuma	28	NULL
5131	histopathology-of-soft-tissue-tumor	Histopathology of Soft Tissue Tumor	Pregled tumora mekog tkiva	28	NULL
5132	histopathology-of-amputated-extremity	Histopathology of Amputated Extremity	Pregled amputiranog ekstremiteta	28	NULL
5133	histochemical-staining-methods	Histochemical Staining Methods	Histohemijske metode bojenja	28	NULL
5134	immunohistochemistry-analysis	Immunohistochemistry Analysis	Imunohistohemijska analiza	28	NULL
5135	chromogenic-in-situ-hybridization	Chromogenic In Situ Hybridization	In situ hibridizacija (hromogena)	28	NULL
5136	immunofluorescence-analysis	Immunofluorescence Analysis	Imunofluorescentna analiza	28	NULL
5137	kras-mutation-analysis	KRAS Mutation Analysis	KRAS analiza (mutacija)	28	NULL
5138	pathology-pcr-analysis	Pathology PCR Analysis	PCR analiza (patologija)	28	NULL
5139	manual-segmental-massage	Manual Segmental Massage	Manuelna segmentna masaža	5	NULL
5140	apparatus-assisted-massage	Apparatus-Assisted Massage	Aparaturna masaža	5	Aparatna masaža ; Mechanical Apparatus Massage
5141	high-frequency-current-therapy	High-Frequency Current Therapy	Visokofrekventne struje	5	NULL
5142	underwater-ultrasound-therapy	Underwater Ultrasound Therapy	Terapija ultrazvukom u vodi	5	NULL
5143	pearl-bath-therapy	Pearl Bath Therapy	Terapija bisernim kupkama	5	Biserne kupke
5144	manual-muscle-test-per-extremity	Manual Muscle Test per Extremity	Manuelni mišićni test po ekstremitetu	5	NULL
5145	infrared-ultraviolet-and-bioptron-lamp-irradiation	Infrared, Ultraviolet and Bioptron Lamp Irradiation	Zračenje infracrvenom, ultravioletnom i bioptron lampom	5	NULL
5146	galvanic-current-therapy-in-water	Galvanic Current Therapy in Water	Terapija galvanskom strujom u vodi	5	NULL
5147	short-wave-diathermy	Short-Wave Diathermy	KTD (kratkotalasna dijatermija)	5	Kratkotalasna diatermija
5148	microwave-diathermy	Microwave Diathermy	Mikrotalasna dijatermija	5	Mikrotalasna diatermija
5149	sonophoresis	Sonophoresis	Sonoforeza	5	NULL
5150	electrical-excitability-test-of-nerves-and-muscles-with-faradic-and-galvanic-currents	Electrical Excitability Test of Nerves and Muscles with Faradic and Galvanic Currents	Ispitivanje električne podražljivosti živaca i mišića primjenom faradskih i galvanskih struja	5	NULL
5151	activities-of-daily-living-training	Condition-Specific Activities of Daily Living Training	Uvježbavanje aktivnosti svakodnevnog života prema patološkim stanjima	5	ADL Training
5152	gait-exercises	Gait Exercises	Vježbe hoda	5	Vežbe hoda
5153	gait-training-with-walking-aid	Gait Training with Walking Aid	Obuka hoda sa pomagalom	5	Obuka hoda sa štakama
5154	gait-coordination-correction-and-balance-automation-exercises	Gait Coordination, Correction and Balance Automation Exercises	Vježbe koordinacije, korekcije i automatizacije balansa hoda	5	NULL
5155	breathing-exercises	Breathing Exercises	Vježbe disanja	5	Vežbe disanja
5156	group-exercises-in-corrective-cast-for-scoliosis-or-milwaukee-brace	Group Exercises in Corrective Cast for Scoliosis or Milwaukee Brace (Per Person)	Grupne vježbe po osobi u korektivnom gipsu za skoliozu ili u Milwaukee mideru	5	NULL
5157	stimulative-exercises-for-at-risk-infants	Stimulative Exercises for At-Risk Infants	Stimulativne vježbe kod rizično rođene djece	5	Stimulativne vežbe kod rizično rođene dece
5158	passive-and-assisted-exercises	Passive and Assisted Exercises	Pasivne i potpomognute vježbe	5	Pasivne i potpomognute vežbe
5159	active-and-resistance-exercises	Active and Resistance Exercises	Aktivne vježbe i vježbe protiv otpora	5	Vežbe protiv otpora
5160	exercises-on-equipment-pulley-ergocycle-cpm-suspension	Exercises on Equipment (Pulley, Ergocycle, CPM, Suspension)	Vježbe na spravama: puli aparat ili ergobicikl, kinetička šina, suspenzija	5	Vežbe na spravama
5161	joint-range-of-motion-measurement-per-pair-of-extremities	Joint Range of Motion Measurement per Pair of Extremities	Mjerenje obima pokreta pojedinih zglobova po jednom paru ekstremiteta	5	Goniometrija ; Goniometry
5162	segmental-isometric-exercises	Segmental Isometric Exercises	Izometrijske vježbe — segmentne	5	Segmentne izometrijske vežbe
5163	mechanical-spinal-traction	Mechanical Spinal Traction	Trakcija kičmenog stuba na aparatu	5	Istezanje kičme na aparatu
5164	activities-of-daily-living-test	Activities of Daily Living Test	Test aktivnosti svakodnevnog života	5	ADL Assessment
5165	patient-training-in-specific-protective-body-positions	Patient Training in Specific Protective Body Positions	Obuka pacijenta specifičnim zaštitnim položajima tijela	5	NULL
5166	vacuum-massage	Vacuum Massage	Vakum masaža	5	Vakuum masaža
5167	postural-drainage-in-bed	Postural Drainage in Bed	Posturalna drenaža u postelji	5	NULL
5168	sitting-or-standing-balance-exercises	Sitting or Standing Balance Exercises	Vježbe ravnoteže sjedećeg ili stojećeg stava	5	NULL
5169	upper-extremity-coordination-exercises	Upper Extremity Coordination Exercises	Vježbe koordinacije gornjih ekstremiteta	5	Vežbe koordinacije gornjih ekstremiteta
5170	lower-extremity-coordination-exercises	Lower Extremity Coordination Exercises	Vježbe koordinacije donjih ekstremiteta	5	Vežbe koordinacije donjih ekstremiteta
5171	extremity-coordination-and-gait-balance-exercises	Extremity Coordination and Gait Balance Exercises	Vježbe koordinacije pokreta ekstremiteta i balansa hoda	5	NULL
5172	assisted-segmental-exercises	Assisted Segmental Exercises	Potpomognute segmentne vježbe	5	NULL
5173	progressive-resistance-exercises	Progressive Resistance Exercises	Progresivne vježbe sa otporom	5	Progresivne vežbe sa otporom
5174	active-segmental-exercises-with-graded-loading	Active Segmental Exercises with Graded Loading	Aktivne segmentne vježbe sa doziranim opterećenjem	5	NULL
5175	upper-and-lower-extremity-deformity-correction-exercises	Upper and Lower Extremity Deformity Correction Exercises	Vježbe za korekciju deformiteta gornjih i donjih ekstremiteta	5	Vežbe za korekciju deformiteta gornjih i donjih ekstremiteta
5176	postural-exercises	Postural Exercises	Posturalne vježbe	5	Posturalne vežbe ; Posture Exercises
5177	extremity-dynamometry	Extremity Dynamometry	Dinamometrija ekstremiteta	5	NULL
5178	ultra-short-wave-therapy	Ultra-Short Wave Therapy	Terapija ultrakratkim talasima	5	NULL
5179	chronaximetry-of-sensory-and-motor-nerves	Chronaximetry of Sensory and Motor Nerves	Hronaksimetrija senzitivnih i motornih živaca	5	NULL
5180	strength-duration-curve-determination	Strength-Duration Curve Determination	Određivanje I/T (intenzitet–vrijeme) krive	5	NULL
5181	contact-and-non-contact-dermatothermometry	Contact and Non-Contact Dermatothermometry	Kontaktna i beskontaktna dermatotermometrija	5	NULL
5182	active-assisted-exercises-in-water	Active-Assisted Exercises in Water	Aktivno potpomognute vježbe u vodi	5	NULL
5183	progressive-quadriceps-resistance-exercises	Progressive Resistance Exercises on a Quadriceps Machine	Progresivne vježbe sa otporom na kvadriceps aparatu	5	Progresivne vežbe sa otporom na kvadriceps aparatu ; Progressive Quadriceps Resistance Exercises
5184	mechanotherapy-on-equipment	Mechanotherapy on Equipment	Mehanoterapija na aparatu	5	NULL
5185	sympathetic-ganglion-block-with-diadynamic-currents	Sympathetic Ganglion Block with Diadynamic Currents	Blokada simpatičnih ganglija DD strujama	5	NULL
5186	bladder-electrical-stimulation	Bladder Electrical Stimulation	Elektrostimulacija mokraćnog mjehura	5	NULL
5187	stable-faradization	Stable Faradization	Stabilna faradizacija	5	NULL
5188	phonophoresis	Phonophoresis	Fonoforeza	5	NULL
5189	co2-bath-therapy	CO2 Bath Therapy	Terapija sa CO2 kupkama	5	CO2 kupke
5190	hydrocollator-therapy	Hydrocollator Therapy	Terapija hidrokolatorom	5	Hot Pack Therapy
5191	first-physiatrist-examination-for-children-with-special-needs	First Physiatrist Examination for Children with Special Needs	Prvi pregled fizijatra za djecu sa posebnim potrebama	5	Prvi pregled fizijatra za decu sa posebnim potrebama
5192	follow-up-physiatrist-examination-for-children-with-special-needs	Follow-up Physiatrist Examination for Children with Special Needs	Kontrolni pregled fizijatra za djecu sa posebnim potrebama	5	Kontrolni pregled fizijatra za decu sa posebnim potrebama
5193	first-psychiatrist-examination	First Psychiatrist Examination	Prvi pregled — psihijatar	NULL	First Psychiatric Examination ; Pregled kod psihijatra ; Prvi psihijatrijski pregled ; Psychiatric Consultation
5194	follow-up-psychiatrist-examination	Follow-up Psychiatrist Examination	Kontrolni pregled — psihijatar	NULL	Follow-up Psychiatric Examination ; Kontrola psihijatrijskog pregleda ; Ponovni pregled psihijatra
5195	individual-supportive-psychotherapy-and-counseling	Individual Supportive Psychotherapy and Counseling	Površna individualna psihoterapija, savjetovanje	NULL	Individual Psychiatric Therapy Counseling ; Individualna terapija savjeti psihijatra
5196	individual-cognitive-or-behavioral-psychotherapy-session	Individual Cognitive or Behavioral Psychotherapy Session	Individualna seansa kognitivno ili bihejvioralno baziranih psihoterapijskih tehnika	NULL	NULL
5197	group-psychotherapy-session-for-anxiety-depression-or-psychotic-disorders	Group Psychotherapy Session for Anxiety, Depression or Psychotic Disorders	Dnevna seansa grupne psihoterapije pacijenata sa anksioznim, depresivnim ili psihotičnim poremećajem	NULL	NULL
5198	group-psychotherapy-session-for-addictions	Group Psychotherapy Session for Addictions	Seansa grupne psihoterapije zavisnika	NULL	Addiction Group Psychotherapy ; Grupna psihoterapija kod osoba sa bolestima zavisnosti
5199	family-psychotherapy-session	Family Psychotherapy Session	Seansa porodične psihoterapije	NULL	Family and Couples Psychotherapy ; Porodična psihoterapija (terapija bračnih i drugih parova)
5200	analytically-oriented-depth-psychotherapy-session	Analytically-Oriented Depth Psychotherapy Session	Seansa dubinske (analitički orijentisane) psihoterapije	NULL	Analitički sumnjivni razgovor ; Analytical Therapy Session
5201	behavioral-psychotherapy	Behavioral Psychotherapy	Psihoterapija ponašanja	NULL	Behavior Therapy ; Behavioral Therapy ; Bihejvioralna terapija ; Bihevioralna terapija
5202	relaxation-technique	Relaxation Technique	Tehnika relaksacije	NULL	Relaxation Training ; Tehnike relaksacije
5203	clinical-intellectual-status-assessment	Clinical Intellectual Status Assessment	Kliničko ispitivanje procjene intelektualnog statusa	NULL	NULL
5204	personality-structure-assessment-for-adults	Personality Structure Assessment for Adults	Procjena strukture ličnosti (eksploracija) za odrasle	NULL	Adult Personality Structure Assessment ; Procjena strukture ličnosti odraslih
5205	neuropsychological-examination-with-cognitive-assessment-for-adults	Neuropsychological Examination with Cognitive Assessment for Adults	Neuropsihološki pregled sa procjenom kognitivnih funkcija za odrasle	NULL	NULL
5206	heteroanamnesis	Heteroanamnesis	Heteroanamneza	NULL	Collateral History ; Hetero-anamnesis
5207	electroconvulsive-therapy-under-general-anesthesia	Electroconvulsive Therapy under General Anesthesia	Elektrošok u opštoj anesteziji i miorelaksaciji (bilateralni ili unilateralni)	NULL	NULL
5208	daily-occupational-therapy-session-in-hospital	Daily Occupational Therapy Session in Hospital	Dnevna seansa okupaciono-radne terapije u bolnici	NULL	NULL
5209	therapeutic-community-meeting-in-hospital	Therapeutic Community Meeting in Hospital	Sastanak terapeutske zajednice u bolnici	NULL	NULL
5210	family-intervention-for-patients-with-chronic-psychotic-disorders-day-treatment	Family Intervention for Patients with Chronic Psychotic Disorders (Day Treatment)	Porodična intervencija kod pacijenata sa hroničnim psihotičnim poremećajem — dnevna	NULL	NULL
5211	group-social-skills-training-and-behavioral-modules	Group Social Skills Training and Behavioral Modules	Grupni trening socijalnih vještina i drugi bihejvioralno bazirani moduli	NULL	NULL
5212	psychologist-interview	Psychologist Interview	Intervju psihologa	NULL	Anamnesis Diagnostic Interview ; Anamneza dijagnostički intervju
5213	psychological-testing-category-a	Psychological Testing Category A	Prikupljanje podataka sa psihološkim testovima i metodama — kategorija A	NULL	Prikupljanje podataka psihološkim testovima kategorije A ; Psychological Test Data Collection Category A
5214	psychological-testing-category-b	Psychological Testing Category B	Prikupljanje podataka sa psihološkim testovima i metodama — kategorija B	NULL	Prikupljanje podataka psihološkim testovima kategorije B ; Psychological Test Data Collection Category B
5215	psychological-testing-category-c	Psychological Testing Category C	Prikupljanje podataka sa psihološkim testovima i metodama — kategorija C	NULL	Prikupljanje podataka psihološkim testovima kategorije C ; Psychological Test Data Collection Category C
5216	psychological-testing-category-d	Psychological Testing Category D	Prikupljanje podataka sa psihološkim testovima i metodama — kategorija D	NULL	Prikupljanje podataka psihološkim testovima kategorije D ; Psychological Test Data Collection Category D
5217	individual-supportive-therapy	Individual Supportive Therapy	Individualna površna terapija	NULL	NULL
5218	analytically-oriented-psychotherapy	Analytically-Oriented Psychotherapy	Analitički usmjerena psihoterapija	NULL	NULL
5219	family-psychological-treatment	Family Psychological Treatment	Psihološki tretman porodice	NULL	NULL
5220	psychological-assessment-for-children-with-special-needs	Psychological Assessment for Children with Special Needs	Ekspertiza psihološkog stanja kod djece sa posebnim potrebama	NULL	NULL
5221	social-worker-expert-assessment	Social Worker Expert Assessment	Ekspertiza socijalnog radnika	NULL	NULL
5222	social-worker-interview-social-history	Social Worker Interview — Social History	Intervju socijalnog radnika — socijalna anamneza	NULL	NULL
5223	24-hour-or-overnight-eeg-recording	24-Hour or Overnight EEG Recording	Cjelodnevno ili noćno snimanje EEG-a	21	NULL
5224	electroneurography-of-a-single-nerve-trunk	Electroneurography of a Single Nerve Trunk	Elektroneurografija jednog nervnog stabla	21	NULL
5225	electromyoneurography-emng	Electromyoneurography (EMNG)	Elektromioneurografija (EMNG)	21	NULL
5226	motor-conduction-velocity-of-peripheral-nerve	Motor Conduction Velocity of Peripheral Nerve	Određivanje MBP (motorne brzine provodljivosti) perifernog živca	21	NULL
5227	sensory-conduction-velocity-of-peripheral-nerve	Sensory Conduction Velocity of Peripheral Nerve	Određivanje SBP (senzitivne brzine provodljivosti) perifernog živca	21	NULL
5228	polysegmental-conduction-velocity-test-of-mixed-nerve	Polysegmental Conduction Velocity Test of Mixed Nerve	Polisegmentno ispitivanje brzine provodljivosti mješovitog živca	21	NULL
5229	blink-reflex-test	Blink Reflex Test	Blink refleks	21	NULL
5230	tetany-test	Tetany Test	Test za tetaniju	21	NULL
5231	paravertebral-muscle-infiltration	Paravertebral Muscle Infiltration	Paravertebralna infiltracija mišića	21	NULL
5232	botulinum-toxin-injection-for-torticollis-or-blepharospasm	Botulinum Toxin Injection for Torticollis or Blepharospasm	Injiciranje botulinus toksina (tortikolis i blefarospazam)	21	NULL
5233	mini-mental-state-examination-mmse	Mini-Mental State Examination (MMSE)	MMS testiranje	21	Folstein Test
5234	lumbar-puncture-with-manometry	Lumbar Puncture with Manometry	Lumbalna punkcija sa manometrijom	21	NULL
5235	single-fiber-emg-sfemg	Single Fiber EMG (SFEMG)	Single fiber EMG — SFEMG (EMG jednog vlakna)	21	NULL
5236	vaginal-delivery-anterior-occiput-presentation	Vaginal Delivery (Anterior Occiput Presentation)	Vođenje porođaja (prednji potiljačni stav)	7	NULL
5237	vaginal-delivery-deflection-abnormal-rotation-breech	Vaginal Delivery (Deflection, Abnormal Rotation, Breech)	Vođenje porođaja (defleksioni stavovi, nepravilne rotacije, karlični)	7	NULL
5238	induced-labor-management	Induced Labor Management	Vođenje indukovanog porođaja	7	NULL
5239	episiotomy-and-suturing	Episiotomy and Suturing	Epiziotomija i šav	7	NULL
5240	manual-uterine-cavity-revision	Manual Uterine Cavity Revision	Revizija šupljine materice — manuelna	7	NULL
5241	manual-placenta-extraction	Manual Placenta Extraction	Manuelna ekstrakcija posteljice	7	NULL
5242	repair-of-first-degree-perineal-tear	Repair of First-Degree Perineal Tear	Zbrinjavanje rupture međice I stepena	7	NULL
5243	repair-of-second-degree-perineal-tear	Repair of Second-Degree Perineal Tear	Zbrinjavanje rupture međice II stepena	7	NULL
5244	repair-of-vaginal-wall-tear	Repair of Vaginal Wall Tear	Zbrinjavanje rupture vaginalnih zidova	7	NULL
5245	repair-of-cervical-tear	Repair of Cervical Tear	Zbrinjavanje rupture grlića materice	7	NULL
5246	symphyseal-diastasis-immobilization	Symphyseal Diastasis Immobilization	Imobilizacija dijastaze simfize	7	NULL
5247	management-of-hemorrhage-and-shock-during-childbirth	Management of Hemorrhage and Shock During Childbirth	Zbrinjavanje krvavljenja i šoka u porođaju	7	NULL
5248	other-obstetric-operations-vulvar-hematoma-evacuation-cervical-incision-uterine-tamponade	Other Obstetric Operations (Vulvar Hematoma Evacuation, Cervical Incision, Uterine Tamponade)	Druge porođajne operacije (evakuacija hematoma vulve, incizije cerviksa, tamponada uterusa u toku porođaja)	7	NULL
5249	continuous-ctg-monitoring-during-labor	Continuous CTG Monitoring During Labor	CTG kontinuirano u porođaju	7	NULL
5250	late-term-pregnancy-termination-by-intra-amniotic-instillation	Late-Term Pregnancy Termination by Intra-Amniotic Instillation	Prekid visoke trudnoće (preko 12 nedjelja) — intraamnijalna instilacija	7	NULL
5251	vacuum-extraction-delivery	Vacuum Extraction Delivery	Aplikacija vakuma u porođaju	7	NULL
5252	forceps-delivery-outlet	Forceps Delivery (Outlet)	Aplikacija forcepsa na izlazu karlice i ekstrakcija ploda	7	NULL
5253	internal-podalic-version-with-fetal-extraction	Internal Podalic Version with Fetal Extraction	Unutrašnji okret sa ekstrakcijom ploda	7	NULL
5254	bracht-maneuver-assisted-breech-delivery	Bracht Maneuver Assisted Breech Delivery	Ručna pomoć po Bracht-u (sa vođenjem porođaja)	7	NULL
5255	smellie-veit-maneuver-assisted-breech-delivery	Smellie-Veit Maneuver Assisted Breech Delivery	Ručna pomoć po Smellie-Veit-u (sa vođenjem porođaja)	7	NULL
5256	uterine-rupture-repair	Uterine Rupture Repair	Zbrinjavanje rupture uterusa	7	NULL
5257	repair-of-third-degree-perineal-tear	Repair of Third-Degree Perineal Tear	Zbrinjavanje rupture međice III stepena	7	NULL
5258	instrumental-uterine-cavity-revision	Instrumental Uterine Cavity Revision	Revisio cavi uteri instrumentalis	7	NULL
5259	fetal-operations-to-facilitate-delivery	Fetal Operations to Facilitate Delivery	Operacije na plodu radi olakšanja porođaja	7	NULL
5260	first-transfusiologist-examination	First Transfusiologist Examination	Prvi pregled — transfuziolog	NULL	NULL
5261	follow-up-transfusiologist-examination	Follow-up Transfusiologist Examination	Kontrolni pregled — transfuziolog	NULL	NULL
5262	blood-donor-registration	Blood Donor Registration	Prijem davaoca (otvaranje kartona i administracija)	NULL	NULL
5263	pregnant-woman-registration-with-venipuncture	Pregnant Woman Registration with Venipuncture	Prijem trudnica, administracija, venepunkcija	NULL	NULL
5264	donor-or-pregnant-woman-collapse-management	Donor or Pregnant Woman Collapse Management	Zbrinjavanje kolapsa kod davaoca ili trudnice	NULL	NULL
5265	donor-monitoring	Donor Monitoring	Nadzor davaoca	NULL	NULL
5266	chronic-hemodialysis-session	Chronic Hemodialysis Session	Hronična hemodijaliza — intermitentna zamjena bubrežne funkcije	NULL	Maintenance Hemodialysis
5267	functional-renal-test	Functional Renal Test	Funkcionalno ispitivanje bubrežne funkcije	NULL	NULL
5268	tubular-function-test	Tubular Function Test	Ispitivanje tubulskih funkcija	NULL	Renal Tubular Function Test
5269	loading-tests-for-suspected-renal-tubular-acidosis	Loading Tests for Suspected Renal Tubular Acidosis	Testovi opterećenja kod sumnje na renalnu tubulsku acidozu	NULL	Acid Loading Test
5270	renal-concentration-test	Renal Concentration Test	Test koncentracione sposobnosti bubrega	NULL	Urine Concentration Test
5271	continuous-renal-replacement-therapy-crrt	Continuous Renal Replacement Therapy (CRRT)	Kontinuirana zamjena bubrežne funkcije (CRRT)	NULL	NULL
5272	urgent-hemodialysis	Urgent Hemodialysis	Urgentna hemodijaliza — intermitentna zamjena bubrežne funkcije	NULL	NULL
5273	peritoneal-dialysis	Peritoneal Dialysis	Peritoneumska dijaliza — intermitentna zamjena bubrežne funkcije	NULL	Peritonealna dijaliza
5274	follicle-aspiration	Follicle Aspiration	Aspiracija folikula	7	Egg Retrieval ; Oocyte Retrieval ; Punkcija folikula
5275	ivf-anesthesia	IVF Anesthesia	Anestezija u IVF postupku	7	NULL
5276	ivf-laboratory-procedure	IVF Laboratory Procedure	Laboratorija — IVF	7	NULL
5277	icsi-laboratory-procedure	ICSI Laboratory Procedure	Laboratorija — ICSI	7	NULL
5278	embryo-transfer	Embryo Transfer	Embriotransfer	7	Transfer embriona
5279	intrauterine-insemination-iui	Intrauterine Insemination (IUI)	Intrauterina inseminacija — IUI	7	NULL
5280	first-dental-specialist-examination	First Dental Specialist Examination	Prvi specijalistički pregled — stomatologija	20	NULL
5281	first-vascular-surgeon-examination	First Vascular Surgeon Examination	Prvi pregled — vaskularni hirurg	14	NULL
5282	follow-up-vascular-surgeon-examination	Follow-up Vascular Surgeon Examination	Kontrolni pregled — vaskularni hirurg	14	Ponovni pregled — vaskularni hirurg
5283	first-thoracic-surgeon-examination	First Thoracic Surgeon Examination	Prvi pregled — grudni hirurg	14	NULL
5284	biliary-tract-reconstruction-t-t-anastomosis	Biliary Tract Reconstruction (T-T Anastomosis)	Rekonstrukcija bilijarnih puteva (T-T anastomoza)	17,32	NULL
5285	left-hepatic-duct-bypass-with-roux-en-y-loop	Left Hepatic Duct Bypass with Roux-en-Y Loop	Bajpas lijevog jetrenog žučnog voda uz pomoć Roux-en-Y vijuge	17,32	NULL
5286	transanal-rectal-tumor-excision	Transanal Rectal Tumor Excision	Transanalna ekstirpacija tumora rektuma	17,32	NULL
5287	low-anterior-rectal-resection-anastomosis-below-10-cm	Low Anterior Rectal Resection (Anastomosis below 10 cm)	Niska prednja resekcija rektuma (anastomoza ispod 10 cm od analne ivice)	17,32	NULL
5288	high-anterior-rectal-resection-anastomosis-above-10-cm	High Anterior Rectal Resection (Anastomosis above 10 cm)	Visoka prednja resekcija rektuma (anastomoza preko 10 cm od analne ivice)	17,32	NULL
5290	topical-local-anesthesia	Topical Local Anesthesia	Lokalna anestezija — površinska	15	Površinska anestezija ; Topical Anesthesia ; Topikalna anestezija
5291	oxygen-administration	Oxygen Administration	Davanje kiseonika	15,29	Oksigenoterapija ; Oxygen Therapy
5292	swab-collection-for-laboratory-analysis	Swab Collection for Laboratory Analysis	Uzimanje briseva sa slanjem na analizu	15	NULL
5293	sputum-collection-for-bacterial-and-fungal-analysis	Sputum Collection for Bacterial and Fungal Analysis	Uzimanje sputuma za analizu na bakterije i gljivice	15,28	NULL
5294	aspiration-puncture-of-abscess-or-hematoma	Aspiration Puncture of Abscess or Hematoma	Aspiraciona punkcija apscesa ili hematoma	15	NULL
5295	stoma-care	Stoma Care	Toaleta i održavanje stoma	15	NULL
5296	artificial-anus-care	Colostomy Care	Toaleta vještačkog anusa	15,31	Artificial Anus Care ; Colostomy Site Care
5297	primary-wound-care-without-sutures	Primary Wound Care without Sutures	Primarna obrada rane (bez šavova)	15,31	Primarna obrada rane bez šivenja ; Primary Wound Treatment without Suturing ; Zbrinjavanje rane bez šivanja
5298	subcutaneous-or-intramuscular-injection	Subcutaneous or Intramuscular Injection	Davanje subkutanih i intramuskularnih injekcija	15	NULL
5299	uncomplicated-wound-examination-and-dressing	Uncomplicated Wound Examination and Dressing	Pregled, kontrola i previjanje nekomplikovane rane	15	NULL
5300	lymph-node-biopsy-or-excision	Lymph Node Biopsy or Excision	Ekstirpacija ili biopsija limfne žlijezde	15	Biopsija limfnog čvora ; Lymph Node Removal
5301	sputum-collection-for-cytology	Sputum Collection for Cytology	Uzimanje sputuma za citološku analizu	15,28	Sputum Cytology Collection ; Uzimanje sputuma na citološku analizu
5302	cleansing-enema	Cleansing Enema	Provođenje klizme za čišćenje	15	NULL
5303	endotracheal-intubation	Endotracheal Intubation	Endotrahealna intubacija	15	Intubacija traheje
5304	surgical-treatment-of-diseased-nail	Surgical Treatment of Diseased Nail	Hirurško zbrinjavanje oboljelog nokta	15	NULL
5305	incision-and-drainage-of-furuncle-carbuncle-or-abscessed-cyst	Incision and Drainage of Furuncle, Carbuncle, Abscessed Cyst, Smaller Skin or Subcutaneous Abscess, Paronychia or Hematoma	Incizija i drenaža furunkula, karbunkula, zagnojenih cista, manjeg kožnog ili potkožnog apscesa, paronihije ili hematoma	15	Incision and Drainage of Furuncle, Carbuncle or Abscessed Cyst ; Incizija furunkula
5306	blood-and-blood-derivatives-transfusion	Blood and Blood Derivatives Transfusion	Transfuzija krvi i krvnih derivata	15	Blood Transfusion
5307	complicated-wound-examination-and-dressing	Complicated Wound Examination and Dressing	Pregled, kontrola i previjanje komplikovane rane	15	NULL
5308	tracheostomy-cannula-care	Tracheostomy Cannula Care	Toaleta kanile nakon traheotomije	15	NULL
5309	nasogastric-or-orogastric-tube-placement-with-lavage	Nasogastric or Orogastric Tube Placement with Lavage	Plasiranje/evakuacija nazogastrične ili orogastrične sonde sa lavažom	15	NULL
5310	tube-feeding-per-meal	Tube Feeding (per meal)	Ishrana bolesnika preko sonde — jedan obrok	15	Hranjenje preko sonde
5311	minor-local-anesthesia	Minor Local Anesthesia	Lokalna anestezija — manja	15	NULL
5312	foreign-body-removal-from-ear-nose-or-oropharynx	Foreign Body Removal from Ear, Nose or Oropharynx	Odstranjivanje stranog tijela iz slušnog kanala, nosne šupljine i orofarinksa	15	NULL
5313	tuberculin-skin-test	Tuberculin Skin Test	Tuberkulinsko testiranje	12,15	Mantoux Test ; Mantu test
5314	thick-drop-and-peripheral-blood-smear-collection	Thick Drop and Peripheral Blood Smear Collection	Uzimanje guste kapi i perifernog razmaza	15	NULL
5315	thermography	Thermography	Termografija	15	NULL
5316	occlusive-plethysmography-of-arterial-or-venous-flow	Occlusive Plethysmography of Arterial or Venous Flow	Okluzivna pletizmografija arterijskog ili venskog protoka	15	NULL
5317	photoplethysmography	Photoplethysmography	Fotopletizmografija	15	NULL
5318	rheography-of-upper-or-lower-extremities	Rheography of Upper or Lower Extremities	Reografija gornjih ili donjih ekstremiteta	15	NULL
5319	superficial-vein-pressure-measurement	Superficial Vein Pressure Measurement	Mjerenje pritiska površinskih vena	15	NULL
5320	intra-arterial-therapy-via-perfusor	Intra-arterial Therapy via Perfusor	Intraarterijalna aplikacija terapije perfuzorom	15	NULL
5321	pyrotherapy	Pyrotherapy	Piroterapija	15	Fever Therapy
5322	phlebomat-apparatus-therapy	Phlebomat Apparatus Therapy	Terapija Flebomat aparatom	15	NULL
5323	fluotron-apparatus-therapy	Fluotron Apparatus Therapy	Terapija Fluotron aparatom	15	NULL
5324	incision-and-drainage-of-larger-skin-or-subcutaneous-abscess-carbuncle-or-hematoma	Incision and Drainage of Larger Skin or Subcutaneous Abscess, Carbuncle, Phlegmon or Hematoma	Incizija i drenaža većeg kožnog ili potkožnog apscesa, karbunkula, flegmone ili hematoma	15	Incision and Drainage of Larger Skin or Subcutaneous Abscess, Carbuncle or Hematoma
5325	pleural-puncture-with-lavage	Pleural Puncture with Lavage	Evakuaciona punkcija pleure sa lavažom	15	NULL
5326	paraphimosis-reduction	Paraphimosis Reduction	Repozicija parafimoze	15,22	NULL
5327	incarcerated-hernia-reduction	Incarcerated Hernia Reduction	Repozicija uklještene kile	15	Reduction of Incarcerated Hernia ; Repozicija ukleštene kile ; Repozicija uklještene hernije
5328	atheroma-cyst-xanthoma-or-small-benign-tumor-excision	Atheroma, Cyst, Xanthoma or Small Benign Tumor Excision	Ekstirpacija ateroma, ciste, ksantoma ili manjeg benignog tumora	15,31	Atheroma Cyst or Benign Tumor Excision ; Ekstirpacija ateroma, ciste ili manjeg benignog tumora
5329	lumbar-puncture	Lumbar Puncture	Lumbalna punkcija	15,21	Spinal Tap
5330	rectoscopy-with-biopsy	Rectoscopy with Biopsy	Rektoskopija sa uzimanjem isječka	15	Rektoskopija sa biopsijom
5331	sternal-puncture	Sternal Puncture	Sternalna punkcija	15	Punkcija koštane srži iz grudne kosti ; Sternal Bone Marrow Aspiration
5332	cauterization-electrocauterization-or-cryocauterization-of-benign-skin-lesions-small	Cauterization, Electrocauterization or Cryocauterization of Benign or Premalignant Skin and Mucosal Lesions (1 Lesion)	Kauterizacija, elektrokauterizacija ili kriokauterizacija benignih ili premalignih lezija kože i sluznica (1 lezija)	15	Cauterization, Electrocauterization or Cryocauterization of Benign Skin Lesions (Small)
5333	cauterization-electrocauterization-or-cryocauterization-of-benign-skin-lesions-medium	Cauterization, Electrocauterization or Cryocauterization of Benign or Premalignant Skin and Mucosal Lesions (2 Lesions)	Kauterizacija, elektrokauterizacija ili kriokauterizacija benignih ili premalignih lezija kože i sluznica (2 lezije)	15	Cauterization, Electrocauterization or Cryocauterization of Benign Skin Lesions (Medium)
5334	foreign-body-removal-from-skin-and-subcutaneous-tissue	Foreign Body Removal from Skin and Subcutaneous Tissue	Odstranjivanje stranog tijela iz kože i potkožnog tkiva	15	Splinter Removal ; Vađenje stranog tijela iz kože
5335	excisional-biopsy-of-skin-subcutaneous-tissue-or-mucosa	Excisional Biopsy of Skin, Subcutaneous Tissue or Mucosa with Direct Suture	Ekscizijska biopsija kože, potkožnog tkiva i sluznice sa direktnim šavom	15	NULL
5336	microscopic-gastric-juice-analysis	Microscopic Gastric Juice Analysis	Obrada stomačnog soka — mikroskopska	15	Mikroskopska analiza želudačnog soka
5337	primary-wound-care-with-sutures	Primary Wound Care with Sutures	Primarna obrada rane (sa šavovima)	15,31	Primarna obrada rane sa šivenjem ; Primary Wound Treatment with Suturing
5338	arterial-blood-ph-measurement	Arterial Blood pH Measurement	Uzimanje krvi i određivanje pH arterijske krvi	15	NULL
5339	excision-of-small-benign-tumor-scars-fibromas-or-cysts	Excision of Small Benign Tumor-Like Scars, Fibromas or Cysts	Ekscizija manjih benignih tumoroznih ožiljaka, fibroznih, cističnih promjena	15	Excision of Small Benign Tumor Scars, Fibromas or Cysts
5340	secondary-wound-care	Secondary Wound Care	Sekundarna obrada rane	15	NULL
5341	major-local-anesthesia	Major Local Anesthesia	Lokalna anestezija — veća	15	NULL
5342	gastric-lavage	Gastric Lavage	Ispiranje želuca	13,15	Lavaža želuca ; Stomach Pumping
5343	cauterization-electrocauterization-or-cryocauterization-of-benign-skin-lesions-larger	Cauterization, Electrocauterization or Cryocauterization of Benign or Premalignant Skin and Mucosal Lesions (3 Lesions)	Kauterizacija, elektrokauterizacija ili kriokauterizacija benignih ili premalignih lezija kože i sluznica (3 lezije)	15	Cauterization, Electrocauterization or Cryocauterization of Benign Skin Lesions (Larger)
5344	cauterization-electrocauterization-or-cryocauterization-of-benign-skin-lesions-extensive	Cauterization, Electrocauterization or Cryocauterization of Benign or Premalignant Skin and Mucosal Lesions (4 Lesions)	Kauterizacija, elektrokauterizacija ili kriokauterizacija benignih ili premalignih lezija kože i sluznica (4 lezije)	15	Cauterization, Electrocauterization or Cryocauterization of Benign Skin Lesions (Extensive)
5345	cauterization-electrocauterization-or-cryocauterization-of-benign-skin-lesions-multiple	Cauterization, Electrocauterization or Cryocauterization of Benign or Premalignant Skin and Mucosal Lesions (5 or More Lesions)	Kauterizacija, elektrokauterizacija ili kriokauterizacija benignih ili premalignih lezija kože i sluznica (5 i više lezija)	15	Cauterization, Electrocauterization or Cryocauterization of Benign Skin Lesions (Multiple)
5346	nonspecific-bronchial-provocation-test	Nonspecific Bronchial Provocation Test	Nespecifični bronhoprovokacioni test	15	Metaholinski test ; Methacholine Challenge Test
5349	external-cardiac-defibrillation	External Cardiac Defibrillation	Spoljašnja defibrilacija srca	8,15	Defibrilacija ; Defibrillation
5350	dxa-bone-densitometry	DXA Bone Densitometry	DXA (osteodenzitometrija)	15	Bone Density Scan ; DEXA Scan ; Merenje gustine kostiju ; Mjerenje gustine kostiju
5351	electrocoagulation-or-excision-of-condyloma-acuminata	Electrocoagulation or Excision of Condyloma Acuminata	Elektrokoagulacija ili ekscizija condyloma acuminata bez opsega	15	NULL
5352	burn-wound-care-primary-delayed-primary-or-secondary	Burn Wound Care up to 10% of Body Surface (Primary, Delayed Primary or Secondary)	Primarna, primarno odložena ili sekundarna obrada opekotina do 10% površine tijela	15	Burn Wound Care (Primary, Delayed Primary or Secondary)
5353	esophagogastroduodenoscopy-with-injection-hemostasis	Esophagogastroduodenoscopy with Injection Hemostasis	Ezofagogastroduodenoskopija sa injekcionom hemostazom	15	EGD with Injection Hemostasis ; Gastroskopija sa injekcionom hemostazom
5354	excision-and-direct-suture-of-benign-skin-lesions	Excision and Direct Suture of Benign Skin Lesions over 4 cm in Diameter	Ekscizija i direktna sutura benignih lezija kože dijametra preko 4 cm	15	NULL
5355	esophagogastroduodenoscopy-with-biopsy	Esophagogastroduodenoscopy with Biopsy	Ezofagogastroduodenoskopija sa biopsijom	15	NULL
5356	esophagogastroduodenoscopy	Esophagogastroduodenoscopy	Ezofagogastroduodenoskopija	15	NULL
5357	colonoscopy-without-biopsy	Colonoscopy without Biopsy	Kolonoskopija bez biopsije	15	NULL
5358	colonoscopy-with-biopsy-of-colon-andor-terminal-ileum	Colonoscopy with Biopsy of Colon and/or Terminal Ileum	Kolonoskopija sa biopsijom kolona i/ili terminalnog ileuma	15	NULL
5359	esophagogastroduodenoscopy-with-helicobacter-pylori-test	Esophagogastroduodenoscopy with Helicobacter Pylori Test	Ezofagogastroduodenoskopija sa Helicobacter pylori testom	15	NULL
5360	esophagogastroduodenoscopy-with-foreign-body-extraction	Esophagogastroduodenoscopy with Foreign Body Extraction	Ezofagogastroduodenoskopija sa ekstrakcijom stranog tijela	15	NULL
5361	esophagogastroduodenoscopy-with-polypectomy	Esophagogastroduodenoscopy with Polypectomy	Ezofagogastroduodenoskopija sa polipektomijom	15	NULL
5362	esophagogastroduodenoscopy-with-band-ligation	Esophagogastroduodenoscopy with Band Ligation	Ezofagogastroduodenoskopija sa plasiranjem band ligature	15	NULL
5363	dxa-vertebral-morphometry	DXA Vertebral Morphometry	DXA — vertebromorfometrija	15	NULL
5364	esophagogastroduodenoscopy-with-mechanical-hemoclip-hemostasis	Esophagogastroduodenoscopy with Mechanical Hemoclip Hemostasis	Ezofagogastroduodenoskopija sa mehaničkom (hemoklips) hemostazom	15	NULL
5365	colonoscopy-with-or-without-terminal-ileoscopy-with-or-without-biopsy	Colonoscopy with or without Terminal Ileoscopy with or without Biopsy	Kolonoskopija sa ili bez terminalne ileoskopije, sa ili bez biopsije	15	NULL
5366	colonoscopy-with-polyp-electrocauterization	Colonoscopy with Polyp Electrocauterization	Kolonoskopija sa elektrokauterizacijom polipa	15	NULL
5367	colonoscopy-with-polypectomy-and-endoclip-placement	Colonoscopy with Polypectomy and Endoclip Placement	Kolonoskopija sa polipektomijom i postavljanjem endoklipsa	15	NULL
5368	colonoscopy-with-mucosectomy	Colonoscopy with Mucosectomy	Kolonoskopija sa mukozektomijom	15	NULL
5369	colonoscopy-with-injection-hemostasis	Colonoscopy with Injection Hemostasis	Kolonoskopija sa injekcionom hemostazom	15	NULL
5370	colonoscopy-with-mechanical-hemoclip-hemostasis	Colonoscopy with Mechanical Hemoclip Hemostasis	Kolonoskopija sa mehaničkom (hemoklips) hemostazom	15	NULL
5371	colonoscopy-with-dilatation	Colonoscopy with Dilatation	Kolonoskopija sa dilatacijom	15	NULL
5372	esophagogastroduodenoscopy-with-peg-placement-or-removal	Esophagogastroduodenoscopy with PEG Placement or Removal	Ezofagogastroduodenoskopija sa plasiranjem/vađenjem PEG-a	15	NULL
5373	esophagogastroduodenoscopy-with-dilatation	Esophagogastroduodenoscopy with Dilatation	Ezofagogastroduodenoskopija sa dilatacijom	15	NULL
5374	esophagogastroduodenoscopy-with-mucosectomy	Esophagogastroduodenoscopy with Mucosectomy	Ezofagogastroduodenoskopija sa mukozektomijom	15	NULL
5375	sengstaken-blakemore-tube-placement-or-removal	Sengstaken-Blakemore Tube Placement or Removal	Plasiranje/evakuacija Sengstaken-Blakemore sonde	15	NULL
5376	nasojejunal-tube-placement-or-removal	Nasojejunal Tube Placement or Removal	Plasiranje/evakuacija nazo-jejunalne sonde	15	NULL
5377	rigid-bronchoscopy	Rigid Bronchoscopy	Bronhoskopija — rigidna	15	NULL
5378	flexible-bronchoscopy-with-aspiration-andor-lavage	Flexible Bronchoscopy with Aspiration and/or Lavage	Bronhoskopija fleksibilna sa aspiracijom i/ili lavažom	15	NULL
5379	peribronchial-aspiration-biopsy	Peribronchial Aspiration Biopsy	Peribronhijalna aspiracijska biopsija	15	NULL
5380	bronchial-brush-biopsy	Bronchial Brush Biopsy	Četkanje–struganje bronha (braš biopsija)	15	NULL
5381	flexible-bronchoscopy-with-lavage	Flexible Bronchoscopy with Lavage	Bronhoskopija fleksibilna sa lavažom	15	NULL
5382	rigid-bronchoscopy-with-lavage	Rigid Bronchoscopy with Lavage	Bronhoskopija rigidna sa lavažom	15	NULL
5383	injection-or-mechanical-hemostasis-of-ampullar-region	Injection or Mechanical Hemostasis of Ampullar Region	Injekciona i/ili mehanička hemostaza ampularne regije	15	NULL
5384	apc-coagulation-during-egd	APC Coagulation during EGD	APC koagulacija pri ezofagogastroduodenoskopiji	15	NULL
5385	apc-coagulation-of-small-intestine	APC Coagulation of Small Intestine	APC koagulacija tankog crijeva	15	NULL
5386	apc-coagulation-of-colon	APC Coagulation of Colon	APC koagulacija kolona	15	NULL
5387	endoscopic-ultrasound-of-upper-gi-tract	Endoscopic Ultrasound of Upper GI Tract	Endoskopska ultrasonografija gornjeg GI trakta	15	NULL
5388	endoscopic-ultrasound-of-rectum	Endoscopic Ultrasound of Rectum	Endoskopska ultrasonografija rektuma	15	NULL
5389	endoscopic-ultrasound-with-biopsy	Endoscopic Ultrasound with Biopsy	Endoskopska ultrasonografija sa biopsijom	15	NULL
5390	double-balloon-enteroscopy-of-small-intestine	Double Balloon Enteroscopy of Small Intestine	DBE (double balloon enteroskopija) tankog crijeva	15	NULL
5391	bronchial-lesion-excision-via-bronchoscopy	Bronchial Lesion Excision via Bronchoscopy	Ekscizija lezije bronha sa bronhoskopijom	15	NULL
5392	tracheotomy	Tracheotomy	Traheotomija	15	NULL
5393	tracheotomy-with-tracheal-foreign-body-removal	Tracheotomy with Tracheal Foreign Body Removal	Traheotomija sa odstranjenjem stranog tijela iz traheje	15	NULL
5394	endoscopic-tracheal-foreign-body-removal	Endoscopic Tracheal Foreign Body Removal	Endoskopsko odstranjenje stranog tijela iz traheje	15	NULL
5395	endoscopic-excision-of-tracheal-wall-lesions	Endoscopic Excision of Tracheal Wall Lesions	Endoskopska ekscizija promjena na zidu traheje	15	NULL
5396	endoscopic-electrocoagulation-of-tracheal-lesions	Endoscopic Electrocoagulation of Tracheal Lesions	Endoskopska elektrokoagulacija lezija na traheji	15	NULL
5397	endoscopic-laser-resection-of-tracheal-lesions	Endoscopic Laser Resection of Tracheal Lesions	Endoskopska laser resekcija promjena na traheji	15	NULL
5398	endoscopic-tracheal-stenosis-dilatation	Endoscopic Tracheal Stenosis Dilatation	Endoskopska dilatacija stenoza traheje	15	NULL
5399	tracheobronchoscopy-with-foreign-body-removal-in-children-up-to-10-years	Tracheobronchoscopy with Foreign Body Removal in Children (up to 10 years)	Traheobronhoskopija sa odstranjivanjem stranog tijela kod djece (do 10 godina)	15	NULL
5400	tracheobronchoscopy-with-foreign-body-removal-in-adults	Tracheobronchoscopy with Foreign Body Removal in Adults	Traheobronhoskopija sa odstranjivanjem stranog tijela kod odraslih	15	NULL
5401	lower-tracheobronchoscopy-via-tracheostomy	Lower Tracheobronchoscopy via Tracheostomy	Traheobronhoskopija donja — kroz vještački otvor	15	NULL
5402	diagnostic-proctosigmoidoscopy-with-lesion-removal	Diagnostic Proctosigmoidoscopy with Lesion Removal	Proktosigmoidoskopija — dijagnostička sa odstranjivanjem	15	NULL
5403	vaginal-discharge-analysis	Vaginal Discharge Analysis	Sekret vagine	7	NULL
5404	cytohormonal-smear-analysis	Cytohormonal Smear Analysis	Citohormonalna analiza razmaza	7	NULL
5405	drug-application-to-cervix	Drug Application to Cervix	Aplikacija lijeka u grlić materice	7	NULL
5406	superficial-cervical-electrocoagulation	Superficial Cervical Electrocoagulation	Elektrokoagulacija cerviksa uterusa — površna po seansi	7	NULL
5407	pregnancy-cardiotocography-ctg	Pregnancy Cardiotocography (CTG)	CTG — kardiotokografija u trudnoći	7	NULL
5408	first-trimester-surgical-abortion-curettage	First-Trimester Surgical Abortion (Curettage)	Arteficijalni prekid trudnoće do 3 mjeseca — kiretaža	7	NULL
5409	pregnancy-termination-with-laminaria-or-hydraulic-dilator	Pregnancy Termination with Laminaria or Hydraulic Dilator	Prekid trudnoće — medikamentozni, upotreba laminaria, hidrauličnih dilatatora	7	NULL
5410	exploratory-curettage	Exploratory Curettage	Eksplorativna kiretaža	7	NULL
5411	cerclage-removal	Cerclage Removal	Skidanje cerclage-a	7	NULL
5412	douglas-pouch-puncture-or-pelvic-abscess-drainage-colpotomy	Douglas Pouch Puncture or Pelvic Abscess Drainage (Colpotomy)	Punctio cavi Douglasi, drenaža pelvičnog abscesa, kolpotomija	7	NULL
5413	lactation-support-and-complication-prevention-for-primiparas	Lactation Support and Complication Prevention for Primiparas	Razvoj laktacije i prevencija komplikacija kod prvorotki	7	NULL
5414	cervical-erosion-application	Cervical Erosion Application	Tuširanje erozija	7	NULL
5415	mechanical-contraceptive-device-check	Mechanical Contraceptive Device Check	Kontrola mehaničkog kontraceptivnog sredstva	7	NULL
5416	nipple-fissure-treatment	Nipple Fissure Treatment	Liječenje ragada	7	NULL
5417	breast-stasis-treatment	Breast Stasis Treatment	Liječenje staze	7	NULL
5418	puerperal-breast-abscess-incision	Puerperal Breast Abscess Incision	Incizija puerperalnog abscesa dojke	7	NULL
5419	bartholin-gland-abscess-incision-and-drainage	Bartholin Gland Abscess Incision and Drainage	Incizija i drenaža apscesa Bartholinijeve žlijezde	7	NULL
5420	labial-and-vulval-biopsy	Labial and Vulval Biopsy	Uzimanje biopsije labija i vulve	7	NULL
5421	cervical-revision	Cervical Revision	Revizija cerviksa	7	NULL
5422	amnioscopy	Amnioscopy	Amnioskopija	7	NULL
5423	instrumental-cervical-dilatation	Instrumental Cervical Dilatation	Dilatacija cerviksa — instrumentalna	7	NULL
5424	intratubal-antibiotic-injection	Intratubal Antibiotic Injection	Intratubarna injekcija antibiotičke supstance	7	NULL
5425	cold-coagulation-of-cervical-lesions	Cold Coagulation of Cervical Lesions	Hladna koagulacija promjena na grliću materice	7	NULL
5426	vulvoscopy	Vulvoscopy	Vulvoskopija	7	NULL
5427	endometrial-tissue-sampling-for-histology	Endometrial Tissue Sampling for Histology	Uzimanje uzorka radi histološkog pregleda endometrija	7	NULL
5428	vaginal-biopsy	Vaginal Biopsy	Uzimanje biopsije vagine	7	NULL
5429	cervical-or-endometrial-biopsy	Cervical or Endometrial Biopsy	Uzimanje biopsije cerviksa ili endometrijuma	7	NULL
5430	cervical-or-uterine-polypectomy	Cervical or Uterine Polypectomy	Polipektomija (grlića materice, šupljine materice)	7	Cervical Polyp Removal ; Uklanjanje polipa grlića materice
5431	vulvar-and-vaginal-condyloma-abrasion	Vulvar and Vaginal Condyloma Abrasion	Abrazija kondiloma vulve i vagine	7	Vulva and Vagina Condyloma Removal
5432	tubal-insufflation-per-session	Tubal Insufflation (per session)	Insuflacija tuba — po seansi (max. 3 seanse)	7	NULL
5433	pregnancy-ultrasound	Pregnancy Ultrasound	Ultrazvučni pregled u toku trudnoće	7	Obstetric Ultrasound ; Pregnancy Ultrasound Examination ; Ultrazvuk u trudnoći
5434	first-trimester-incomplete-abortion-curettage	First-Trimester Incomplete Abortion Curettage	Dovršavanje inkompletnog pobačaja do 3 mjeseca — kiretaža	7	NULL
5435	re-curettage-after-delivery-abortion-or-exploratory-curettage	Re-curettage (after delivery, abortion or exploratory curettage)	Rekiretaža (nakon porođaja, abortusa, eksplorativne kiretaže)	7	NULL
5436	amniotic-fluid-puncture-for-polyhydramnios	Amniotic Fluid Puncture for Polyhydramnios	Punkcija plodove vode kod polihidramniona	7	NULL
5437	postpartum-hemorrhage-curettage	Postpartum Hemorrhage Curettage	Kiretaža kod postpartalnog krvavljenja	7	NULL
5438	bartholin-cyst-excision	Bartholin Cyst Excision	Ekstirpacija Bartholinijeve ciste (extirpatio cystae glandulae Bartholini)	7	NULL
5439	vaginal-introitus-dilatation-under-anesthesia	Vaginal Introitus Dilatation under Anesthesia	Dilatacija introitusa vagine sa anestezijom	7	NULL
5440	vulvar-abscess-incision-and-drainage	Vulvar Abscess Incision and Drainage	Incizija i drenaža apscesa vulve	7	NULL
5441	transvaginal-douglas-pouch-puncture-of-cystic-mass	Transvaginal Douglas Pouch Puncture of Cystic Mass	Transvaginalna Douglasova punkcija cistične mase	7	NULL
5442	vaginal-cyst-surgery	Vaginal Cyst Surgery	Operacija ciste vagine	7	NULL
5443	colporrhaphy-suturing-of-larger-non-obstetric-vaginal-injuries	Colporrhaphy — Suturing of Larger Non-Obstetric Vaginal Injuries	Kolporafija — šav većih povreda vagine, neakušerskih	7	NULL
5444	excision-of-benign-vaginal-lesions	Excision of Benign Vaginal Lesions	Ekscizija benignih lezija vagine	7	NULL
5445	vaginal-septum-removal	Vaginal Septum Removal	Uklanjanje vaginalnih septuma	7	NULL
5446	colpoperineorrhaphy-repair-of-large-non-obstetric-vaginal-and-perineal-injuries	Colpoperineorrhaphy — Repair of Large Non-Obstetric Vaginal and Perineal Injuries	Kolpoperineorafija — šav većih povreda vagine i perineuma, neakušerskih	7	NULL
5447	postcoital-test-sims-huhner	Postcoital Test (Sims-Huhner)	Postkoitalni test ili Sims-Hunerov test	7	NULL
5448	hysterometry	Hysterometry	Histerometrija	7	NULL
5449	hymen-excision	Hymen Excision	Ekscizija himena	7	NULL
5450	dilatation-and-curettage-for-hydatidiform-mole-missed-abortion	Dilatation and Curettage for Hydatidiform Mole (Missed Abortion)	Dilatacija i kiretaža — odstranjenje mole hydatidose (missed abortion)	7	NULL
5451	vaginal-wall-tumor-removal	Vaginal Wall Tumor Removal	Uklanjanje tumora vaginalnog zida	7	NULL
5452	metroplasty	Metroplasty	Metroplastika	7	NULL
5453	foreign-body-removal-from-vagina	Foreign Body Removal from Vagina	Ekstrakcija stranog tijela iz vagine	7	NULL
5454	chorionic-villus-sampling	Chorionic Villus Sampling	Biopsija horionskih čupica	7	NULL
5455	cordocentesis	Cordocentesis	Kordocenteza	7	NULL
5456	eyeglass-prescription-for-adults	Eyeglass Prescription for Adults	Određivanje i propisivanje naočara za odrasle	23	NULL
5457	focometry-of-astigmatic-and-non-astigmatic-lenses	Focometry of Astigmatic and Non-Astigmatic Lenses	Fokometrija astigmatičnih i neastigmatičnih stakala	23	NULL
5458	corneal-foreign-body-removal-with-siderosis-abrasion	Corneal Foreign Body Removal with Siderosis (Abrasion)	Ekstrakcija stranog tijela rožnjače sa siderozom (abrazija)	23	NULL
5459	fundus-examination-with-biomicroscope-and-goldmann-3-mirror-lens	Fundus Examination with Biomicroscope and Goldmann 3-Mirror Lens	Pregled fundusa biomikroskopom i Goldmann lupom sa 3 ogledala	23	NULL
5460	color-vision-test	Color Vision Test	Ispitivanje osjetljivosti na boje	23	NULL
5461	surgical-treatment-of-hordeolum-abscess-or-phlegmon	Surgical Treatment of Hordeolum, Abscess or Phlegmon	Hirurško zbrinjavanje hordeoluma, abscesa ili flegmone	23	NULL
5462	convergence-and-divergence-range-measurement	Convergence and Divergence Range Measurement	Određivanje širine konvergencije i divergencije u prostoru	23	NULL
5463	ophthalmic-ultrasound-a-scan-and-b-scan	Ophthalmic Ultrasound (A-Scan and B-Scan)	Ultrazvuk u oftalmologiji (A-scan i B-scan)	4,23	A-Scan and B-Scan Ophthalmic Ultrasound ; Ultrazvuk oka A-scan i B-scan
5464	conjunctival-corneal-and-eyelid-margin-application	Conjunctival, Corneal and Eyelid Margin Application	Tuširanje vežnjače, rožnjače i ivice kapaka	23	NULL
5465	small-eye-patch	Small Eye Patch	Stavljanje zavoja za oko — mali zavoj	23	NULL
5466	large-eye-patch	Large Eye Patch	Stavljanje zavoja za oko — veliki zavoj	23	NULL
5467	visual-field-perimetry	Visual Field Perimetry	Perimetrija — određivanje širine vidnog polja	23	NULL
5468	stereo-vision-test-titmus	Stereo Vision Test (Titmus)	Ispitivanje stereo vida — Titmus stereo test	23	NULL
5470	eye-occlusion	Eye Occlusion	Okluzija	23	NULL
5471	javal-keratometry	Javal Keratometry	Keratometrija po Javalu	23	NULL
5472	penalization-dosing-and-verification	Penalization — Dosing and Verification	Penalizacija — njeno doziranje i provjeravanje u kabinetu	23	NULL
5473	suppression-and-binocular-vision-test-worth	Suppression and Binocular Vision Test (Worth)	Ispitivanje supresije i binokularnog vida na Worth-u	23	NULL
5474	eyelash-epilation-by-electrolysis-or-electrocoagulation-per-session	Eyelash Epilation by Electrolysis or Electrocoagulation (per session)	Epilacija elektrolizom ili elektrokoagulacijom — seansa	23	NULL
5475	cppers-eutiscopy	Cüppers Eutiscopy	Eutiskopija po Cuppersu	23	NULL
5476	coordinator-vision-exercises	Coordinator Vision Exercises	Vježbe na koordinatoru	23	NULL
5477	spatial-fusion-exercises	Spatial Fusion Exercises	Vježbe fuzije u prostoru	23	NULL
5478	accommodation-convergence-elasticity-exercises	Accommodation-Convergence Elasticity Exercises	Vježbe elasticiteta akomodacije i konvergencije kod akomodativnih poremećaja	23	NULL
5479	orthorater-examination	Orthorater Examination	Pregled ortorajterom i interpretacija nalaza svih funkcija	23	NULL
5480	binocular-visual-field-test	Binocular Visual Field Test	Ispitivanje polja pogleda — binokularno	23	NULL
5481	diplopia-paralysis-and-paresis-test-hess-lancaster	Diplopia, Paralysis and Paresis Test (Hess-Lancaster)	Ispitivanje diplopija, paraliza i pareza (Hess-Lancaster test)	23	NULL
5482	synoptophore-fusion-exercises	Synoptophore Fusion Exercises	Vježbe fuzije na sinoptoforu — sa naknadnim i realnim slikama	23	NULL
5483	anti-arc-spatial-exercises	Anti-ARC Spatial Exercises	Vježbe protiv ARK u prostoru	23	NULL
5484	anti-arc-spatial-exercises-elimination-method	Anti-ARC Spatial Exercises (Elimination Method)	Vježbe protiv ARK u prostoru (metode eliminacije)	23	NULL
5485	additional-prism-determination-on-correction-lens	Additional Prism Determination on Correction Lens	Određivanje i probanje dodatne prizme na korekciono staklo	23	NULL
5486	visus-test-in-simulation-and-aggravation	Visus Test in Simulation and Aggravation	Visus kod simulacije i agravacije	23	NULL
5487	visual-field-and-binocular-vision-test-in-paralysis	Visual Field and Binocular Vision Test in Paralysis	Ispitivanje polja vida i binokularnog vida kod paralize	23	NULL
5488	nagel-anomaloscopy	Nagel Anomaloscopy	Nagel anomaloskopija	23	NULL
5489	glaucoma-provocation-test	Glaucoma Provocation Test	Test provokacije na glaukom	23	Glaucoma Provocation Tests ; Testovi opterećenja i provokacije glaukoma
5490	fluorescein-ophthalmoscopy	Fluorescein Ophthalmoscopy	Fluoresceinska oftalmoskopija	23	NULL
5491	fluorescein-biomicroscopy	Fluorescein Biomicroscopy	Fluoresceinska biomikroskopija	23	NULL
5492	minor-laser-intervention-conjunctival-lesions	Minor Laser Intervention (Conjunctival Lesions)	Intervencije laserom — manje (kod promjena na konjunktivi)	23	NULL
5493	major-laser-intervention-fundus	Major Laser Intervention (Fundus)	Intervencije laserom — veće (intervencije na očnom dnu)	23	NULL
5494	refraction-with-wide-pupil-without-astigmatism	Refraction with Wide Pupil without Astigmatism	Određivanje refrakcije na široku zjenicu bez astigmatizma	23	NULL
5495	eyeglass-determination-narrow-pupil-without-astigmatism	Eyeglass Determination — Narrow Pupil without Astigmatism	Određivanje naočara na usku zjenicu bez astigmatizma	23	NULL
5496	eyeglass-determination-narrow-pupil-with-astigmatism	Eyeglass Determination — Narrow Pupil with Astigmatism	Određivanje naočara na usku zjenicu sa astigmatizmom	23	NULL
5497	skiascopy-in-adults	Skiascopy in Adults	Skijaskopija kod odraslih	23	NULL
5498	refraction-with-wide-pupil-with-astigmatism	Refraction with Wide Pupil with Astigmatism	Određivanje refrakcije na široku zjenicu sa astigmatizmom	23	NULL
5499	farnsworth-test	Farnsworth Test	Farnsworth test	23	NULL
5500	pachymetry	Pachymetry	Pahimetrija	23	NULL
5501	pupillometry	Pupillometry	Pupilometrija	23	NULL
5502	light-sense-and-projection-test	Light Sense and Projection Test	Ispitivanje osjećaja svjetlosti sa projekcijom	23	NULL
5503	skiascopy-in-children	Skiascopy in Children	Skijaskopija kod djece	23	NULL
5504	eyeglass-prescription-for-children	Eyeglass Prescription for Children	Određivanje i propisivanje naočara za djecu	23	NULL
5505	eyeglasses-for-astigmatism-and-heterophoria	Eyeglasses for Astigmatism and Heterophoria	Određivanje i propisivanje naočara kod astigmatizma i heteroforije	23	NULL
5506	peribulbar-parabulbar-or-sub-tenon-injection	Peribulbar, Parabulbar or Sub-Tenon Injection	Davanje injekcije peribulbarno, parabulbarno i subtenonijalno	23	NULL
5507	slit-lamp-biomicroscopy-with-fundus-lens	Slit-Lamp Biomicroscopy with Fundus Lens	Oftalmološki pregled na biomikroskopu (pregled dna lupom)	23	NULL
5508	indirect-ophthalmoscopy-with-binocular-ophthalmoscope	Indirect Ophthalmoscopy with Binocular Ophthalmoscope	Indirektna oftalmoskopija pomoću binokularnog oftalmoskopa	23	NULL
5509	color-sensitivity-test-with-anomaloscope	Color Sensitivity Test with Anomaloscope	Ispitivanje osjetljivosti na boje pomoću anomaloskopa	23	Pregled kolornog vida anomaloskopom
5510	meibomian-gland-curettage	Meibomian Gland Curettage	Kiretaža Meibomove žlijezde	23	NULL
5511	thermocauterization	Thermocauterization	Termokauterizacija	23	NULL
5512	single-exposure-eye-photography	Single-Exposure Eye Photography	Fotosnimak oka u jednoj ekspoziciji	23	NULL
5513	nine-direction-eye-photography	Nine-Direction Eye Photography	Fotosnimak oka u devet pravaca	23	NULL
5514	color-anterior-segment-photography	Color Anterior Segment Photography	Fotosnimak prednjeg segmenta očnog dna u koloru	23	NULL
5515	static-central-visual-field-perimetry	Static Central Visual Field Perimetry	Perimetrija — statičko određivanje centralnog vidnog polja	23	NULL
5516	tbinger-profile-perimetry	Tübinger Profile Perimetry	Perimetrija profilna — Tübinger	23	NULL
5517	adaptometry	Adaptometry	Adaptometrija	23	NULL
5518	rapid-adaptation-test-purkinje-krakw	Rapid Adaptation Test (Purkinje-Kraków)	Adaptacija — ispitivanje brze adaptacije pomoću tablica po Purkinje-Krakowu	23	NULL
5519	tbinger-adaptation-test	Tübinger Adaptation Test	Adaptacija — ispitivanje po Tübingeru	23	NULL
5520	eye-motility-test	Eye Motility Test	Ispitivanje motiliteta	23	NULL
5521	spatial-or-apparatus-eye-muscle-exercises	Spatial or Apparatus Eye Muscle Exercises	Vježba mišića u prostoru ili na aparatu	23	NULL
5522	anti-suppression-vision-exercises	Anti-Suppression Vision Exercises	Vježbe vida protiv supresije	23	NULL
5523	tonography	Tonography	Tonografija	23	NULL
5524	diaphanoscopy	Diaphanoscopy	Diafanoskopija	23	NULL
5525	fluorescein-lacrimal-patency-test	Fluorescein Lacrimal Patency Test	Fluoresceinska proba prolaznosti suznih puteva	23	NULL
5526	fluorescein-corneal-test	Fluorescein Corneal Test	Fluoresceinska proba rožnjače	23	NULL
5527	macular-function-test-with-amsler-grid	Macular Function Test with Amsler Grid	Ispitivanje makularne funkcije Amslerovom mrežom	23	NULL
5528	prism-fixation-test-cower	Prism Fixation Test (Cower)	Ispitivanje fiksacije prizmama (Cower test)	23	NULL
5529	light-sense-test-with-diplopia-and-motility	Light Sense Test with Diplopia and Motility	Ispitivanje osjećaja svjetlosti pri ispitivanju dvoslika — motilitet	23	NULL
5530	loading-test-and-raster-for-primary-open-angle-glaucoma-diagnostics	Loading Test and Raster for Primary Open-Angle Glaucoma Diagnostics	Testovi opterećenja i raster u dijagnostici primarnih glaukoma otvorenog ugla	23	NULL
5531	heidelberg-retina-tomography-hrt	Heidelberg Retina Tomography (HRT)	HRT — Heidelberg retino tomografija	23	NULL
5534	ent-topical-treatment-application	ENT Topical Treatment Application	ORL tuširanje	11	NULL
5535	nasal-septum-hematoma-or-abscess-incision-and-drainage	Nasal Septum Hematoma or Abscess Incision and Drainage	Incizija i drenaža hematoma i abscesa nosnog septuma	11	NULL
5536	peritonsillar-abscess-incision-and-drainage-transoral	Peritonsillar Abscess Incision and Drainage (Transoral)	Incizija i drenaža peritonzilarnog abscesa — transoralni pristup	11	NULL
5537	retropharyngeal-abscess-incision-and-drainage-transoral	Retropharyngeal Abscess Incision and Drainage (Transoral)	Incizija i drenaža retrofaringealnog abscesa — transoralno	11	NULL
5538	proetz-sinus-and-nasal-secretion-removal	Proetz Sinus and Nasal Secretion Removal	Odstranjivanje sekreta iz nosa i sinusa po Proetzu	11	NULL
5539	vocal-cord-polyp-or-nodule-excision-via-direct-laryngoscopy	Vocal Cord Polyp or Nodule Excision via Direct Laryngoscopy	Ekstirpacija polipa ili čvorića sa glasnica u direktoskopiji	11	NULL
5540	politzer-pharyngotympanic-tube-inflation	Politzer Pharyngotympanic Tube Inflation	Produvavanje faringotimpanalnih tuba po Politzeru	11	NULL
5541	facial-nerve-lesion-drug-infiltration	Facial Nerve Lesion Drug Infiltration	Infiltracija lijeka kod lezije n. facialisa	11	NULL
5542	ent-biopsy-ear-throat-nose	ENT Biopsy (Ear, Throat, Nose)	Biopsija uha, grla, nosa	11	NULL
5543	post-tonsillectomy-hemostasis	Post-Tonsillectomy Hemostasis	Hemostaza poslije tonzilektomije	11	NULL
5544	nasal-bleeding-hemostasis-cauterization-lapis-electrocauterization	Nasal Bleeding Hemostasis (Cauterization, Lapis, Electrocauterization)	Hemostaza krvarenja iz nosa — tuširanje, lapiziranje, elektrokauterizacija	11	NULL
5545	posterior-nasal-packing	Posterior Nasal Packing	Zadnja tamponada nosa	11	NULL
5546	pure-tone-audiometry-in-children-up-to-7-years	Pure Tone Audiometry in Children up to 7 Years	Ispitivanje sluha tonalno-liminarnom audiometrijom kod djece do 7 godina	11	NULL
5547	caloric-vestibular-test-hallpike	Caloric Vestibular Test (Hallpike)	Kalorički test čula za ravnotežu (Hallpike)	11	NULL
5548	closed-reduction-of-recent-nasal-fracture-with-immobilization	Closed Reduction of Recent Nasal Fracture with Immobilization	Repozicija svježeg preloma nosnih kostiju sa imobilizacijom	11	NULL
5549	nasal-endoscopy	Nasal Endoscopy	Endoskopski pregled nosa	11	NULL
5550	indirect-laryngopharyngoscopy-with-biopsy	Indirect Laryngopharyngoscopy with Biopsy	Laringofaringoskopija indirektna sa biopsijom	11	NULL
5551	othematoma-or-retroauricular-abscess-incision	Othematoma or Retroauricular Abscess Incision	Incizija othaematoma ili retroaurikularnog abscesa	11	NULL
5552	direct-laryngoscopy-and-hypopharyngoscopy	Direct Laryngoscopy and Hypopharyngoscopy	Direktoskopija larinksa i hipofarinksa	11	NULL
5553	direct-laryngoscopy-with-foreign-body-extraction	Direct Laryngoscopy with Foreign Body Extraction	Direktna laringoskopija sa vađenjem stranog tijela	11	NULL
5554	hearing-aid-fitting	Hearing Aid Fitting	Određivanje slušnog aparata	11	NULL
5555	tympanic-membrane-paracentesis	Tympanic Membrane Paracentesis	Paracenteza bubne opne	11	NULL
5556	adenotomy-under-rausch-or-local-anesthesia	Adenotomy under Rausch or Local Anesthesia	Adenotomija u rauš ili lokalnoj anesteziji	11	NULL
5557	endonasal-surgical-rhinolith-or-foreign-body-extraction	Endonasal Surgical Rhinolith or Foreign Body Extraction	Endonazalna hirurška ekstrakcija rinolita ili stranog tijela	11	NULL
5558	drug-application-to-ear-and-nose	Drug Application to Ear and Nose	Aplikacija lijeka u uvo i nos	11	NULL
5559	direct-epipharyngoscopy	Direct Epipharyngoscopy	Epifaringoskopija direktna	11	NULL
5560	acoustic-reflex-test	Acoustic Reflex Test	Akustički refleks	11	NULL
5561	excision-of-ear-atheroma-cyst-or-small-benign-tumor	Excision of Ear Atheroma, Cyst or Small Benign Tumor	Ekstirpacija ateroma, ciste ili manjeg benignog tumora uva	11	NULL
5562	cervical-lymph-node-excision-biopsy	Cervical Lymph Node Excision (Biopsy)	Ekscizija (biopsija) limfnog čvora vrata	11	NULL
5563	nasal-synechia-lysis-unilateral-or-bilateral	Nasal Synechia Lysis (Unilateral or Bilateral)	Sinehioliza u nosnim kavumima — jednostrana ili obostrana	11	NULL
5564	excision-of-benign-fibrous-and-cystic-lesions	Excision of Benign, Fibrous and Cystic Lesions	Ekscizija benignih lezija, fibroznih i cističnih promjena	11	NULL
5565	unilateral-nasal-polyp-ablation-without-ethmoidectomy	Unilateral Nasal Polyp Ablation without Ethmoidectomy	Ablacija polipa nosa bez etmoidektomije — unilateralna	11	NULL
5566	surgical-foreign-body-removal-from-ear	Surgical Foreign Body Removal from Ear	Operativno odstranjenje stranog tijela iz uha	11	NULL
5567	mucotomy-or-conchotomy-unilateral-or-bilateral	Mucotomy or Conchotomy (Unilateral or Bilateral)	Mukotomija ili konhotomija — jednostrana ili obostrana	11	NULL
5568	submandibular-duct-calculus-extraction	Submandibular Duct Calculus Extraction	Ekstrakcija kalkulusa iz izvodnog kanala submandibularne žlijezde	11	NULL
5569	acute-mandibular-joint-luxation-reduction	Acute Mandibular Joint Luxation Reduction	Repozicija akutne luksacije viličnog zgloba	11	NULL
5570	laryngomicroscopy-with-biopsy-and-excision	Laryngomicroscopy with Biopsy and Excision	Laringomikroskopija sa uzimanjem isječka i ekscizijom	11	NULL
5571	tracheostomy-closure	Tracheostomy Closure	Zatvaranje traheostome	11	NULL
5572	surgical-treatment-of-lower-oral-cavity-cysts	Surgical Treatment of Lower Oral Cavity Cysts	Operativno liječenje cista donjeg zida usne šupljine	11	NULL
5573	foreign-body-removal-from-soft-tissues-of-face	Foreign Body Removal from Soft Tissues of Face	Uklanjanje stranog tijela iz mekih tkiva lica	11	NULL
5574	excision-of-benign-tongue-tumors-with-primary-plasty	Excision of Benign Tongue Tumors with Primary Plasty	Ekscizija benignih tumora jezika sa primarnom plastikom	11	NULL
5575	temporary-tracheostomy	Temporary Tracheostomy	Traheostomija — privremena	11	NULL
5576	maxillary-sinus-puncture	Maxillary Sinus Puncture	Punkcija maksilarnog sinusa	11	NULL
5577	ear-wick-application	Ear Wick Application	Aplikacija štrajfne u uho	11	Ear Wick Placement ; Plasiranje štrajfne za uho
5578	otomicroscopy	Otomicroscopy	Otomikroskopija	11	NULL
5579	intraoral-abscess-incision	Intraoral Abscess Incision	Incizija apscesa intraoralnim putem	11,17,20	Abscess Incision Intraoral ; Incizija apscesa intraoralno
5580	auricular-othematoma-or-ear-abscess-incision	Auricular Othematoma or Ear Abscess Incision	Incizija othaematoma auricule ili abscesa uha	11	NULL
5581	frenulum-resection	Frenulum Resection	Resekcija frenuluma	11	NULL
5582	speech-audiometry	Speech Audiometry	Audiometrija govorna	11	NULL
5583	epipharyngoscopy-with-biopsy	Epipharyngoscopy with Biopsy	Epifaringoskopija sa biopsijom	11	NULL
5584	tongue-suturing-up-to-2-cm	Tongue Suturing up to 2 cm	Sutura jezika do 2 cm	11	NULL
5585	open-reduction-of-fresh-nasal-bone-fracture	Open Reduction of Fresh Nasal Bone Fracture	Otvorena repozicija svježih preloma nosnih kostiju	11	NULL
5586	nasal-tumor-biopsy	Nasal Tumor Biopsy	Biopsija tumora nosa	11	NULL
5587	rhinomanometry-or-rhinoresistometry	Rhinomanometry or Rhinoresistometry	Rinomanometrija ili rinorezistometrija	11	NULL
5588	tongue-suturing-over-2-cm	Tongue Suturing over 2 cm	Sutura jezika preko 2 cm	11	NULL
5589	extraoral-abscess-incision	Extraoral Abscess Incision	Incizija apscesa ekstraoralnim putem	11,17,20	Abscess Incision Extraoral ; Incizija apscesa ekstraoralno
5590	rigid-esophagoscopy-with-foreign-body-removal-in-adults	Rigid Esophagoscopy with Foreign Body Removal in Adults	Ezofagoskopija rigidna — sa odstranjivanjem stranog tijela kod odraslih	11	NULL
5591	surgery-for-benign-palate-and-uvula-tumors	Surgery for Benign Palate and Uvula Tumors	Operacija benignih tumora nepca i uvule	11	NULL
5592	rigid-esophagoscopy-with-foreign-body-removal-in-children-up-to-10-years	Rigid Esophagoscopy with Foreign Body Removal in Children up to 10 Years	Ezofagoskopija rigidna — sa odstranjivanjem stranog tijela kod djece do 10 godina	11	NULL
5593	nasal-detamponade	Nasal Detamponade	Detamponada nosa	11	NULL
5594	cervical-parapharyngeal-abscess-incision	Cervical Parapharyngeal Abscess Incision	Incizija parafaringealnog abscesa cervikalna	11	NULL
5595	fiberoptic-pharyngoscopy	Fiberoptic Pharyngoscopy	Fiberoptički pregled farinksa	11	NULL
5596	fiberoptic-laryngoscopy	Fiberoptic Laryngoscopy	Fiberoptička laringoskopija	11	NULL
5597	middle-ear-lesion-biopsy	Middle Ear Lesion Biopsy	Biopsija promjena srednjeg uha	11	NULL
5598	bksy-audiometry	Békésy Audiometry	Audiometrija po Békésyju	11	NULL
5599	tone-decay-test	Tone Decay Test	Tone decay test	11	NULL
5600	spontaneous-and-fixation-nystagmus-test	Spontaneous and Fixation Nystagmus Test	Test spontanog i fiksacionog nistagmusa	11	NULL
5601	positional-test	Positional Test	Pozicioni test	11	NULL
5602	vestibulo-ocular-tests	Vestibulo-Ocular Tests	Vestibuloolarni testovi	11	NULL
5603	vestibular-function-evaluation-with-rotating-chair	Vestibular Function Evaluation with Rotating Chair	Evaluacija vestibularne funkcije rotirajućom stolicom	11	NULL
5604	electronystagmography	Electronystagmography	Elektronistagmografija	11	NULL
5605	repositioning-maneuver-for-bppv-treatment	Repositioning Maneuver for BPPV Treatment	Repozicioni manevar za liječenje benignog paroksizmalnog vertiga	11	NULL
5606	fistula-symptom-search	Fistula Symptom Search	Traženje simptoma fistule	11	NULL
5607	tympanic-membrane-drug-instillation	Tympanic Membrane Drug Instillation	Instilacija lijeka kroz bubnu opnu u bubnu duplju	11	NULL
5608	endonasal-foreign-body-extraction	Endonasal Foreign Body Extraction	Endonazalna ekstirpacija stranog tijela iz nosa	11	NULL
5609	rhinoallergological-examination	Rhinoallergological Examination	Rinoalergološki pregled	11	NULL
5610	rhinoallergological-testing	Rhinoallergological Testing	Rinoalergološko ispitivanje	11	NULL
5611	eustachian-tube-catheterization	Eustachian Tube Catheterization	Kateterizacija Eustahijeve tube	11	NULL
5612	fine-needle-aspiration-biopsy	Fine Needle Aspiration Biopsy	Aspiraciona biopsija tankom iglom	11	NULL
5613	pharyngeal-foreign-body-removal	Pharyngeal Foreign Body Removal	Vađenje stranog tijela iz ždrijela	11	NULL
5614	surgical-rhinolith-or-foreign-body-extraction-by-lateral-rhinotomy	Surgical Rhinolith or Foreign Body Extraction by Lateral Rhinotomy	Hirurška ekstirpacija rinolita ili stranog tijela iz nosa lateralnom rinotomijom	11	NULL
5615	stapedius-reflex-test	Stapedius Reflex Test	Refleks stapedijusa	11	NULL
5616	foreign-body-extraction-from-soft-tissues-of-head-and-neck	Foreign Body Extraction from Soft Tissues of Head and Neck	Ekstrakcija stranog tijela mekih djelova glave i vrata	11	NULL
5617	permanent-tracheostomy	Permanent Tracheostomy	Traheostomija — stalna	11	NULL
5618	cricothyrotomy	Cricothyrotomy	Krikotireostomija	11	NULL
5619	otomicroscopy-with-secretion-aspiration	Otomicroscopy with Secretion Aspiration	Otomikroskopija sa aspiracijom sekreta	11	NULL
5620	subjective-olfactometry	Subjective Olfactometry	Subjektivna olfaktometrija	11	NULL
5621	electrocochleography-in-adults	Electrocochleography in Adults	Elektrokohleografija odraslih	11	NULL
5622	electrocochleography-in-children	Electrocochleography in Children	Elektrokohleografija djece	11	NULL
5623	esophagoscopy-with-biopsy-tumor-removal-or-dilatation	Esophagoscopy with Biopsy, Tumor Removal or Dilatation	Ezofagoskopija sa biopsijom, odstranjenjem tumora ili dilatacijom	11	NULL
5624	tucker-retrograde-esophageal-dilatation	Tucker Retrograde Esophageal Dilatation	Retrogradna dilatacija jednjaka po Tuckeru	11	NULL
5625	initial-phoniatric-examination	Initial Phoniatric Examination	Osnovni fonijatrijski pregled	11	NULL
5626	follow-up-phoniatric-examination	Follow-up Phoniatric Examination	Kontrolni fonijatrijski pregled	11	NULL
5627	phoniatric-exercises	Phoniatric Exercises	Fonijatrijske vježbe	11	NULL
5628	phonation-exercises	Phonation Exercises	Vježbe fonacije	11	NULL
5629	articulation-exercises	Articulation Exercises	Vježbe artikulacije	11	NULL
5630	articulation-treatment	Articulation Treatment	Artikulacioni tretman	11	NULL
5631	speech-disorder-correction-treatment	Speech Disorder Correction Treatment	Korekcioni tretman poremećaja govora	11	NULL
5632	computer-voice-analysis	Computer Voice Analysis	Kompjuterska analiza glasa	11	NULL
5633	tone-equalization-exercises	Tone Equalization Exercises	Vježbe za postizanje tonične ujednačenosti	11	NULL
5634	esophageal-speech-training	Esophageal Speech Training	Uvježbavanje ezofagusnog govora	11	NULL
5636	acne-cleansing-and-comedone-extraction-per-session	Acne Cleansing and Comedone Extraction (per session)	Čišćenje akni i odstranjivanje gnojnih cista i komedona — po seansi (max. 4)	24	NULL
5637	photodynamic-therapy-of-skin-lesions-per-session	Photodynamic Therapy of Skin Lesions (per session)	Fotodinamska terapija lezija kože — po seansi	24	NULL
5638	intralesional-drug-application	Intralesional Drug Application	Intralezionalna aplikacija lijeka	24	NULL
5639	therapeutic-bath	Therapeutic Bath	Terapijska kupka	24	NULL
5640	condyloma-application-with-podophyllin-per-session	Condyloma Application with Podophyllin (per session)	Tuširanje kondiloma sa podofilinom po seansi	24	NULL
5641	leg-ulcer-dressing	Leg Ulcer Dressing	Previjanje ulkusa na nogama	24	Previjanje venske rane
5642	patch-test	Patch Test	Epikutano alergološko testiranje (patch test)	24	NULL
5643	senile-keratosis-treatment-with-liquid-nitrogen-per-session	Senile Keratosis Treatment with Liquid Nitrogen (per session)	Liječenje senilne keratoze tečnim azotom po seansi	24	NULL
5644	multi-session-condyloma-acuminata-excohleation	Multi-Session Condyloma Acuminata Excohleation	Ekskohleacija condyloma acuminata u više seansi	24	NULL
5645	dermatologic-histology-with-specific-staining-and-histochemistry	Dermatologic Histology with Specific Staining and Histochemistry	Dermatološka histologija sa specifičnim bojenjima i histohemijom	24	NULL
5646	verruca-vulgaris-excohleation	Verruca Vulgaris Excohleation	Ekskohleacija veruke vulgaris — jedne ili više	24	NULL
5647	woods-lamp-diagnostics	Wood's Lamp Diagnostics	Dijagnostika Wood-ovom lampom	24	NULL
5648	trichogram	Trichogram	Trihogram	24	NULL
5649	closed-reduction-of-habitual-or-traumatic-dislocations	Closed Reduction of Habitual or Traumatic Dislocations	Manipulativna repozicija habitualnih ili traumatskih iščašenja	10	Namještanje iščašenog zgloba
5650	closed-reduction-of-wrist-joint	Closed Reduction of Wrist Joint (Radiocarpal, Radioulnar or Intercarpal)	Zatvorena manipulativna repozicija ručnog zgloba (radiokarpalnog, radioulnarnog ili interkarpalnog)	10	NULL
5651	plaster-cast-correction	Plaster Cast Correction	Korekcija ranije stavljenog gipsa	10	Korekcija gipsa
5652	ankle-fixation-bandage	Ankle Fixation Bandage	Fiksacioni zavoj gležnja	10	Fiksacioni zavoj skočnog zgloba
5653	above-elbow-plaster-immobilization	Above-Elbow Plaster Immobilization	Nadlakatna gips imobilizacija (longeta ili puni gips)	10	NULL
5654	below-elbow-plaster-immobilization	Below-Elbow Plaster Immobilization	Podlakatna gips imobilizacija (longeta ili puni gips)	10	NULL
5655	thoracic-fixation-bandage	Thoracic Fixation Bandage	Fiksacioni zavoj toraksa	10	NULL
5656	elbow-or-wrist-fixation-bandage	Elbow or Wrist Fixation Bandage	Fiksacioni zavoj lakta ili zgloba ručja	10	NULL
5657	knee-fixation-bandage	Knee Fixation Bandage	Fiksacioni zavoj koljena	10	NULL
5658	plaster-cast-or-splint-removal	Plaster Cast or Splint Removal	Skidanje gipsa ili longete	10	Cast Removal
5659	desault-shoulder-fixation-bandage	Desault Shoulder Fixation Bandage	Fiksacioni zavoj ramena (Desault)	10	Desault Bandage ; Dezoov zavoj
5660	below-knee-walking-cast	Below-Knee Walking Cast Reduction	Repozicija — gips potkoljenice za kretanje	10	NULL
5661	thigh-plaster-immobilization	Thigh Plaster Immobilization	Repozicija — gips natkoljenice (longeta ili puni gips)	10	NULL
5662	interphalangeal-joint-dislocation-reduction	Interphalangeal Joint Dislocation Reduction	Repozicija dislokacije interfalangealnog zgloba	10	Iščašenje prsta
5663	coxofemoral-circular-plaster-reduction	Coxofemoral Circular Plaster Reduction with Spreader Bar	Repozicija — koksofemoralni cirkularni gips sa prečagom	10	NULL
5664	hip-to-ankle-plaster-reduction	Hip-to-Ankle Plaster Reduction	Repozicija — gips kuk-gležanj	10	NULL
5665	below-knee-plaster-reduction	Below-Knee Plaster Reduction	Repozicija — gips imobilizacija potkoljenice (longeta ili puni gips)	10	NULL
5666	closed-joint-reduction-with-mobilization	Closed Joint Reduction with Immobilization	Zatvorena repozicija zgloba i primjena sredstava imobilizacije	10	Closed Joint Reduction with Mobilization
5667	vertebral-body-fracture-or-dislocation-reduction	Cervical Vertebral Body Fracture or Dislocation Reduction with Halo Traction	Repozicija frakture ili dislokacije tijela jednog ili više pršljenova sa Halo trakcijom — vratni dio kičme	10	NULL
5668	distal-phalanx-fracture-manipulation-reduction	Distal Phalanx Fracture Manipulation Reduction (Finger or Thumb)	Manipulativna repozicija frakture distalne falange palca ili prsta šake	10	NULL
5669	big-toe-phalanx-fracture-manipulation-reduction	Big Toe Phalanx Fracture Manipulation Reduction	Manipulativna repozicija frakture falange palca stopala	10	NULL
5670	closed-manipulation-reduction-of-proximal-fracture	Closed Manipulation Reduction of Proximal or Middle Finger Phalanx Fracture	Zatvorena manipulativna repozicija frakture proksimalne ili srednje falange prstiju šake	10	Closed Manipulation Reduction of Proximal Fracture
5671	metacarpal-fracture-manipulation-reduction	Metacarpal Fracture Manipulation Reduction	Zatvorena manipulativna repozicija frakture metakarpalnih kostiju	10	NULL
5672	metatarsal-fracture-manipulation-reduction	Metatarsal Fracture Manipulation Reduction	Zatvorena manipulativna repozicija frakture metatarzalnih kostiju	10	NULL
5673	acromioclavicular-joint-dislocation-reduction-closed	Acromioclavicular Joint Dislocation Reduction (Closed)	Manipulativna repozicija dislokacije akromioklavikularnog zgloba — zatvorena	10	NULL
5674	closed-manipulation-reduction-of-clavicle-fracture	Closed Manipulation Reduction of Clavicle Fracture	Manipulativna repozicija frakture klavikule — zatvorena	10	NULL
5675	reduction-of-shoulder-dislocation-with-greater-tuberosity-fracture	Reduction of Shoulder Dislocation with Greater Tuberosity Fracture	Repozicija dislokacije ramena sa frakturom tuberkulum majus humerusa	10	NULL
5676	closed-manipulation-reduction-of-radius-head-and-neck-fracture	Closed Manipulation Reduction of Radius Head and Neck Fracture	Zatvorena manipulativna repozicija frakture glave i vrata radijusa	10	NULL
5677	closed-manipulation-reduction-of-proximal-end-fracture	Closed Manipulation Reduction of Proximal Ulna (Olecranon) Fracture	Zatvorena manipulativna repozicija frakture proksimalnog kraja ulne (olekranona)	10	Closed Manipulation Reduction of Proximal End Fracture
5678	closed-manipulation-reduction-of-distal-tibia-fracture	Closed Manipulation Reduction of Distal Tibia or Medial/Lateral Malleolus Fracture	Zatvorena manipulativna repozicija frakture distalnog dijela potkoljenice, medijalnog ili lateralnog maleolusa	10	Closed Manipulation Reduction of Distal Tibia Fracture
5679	closed-manipulation-reduction-of-calcaneus-fracture	Closed Manipulation Reduction of Calcaneus Fracture	Zatvorena manipulativna repozicija frakture kalkaneusa	10	NULL
5680	closed-manipulation-reduction-of-patellar-dislocation	Closed Manipulation Reduction of Patellar Dislocation	Zatvorena manipulativna repozicija dislokacije patele	10	NULL
5681	closed-reduction-of-humerus-neck-fracture	Closed Reduction of Humerus Neck Fracture (Surgical or Anatomical)	Zatvorena repozicija frakture vrata humerusa (hirurškog ili anatomskog)	10	NULL
5682	closed-manipulation-reduction-of-ulnar-diaphysis-fracture	Closed Manipulation Reduction of Ulnar Diaphysis Fracture	Zatvorena manipulativna repozicija frakture dijafize ulne	10	NULL
5683	closed-manipulation-reduction-of-radius-and-ulna-diaphysis-fracture	Closed Manipulation Reduction of Radius and Ulna Diaphysis Fracture	Zatvorena manipulativna repozicija frakture dijafize radijusa i ulne	10	NULL
5684	closed-manipulation-reduction-of-radial-diaphysis-fracture	Closed Manipulation Reduction of Radial Diaphysis Fracture	Zatvorena manipulativna repozicija frakture dijafize radijusa	10	NULL
5685	closed-manipulation-reduction-of-humerus-diaphysis-fracture	Closed Manipulation Reduction of Humerus Diaphysis Fracture	Zatvorena manipulativna repozicija frakture dijafize humerusa	10	NULL
5686	closed-manipulation-reduction-of-supracondylar-or-transcondylar-humerus-fracture	Closed Manipulation Reduction of Supracondylar or Transcondylar Humerus Fracture	Zatvorena manipulativna repozicija suprakondilarne ili transkondilarne frakture humerusa	10	NULL
5687	closed-manipulation-reduction-of-proximal-tibia-fracture	Closed Manipulation Reduction of Proximal Tibia Fracture	Zatvorena manipulativna repozicija frakture proksimalnog dijela tibije	10	NULL
5688	closed-manipulation-reduction-of-bimalleolar-ankle-fracture	Closed Manipulation Reduction of Bimalleolar Ankle Fracture	Zatvorena manipulativna repozicija bimaleolarne frakture gležnja	10	NULL
5689	closed-manipulation-reduction-of-scaphoid-fracture	Closed Manipulation Reduction of Scaphoid Fracture	Zatvorena manipulativna repozicija frakture skafoidne kosti	10	NULL
5690	closed-manipulation-reduction-of-tibia-and-fibula-diaphysis-fracture	Closed Manipulation Reduction of Tibia and Fibula Diaphysis Fracture	Zatvorena manipulativna repozicija frakture dijafize potkoljenice (tibije i fibule)	10	NULL
5691	schanz-collar-application	Schanz Collar Application	Šancov okovratnik	10	Cervical Collar ; Kragna za vrat ; Šancova kragna
5692	shoulder-sling-mitella	Shoulder Sling (Mitella)	Zaštitni podizač ramena — mitela	10	Arm Sling Immobilization ; Imobilizacija ruke sa mitelom
5693	closed-reduction-of-sacroiliac-joint-dislocation	Closed Reduction of Sacroiliac Joint or Pubic Symphysis Dislocation	Zatvorena manipulativna repozicija dislokacije sakroilijačnog zgloba ili simfize pubisa	10	Closed Reduction of Sacroiliac Joint Dislocation
5694	open-or-closed-coccyx-fracture-reduction	Open or Closed Coccyx Fracture Reduction	Zatvorena ili otvorena manipulativna repozicija frakture kokcigeusa	10	Prelom trtice ; Tailbone Fracture
5695	hanging-cast-reduction	Hanging Cast Reduction	Repozicija — viseći gips	10	NULL
5696	u-splint-application	U-Splint Application	U-šina	10	Sugar-Tong Splint
5697	tutor-plaster-cast	Tutor Plaster Cast	Tutor gips	10	NULL
5698	sarmiento-cast-reduction	Sarmiento Cast Reduction	Repozicija — Sarmiento gips	10	NULL
5699	minerva-plaster-cast-reduction	Minerva Plaster Cast Reduction	Repozicija — Minerva gips	10	NULL
5700	plaster-corset-reduction	Plaster Corset Reduction	Repozicija — korzet gips	10	NULL
5701	plaster-brace-reduction	Plaster Brace Reduction	Repozicija — mider gips	10	NULL
5702	closed-thoracobrachial-plaster-reduction	Closed Thoracobrachial Plaster Reduction	Repozicija — zatvoreni torakobrahijalni gips	10	NULL
5703	thoracobrachial-splint-reduction	Thoracobrachial Splint Reduction	Repozicija — torakobrahijalna longeta	10	NULL
5704	abdominal-femoral-plaster-reduction	Abdominal-Femoral Plaster Reduction	Repozicija — abdominalno-femoralni gips	10	NULL
5705	lorenz-cast-reduction	Lorenz Cast Reduction	Repozicija — Lorencov gips	10	NULL
5706	plaster-splint-for-hand-and-fingers	Hand and Finger Plaster Splint Reduction	Repozicija — gips longeta za šaku i prste	10	Plaster Splint for Hand and Fingers
5707	beller-apparatus-application	Böhler Apparatus Application	Repozicija — aplikacija Belerovog aparata	10	Beller Apparatus Application
5708	macen-bandage	Macen Bandage	Macenov zavoj	10	NULL
5709	excision-of-malignant-skin-lesions-with-wound-suturing	Excision of Malignant Skin Lesions with Wound Suturing	Ekscizija malignih lezija kože sa suturom rane	17	NULL
5710	nail-plate-and-matrix-excision	Nail Plate and Matrix Excision	Ekscizija nokatne ploče sa matriksom	17	NULL
5711	primary-wound-care-with-electrocauterization	Primary Wound Care with Electrocauterization	Primarna obrada rane uz primjenu elektrokauterizacije	17	NULL
5712	treatment-of-larger-lacerations-and-contusions	Treatment of Larger Lacerations and Contusions	Obrada većih lacerokontuznih rana	17	NULL
5713	superficial-papilloma-excision	Simple Superficial Papilloma Excision	Ekscizija prostog papiloma — površnog	17	NULL
5714	hemorrhoid-treatment-with-electric-destruction	Hemorrhoid Treatment by Electrocoagulation (per Session)	Liječenje hemoroida električnom destrukcijom (po seansi)	17	Elektrokoagulacija hemoroida ; Hemorrhoid Treatment with Electric Destruction
5715	sphincterotomy	Sphincterotomy	Sfinkterotomija	17	NULL
5716	simple-cryptectomy	Simple Cryptectomy	Kriptektomija — prosta	17	NULL
5717	external-hemorrhoid-excision	External Hemorrhoid Excision	Ekscizija spoljašnjih hemoroidalnih čvorova	17	NULL
5718	excision-of-external-thrombosed-hemorrhoids	Excision of External Thrombosed Hemorrhoids	Ekscizija spoljašnjih tromboziranih hemoroida	17	NULL
5719	enucleation-or-excision-of-external-thrombosed-hemorrhoids	Enucleation or Excision of External Thrombosed Hemorrhoids	Enukleacija ili ekscizija spoljašnjih tromboziranih hemoroida	17	NULL
5720	endoscopic-foreign-body-removal-from-rectum	Endoscopic Foreign Body Removal from Rectum	Vađenje stranog tijela iz rektuma endoskopskim putem	17	NULL
5721	multiple-unilateral-thoracocentesis	Multiple Unilateral Thoracocentesis in Severe Chest Injuries	Torakocenteza, multiple unilateralne punkcije kod težih povreda grudnog koša	17	Multiple Unilateral Thoracentesis ; Višestruka jednostrana pleuralna punkcija
5722	treatment-of-smaller-wounds-without-deep-structure-lesion-direct	Treatment of Smaller Wounds without Deep Structure Lesion by Direct Suture (Face, Eyelids, Nose, Lip, Ear, Hand)	Obrada manjih rana bez lezije dubokih struktura direktnom suturom na licu, očnim kapcima, nosu, usni, ušnoj školjci i šaci	17	Treatment of Smaller Wounds without Deep Structure Lesion (Direct)
5723	premammary-deep-breast-abscess-treatment	Premammary Deep Breast Abscess Treatment	Duboki absces dojke — premamarni	17	Duboki apsces dojke, premamarni
5724	multiple-bilateral-thoracocentesis	Multiple Bilateral Thoracocentesis in Severe Chest Injuries	Torakocenteza, multiple bilateralne punkcije kod težih povreda grudnog koša	17	Multiple Bilateral Thoracentesis ; Višestruka obostrana pleuralna punkcija
5725	subcutaneous-anal-fistulotomy-or-fistulectomy	Subcutaneous Anal Fistulotomy or Fistulectomy	Fistulotomija ili fistulektomija analne regije — subkutana	17	NULL
5726	ischiorectal-abscess-incision-and-drainage	Ischiorectal Abscess Incision and Drainage	Incizija i drenaža išiorektalnog abscesa	17	Incizija i drenaža išiorektalnog apscesa
5727	excision-of-irregular-scars-and-defect-closure	Excision of Irregular Scars and Defect Closure by Direct Suture	Ekscizija nepravilnih ožiljaka i zatvaranje defekta direktnom suturom	17	NULL
5728	pilonidal-sinus-or-cyst-excision-without-primary-suture	Pilonidal Sinus or Cyst Excision without Primary Suture	Ekscizija pilonidalnog sinusa ili ciste bez primarnog šava	17	NULL
5729	retromammary-deep-breast-abscess-treatment	Retromammary Deep Breast Abscess Treatment	Duboki absces dojke — retromamarni	17	Duboki apsces dojke, retromamarni
5730	aspiration-drainage-of-empyema	Aspiration Drainage of Empyema	Aspiraciona drenaža grudnog koša kod empijema	17	NULL
5731	treatment-of-anal-region-injuries-or-lesions-without-suture	Treatment of Anal Region Injuries or Lesions without Suture	Terapija povreda analnog predjela ili lezija anusa bez šava	17	NULL
5732	treatment-of-larger-wounds-without-deep-structure-lesion	Treatment of Larger Wounds without Deep Structure Lesion	Obrada većih rana bez lezije dubokih struktura	17	NULL
5733	primary-or-delayed-primary-surgical-treatment-of-burns	Primary or Delayed Primary Surgical Treatment of Burns	Primarna ili primarno odložena hirurška obrada opekotine	17	NULL
5734	direct-suture-of-larger-wounds-without-deep-structure-lesion	Direct Suture of Larger Wounds without Deep Structure Lesion	Obrada većih rana bez lezije dubokih struktura — direktnom suturom	17	NULL
5735	blau-chest-drainage	Bülau Chest Drainage	Drenaža grudnog koša punkcijom — Bülau drenaža	17	NULL
5736	extensive-burn-surgical-treatment	Extensive Burn Surgical Treatment	Primarna ili primarno odložena hirurška obrada opekotine — opsežne	17	NULL
5737	excision-and-direct-suture-of-larger-benign-scarring-lesions	Excision and Direct Suture of Larger Benign Scarring Lesions	Ekscizija i direktna sutura većih benignih lezija — ožiljnih	17	NULL
5738	surgical-preparation-and-cannulation-of-peripheral-vein	Surgical Preparation and Cannulation of Peripheral Vein	Hirurška preparacija i kanuliranje periferne vene	17	NULL
5739	suture-of-smaller-blood-vessels-due-to-injury	Suture of Smaller Blood Vessels Due to Injury	Šav manjih krvnih sudova zbog povrede	17	NULL
5740	foreign-body-extraction-from-face	Foreign Body Extraction from Face	Ekstirpacija stranog tijela lica	17	NULL
5741	hemangioma-extirpation	Hemangioma Extirpation	Ekstirpacija hemangioma	17	NULL
5742	salivary-gland-duct-opening-dilatation	Salivary Gland Duct Opening Dilatation	Dilatacija otvora kanala pljuvačne žlijezde	17	NULL
5743	salivary-duct-dilatation	Salivary Duct Dilatation	Dilatacija pljuvačnog kanala	17	NULL
5744	salivary-gland-or-duct-incision	Salivary Gland or Duct Incision	Incizija pljuvačne žlijezde ili kanala	17	NULL
5745	tongue-incision-and-drainage	Tongue Incision and Drainage	Incizija i drenaža jezika	17	NULL
5746	sclerotherapy-of-smaller-hemangiomas	Sclerotherapy of Smaller Hemangiomas	Sklerozacija manjih hemangioma	17	NULL
5747	surgical-treatment-of-anal-region-condylomas	Surgical Treatment of Anal Region Condylomas	Hirurško zbrinjavanje kondiloma analne regije	17	NULL
5748	suprapubic-bladder-catheterization	Suprapubic Bladder Catheterization	Bešika — suprapubična kateterizacija	22	NULL
5749	scrotal-abscess-incision-and-drainage	Scrotal Abscess Incision and Drainage	Skrotum — incizija i drenaža abscesa	22	NULL
5750	meatotomy	Meatotomy	Meatotomija	22	NULL
5751	testicular-or-epididymal-biopsy	Testicular or Epididymal Biopsy	Biopsija testisa ili epididima	22	NULL
5752	aspiration-of-hydrocele-funiculocele-spermatocele-or-scrotal-abscess	Aspiration of Hydrocele, Funiculocele, Spermatocele or Scrotal Abscess	Punkcija i evakuacija sadržaja hidrocele, funikulocele, spermatocele ili abscesa skrotuma	22	NULL
5753	penile-induration-plastic-cocktail-injection	Penile Induration Plastic (Cocktail Injection)	Induratio penis plastica — koktel	22	NULL
5754	epididymal-abscess-drainage	Epididymal Abscess Drainage	Drenaža abscesa epididima	22	NULL
5755	ureteral-or-jj-stent-placement	Ureteral or JJ Stent Placement	Plasiranje ureteralne sonde ili JJ sonde	22	NULL
5756	retrograde-ureteropyelography-in-females	Retrograde Ureteropyelography in Females	Ureteropijelografija retrogradna kod žene	22	NULL
5757	ureteral-catheterization-in-females	Ureteral Catheterization in Females	Kateterizacija uretera kod žene	22	NULL
5758	ureteral-sonde-placement-for-drainage-or-pelvic-lavage	Ureteral Sonde Placement for Drainage or Pelvic Lavage	Stavljanje ureteralne sonde radi drenaže ili lavaže pelvisa	22	NULL
5759	retrograde-ureteropyelography-in-males-and-children	Retrograde Ureteropyelography in Males and Children	Ureteropijelografija retrogradna kod muškaraca i djece	22	NULL
5760	ureteral-catheterization-in-males-and-children	Ureteral Catheterization in Males and Children	Kateterizacija uretera kod muškaraca i djece	22	NULL
5761	external-urethrotomy-of-anterior-urethra	External Urethrotomy of Anterior Urethra	Uretrotomija eksterna — prednja uretra	22	NULL
5762	excision-of-small-benign-urethral-tumors	Excision of Small Benign Urethral Tumors	Ekscizija malih benignih tumora uretre (čvorića)	22	NULL
5763	distal-urethral-polyp-excision	Distal Urethral Polyp Excision	Ekscizija polipa uretre u distalnom dijelu	22	NULL
5764	urethral-stricture-dilatation	Urethral Stricture Dilatation	Dilatacija strikture uretre	22	NULL
5765	epididymal-exploration-with-or-without-biopsy	Epididymal Exploration with or without Biopsy	Eksploracija epididima sa ili bez biopsije	22	NULL
5766	drainage-and-resection-for-periurethral-phlegmon-or-penile-gangrene	Drainage and Resection for Periurethral Phlegmon or Penile Gangrene	Drenaža i resekcija kod periuretralne flegmone ili gangrene penisa	22	NULL
5767	drainage-of-uncomplicated-periurethral-urinary-extravasation	Drainage of Uncomplicated Periurethral Urinary Extravasation	Drenaža nekomplikovane periuretralne urinarne ekstravazacije	22	NULL
5768	renal-cyst-puncture	Renal Cyst Puncture	Punkcija ciste bubrega	22	NULL
5769	nephrostomy-change	Nephrostomy Change	Promjena nefrostomije	22	NULL
5770	exploratory-ureterorenoscopy-semi-rigid-or-flexible	Exploratory Ureterorenoscopy (Semi-Rigid or Flexible)	Ureterorenoskopija eksplorativa — semirigidna ili fleksibilna	22	NULL
5771	drainage-of-complicated-periurethral-urinary-extravasation	Drainage of Complicated Periurethral Urinary Extravasation	Drenaža komplikovane periuretralne urinarne ekstravazacije	22	NULL
5772	cystoscopy-with-urethral-meatotomy-in-males	Cystoscopy with Urethral Meatotomy in Males	Cistoskopija sa uretralnom meatotomijom kod muškaraca	22	NULL
5773	endoscopic-treatment-of-smaller-lesion-up-to-05-cm	Endoscopic Treatment of Smaller Lesion (up to 0.5 cm)	Endoskopsko tretiranje manje lezije — do 0,5 cm	22	NULL
5774	cystostomy-placement	Cystostomy Placement	Cistostomija i plasiranje cistostome	22	NULL
5775	transrectal-prostate-echosonography	Transrectal Prostate Echosonography	Transrektalna ehosonografija prostate	22	Transrektalni ultrazvuk ; TRUS
5776	preputial-incision-and-frenulotomy	Preputial Incision and Frenulotomy	Incizija prepucija i frenulotomija	22	NULL
5777	foreign-body-extraction-from-mid-urethra	Foreign Body Extraction from Mid-Urethra	Ekstrakcija stranog tijela srednje uretre	22	NULL
5778	penile-biopsy	Penile Biopsy	Biopsija penisa	22	NULL
5779	smaller-female-urethral-polyp-ablation	Smaller Female Urethral Polyp Ablation	Ablacija manjeg polipa iz uretre kod žene	22	NULL
5780	perirenal-insufflation	Perirenal Insufflation	Perirenalna insuflacija	22	NULL
5781	cystoscopy-with-biopsy-in-females	Cystoscopy with Biopsy in Females	Cistoskopija sa biopsijom kod žena	22	NULL
5782	cystoscopy-with-biopsy-in-males-or-children	Cystoscopy with Biopsy in Males or Children	Cistoskopija sa biopsijom kod muškarca ili djeteta	22	NULL
5783	bilateral-retrograde-ureteropyelography-in-females	Bilateral Retrograde Ureteropyelography in Females	Ureteropijelografija retrogradna bilateralna kod žene	22	NULL
5784	bladder-tumor-cauterization-in-females	Bladder Tumor Cauterization in Females	Kauterizacija tumora mokraćne bešike kod žene	22	NULL
5785	bilateral-retrograde-ureteropyelography-in-males-or-children	Bilateral Retrograde Ureteropyelography in Males or Children	Ureteropijelografija retrogradna bilateralna kod muškaraca ili djece	22	NULL
5786	intravesical-drug-instillation	Intravesical Drug Instillation	Intravezikalna instilacija medikamenata	22	NULL
5787	bladder-tumor-cauterization-in-males-or-children	Bladder Tumor Cauterization in Males or Children	Kauterizacija tumora mokraćne bešike kod muškarca ili djeteta	22	NULL
5788	papilloma-electrocoagulation	Papilloma Electrocoagulation	Elektrokoagulacija papiloma	22	NULL
5789	foreign-body-or-stone-extraction-from-bladderureter-procedure-a	Foreign Body or Stone Extraction from Bladder/Ureter (Procedure A)	Ekstrakcija stranog tijela iz bešike ili kamena iz uretera — procedura A	22	NULL
5790	foreign-body-or-stone-extraction-from-bladderureter-procedure-b	Foreign Body or Stone Extraction from Bladder/Ureter (Procedure B)	Ekstrakcija stranog tijela iz bešike ili kamena iz uretera — procedura B	22	NULL
5791	cystoscopy-with-ureteral-meatotomy-in-females	Cystoscopy with Ureteral Meatotomy in Females	Cistoskopija sa ureteralnom meatotomijom kod žene	22	NULL
5792	endoscopic-therapy-of-lower-ureter-cystic-dilatation-procedure-a	Endoscopic Therapy of Lower Ureter Cystic Dilatation (Procedure A)	Endoskopska terapija cistične dilatacije donjeg dijela uretera — procedura A	22	NULL
5793	endoscopic-therapy-of-lower-ureter-cystic-dilatation-procedure-b	Endoscopic Therapy of Lower Ureter Cystic Dilatation (Procedure B)	Endoskopska terapija cistične dilatacije donjeg dijela uretera — procedura B	22	NULL
5794	endoscopic-high-frequency-therapy-of-bladder-tumor-procedure-a	Endoscopic High-Frequency Therapy of Bladder Tumor (Procedure A)	Endoskopska terapija tumora bešike visokofrekventnim strujama — procedura A	22	NULL
5795	endoscopic-high-frequency-therapy-of-bladder-tumor-procedure-b	Endoscopic High-Frequency Therapy of Bladder Tumor (Procedure B)	Endoskopska terapija tumora bešike visokofrekventnim strujama — procedura B	22	NULL
5796	bladder-stone-lithotripsy	Bladder Stone Lithotripsy	Litotripsija kamena mokraćne bešike	22	NULL
5797	instrumental-bladder-stone-lithotripsy	Instrumental Bladder Stone Lithotripsy	Instrumentalna litotripsija kamena mokraćne bešike	22	NULL
5798	cavernosography	Cavernosography	Kavernozografija	22	NULL
5799	urethroscopy	Urethroscopy	Uretroskopija	22	NULL
5800	prosthetic-material-removal	Prosthetic Material Removal	Vađenje protetskog materijala	22	NULL
5802	therapeutic-venipuncture	Therapeutic Venipuncture	Terapijske venepunkcije	9	NULL
5803	autologous-transfusion	Autologous Transfusion	Autologna transfuzija	9	NULL
5804	venipuncture	Venipuncture	Venepunkcija	9	NULL
5805	blood-bag-issuance	Blood Bag Issuance	Izdavanje jedinice (kesa)	9	NULL
5806	blood-leukocyte-reduction	Blood Leukocyte Reduction	Deleukocitovanje krvi	9	NULL
5807	cryoprecipitate-preparation	Cryoprecipitate Preparation	Priprema krioprecipitata	9	NULL
5808	standard-platelet-concentrate-preparation-from-whole-blood-prp	Standard Platelet Concentrate Preparation from Whole Blood (PRP)	Priprema standardnog trombocitnog koncentrata iz jedinice cijele krvi (PRP)	9	NULL
5809	leuko-platelet-concentrate-bag	Leuko-Platelet Concentrate (Bag)	Leuko-trombocitni koncentrat (kesa)	9	NULL
5810	plasma-separation	Plasma Separation	Izdvajanje plazme	9	NULL
5811	pooled-platelet-preparation	Pooled Platelet Preparation	Pripremanje pula trombocita	9	NULL
5812	plasma-reduced-erythrocyte-preparation	Plasma-Reduced Erythrocyte Preparation	Priprema deplazmatizovanih eritrocita	9	NULL
5813	erythrocyte-suspension-in-oas-preparation	Erythrocyte Preparation in Additive Solution (OAS)	Priprema eritrocita u OAS-u	9,28,29	Erythrocyte Suspension in OAS Preparation ; Preparation of Erythrocytes in Additive Solution (SAGM)
5814	washed-erythrocyte-preparation	Washed Erythrocyte Preparation	Priprema opranih eritrocita	9,28,29	Oprani eritrociti ; Preparation of Washed Erythrocytes ; Washed Red Blood Cells
5815	filtered-erythrocyte-preparation	Filtered Erythrocyte Preparation	Priprema filtriranih eritrocita	9,28,29	Leukoreduced Red Blood Cells ; Preparation of Filtered Erythrocytes
5816	pediatric-erythrocyte-dose-preparation	Pediatric Erythrocyte Dose Preparation	Priprema dječijih doza eritrocita	9	NULL
5817	donor-cytapheresis	Donor Cytapheresis	Donorska citafereza	9	NULL
5818	donor-plasmapheresis	Donor Plasmapheresis	Donorska plazmafereza	9,28,29	Doniranje plazme ; Plasma Donation
5819	therapeutic-plasmapheresis	Therapeutic Plasmapheresis	Terapijska plazmafereza	9,28,29	Terapijska izmjena plazme ; Therapeutic Plasma Exchange
5820	therapeutic-cytapheresis	Therapeutic Cytapheresis	Terapijska citafereza	9,28,29	NULL
5821	ergocycle-stress-test-with-complete-ecg	Ergocycle Stress Test with Complete ECG	Test opterećenja na ergociklu sa kompletnim EKG snimkom	8,9	Cycle Ergometer Stress Test with Complete ECG ; Submaximal Exercise Stress Test on Bicycle Ergometer with Complete ECG ; Test opterećenja na ergociklu sa kompletnim EKG snimkom, prije i poslije opterećenja, sa submaksimalnim testom opterećenja
5822	pharmacological-test-for-ischemia-or-myocardial-viability	Pharmacological Test for Ischemia or Myocardial Viability	Farmakološki testovi za procjenu ishemije i/ili vijabilnosti miokarda	4,8,9	Farmakološki testovi za procjenu ishemije i/ili vijabilnosti miokarda (stres eho test) ; Pharmacological Stress Echocardiography for Myocardial Ischemia and Viability Assessment
5823	cardiac-telemetry	Cardiac Telemetry	Telemetrija srca	8,9	ECG Telemetry ; EKG telemetrija
5824	spinal-anesthesiaanalgesia	Spinal Anesthesia/Analgesia	Spinalna anestezija/analgezija	9,29	Specialized Anesthesia/Analgesia ; Specijalna anestezija/analgezija
5825	central-nerve-block-for-surgical-interventions	Central Nerve Block for Surgical Interventions	Centralni nervni blokovi za izvođenje hirurških intervencija	9,19,29	Central Nerve Blocks for Surgical Interventions ; Neuraxial Block ; Spinal Anesthesia ; Spinalna anestezija
5826	electric-cardioversion	Electric Cardioversion	Konverzija ritma elektrošokom	8,9	Cardiac Rhythm Cardioversion ; Electrical Cardioversion ; Električna kardioverzija ; Elektrokonverzija srčanog ritma ; Kardioverzija
5827	central-venous-catheter-placement	Central Venous Catheter Placement	Plasiranje centralnog venskog katetera	9,29	Central Line Placement ; CVC Placement ; Plasiranje CVK
5828	sedation-and-anesthesia-for-ambulatory-surgery	Sedation and Anesthesia for Ambulatory Surgery	Sedacija i anestezija za izvođenje ambulantnih hirurških intervencija	9,29	Sedation and Anesthesia for Outpatient Surgical Interventions
5829	single-point-pharmacopuncture	Single-Point Pharmacopuncture	Aplikacija u jednoj tački — farmakopunktura	9,19,29	Aplikacija u jednoj tački - farmakopunktura ; Single-Point Application - Pharmacopuncture
5830	intercostal-nerve-block	Intercostal Nerve Block	Blokada interkostalnih nerava	9,19,29	Interkostalna blokada
5831	other-peripheral-nerve-block	Other Peripheral Nerve Block	Blokada drugih perifernih živaca	9,19,29	Block of Other Peripheral Nerves
5832	lumbar-sacral-or-coccygeal-block	Lumbar, Sacral or Coccygeal Block	Lumbalna, sakralna i kokcigealna blokada	9,19,29	Lumbar, Sacral and Coccygeal Block
5833	pudendal-block	Pudendal Block	Pudendalna blokada	9,19,29	Pudendal Nerve Block
5834	ilioinguinal-or-iliohypogastric-block	Ilioinguinal or Iliohypogastric Block	Ilioingvinalna ili iliohipogastrična blokada	9,19,29	NULL
5835	sciatic-nerve-block	Sciatic Nerve Block	Blokada išijadičnog nerva	9,19,29	Blok nervus ischiadicus ; Nervus Ischiadicus Block
5836	brachial-plexus-block	Brachial Plexus Block	Blokada brahijalnog pleksusa	9,19,29	Blok plexus brachialis ; Plexus Brachialis Block
5837	vima-volatile-induction-and-maintenance-anesthesia	VIMA (Volatile Induction and Maintenance Anesthesia)	VIMA — uvod i održavanje inhalacionom anestezijom	9,29	VIMA (uvod i održavanje inhalacionom anestezijom) ; VIMA (Volatile Induction and Maintenance of Anesthesia)
5838	cardiopulmonary-cerebral-resuscitation	Cardiopulmonary Cerebral Resuscitation	Kardiopulmonalno-cerebralna reanimacija	9	NULL
5839	treatment-of-patients-with-respiratory-insufficiency	Treatment of Patients with Respiratory Insufficiency	Tretiranje bolesnika koji imaju respiratornu insuficijenciju	9,29	Treatment of Patients with Respiratory Insufficiency on a Ventilator, per Hour of Effective Specialist Work (Maximum 2 Hours) ; Tretiranje bolesnika koji imaju respiracionu insuficijenciju sa respiratorom za 1h efektivnog rada jedna specijalistička (najviše 2 sata)
5840	continuous-epidural-anesthesiaanalgesia	Continuous Epidural Anesthesia/Analgesia	Kontinuirana epiduralna anestezija/analgezija	9,19,29	Epidural Analgesia ; Epiduralna analgezija
5841	laryngeal-mask-placement	Laryngeal Mask Placement	Plasiranje laringealne maske	9,29	LMA Insertion
5842	iv-regional-anesthesia	IV Regional Anesthesia	IV regionalna anestezija	9	NULL
5843	tiva-total-intravenous-anesthesia	TIVA (Total Intravenous Anesthesia)	TIVA — totalna intravenozna anestezija	9	NULL
5844	combined-spinal-and-epidural-anesthesia	Combined Spinal and Epidural Anesthesia	Kombinovana spinalna i epiduralna anestezija	9	NULL
5845	caudal-anesthesiaanalgesia	Caudal Anesthesia/Analgesia	Kaudalna anestezija/analgezija	9	NULL
5846	continuous-peripheral-nerve-block	Continuous Peripheral Nerve Block	Kontinuirani periferni blok	9	NULL
5847	arterial-catheter-placement	Arterial Catheter Placement	Postavljanje arterijskog katetera	9	NULL
5848	epidural-catheter-placement	Epidural Catheter Placement	Postavljanje epiduralnog katetera	9	NULL
5849	newborn-vaccination	Newborn Vaccination	Vakcinacija novorođenčeta	25	NULL
5850	nasal-cavity-care-with-secretion-aspiration	Nasal Cavity Care with Secretion Aspiration	Toaleta nosa i nosne duplje sa evakuacijom sekreta	25	NULL
5851	umbilical-granuloma-cauterization	Umbilical Granuloma Cauterization	Lapisiranje granuloma pupka	25	NULL
5852	newborn-skin-care	Newborn Skin Care	Obrada kože novorođenčeta	25	NULL
5853	secretion-aspiration-in-infants-and-young-children	Secretion Aspiration in Infants and Young Children	Aspiriranje sekreta kod dojenčadi i male djece	25	NULL
5854	helium-dilution-pulmonary-function-test	Helium Dilution Pulmonary Function Test	Testovi funkcije disanja — dilucijska metoda sa helijom	12	NULL
5855	pediatric-flow-volume-curve	Pediatric Flow-Volume Curve	Testovi funkcije disanja djeteta — krivulja protok-volumen	12	NULL
5856	lung-compliance-test	Lung Compliance Test	Testovi funkcije disanja — komplijansa pluća	12	NULL
5857	single-breath-test	Single-Breath Test	Testovi funkcije disanja — test jednokratnog udaha	12	NULL
5858	multiple-breath-test	Multiple-Breath Test	Testovi funkcije disanja — test višekratnog udaha	12	NULL
5859	arterial-alveolar-co2-gradient-test	Arterial-Alveolar CO2 Gradient Test	Test arterijsko-alveolarnog gradijenta CO2	12	NULL
5860	transbronchial-puncture	Transbronchial Puncture	Transbronhijalna punkcija	12	NULL
5861	closing-volume-test	Closing Volume Test	Volumen zatvaranja (closing volume)	12	NULL
5862	alveolar-ventilation-homogeneity-test	Alveolar Ventilation Homogeneity Test	Test za homogenost alveolarne ventilacije	12	NULL
5863	lung-transfer-factor	Lung Transfer Factor	Transfer faktor pluća	12	NULL
5864	pulmonary-permeability-test	Pulmonary Permeability Test	Test plućne propustljivosti	12	NULL
5865	dynamic-pituitary-function-tests	Dynamic Pituitary Function Tests	Izvođenje dinamskih testova hipotalamus-hipofiza	26	NULL
5866	dynamic-adrenal-function-tests	Dynamic Adrenal Function Tests	Izvođenje dinamskih testova za ispitivanje nadbubrežnih žlijezda	26	NULL
5867	female-reproductive-system-function-and-structure-assessment	Female Reproductive System Function and Structure Assessment	Ispitivanje funkcije i građe ženskog reproduktivnog sistema	26	NULL
5868	male-reproductive-system-function-and-structure-assessment	Male Reproductive System Function and Structure Assessment	Ispitivanje funkcije i građe muškog reproduktivnog sistema	26	NULL
5869	endocrine-pancreas-investigation	Endocrine Pancreas Investigation	Ispitivanje endokrinog pankreasa	26	NULL
5870	insulin-therapy-administration	Insulin Therapy Administration	Davanje insulinske terapije	26	NULL
5871	ercp-duodenoscopy-with-vater-papilla-cannulation	ERCP (Duodenoscopy with Vater Papilla Cannulation)	ERCP — duodenoskopija sa kanulacijom papile Vateri	6	NULL
5872	ercp-with-endoscopic-papillotomy	ERCP with Endoscopic Papillotomy	ERCP sa endoskopskom papilotomijom	6	NULL
5873	ercp-with-stone-extraction	ERCP with Stone Extraction	ERCP sa ekstrakcijom kalkulusa	6	NULL
5874	ercp-with-plastic-stent-placement	ERCP with Plastic Stent Placement	ERCP sa plasiranjem plastičnog stenta	6	NULL
5875	arteriovenous-fistula-for-hemodialysis	Arteriovenous Fistula for Hemodialysis	Arteriovenska fistula za hemodijalizu	17	NULL
5876	electron-microscopy-of-blood-vessel-with-specimen-preparation	Electron Microscopy of Blood Vessel with Specimen Preparation	Elektronska mikroskopija krvnog suda sa uzimanjem materijala, izradom preparata, fotografisanjem	17	NULL
5877	direct-immunofluorescence-microscopy-of-blood-vessel	Direct Immunofluorescence Microscopy of Blood Vessel	Direktna imunofluorescentna mikroskopija krvnog suda	17	NULL
5878	indirect-immunofluorescence-microscopy-of-blood-vessel-ana-ama	Indirect Immunofluorescence Microscopy of Blood Vessel (ANA, AMA)	Indirektna imunofluorescentna mikroskopija krvnog suda (ANA i AMA)	17	NULL
5879	transthoracic-lung-biopsy	Transthoracic Lung Biopsy	Transtorakalna biopsija pluća	17	NULL
5880	thoracoscopic-lung-biopsy	Thoracoscopic Lung Biopsy	Torakoskopska biopsija pluća	17	NULL
5881	chest-wall-incision-and-biopsy	Chest Wall Incision and Biopsy	Incizija i biopsija zida grudnog koša	17	NULL
5882	pleural-biopsy	Pleural Biopsy	Biopsija pleure	17	NULL
5883	endoscopic-pleural-biopsy	Endoscopic Pleural Biopsy	Endoskopska biopsija pleure	17	NULL
5884	electroretinography	Electroretinography	Elektroretinografija	23	ERG
5885	intravitreal-drug-application	Intravitreal Drug Injection	Intravitrealna aplikacija lijeka	23	Intravitreal Drug Application ; Intravitreal Injection ; Intravitrealna injekcija
5886	treatment-of-head-lacerations-and-minor-skull-depression-fractures	Treatment of Head Lacerations and Minor Skull Depression Fractures	Obrada laceracionih rana na glavi i manjih depresivnih fraktura kostiju glave	17	NULL
5887	nerve-suture-or-marking-without-operating-microscope	Nerve Suture or Marking (without Operating Microscope)	Šav ili markiranje nerava — bez upotrebe operativnog mikroskopa	17	NULL
5888	crutchfield-cervical-spine-traction	Crutchfield Cervical Spine Traction	Ekstenzija cervikalne kičme po Krečfildu	17	NULL
5889	direct-neurorrhaphy	Direct Neurorrhaphy	Direktna neurorafija	17	Direct Nerve Suture ; Direktni šav nerva
5890	muscle-biopsy	Muscle Biopsy	Biopsija mišića	17	NULL
5891	peripheral-nerve-biopsy	Peripheral Nerve Biopsy	Biopsija perifernog nerva	17	Biopsija perifernog živca
5892	epicranial-hematoma-removal	Epicranial Hematoma Removal	Uklanjanje epikranijalnog hematoma	17	NULL
5893	first-oncologist-examination	First Oncologist Examination	Prvi pregled — onkolog	9	NULL
5894	follow-up-oncologist-examination	Follow-up Oncologist Examination	Kontrolni pregled — onkolog	9	NULL
5895	chemotherapy-application	Chemotherapy Application	Aplikacija hemoterapije	9	NULL
5899	vaginal-plasty-anterior-and-posterior-repair	Vaginal Plasty (Anterior and Posterior Repair)	Korektivne operacije — vaginalna plastika (prednja i zadnja)	7,16	NULL
5900	total-unilateral-salpingectomy-open	Total Unilateral Salpingectomy (Open)	Totalna jednostrana salpingektomija — klasična	7,16	NULL
5901	total-bilateral-salpingectomy-open	Total Bilateral Salpingectomy (Open)	Totalna obostrana salpingektomija — klasična	7,16	NULL
5902	tubal-resection-stomatoplasty-unilateral	Tubal Resection (Stomatoplasty) Unilateral	Resekcija tube (stomatoplastika) — jednostrano	7,16	NULL
5903	ovarian-cyst-excision-resection	Ovarian Cyst Excision (Resection)	Ekstirpacija ciste jajnika — resekcija	7,16	NULL
5904	bilateral-adnexectomy	Bilateral Adnexectomy	Adneksektomija obostrana	7,16	NULL
5905	total-abdominal-hysterectomy-with-adnexectomy	Total Abdominal Hysterectomy with Adnexectomy	Totalna abdominalna histerektomija sa obostranom ili jednostranom adneksektomijom	7,16	NULL
5906	sturmdorf-cervical-conization	Sturmdorf Cervical Conization	Klasična konizacija cerviksa po Sturmdorfu	7,16	NULL
5907	vaginal-myomectomy	Vaginal Myomectomy	Miomektomija vaginalnim putem	7,16	NULL
5908	cesarean-section-with-subtotal-or-total-hysterectomy	Cesarean Section with Subtotal or Total Hysterectomy	Carski rez sa subtotalnom ili totalnom histerektomijom	7,16	NULL
5909	postpartum-abdominal-hysterectomy-for-atonic-bleeding	Postpartum Abdominal Hysterectomy for Atonic Bleeding	Abdominalna histerektomija postpartum kod atoničnog krvavljenja	7,16	NULL
5910	colpocleisis	Colpocleisis	Kolpokleiza	7,16	NULL
5911	unilateral-oophorectomy	Unilateral Oophorectomy	Jednostrana ovariektomija	7,16	NULL
5912	bilateral-oophorectomy	Bilateral Oophorectomy	Obostrana ovariektomija	7,16	NULL
5913	unilateral-adnexectomy	Unilateral Adnexectomy	Jednostrana adneksektomija	7,16	NULL
5914	hysterorrhaphy-suturing-of-non-obstetric-uterine-ruptures	Hysterorrhaphy: Suturing of Non-Obstetric Uterine Ruptures	Histerorafija: sutura ruptura uterusa (ne akušerskih)	7,16	NULL
5915	intraligamentary-cyst-extirpation	Intraligamentary Cyst Extirpation	Ekstirpacija intraligamentarne ciste	7,16	NULL
5916	hysteroscopic-adhesiolysis	Hysteroscopic Adhesiolysis	Histeroskopska adhezioliza	7,16	NULL
5917	laparoscopic-pelvic-exploration	Laparoscopic Pelvic Exploration	Laparoskopska eksploracija male karlice	7,16	NULL
5918	abdominal-sterilization	Abdominal Sterilization	Sterilisatio abdominalis	7,16	NULL
5919	ovarian-drilling	Ovarian Drilling	Ovarijalni driling	7,16	NULL
5920	laparoscopic-ovarian-resection	Laparoscopic Ovarian Resection	Laparoskopska resekcija ovarijuma	7,16	NULL
5921	laparoscopic-unilateral-ovarian-cystectomy	Laparoscopic Unilateral Ovarian Cystectomy	Laparoskopska cistektomija ovarijuma — jednostrana	7,16	NULL
5922	laparoscopic-adnexolysis-ovary-and-tube	Laparoscopic Adnexolysis (Ovary and Tube)	Oslobađanje adhezija jajnika i tube	7,16	NULL
5923	laparoscopic-bilateral-ovarian-cystectomy	Laparoscopic Bilateral Ovarian Cystectomy	Laparoskopska cistektomija ovarijuma — obostrana	7,16	NULL
5924	marshall-marchetti-suprapubic-urethral-suspension	Marshall-Marchetti Suprapubic Urethral Suspension	Suprapubična suspenzija uretre (Marshall-Marchetti metoda)	7,16	NULL
5925	laparoscopic-tubal-corrective-surgery	Laparoscopic Tubal Corrective Surgery	Endoskopska (laparoskopska) korektivna operacija tube — salpingektomija kornu	7,16	NULL
5926	laparoscopic-myomectomy-variant	Laparoscopic Myomectomy (Variant)	Laparoskopska miomektomija — opsežna	7,16	NULL
5927	cervical-cerclage	Cervical Cerclage	Serklaž (cerclage)	7,16	NULL
5928	cesarean-section-sectio-caesarea-parva	Cesarean Section Sectio Caesarea Parva	Sectio caesarea parva	7,16	NULL
5929	low-isthmic-cesarean-section-with-delivery	Low Isthmic Cesarean Section with Delivery	Niski isthmični carski rez (sa vođenjem porođaja)	7,16	NULL
5930	trachelectomy	Trachelectomy	Trachelectomia	7,16	NULL
5931	abdominal-wall-plasty	Abdominal Wall Plasty	Plastika trbušnog zida	7,16	NULL
5932	cyst-marsupialization	Cyst Marsupialization	Marsupijalizacija ciste	7,16	NULL
5933	hysteropexy-with-round-ligament-shortening	Hysteropexy with Round Ligament Shortening	Histeropekcija sa skraćivanjem oblih veza (lig. rotunda)	7,16	NULL
5934	supracervical-or-subtotal-hysterectomy	Supracervical or Subtotal Hysterectomy	Supracervikalna histerektomija — subtotalna	7,16	NULL
5935	bilateral-tubal-resection-stomatoplasty	Bilateral Tubal Resection (Stomatoplasty)	Resekcija tube (stomatoplastika) — obostrano	7,16	NULL
5936	ovariotomy-or-salpingo-ovariotomy-with-abscess-drainage	Ovariotomy or Salpingo-Ovariotomy with Abscess Drainage	Ovariotomija, salpingo-ovariotomija, drenaža abscesa	7,16	NULL
5937	subtotal-abdominal-hysterectomy-with-adnexectomy	Subtotal Abdominal Hysterectomy with Adnexectomy	Subtotalna abdominalna histerektomija sa obostranom ili jednostranom adneksektomijom	7,16	NULL
5938	leep-excision	LEEP Excision	Loop ekscizija	7,16	NULL
5939	emmet-cervicoplasty	Emmet Cervicoplasty	Cervikoplastika po Emmetu	7,16	NULL
5940	other-cervical-operations	Other Cervical Operations	Druge operacije cerviksa	7,16	NULL
5941	open-removal-of-ectopic-pregnancy-abdominal-ovarian	Open Removal of Ectopic Pregnancy (Abdominal, Ovarian)	Odstranjenje vanmaterične trudnoće (abdominalne, ovarijalne)	7,16	NULL
5942	laparoscopic-removal-of-ectopic-pregnancy	Laparoscopic Removal of Ectopic Pregnancy	Odstranjenje vanmaterične trudnoće (abdominalne, ovarijalne) — laparoskopsko	7,16	NULL
5943	lower-midline-exploratory-laparotomy	Lower Midline Exploratory Laparotomy	Donja središnja eksplorativna laparotomija	7,16	NULL
5944	laparoscopic-abdominal-sterilization	Laparoscopic Abdominal Sterilization	Sterilisatio abdominalis — laparoskopski	7,16	NULL
5945	linear-salpingotomy-with-segmental-excision-and-fimbrial-express-open	Linear Salpingotomy with Segmental Excision and Fimbrial Express (Open)	Linearna salpingotomija, segmentna ekscizija i fimbrijalni ekspres — klasična	7,16	NULL
5946	linear-salpingotomy-with-segmental-excision-and-fimbrial-express-laparoscopic	Linear Salpingotomy with Segmental Excision and Fimbrial Express (Laparoscopic)	Linearna salpingotomija, segmentna ekscizija i fimbrijalni ekspres — laparoskopska	7,16	NULL
5947	resuture-of-dehiscent-anterior-abdominal-wall-or-vaginal-wound	Resuture of Dehiscent Anterior Abdominal Wall or Vaginal Wound	Resutura dehiscirane rane prednjeg trbušnog zida ili vagine	7,16	NULL
5948	vulval-and-perineal-repair	Vulval and Perineal Repair	Reparacija vulve i perineuma	7,16	NULL
5949	subtotal-abdominal-hysterectomy-with-adnexa-conservation	Subtotal Abdominal Hysterectomy with Adnexa Conservation	Subtotalna abdominalna histerektomija sa konzervacijom adneksa	7,16	NULL
5950	ultra-b2-procedure	Ultra B2 Procedure	Ultra B2	33	NULL
5951	keratoplasty	Keratoplasty	Keratoplastika	33	NULL
5952	intacs-intracorneal-ring	INTACS Intracorneal Ring	INTACS — intraokularni prsten	33	NULL
5953	scleral-buckle-removal-with-conjunctival-plasty	Scleral Buckle Removal with Conjunctival Plasty	Vađenje plombe sa plastikom konjunktive	33	NULL
5954	partial-unilateral-thyroidectomy	Partial Unilateral Thyroidectomy	Tireoidektomija parcijalna unilateralna	17	NULL
5955	major-resection-of-external-saphenous-vein	Major Resection of External Saphenous Vein	Veća resekcija vene saphene externe i susjednih vena, unilateralna	17	NULL
5956	splenectomy-standard-or-for-traumatic-rupture	Splenectomy (Standard or for Traumatic Rupture)	Splenektomija obična ili kod traumatske rupture	17	NULL
5957	unilateral-inguinal-hernia-repair-without-mesh	Unilateral Inguinal Hernia Repair without Mesh	Reparacija ingvinalne hernije, bez mrežice — jednostrano	17	NULL
5958	partial-gastrectomy-with-billroth-ii-gastrojejunostomy	Partial Gastrectomy with Billroth II Gastrojejunostomy	Parcijalna gastrektomija sa gastrojejunalnom anastomozom (Billroth II)	17	NULL
5959	suture-of-perforated-gastric-ulcer-or-lesion	Suture of Perforated Gastric Ulcer or Lesion	Sutura perforiranog ulkusa ili lezije želuca	17	NULL
5960	partial-colectomy-with-anastomosis	Partial Colectomy with Anastomosis	Kolektomija parcijalna sa anastomozom	17	NULL
5961	external-colonic-fistulization	External Colonic Fistulization	Spoljašnja fistulizacija debelog crijeva	17	NULL
5962	bowel-disinvagination-without-resection	Bowel Disinvagination without Resection	Dezinvaginacija crijeva (bez resekcije)	17	NULL
5963	external-fistulization-of-small-and-large-bowel-for-ulcerative-colitis	External Fistulization of Small and Large Bowel for Ulcerative Colitis	Spoljašnja fistulizacija tankog i debelog crijeva zbog ulceroznog kolitisa	17	NULL
5964	lysis-of-abdominal-adhesions-for-ileus	Lysis of Abdominal Adhesions for Ileus	Odvajanje abdominalnih priraslica (ileus)	17	NULL
5965	primary-suture-of-flexor-tendon	Primary Suture of Flexor Tendon	Primarni šav fleksorne tetive	17	NULL
5966	bowel-suturing-with-colostomy	Bowel Suturing with Colostomy	Zašivanje crijeva sa kolostomijom	17	NULL
5967	unilateral-gynecomastia-surgery	Unilateral Gynecomastia Surgery	Ginekomastija jednostrana	17	NULL
5968	gastric-biopsy-via-laparotomy	Gastric Biopsy via Laparotomy	Biopsija želuca sa laparotomijom	17	NULL
5969	unilateral-femoral-hernia-repair-without-mesh	Unilateral Femoral Hernia Repair without Mesh	Reparacija femoralne hernije, bez mrežice — jednostrano	17	NULL
5970	incarcerated-hernia-surgery-with-bowel-resection	Incarcerated Hernia Surgery with Bowel Resection	Operativno liječenje uklještene hernije sa resekcijom crijeva	17	NULL
5971	meckel-diverticulum-surgery	Meckel Diverticulum Surgery	Operacija Meckel-divertikula	17	NULL
5972	evacuation-and-drainage-of-intraperitoneal-abscess	Evacuation and Drainage of Intraperitoneal Abscess	Evakuacija i drenaža intraperitonealnih abscesa	17	NULL
5973	gastroduodenal-anastomosis-revision-with-reconstruction	Gastroduodenal Anastomosis Revision with Reconstruction	Revizija gastroduodenalne anastomoze sa rekonstrukcijom	17	NULL
5974	noble-bowel-plication	Noble Bowel Plication	Plisiranje crijeva — Noble	17	NULL
5975	suture-of-small-bowel-injury	Suture of Small Bowel Injury	Sutura povrede tankog crijeva	17	NULL
5976	surgical-repair-of-liver-injury-suture-tamponade	Surgical Repair of Liver Injury (Suture, Tamponade)	Hirurško zbrinjavanje povrede jetre (sutura, tamponada)	17	NULL
5977	evacuation-of-liver-hydatid-cyst-small-up-to-10-cm	Evacuation of Liver Hydatid Cyst (Small, up to 10 cm)	Evakuacija hidatidne ciste jetre (sutura bilijarnih komunikacija) — male (do 10 cm u prečniku)	17	NULL
5978	choledochotomy-with-t-drainage	Choledochotomy with T-Drainage	Holedohotomija (T-drenaža)	17	NULL
5979	pancreatic-pseudocyst-drainage-with-roux-en-y-loop	Pancreatic Pseudocyst Drainage with Roux-en-Y Loop	Derivacija pseudociste pankreasa izdvojenom crijevnom vijugom	17	NULL
5980	whitehead-radical-hemorrhoidectomy	Whitehead Radical Hemorrhoidectomy	Hemoroidektomija radikalna (Whitehead tipa)	17	NULL
5981	rectal-foreign-body-removal-transrectal	Rectal Foreign Body Removal (Transrectal)	Vađenje stranog tijela iz rektuma rektalnim putem	17	NULL
5982	uncomplicated-phlebectomy-of-lower-limb-superficial-veins	Uncomplicated Phlebectomy of Lower Limb Superficial Veins	Nekomplikovana flebektomija površnih vena donjih ekstremiteta	17	NULL
5983	transrectal-drainage-of-pelvic-abscess	Transrectal Drainage of Pelvic Abscess	Transrektalna drenaža pelvičnog abscesa	17	NULL
5984	lower-limb-perforator-vein-ligation	Lower Limb Perforator Vein Ligation	Presjecanje i podvezivanje perforantnih vena na donjim ekstremitetima	17	NULL
5985	local-excision-of-small-villous-rectal-papillomas	Local Excision of Small Villous Rectal Papillomas	Lokalna ekscizija malih viloznih papiloma rektuma	17	NULL
5986	surgical-treatment-of-anal-fissure	Surgical Treatment of Anal Fissure	Hirurško zbrinjavanje analne fisure	17	NULL
5987	complex-cryptotomy	Complex Cryptotomy	Kriptotomija složena	17	NULL
5988	excision-of-skin-malignant-or-benign-lesions-with-closure	Excision of Skin Malignant or Benign Lesions with Closure	Ekscizija malignih i benignih lezija kože i potkože sa zatvaranjem	17	NULL
5989	emergency-ligation-for-major-limb-hemorrhage	Emergency Ligation for Major Limb Hemorrhage	Hitna ligatura zbog jake hemoragije glavnih krvnih sudova udova	17	NULL
5990	secondary-suture-of-abdominal-wall-dehiscence	Secondary Suture of Abdominal Wall Dehiscence	Sekundarna sutura abdominalnog zida zbog dehiscencije	17	NULL
5991	abdominal-wall-malignant-tumor-ablation	Abdominal Wall Malignant Tumor Ablation	Ablacija malignog tumora abdominalnog zida	17	NULL
5992	gastrotomy-for-foreign-body-removal	Gastrotomy for Foreign Body Removal	Gastrotomija radi odstranjenja stranog tjela	17	NULL
5993	cecostomy-revision	Cecostomy Revision	Revizija cekostomije	17	NULL
5994	rectal-stricture-incision	Rectal Stricture Incision	Rasjecanje strikture u rektumu	17	NULL
5995	submuscular-anal-fistulotomy-or-fistulectomy	Submuscular Anal Fistulotomy or Fistulectomy	Fistulotomija ili fistulektomija submuskularna	17	NULL
5996	primary-hand-extensor-tendon-repair	Primary Hand Extensor Tendon Repair	Tendorafija ekstenzorne tetive šake — primarna	17	NULL
5997	ventral-hernia-repair-without-mesh	Ventral Hernia Repair without Mesh	Reparacija ventralne hernije bez mrežice	17	NULL
5998	unilateral-inguinal-or-femoral-hernia-repair-with-mesh	Unilateral Inguinal or Femoral Hernia Repair with Mesh	Reparacija ingvinalne ili femoralne hernije mrežicom — jednostrano	17	NULL
5999	ventral-hernia-plasty-with-mesh	Ventral Hernia Plasty with Mesh	Plastika ventralne hernije sa mesh-prolen mrežicom	17	NULL
6000	removal-of-infected-implant-from-smaller-inguinal-hernia	Removal of Infected Implant from Smaller Inguinal Hernia	Vađenje inficiranog implantata kod manjih preponskih hernija	17	NULL
6001	unilateral-laparoscopic-inguinal-hernia-repair	Unilateral Laparoscopic Inguinal Hernia Repair	Laparoskopska operacija ingvinalne hernije — jednostrano	17	NULL
6002	inguinal-hernioplasty-with-hydrocele-excision	Inguinal Hernioplasty with Hydrocele Excision	Hernioplastika ingvinalna sa ekscizijom hidrocele	17	NULL
6003	evacuation-of-retroperitoneal-abscess	Evacuation of Retroperitoneal Abscess	Evakuacija retroperitonealnih abscesa	17	NULL
6004	colostomy-closure-with-bowel-continuity-restoration	Colostomy Closure with Bowel Continuity Restoration	Zatvaranje kolostome uspostavljanjem kontinuiteta debelog crijeva	17	NULL
6005	radical-unilateral-inguinal-superficial-lymph-node-dissection	Radical Unilateral Inguinal Superficial Lymph Node Dissection	Radikalna disekcija limfnih čvorova preponskih površnih — unilateralna	17	NULL
6006	surgical-treatment-of-internal-hemorrhoids	Surgical Treatment of Internal Hemorrhoids	Hirurško zbrinjavanje unutrašnjih hemoroida	17	NULL
6007	skin-lesion-excision-with-closure-variant-1	Skin Lesion Excision with Closure (Variant 1)	Ekscizija malignih i benignih lezija kože i potkože sa zatvaranjem (var.1)	17	NULL
6008	skin-lesion-excision-with-closure-variant-2	Skin Lesion Excision with Closure (Variant 2)	Ekscizija malignih i benignih lezija kože i potkože sa zatvaranjem (var.2)	17	NULL
6009	internal-hemorrhoid-rubber-band-ligation	Internal Hemorrhoid Rubber Band Ligation	Liječenje unutrašnjih hemoroida gumenim ligaturama	17	NULL
6010	unilateral-laparoscopic-femoral-hernia-repair	Unilateral Laparoscopic Femoral Hernia Repair	Laparoskopska reparacija femoralne hernije — jednostrano	17	NULL
6011	laparoscopic-incisional-or-ventral-hernia-repair	Laparoscopic Incisional or Ventral Hernia Repair	Laparoskopska operacija incizione-ventralne hernije	17	NULL
6012	laparoscopic-appendectomy-for-perforated-appendicitis	Laparoscopic Appendectomy for Perforated Appendicitis	Laparoskopska apendektomija kod perforisanog apendicitisa	17	NULL
6013	hickman-permanent-dialysis-catheter-placement	Hickman Permanent Dialysis Catheter Placement	Postavljanje trajnog katetera za dijalizu po Hickmanu	17	NULL
6014	cecostomy	Cecostomy	Cekostomija	17	NULL
6015	goiter-cyst-enucleation-or-resection	Goiter Cyst Enucleation or Resection	Enukleacija ili resekcija strume-ciste	17	NULL
6016	recurrent-femoral-hernia-repair	Recurrent Femoral Hernia Repair	Recidivantna femoralna hernija	17	NULL
6017	surgery-for-very-large-hernia-pediatric-head-size	Surgery for Very Large Hernia (Pediatric Head Size)	Operativno liječenje vrlo voluminozne hernije (veličine dječije glave)	17	NULL
6018	retroperitoneal-exploration	Retroperitoneal Exploration	Retroperitonealna eksploracija	17	NULL
6019	enterolysis	Enterolysis	Enteroliza	17	NULL
6020	complex-anal-fistulotomy-or-fistulectomy	Complex Anal Fistulotomy or Fistulectomy	Fistulotomija ili fistulektomija kompleksa	17	NULL
6021	excision-of-complicated-anal-fistula	Excision of Complicated Anal Fistula	Ekscizija komplikovane analne fistule	17	NULL
6022	primary-repair-of-multiple-hand-extensor-tendons	Primary Repair of Multiple Hand Extensor Tendons	Tendorafija više ekstenzornih tetiva šake — primarna	17	NULL
6023	laparoscopic-abdominal-cavity-exploration	Laparoscopic Abdominal Cavity Exploration	Laparoskopska eksploracija trbušne duplje	17	NULL
6024	bilateral-inguinal-hernioplasty	Bilateral Inguinal Hernioplasty	Hernioplastika ingvinalna bilateralna	17	NULL
6025	bilateral-laparoscopic-inguinal-hernia-repair	Bilateral Laparoscopic Inguinal Hernia Repair	Laparoskopska operacija ingvinalne hernije obostrana	17	NULL
6026	pericardiotomy	Pericardiotomy	Perikardiotomija	17	NULL
6027	emergency-ligation-for-major-vascular-hemorrhage-of-necktrunk	Emergency Ligation for Major Vascular Hemorrhage of Neck/Trunk	Hitna ligatura zbog jake hemoragije glavnih krvnih sudova vrata	17	NULL
6028	carotid-artery-ligation	Carotid Artery Ligation	Ligiranje karotidne arterije	17	NULL
6029	appendectomy-with-diffuse-peritonitis	Appendectomy with Diffuse Peritonitis	Apendektomija sa razvijenim difuznim peritonitisom	17	NULL
6030	operative-closure-of-gastrostomy	Operative Closure of Gastrostomy	Operativno zatvaranje gastrostomije	17	NULL
6031	radical-bilateral-inguinal-superficial-lymph-node-dissection	Radical Bilateral Inguinal Superficial Lymph Node Dissection	Radikalna disekcija limfnih čvorova preponskih površnih — bilateralna	17	NULL
6032	skin-lesion-excision-with-closure-variant-3	Skin Lesion Excision with Closure (Variant 3)	Ekscizija malignih i benignih lezija kože sa zatvaranjem (var.3)	17	NULL
6033	recurrent-inguinal-hernia-after-phs-method-no-implant-infection	Recurrent Inguinal Hernia after PHS Method (no Implant Infection)	Recidiv hernije preponskog kanala koji je rađen PHS metodom bez infekcije implanta	17	NULL
6034	excision-of-intraabdominal-or-retroperitoneal-tumors	Excision of Intraabdominal or Retroperitoneal Tumors	Ekscizija intraabdominalnih ili retroperitonealnih tumora	17	NULL
6035	mesentery-suture	Mesentery Suture	Šavovi mezenterijuma	17	NULL
6036	partial-gastrectomy-with-billroth-i-gastroduodenostomy	Partial Gastrectomy with Billroth I Gastroduodenostomy	Parcijalna gastrektomija sa gastroduodenalnom anastomozom (Billroth I)	17	NULL
6037	fecal-fistula-closure	Fecal Fistula Closure	Zatvaranje fekalne fistule	17	NULL
6038	pancreatic-biopsy-as-standalone-operation	Pancreatic Biopsy as Standalone Operation	Biopsija pankreasa — samostalna operacija	17	NULL
6039	lower-limb-arteriotomy-and-embolectomy	Lower Limb Arteriotomy and Embolectomy	Incizija (arteriotomija) i embolektomija arterija donjih ekstremiteta	17	NULL
6040	laparotomy-for-lumbar-or-obturator-hernia	Laparotomy for Lumbar or Obturator Hernia	Liječenje putem laparotomije lumbalnih ili obturatornih hernija	17	NULL
6041	nutritional-gastrostomy-creation	Nutritional Gastrostomy Creation	Kreiranje nutritivne gastrostome	17	NULL
6042	external-small-bowel-fistulization	External Small Bowel Fistulization	Spoljašnja fistulizacija tankog crijeva	17	NULL
6043	abdominal-drainage-of-pancreatitis	Abdominal Drainage of Pancreatitis	Abdominalna drenaža pankreatitisa	17	NULL
6044	laparoscopic-suture-of-perforated-gastric-ulcer-or-lesion	Laparoscopic Suture of Perforated Gastric Ulcer or Lesion	Laparoskopska sutura perforiranog ulkusa ili lezije želuca	17	NULL
6045	inferior-vena-cava-ligation	Inferior Vena Cava Ligation	Ligatura vene cave inferior	17	NULL
6046	cervical-esophagus-wound-or-rupture-closure	Cervical Esophagus Wound or Rupture Closure	Zatvaranje rana ili rupture ezofagusa cervikalni	17	NULL
6047	removal-of-infected-implant-from-large-ventral-hernia	Removal of Infected Implant from Large Ventral Hernia	Vađenje inficiranog implantata kod velikih ventralnih hernija	17	NULL
6048	recurrent-hernia-after-phs-method-without-infection	Recurrent Hernia After PHS Method without Infection	Recidivantna kila koja je rađena PHS metodom bez infekcije	17	NULL
6049	bilateral-partial-thyroidectomy-minor	Bilateral Partial Thyroidectomy (Minor)	Tireoidektomija parcijalna bilateralna manja	17	NULL
6050	emergency-ligation-for-major-head-vessel-hemorrhage	Emergency Ligation for Major Head Vessel Hemorrhage	Hitna ligatura zbog jake hemoragije glavnih krvnih sudova glave	17	NULL
6051	emergency-thoracotomy-for-hemorrhage-control	Emergency Thoracotomy for Hemorrhage Control	Hitna torakotomija zbog odstranjivanja grumena krvi i krvavljenja	17	NULL
6052	permagna-ventral-incisional-hernioplasty	Permagna Ventral Incisional Hernioplasty	Hernioplastika ventralna inciziona permagna	17	NULL
6053	diaphragmatic-hernioplasty-abdominal-approach	Diaphragmatic Hernioplasty (Abdominal Approach)	Hernioplastika dijafragmalna abdominalni pristup	17	NULL
6054	hernia-with-bowel-resection	Hernia with Bowel Resection	Hernija sa resekcijom crijeva	17	NULL
6055	local-excision-of-gastric-polyp-or-benign-tumor	Local Excision of Gastric Polyp or Benign Tumor	Lokalna ekscizija polipa i benignog tumora želuca	17	NULL
6056	enterotomy-for-polyp-or-foreign-body	Enterotomy for Polyp or Foreign Body	Enterotomija radi polipa ili vađenja stranog tijela	17	NULL
6057	mikulicz-bowel-exteriorization	Mikulicz Bowel Exteriorization	Eksteriorizacija crijeva (Mikuliczeva operacija)	17	NULL
6058	excision-of-one-or-more-lesions-without-anastomosis	Excision of One or More Lesions without Anastomosis	Ekscizija jedne ili više lezija bez anastomoza, fistulizacije	17	NULL
6059	enteroenterostomy	Enteroenterostomy	Enteroenterostomija	17	NULL
6060	small-bowel-resection-with-anastomosis	Small Bowel Resection with Anastomosis	Resekcija tankog crijeva sa anastomozom	17	NULL
6061	direct-gallbladder-gi-tract-anastomosis	Direct Gallbladder-GI Tract Anastomosis	Direktna anastomoza žučne kese sa gastrointestinalnim traktom	17	NULL
6062	rectal-prolapse-excision-with-perineal-anastomosis	Rectal Prolapse Excision with Perineal Anastomosis	Ekscizija rektalnog prolapsa anastomozom — perinealni pristup	17	NULL
6063	retrovesical-fistula-closure	Retrovesical Fistula Closure	Zatvaranje retrovezikalne fistule	17	NULL
6064	large-bilateral-subtotal-thyroidectomy	Large Bilateral Subtotal Thyroidectomy	Tireoidektomija subtotalna bilateralna velika	17	NULL
6065	internal-cardiac-defibrillation-via-thoracotomy	Internal Cardiac Defibrillation via Thoracotomy	Unutrašnja defibrilacija srca kroz torakotomiju	17	NULL
6066	thoracic-esophagus-wound-or-rupture-closure	Thoracic Esophagus Wound or Rupture Closure	Zatvaranje rana ili rupture ezofagusa torakalni	17	NULL
6067	exploratory-thoracolaparotomy	Exploratory Thoracolaparotomy	Torakolaparotomija eksplorativna	17	NULL
6068	local-excision-of-gastric-polyp-or-benign-tumor-with-resection	Local Excision of Gastric Polyp or Benign Tumor with Resection	Lokalna ekscizija polipa i benignog tumora želuca (resekcija)	17	NULL
6069	operative-closure-of-gastrocolic-fistula	Operative Closure of Gastrocolic Fistula	Operativno zatvaranje gastrokolične fistule	17	NULL
6070	excision-of-multiple-lesions-without-anastomosis-variant	Excision of Multiple Lesions without Anastomosis (Variant)	Ekscizija jedne ili više lezija bez anastomoza, fistulizacije (var.)	17	NULL
6071	small-bowel-resection-with-stoma-formation	Small Bowel Resection with Stoma Formation	Resekcija tankog crijeva sa formiranjem stome	17	NULL
6072	volvulus-or-intussusception-reduction-with-resection	Volvulus or Intussusception Reduction with Resection	Redukcija volvulusa, intususcepcije putem laparotomije sa resekcijom	17	NULL
6073	suture-of-large-bowel-injury	Suture of Large Bowel Injury	Sutura povrede debelog crijeva	17	NULL
6074	surgical-treatment-of-liver-abscess	Surgical Treatment of Liver Abscess	Hirurško zbrinjavanje abscesa jetre	17	NULL
6075	excision-of-pelvic-abdominal-retroperitoneal-lymph-nodes	Excision of Pelvic, Abdominal, Retroperitoneal Lymph Nodes	Ekscizija limfnih čvorova karlice, abdomena, retroperitoneuma	17	NULL
6076	cholecystectomy-with-choledochostomy-and-drainage	Cholecystectomy with Choledochostomy and Drainage	Holecistektomija, holedohostomija sa eksploracijom, drenažom	17	NULL
6077	choledochotomy-with-biliary-intestinal-anastomosis	Choledochotomy with Biliary-Intestinal Anastomosis	Holedohotomija sa kreiranjem bilijarno-intestinalne anastomoze	17	NULL
6078	subtotal-pancreatectomy	Subtotal Pancreatectomy	Pankreatektomija subtotalna	17	NULL
6079	laparoscopic-colectomy	Laparoscopic Colectomy	Laparoskopska kolektomija	17	NULL
6080	direct-intrahepatic-bile-duct-gi-anastomosis	Direct Intrahepatic Bile Duct - GI Anastomosis	Direktna anastomoza intrahepatičnih žučnih puteva i gastrointestinalnog	17	NULL
6081	cholecystectomy-with-open-choledochus-exploration	Cholecystectomy with Open Choledochus Exploration	Holecistektomija sa otvorenom eksploracijom holedokusa	17	NULL
6082	evacuation-of-liver-hydatid-cyst-large	Evacuation of Liver Hydatid Cyst (Large)	Evakuacija hidatidne ciste jetre — veća	17	NULL
6083	cholecystectomy-with-transduodenal-sphincterotomy	Cholecystectomy with Transduodenal Sphincterotomy	Holecistektomija sa transduodenalnom sfinkterotomijom	17	NULL
6084	surgery-for-traumatic-diaphragm-rupture-with-organ-prolapse	Surgery for Traumatic Diaphragm Rupture with Organ Prolapse	Operacija zbog traumatske rupture dijafragme sa prolapsom organa	17	NULL
6085	cardiac-suture-for-injury	Cardiac Suture for Injury	Sutura srca kod povrede	17	NULL
6086	emergency-thoracotomy-for-hemorrhage-control-variant	Emergency Thoracotomy for Hemorrhage Control (Variant)	Hitna torakotomija zbog odstranjivanja grumena krvi (var.)	17	NULL
6087	pancreaticojejunostomy	Pancreaticojejunostomy	Pankreatikojejunostomija	17	NULL
6088	internal-cyst-gi-tract-anastomosis	Internal Cyst-GI Tract Anastomosis	Interna direktna anastomoza ciste gastrointestinalnog trakta	17	NULL
6089	rectal-prolapse-excision-with-abdominal-perineal-anastomosis	Rectal Prolapse Excision with Abdominal-Perineal Anastomosis	Ekscizija rektalnog prolapsa anastomozom — abdominalno-perinealni pristup	17	NULL
6090	laparotomy-for-analrectal-region-injury	Laparotomy for Anal/Rectal Region Injury	Terapija ozljeda analnog predjela, lezija rektuma sa laparatomijom	17	NULL
6091	gastrojejunal-anastomosis-revision-with-reconstruction-ulcer	Gastrojejunal Anastomosis Revision with Reconstruction (Ulcer)	Revizija gastrojejunalne anastomoze sa rekonstrukcijom (ulkus)	17	NULL
6092	bilateral-pelvic-abdominal-retroperitoneal-lymph-node-excision	Bilateral Pelvic, Abdominal, Retroperitoneal Lymph Node Excision	Ekscizija limfnih čvorova karlice, abdomena, retroperitoneuma — bilateralna	17	NULL
6093	colectomy-with-total-proctectomy-and-ileostomy	Colectomy with Total Proctectomy and Ileostomy	Kolektomija sa totalnom proktektomijom i ileostomijom	17	NULL
6094	colotomy-for-foreign-body-polyp	Colotomy (for Foreign Body, Polyp)	Kolotomija (za strana tijela, polipe i sl.)	17	NULL
6095	closed-intrapleural-pneumolysis	Closed Intrapleural Pneumolysis	Zatvorena intrapleuralna pneumoliza	17	NULL
6096	laparoscopic-tumorectomy	Laparoscopic Tumorectomy	Tumorektomija laparoskopska	17	NULL
6097	direct-unilateral-tep-inguinal-hernia-repair	Direct Unilateral TEP Inguinal Hernia Repair	Hernija TEP ingvinalna direktna unilateralna	17	NULL
6098	indirect-unilateral-tep-inguinal-hernia-repair	Indirect Unilateral TEP Inguinal Hernia Repair	Hernija TEP ingvinalna indirektna unilateralna	17	NULL
6099	indirect-unilateral-tapp-inguinal-hernia-repair	Indirect Unilateral TAPP Inguinal Hernia Repair	Hernija TAPP ingvinalna indirektna unilateralna	17	NULL
6100	direct-unilateral-tapp-inguinal-hernia-repair	Direct Unilateral TAPP Inguinal Hernia Repair	Hernija TAPP ingvinalna direktna unilateralna	17	NULL
6101	epigastric-hernia-repair	Epigastric Hernia Repair	Hernija epigastrična	17	NULL
6102	unilateral-tep-femoral-hernia-repair	Unilateral TEP Femoral Hernia Repair	Hernija TEP femoralna unilateralna	17	NULL
6103	unilateral-tapp-femoral-hernia-repair	Unilateral TAPP Femoral Hernia Repair	Hernija TAPP femoralna unilateralna	17	NULL
6104	laparoscopic-incarcerated-inguinal-hernia-repair	Laparoscopic Incarcerated Inguinal Hernia Repair	Ukliještena ingvinalna hernija — laparoskopska operacija	17	NULL
6105	laparoscopic-recurrent-inguinal-hernia-repair	Laparoscopic Recurrent Inguinal Hernia Repair	Recidivantna ingvinalna hernija — laparoskopska operacija	17	NULL
6106	staging-laparoscopy	Staging Laparoscopy	Staging laparoskopija	17	NULL
6107	laparoscopic-disinvagination-without-resection	Laparoscopic Disinvagination without Resection	Laparoskopska dezinvaginacija (bez resekcije)	17	NULL
6108	laparoscopic-adhesiolysis-for-ileus	Laparoscopic Adhesiolysis for Ileus	Laparoskopsko odvajanje abdominalnih priraslica (ileus)	17	NULL
6109	direct-bilateral-tapp-inguinal-hernia-repair	Direct Bilateral TAPP Inguinal Hernia Repair	Hernija TAPP ingvinalna direktna bilateralna	17	NULL
6110	indirect-bilateral-tapp-inguinal-hernia-repair	Indirect Bilateral TAPP Inguinal Hernia Repair	Hernija TAPP ingvinalna indirektna bilateralna	17	NULL
6111	direct-bilateral-tep-inguinal-hernia-repair	Direct Bilateral TEP Inguinal Hernia Repair	Hernija TEP ingvinalna direktna bilateralna	17	NULL
6112	indirect-bilateral-tep-inguinal-hernia-repair	Indirect Bilateral TEP Inguinal Hernia Repair	Hernija TEP ingvinalna indirektna bilateralna	17	NULL
6113	laparoscopic-operation-for-perforating-gastric-ulcer-with-biopsy	Laparoscopic Operation for Perforating Gastric Ulcer with Biopsy	Perforativni ulkus želuca sa biopsijom — laparoskopska operacija	17	NULL
6114	bilateral-tep-femoral-hernia-repair	Bilateral TEP Femoral Hernia Repair	Hernija TEP femoralna bilateralna	17	NULL
6115	bilateral-tapp-femoral-hernia-repair	Bilateral TAPP Femoral Hernia Repair	Hernija TAPP femoralna bilateralna	17	NULL
6116	laparoscopic-operation-for-perforated-duodenal-ulcer	Laparoscopic Operation for Perforated Duodenal Ulcer	Perforacija ulkusa duodenuma — laparoskopska operacija	17	NULL
6117	laparoscopic-hemostasis-of-liver-injury	Laparoscopic Hemostasis of Liver Injury	Hemostaza kod povrede jetre (sutura, koagulacija) — laparoskopska	17	NULL
6118	laparoscopic-hiatal-hernia-repair	Laparoscopic Hiatal Hernia Repair	Hiatus hernija — laparoskopska operacija	17	NULL
6119	laparoscopic-suture-of-traumatic-spleen-injury	Laparoscopic Suture of Traumatic Spleen Injury	Sutura traumatske povrede slezine — laparoskopska	17	NULL
6120	laparoscopic-pyloroplasty	Laparoscopic Pyloroplasty	Piloroplastika — laparoskopska operacija	17	NULL
6121	laparoscopic-total-vagotomy	Laparoscopic Total Vagotomy	Totalna vagotomija — laparoskopska operacija	17	NULL
6122	laparoscopic-selective-vagotomy	Laparoscopic Selective Vagotomy	Selektivna vagotomija — laparoskopska operacija	17	NULL
6123	laparoscopic-highly-selective-vagotomy	Laparoscopic Highly Selective Vagotomy	Supraselektivna vagotomija — laparoskopska operacija	17	NULL
6124	laparoscopic-diaphragmatic-suture-for-injury-or-spontaneous-rupture	Laparoscopic Diaphragmatic Suture for Injury or Spontaneous Rupture	Sutura dijafragme kod povreda ili spontane rupture — laparoskopska	17	NULL
6125	choledochotomy-with-stone-extraction-and-primary-suture	Choledochotomy with Stone Extraction and Primary Suture	Holedohotomija sa ekstrakcijom kalkusa kod holedoholitijaze sa primarnim šavom	17	NULL
6126	choledochotomy-with-stone-extraction-choledocholithiasis	Choledochotomy with Stone Extraction (Choledocholithiasis)	Holedohotomija sa ekstrakcijom kalkusa kod holedoholitijaze	17	NULL
6127	laparoscopic-left-hemicolectomy-with-colorectal-anastomosis	Laparoscopic Left Hemicolectomy with Colorectal Anastomosis	Hemikolektomija lijeva — laparoskopska sa kolorekto anastomozom	17	NULL
6128	laparoscopic-left-hemicolectomy-with-anastomosis-variant	Laparoscopic Left Hemicolectomy with Anastomosis (Variant)	Hemikolektomija lijeva — laparoskopska sa kolorekto anastomozom (var.)	17	NULL
6129	laparoscopic-atypical-liver-resection	Laparoscopic Atypical Liver Resection	Atipične resekcije jetre — laparoskopska operacija	17	NULL
6130	laparoscopic-left-pancreatectomy	Laparoscopic Left Pancreatectomy	Lijeva pankreatektomija — laparoskopska operacija	17	NULL
6131	laparoscopic-distal-pancreatectomy-with-splenectomy	Laparoscopic Distal Pancreatectomy with Splenectomy	Distalna pankreatektomija sa splenektomijom — laparoskopska operacija	17	NULL
6132	laparoscopic-transverse-colectomy	Laparoscopic Transverse Colectomy	Transverzokolektomija laparoskopska	17	NULL
6133	laparoscopic-choledochoduodenoanastomosis	Laparoscopic Choledochoduodenoanastomosis	Holedohoduodenoanastomoza — laparoskopska operacija	17	NULL
6134	laparoscopic-choledochojejunostomy	Laparoscopic Choledochojejunostomy	Holedohojejunoanastomoza — laparoskopska operacija	17	NULL
6135	laparoscopic-partial-gastrectomy-with-gastrojejunostomy	Laparoscopic Partial Gastrectomy with Gastrojejunostomy	Parcijalna gastrektomija sa gastrojejunalnom anastomozom — laparoskopska	17	NULL
6136	laparoscopic-left-liver-lobectomy	Laparoscopic Left Liver Lobectomy	Lijeva lobektomija jetre — laparoskopska operacija	17	NULL
6137	laparoscopic-total-gastrectomy-with-splenectomy-and-lymphadenectomy	Laparoscopic Total Gastrectomy with Splenectomy and Lymphadenectomy	Totalna gastrektomija sa splenektomijom, omentektomijom i proširenom disekcijom — laparoskopska	17	NULL
6138	laparoscopic-total-colectomy-with-ileorectal-anastomosis	Laparoscopic Total Colectomy with Ileorectal Anastomosis	Totalna kolektomija sa ileorektalnom anastomozom — laparoskopska	17	NULL
6139	laparoscopic-right-liver-lobectomy	Laparoscopic Right Liver Lobectomy	Desna lobektomija jetre — laparoskopska operacija	17	NULL
6140	laparoscopic-liver-metastasectomy	Laparoscopic Liver Metastasectomy	Laparoskopska metastazektomija jetre	17	NULL
6141	pancreatic-abscess-incision-and-drainage	Pancreatic Abscess Incision and Drainage	Incizija i drenaža abscesa pankreasa	17	NULL
6142	laparoscopic-meckel-diverticulum-surgery	Laparoscopic Meckel Diverticulum Surgery	Laparoskopska operacija Meckel-divertikula	17	NULL
6143	laparoscopic-evacuation-and-drainage-of-intraperitoneal-abscess	Laparoscopic Evacuation and Drainage of Intraperitoneal Abscess	Laparoskopska evakuacija i drenaža intraperitonealnih abscesa	17	NULL
6144	evacuation-of-hydatid-cyst-of-abdominal-organs-other-than-liver	Evacuation of Hydatid Cyst of Abdominal Organs (Other than Liver)	Evakuacija hidatidne ciste abdominalnih organa izvan jetre	17	NULL
6145	witzel-nutritional-jejunostomy	Witzel Nutritional Jejunostomy	Kreiranje nutritivne jejunostome (Witzel)	17	NULL
6146	abdominal-fundoplication-with-hiatal-correction	Abdominal Fundoplication with Hiatal Correction	Fundoplikacija abdominalnim pristupom sa korekcijom dijafragmalnog hijatusa	17	NULL
6147	sigmoid-and-upper-rectal-resection-with-hartmann-stoma	Sigmoid and Upper Rectal Resection with Hartmann Stoma	Resekcija sigme i gornjeg rektuma sa kreiranjem derivacione stome (Hartmann)	17	NULL
6148	pyloroplasty-with-selective-vagotomy	Pyloroplasty with Selective Vagotomy	Piloroplastika sa selektivnom vagotomijom	17	NULL
6149	colon-diverting-stoma-without-resection	Colon Diverting Stoma without Resection	Izvođenje derivacione stome kolona bez resekcije	17	NULL
6150	right-hemicolectomy-extended-with-stoma-formation	Right Hemicolectomy (Extended) with Stoma Formation	Desna hemikolektomija (i proširena) sa formiranjem stome	17	NULL
6151	laparoscopic-left-hemicolectomy-with-stoma-formation	Laparoscopic Left Hemicolectomy with Stoma Formation	Lijeva hemikolektomija sa formiranjem stome — laparoskopska	17	NULL
6152	subtotal-colectomy-with-anastomosis-right-transverse-left-colon	Subtotal Colectomy with Anastomosis (Right, Transverse, Left Colon)	Subtotalna kolektomija sa anastomozom (desni, transverzalni, lijevi kolon)	17	NULL
6153	subtotal-colectomy-with-stoma-formation	Subtotal Colectomy with Stoma Formation	Subtotalna kolektomija sa formiranjem stome	17	NULL
6154	lower-limb-phlebectomy-for-recurrent-varicosities	Lower Limb Phlebectomy for Recurrent Varicosities	Flebektomija površnih vena donjih ekstremiteta zbog recidivantnih varikoziteta	17	NULL
6155	total-pelvic-exenteration	Total Pelvic Exenteration	Evisceracija pelvisa	17	NULL
6160	transvaginal-incontinence-correction-tottvt-tape	Transvaginal Incontinence Correction (TOT/TVT Tape)	Korekcija inkontinencije transvaginalnim putem (TOT i TVT trake)	22	NULL
6161	ureterolithotomy	Ureterolithotomy	Ureterolitotomija	22	NULL
6162	partial-nephrectomy	Partial Nephrectomy	Parcijalna nefrektomija	22	NULL
6163	renal-cyst-resection	Renal Cyst Resection	Resekcija ciste bubrega	22	NULL
6164	cystolithotomy-without-bladder-neck-resection	Cystolithotomy without Bladder Neck Resection	Cistolitotomija bez resekcije vrata	22	NULL
6165	bladder-tumor-ablationexcision	Bladder Tumor Ablation/Excision	Mokraćna bešika — ablacija, ekscizija tumora	22	NULL
6166	pyelolithotomy	Pyelolithotomy	Pijelolitotomija	22	NULL
6167	foreign-body-removal-from-scrotum	Foreign Body Removal from Scrotum	Skrotum — odstranjivanje stranog tijela	22	NULL
6168	varicocele-surgery	Varicocele Surgery	Operacija varikocele	22	NULL
6169	testicular-torsion-reduction-with-contralateral-fixation	Testicular Torsion Reduction with Contralateral Fixation	Redukcija torzije testisa sa fiksacijom kontralateralnog testisa	22	NULL
6170	lower-ureter-quarter-ureterolithotomy	Lower Ureter Quarter Ureterolithotomy	Ureterolitotomija donje četvrtine uretera	22	NULL
6171	bilateral-orchiectomy	Bilateral Orchiectomy	Orhiektomija bilateralna	22	NULL
6172	urethrorrhaphy-partial-or-total-for-injury	Urethrorrhaphy (Partial or Total) for Injury	Uretrorafija parcijalna ili totalna kod povrede	22	NULL
6173	diverticulectomy-single	Diverticulectomy (Single)	Ekscizija divertikula (jedan)	22	NULL
6174	bladder-neck-resection-with-stone-extraction	Bladder Neck Resection with Stone Extraction	Mokraćna bešika — resekcija vrata sa vađenjem kamena	22	NULL
6175	pyelo-and-nephrolithotomy	Pyelo- and Nephrolithotomy	Pijelo i nefrolitotomija	22	NULL
6176	renal-stone-lithoclast	Renal Stone Lithoclast	Litoklast kamena u bubregu	22	NULL
6177	nephrectomy-with-total-ureterectomy	Nephrectomy with Total Ureterectomy	Nefrektomija sa totalnom ureterktomijom	22	NULL
6178	partial-penile-amputation	Partial Penile Amputation	Amputacija penisa parcijalna	22	NULL
6179	total-penile-amputation	Total Penile Amputation	Amputacija penisa totalna	22	NULL
6180	epididymotomy	Epididymotomy	Epididimotomija	22	NULL
6181	surgical-treatment-of-urethrocele	Surgical Treatment of Urethrocele	Operativno liječenje uretrokele	22	NULL
6182	urethral-diverticulum-surgery	Urethral Diverticulum Surgery	Divertikulum uretre	22	NULL
6183	anterior-urethrolithotomy	Anterior Urethrolithotomy	Uretrolitotomija prednja uretra	22	NULL
6184	posterior-urethrolithotomy	Posterior Urethrolithotomy	Uretrolitotomija zadnja uretra	22	NULL
6185	spermatocele-excision-without-epididymectomy	Spermatocele Excision without Epididymectomy	Ekscizija spermatokele bez epididimektomije	22	NULL
6186	perineal-external-urethrotomy	Perineal External Urethrotomy	Uretrotomija eksterna perinealna	22	NULL
6187	urethral-injury-closure	Urethral Injury Closure	Zatvaranje povrede uretre	22	NULL
6188	urethrostomy-or-urethral-fistula-closure	Urethrostomy or Urethral Fistula Closure	Zatvaranje uretrostomije ili fistule uretre	22	NULL
6189	drainage-of-prevesical-and-perivesical-abscess	Drainage of Prevesical and Perivesical Abscess	Drenaža prevezikalnog i perivezikalnog abscesa	22	NULL
6190	vesicocutaneous-fistula-closure	Vesicocutaneous Fistula Closure	Fistula vezikokutanea — zatvaranje	22	NULL
6191	unilateral-epididymectomy	Unilateral Epididymectomy	Epididimektomija unilateralna	22	NULL
6192	hematocele-surgery	Hematocele Surgery	Hematocele	22	NULL
6193	spermatic-duct-hydrocele-excision	Spermatic Duct Hydrocele Excision	Ductus spermaticus — ekscizija hidrokele spermatičnog duktusa	22	NULL
6194	laparoscopic-varicocele-surgery	Laparoscopic Varicocele Surgery	Operacija varikocele — laparoskopska	22	NULL
6195	scrotal-resection	Scrotal Resection	Resekcija skrotuma	22	NULL
6196	prostatotomy-with-external-prostatic-abscess-drainage	Prostatotomy with External Prostatic Abscess Drainage	Prostatotomija — spoljna drenaža prostatičnog abscesa	22	NULL
6197	internal-urethrotomy	Internal Urethrotomy	Uretrotomija interna	22	NULL
6198	varicocele-excision-with-hernia-repair	Varicocele Excision with Hernia Repair	Ekscizija varikokele sa reparacijom hernije	22	NULL
6199	bilateral-epididymectomy	Bilateral Epididymectomy	Epididimektomija bilateralna	22	NULL
6200	unilateral-hydrocele-resection-with-hernia-operation	Unilateral Hydrocele Resection with Hernia Operation	Resekcija hidrokele unilateralna sa operacijom hernije	22	NULL
6201	exploratory-lumbotomy-renal-biopsy	Exploratory Lumbotomy (Renal Biopsy)	Eksplorativna lumbotomija (biopsija bubrega)	22	NULL
6202	bladder-neck-electroresection	Bladder Neck Electroresection	Elektroresekcija vrata mokraćne bešike	22	NULL
6203	surgical-treatment-of-periurethral-gangrenephlegmonabscess	Surgical Treatment of Periurethral Gangrene/Phlegmon/Abscess	Operativno liječenje difuzne periuretralne gangrene, flegmona i abscesa	22	NULL
6204	cystotomy-with-tumor-excision-or-electrocoagulation	Cystotomy with Tumor Excision or Electrocoagulation	Cistotomija sa egzerezom ili elektrokoagulacijom tumora mokraćne bešike	22	NULL
6205	bladder-exstrophy-surgery	Bladder Exstrophy Surgery	Operativno liječenje ekstrofije bešike — uspostavljanje kontinuiteta	22	NULL
6206	nephropexy	Nephropexy	Nefropeksija	22	NULL
6207	orchiectomy-with-superficial-inguinal-lymph-node-dissection	Orchiectomy with Superficial Inguinal Lymph Node Dissection	Orhiektomija sa disekcijom površnih ingvinalnih limfnih čvorova	22	NULL
6208	spermatocele-excision-with-epididymectomy	Spermatocele Excision with Epididymectomy	Ekscizija spermatokele sa epididimektomijom	22	NULL
6209	cryptorchism-surgical-treatment	Cryptorchism Surgical Treatment	Operativno liječenje kriptorhizma	22	NULL
6210	transurethral-tumor-resection	Transurethral Tumor Resection	Transuretralna resekcija tumora	22	NULL
6211	open-drainage-of-perirenal-or-renal-abscess	Open Drainage of Perirenal or Renal Abscess	Drenaža perirenalnog ili renalnog abscesa — otvor	22	NULL
6212	pyelo-and-nephrostomy	Pyelo- and Nephrostomy	Pijelo i nefrostomija	22	NULL
6213	acquired-urethrorectal-fistula-treatment	Acquired Urethrorectal Fistula Treatment	Operativno tretiranje uretrorektalnih fistula stečenih	22	NULL
6214	urethrovaginal-fistula-closure	Urethrovaginal Fistula Closure	Zatvaranje uretrovaginalne fistule	22	NULL
6215	urethral-carcinoma-excision-urethrectomy	Urethral Carcinoma Excision (Urethrectomy)	Ekscizija karcinoma uretre (uretrektomija)	22	NULL
6216	drainage-of-perineal-urinary-extravasation	Drainage of Perineal Urinary Extravasation	Drenaža perinealne urinarne ekstravazacije	22	NULL
6217	partial-cystectomy-without-orifice-resection	Partial Cystectomy without Orifice Resection	Cistektomija parcijalna bez resekcije ušća	22	NULL
6218	ureterosigmoidostomy	Ureterosigmoidostomy	Ureterosigmoidostomija	22	NULL
6219	transurethral-resection-of-multiple-tumors	Transurethral Resection of Multiple Tumors	Transuretralna resekcija multiplih tumora	22	NULL
6220	suture-of-vesicovaginal-postirradiation-fistula	Suture of Vesicovaginal Postirradiation Fistula	Sutura veziko vaginalne postiradiacione fistule	22	NULL
6221	unilateral-ureterocutaneostomy	Unilateral Ureterocutaneostomy	Ureterokutaneostomija unilateralna	22	NULL
6222	lumbar-ureteral-fistula-closure	Lumbar Ureteral Fistula Closure	Zatvaranje fistule uretera (lumbalne)	22	NULL
6223	ureteral-injury-repair	Ureteral Injury Repair	Zbrinjavanje povrede uretera	22	NULL
6224	aberrant-renal-vessels-resection	Aberrant Renal Vessels Resection	Resekcija aberantnih krvnih sudova bubrega	22	NULL
6225	pyelotomy-with-exploration-and-tumor-ablation	Pyelotomy with Exploration and Tumor Ablation	Pijelotomija sa eksploracijom (i ablacija tu.)	22	NULL
6226	pyelotomy-with-drainage	Pyelotomy with Drainage	Pijelotomija sa drenažom	22	NULL
6227	removal-of-pararenal-retroperitoneal-tumor	Removal of Pararenal (Retroperitoneal) Tumor	Vađenje tu pararenalis (retroperitonealis)	22	NULL
6228	tur-of-prostate-bladder-neck-resection	TUR of Prostate / Bladder Neck Resection	Transuretralna prostatektomija — resekcija vrata mokraćnog mjehura	22	NULL
6229	unilateral-ureterocystoneostomy	Unilateral Ureterocystoneostomy	Ureterocistoneostomija unilateralna	22	NULL
6230	cervical-resection-with-open-bladder-isolated-operation	Cervical Resection with Open Bladder (Isolated Operation)	Resekcija cerviksa sa 'otvorenom bešikom' — izolovana operacija	22	NULL
6231	closure-of-bladder-and-pelvic-injuries	Closure of Bladder and Pelvic Injuries	Zatvaranje i zašivanje povrede bešike i pelvisa	22	NULL
6232	bilateral-ureterocutaneostomy	Bilateral Ureterocutaneostomy	Ureterokutaneostomija bilateralna	22	NULL
6233	pelvic-ureteral-fistula-closure	Pelvic Ureteral Fistula Closure	Zatvaranje fistule uretera (pelvične)	22	NULL
6234	urethrectomy-stump-only	Urethrectomy (Stump Only)	Uretrektomija (samo patrljak)	22	NULL
6235	suture-of-renal-wound-or-injury	Suture of Renal Wound or Injury	Sutura bubrežne rane ili povrede	22	NULL
6236	closure-of-nephrostomy-or-pyelostomy	Closure of Nephrostomy or Pyelostomy	Zatvaranje nefrostomije, pijelostomije i drugih bubrežnih	22	NULL
6237	unilateral-adrenalectomy	Unilateral Adrenalectomy	Adrenalektomija jednostrana	22	NULL
6238	ureteroplasty	Ureteroplasty	Ureteroplastika	22	NULL
6239	pyeloureteroplasty	Pyeloureteroplasty	Pijeloureteroplastika	22	NULL
6240	bilateral-ureterocystoneostomy	Bilateral Ureterocystoneostomy	Ureterocistoneostomija bilateralna	22	NULL
6241	bladder-diverticulectomy	Bladder Diverticulectomy	Divertikulektomija mokraćne bešike	22	NULL
6242	pyeloplasty	Pyeloplasty	Pijeloplastika	22	NULL
6243	renal-pelvis-plastic-surgery-with-or-without-nephrostomy	Renal Pelvis Plastic Surgery (with or without Nephrostomy)	Plastična operacija na pelvis renalisu sa ili bez nefrostome	22	NULL
6244	partial-cystectomy-with-orifice-resection-and-reimplantation	Partial Cystectomy with Orifice Resection and Reimplantation	Cistektomija parcijalna sa resekcijom ušća i reimplant.	22	NULL
6245	pediculated-and-tubular-ureteral-implantation	Ureteral Implantation Using a Pedicled Tubular Bladder Flap (Boari)	Ureteralna implantacija putem pedikularnog i tubularnog isječka bešike (Boari)	22	Pediculated and Tubular Ureteral Implantation
6246	horseshoe-kidney-surgery	Horseshoe Kidney Surgery	Operacija potkovičastog bubrega	22	NULL
6247	simple-nephrectomy	Simple Nephrectomy	Nefrektomija — simplex	22	NULL
6248	partial-cystectomy-with-orifice-resection-variant	Partial Cystectomy with Orifice Resection (Variant)	Cistektomija parcijalna sa resekcijom ušća i reimpl. (var.)	22	NULL
6249	radical-orchiectomy-with-retroperitoneal-dissection	Radical Orchiectomy with Retroperitoneal Dissection	Orhiektomija radikalna sa retroperitonealnom disekcijom	22	NULL
6250	open-radical-prostatectomy	Open Radical Prostatectomy	Radikalna prostatektomija — otvorena	22	NULL
6251	total-cystectomy-with-mainz-pouch-i-ureterosigmoidostomy	Total Cystectomy with Mainz-Pouch I Ureterosigmoidostomy	Totalna cistektomija sa ureterosigmoidoanastomozom (Mainz-Pouch I)	22	NULL
6252	bladder-resection-plus-reconstruction-for-exstrophy	Bladder Resection plus Reconstruction (for Exstrophy)	Operativno liječenje ekstrofije bešike — resekcija plus	22	NULL
6253	radical-nephrectomy	Radical Nephrectomy	Nefrektomija radikalna	22	NULL
6254	total-cystectomy-with-ileal-conduit	Total Cystectomy with Ileal Conduit	Totalna cistektomija sa ileal konduitom	22	NULL
6255	ureteral-stone-lithoclast	Ureteral Stone Lithoclast	Litoklast kamena u ureteru	22	NULL
6256	trus-guided-prostate-biopsy	TRUS-Guided Prostate Biopsy	TRUS biopsija prostate	22	NULL
6257	urethral-stone-extraction	Urethral Stone Extraction	Ekstrakcija kalkulusa iz uretre	22	NULL
6258	unilateral-vasotomy	Unilateral Vasotomy	Vazotomija unilateralna	22	NULL
6259	bilateral-vasotomy	Bilateral Vasotomy	Vazotomija bilateralna	22	NULL
6260	partial-or-complicated-vasotomy	Partial or Complicated Vasotomy	Vazotomija parcijalna ili komplikovana	22	NULL
6261	scrotal-plasty	Scrotal Plasty	Plastika skrotuma	22	NULL
6262	perineal-incisional-prostate-biopsy	Perineal Incisional Prostate Biopsy	Biopsija prostate incizijom kroz perineum	22	NULL
6263	unilateral-endoscopic-spermatic-vein-ligation	Unilateral Endoscopic Spermatic Vein Ligation	Endoskopska ligatura v. spermatike — jednostrana	22	NULL
6264	operative-penile-induration-plastic	Operative Penile Induration Plastic	Induratio penis plastica — operativa	22	NULL
6265	saphenous-vein-corpus-cavernosum-shunt	Saphenous Vein - Corpus Cavernosum Shunt	Vena saphena — corpus cavernosum shunt	22	NULL
6266	marion-urethral-tunnelization-plus-cystostomy	Marion Urethral Tunnelization plus Cystostomy	Tunelizacija uretre po Marionu plus cistostomija	22	NULL
6267	renal-sympathectomy-independent-nephrolysis	Renal Sympathectomy (Independent Nephrolysis)	Renalna simpatektomija (nefroliza nezavisna)	22	NULL
6268	unilateral-renal-decapsulation	Unilateral Renal Decapsulation	Dekapsulacija bubrega — unilateralna	22	NULL
6269	female-urethral-reconstruction-complete-treatment	Female Urethral Reconstruction (Complete Treatment)	Rekonstrukcija uretre kod žene — cjelokupno liječenje	22	NULL
6270	lumbar-ureterotomy-with-exploration-and-drainage	Lumbar Ureterotomy with Exploration and Drainage	Ureterotomija sa eksploracijom i drenažom (lumbalna)	22	NULL
6271	pelvic-ureterotomy-with-exploration-and-drainage	Pelvic Ureterotomy with Exploration and Drainage	Ureterotomija sa eksploracijom i drenažom (pelvična)	22	NULL
6272	bilateral-ureteroenterostomy	Bilateral Ureteroenterostomy	Ureteroenterostomija — bilateralna	22	NULL
6273	horseshoe-kidney-symphysiotomy	Horseshoe Kidney Symphysiotomy	Simfiziotomija potkovičastog bubrega	22	NULL
6274	bilateral-renal-decapsulation	Bilateral Renal Decapsulation	Dekapsulacija bubrega — bilateralna	22	NULL
6275	unilateral-antireflux-surgery	Unilateral Antireflux Surgery	Antirefluks operacije — unilateralna	22	NULL
6276	laparoscopic-ureteral-surgery	Laparoscopic Ureteral Surgery	Laparoskopija — operacija na ureteru	22	NULL
6277	laparoscopic-pyeloureteroplasty	Laparoscopic Pyeloureteroplasty	Laparoskopija — pijeloureteroplastika	22	NULL
6278	ureterointestinoplasty	Ureterointestinoplasty	Ureterointestinoplastika	22	NULL
6279	surgery-on-congenital-anomalous-kidneys	Surgery on Congenital Anomalous Kidneys	Operacija na urođeno anomaličnim bubrezima	22	NULL
6280	corrective-procedures-on-renal-vessels	Corrective Procedures on Renal Vessels	Korektivni zahvati na krvnim sudovima bubrega	22	NULL
6281	bilateral-antireflux-surgery	Bilateral Antireflux Surgery	Antirefluks operacije — bilateralna	22	NULL
6282	pheochromocytoma-surgery	Pheochromocytoma Surgery	Operacija feohromocitoma	22	NULL
6283	laparoscopic-simple-nephrectomy	Laparoscopic Simple Nephrectomy	Laparoskopija — simplex nefrektomija	22	NULL
6284	bilateral-adrenalectomy	Bilateral Adrenalectomy	Adrenalektomija obostrana	22	NULL
6285	radical-penile-amputation-with-pelvic-dissection	Radical Penile Amputation with Pelvic Dissection	Amputacija penisa radikalna sa disekcijom pelvisa	22	NULL
6286	congenital-urethrorectal-fistula-treatment	Congenital Urethrorectal Fistula Treatment	Operativno liječenje uretrorektalnih fistula — kongenitalnih, cjelokupno	22	NULL
6287	ureteral-replacement-with-ileum	Ureteral Replacement with Ileum	Zamjena uretera ileumom	22	NULL
6288	laparoscopic-radical-nephrectomy	Laparoscopic Radical Nephrectomy	Laparoskopija — radikalna nefrektomija	22	NULL
6289	total-cystectomy-with-bladder-replacement-by-intestinal-graft	Total Cystectomy with Bladder Replacement by Intestinal Graft	Cistektomija total sa zamjenjivanjem bešike intestinalnim kalemom	22	NULL
6290	male-incontinence-correction	Male Incontinence Correction	Korekcija inkontinencije kod muškaraca	22	NULL
6291	subcapsular-orchiectomy	Subcapsular Orchiectomy	Subkapsularna orhiektomija	22	NULL
6292	funiculocele-surgery	Funiculocele Surgery	Operacija funikocele	22	NULL
6293	transvesicalretropubic-prostatectomy-with-bladder-neck-resection	Transvesical/Retropubic Prostatectomy with Bladder Neck Resection	Transvezikalna i retropubična prostatektomija sa resekcijom vrata	22	NULL
6294	tanagho-or-burch-colpocystourethropexy	Tanagho or Burch Colpocystourethropexy	Kolpocistouretropeksija (Tanagho ili Burch)	22	NULL
6295	penile-injury-repair	Penile Injury Repair	Zbrinjavanje povrede penisa	22	NULL
6296	epididymo-vasal-anastomosis	Epididymo-Vasal Anastomosis	Operacija na epididimu — epididimo duktalna anastomoza	22	NULL
6297	percutaneous-drainage-of-perinephric-or-renal-abscess	Percutaneous Drainage of Perinephric or Renal Abscess	Evakuacija i drenaža perinefričnog ili renalnog abscesa perkutano	22	NULL
6298	laparoscopic-partial-nephrectomy	Laparoscopic Partial Nephrectomy	Laparoskopija — parcijalna nefrektomija	22	NULL
6299	laparoscopic-renal-cyst-surgery	Laparoscopic Renal Cyst Surgery	Laparoskopija — operacija ciste bubrega	22	NULL
6300	total-cystectomy-with-ureterocutaneostomy	Total Cystectomy with Ureterocutaneostomy	Totalna cistektomija sa ureterokutaneostomijom	22	NULL
6301	total-cystectomy-with-orthotopic-bladder	Total Cystectomy with Orthotopic Bladder	Totalna cistektomija sa ortotopskom bešikom	22	NULL
6302	bladder-augmentation	Bladder Augmentation	Augmentacija mokraćne bešike	22	NULL
6303	anterior-urethroplasty-for-stenosis	Anterior Urethroplasty for Stenosis	Plastika prednje uretre zbog stenoze	22	NULL
6304	posterior-urethroplasty-for-stenosis	Posterior Urethroplasty for Stenosis	Plastika zadnje uretre zbog stenoze	22	NULL
6305	donor-nephrectomy	Donor Nephrectomy	Donor nefrektomija	22	NULL
6306	kidney-transplantation-in-recipient	Kidney Transplantation in Recipient	Transplantacija bubrega kod recipijenta	22	NULL
6307	laparoscopic-adrenalectomy	Laparoscopic Adrenalectomy	Laparoskopija — adrenalektomija	22	NULL
6308	laparoscopic-pelvic-lymphadenectomy	Laparoscopic Pelvic Lymphadenectomy	Laparoskopija — limfadenektomija pelvična	22	NULL
6309	laparoscopic-total-cystectomy	Laparoscopic Total Cystectomy	Laparoskopija — cistektomija totalis	22	NULL
6310	laparoscopic-cystoprostatectomy	Laparoscopic Cystoprostatectomy	Laparoskopija — cistoprostatektomija totalis	22	NULL
6311	laparoscopic-radical-prostatectomy	Laparoscopic Radical Prostatectomy	Laparoskopija — prostatektomija radikalna	22	NULL
6312	unilateral-external-ethmoidectomy	Unilateral External Ethmoidectomy	Etmoidektomija spoljna jednostrana	11	NULL
6313	nasal-reconstruction-with-local-flap-or-free-graft	Nasal Reconstruction with Local Flap or Free Graft	Rekonstrukcija nosa, kolumele, kavuma nosa lokalnim režnjem ili slobodnim transplantatom	11	NULL
6314	septorhinoplasty	Septorhinoplasty	Septorinoplastika	11	NULL
6315	unilateral-nasal-polyp-ablation-with-ethmoidectomy	Unilateral Nasal Polyp Ablation with Ethmoidectomy	Ablacija polipa nosa sa etmoidektomijom — unilateralna	11	NULL
6316	excision-of-large-neck-cyst	Excision of Large Neck Cyst	Ablacija velikih cista vrata	11	NULL
6317	bilateral-otoplasty	Bilateral Otoplasty	Korektivna hirurgija uha — bilateralna	11	NULL
6318	cottle-nasal-septoplasty	Cottle Nasal Septoplasty	Plastika septuma nosa — Cottle	11	NULL
6319	corrective-rhinoplasty-with-osteotomy	Corrective Rhinoplasty with Osteotomy	Korektivna rinoplastika sa osteotomijom	11	NULL
6320	excision-of-nasal-malignant-tumor	Excision of Nasal Malignant Tumor	Ekscizija nazalnog malignog tumora	11	NULL
6321	radical-surgery-for-lip-malignant-tumor-with-soft-tissue-resection	Radical Surgery for Lip Malignant Tumor with Soft Tissue Resection	Radikalna operacija malignih tumora usne sa resekcijom mekih tkiva	11	NULL
6322	radical-resection-of-auricular-malignant-tumor	Radical Resection of Auricular Malignant Tumor	Radikalna resekcija zbog malignih tumora ušne školjke	11	NULL
6323	simple-resection-of-auricular-malignant-tumor	Simple Resection of Auricular Malignant Tumor	Maligni tumor uške — obična resekcija	11	NULL
6324	excision-of-external-ear-canal-osteoma-or-exostosis	Excision of External Ear Canal Osteoma or Exostosis	Ekstirpacija osteoma ili egzostoza spoljašnjeg ušnog kanala	11	NULL
6325	infant-antrotomy-bilateral-or-unilateral	Infant Antrotomy (Bilateral or Unilateral)	Antrotomija odojčeta — obostrano ili jednostrano	11	NULL
6326	mastoidectomy	Mastoidectomy	Mastoidektomija	11	NULL
6327	excision-of-nasal-benign-tumor	Excision of Nasal Benign Tumor	Ekscizija nazalnog benignog tumora	11	NULL
6328	submucosal-resection-of-nasal-septum-partial-or-extended	Submucosal Resection of Nasal Septum (Partial or Extended)	Submukozna resekcija nosnog septuma — parcijalna ili proširena	11	NULL
6329	bilateral-external-ethmoidectomy	Bilateral External Ethmoidectomy	Etmoidektomija spoljna obostrana	11	NULL
6330	unilateral-endonasal-maxillary-sinus-surgery	Unilateral Endonasal Maxillary Sinus Surgery	Endonazalna operacija maksilarnih sinusa — jednostrana	11	NULL
6331	bilateral-endonasal-maxillary-sinus-surgery	Bilateral Endonasal Maxillary Sinus Surgery	Endonazalna operacija maksilarnih sinusa — obostrano	11	NULL
6332	unilateral-riedel-frontal-sinus-radical-surgery	Unilateral Riedel Frontal Sinus Radical Surgery	Radikalna operacija čeonog sinusa (Riedel) — jednostrano	11	NULL
6333	frontal-sinus-revision-fracture-elevation	Frontal Sinus Revision (Fracture Elevation)	Revizija frontalnog sinusa — elevacija frakture i sl. uni- ili bilateralno	11	NULL
6334	unilateral-otoplasty	Unilateral Otoplasty	Korektivna hirurgija uha — unilateralna	11	NULL
6335	treatment-of-larger-wounds-with-skin-defect-closure	Treatment of Larger Wounds with Skin Defect Closure	Obrada većih rana sa defektom kože koje zahtjevaju zatvaranje	11	NULL
6336	sistrunk-operation-for-median-neck-cystfistula	Sistrunk Operation for Median Neck Cyst/Fistula	Operacija medijalnih cista i fistula vrata — Sistrunk	11	NULL
6337	excision-of-tongue-malignant-tumor-with-primary-plasty	Excision of Tongue Malignant Tumor with Primary Plasty	Ekscizija malignih tumora jezika i primarna plastika	11	NULL
6338	lateral-neck-cystfistula-operation	Lateral Neck Cyst/Fistula Operation	Operacija lateralnih cista i fistula vrata	11	NULL
6339	cartilage-graft-harvesting-and-modeling	Cartilage Graft Harvesting and Modeling	Uzimanje i modeliranje hrskavičavog transplantata	11	NULL
6340	transmeatal-myringoplasty	Transmeatal Myringoplasty	Miringoplastika — transmeatalni pristup	11	NULL
6341	radical-trepanationre-trepanation-of-middle-ear	Radical Trepanation/Re-trepanation of Middle Ear	Radikalna trepanacija i retrepanacija srednjeg uva	11	NULL
6342	unilateral-radical-neck-dissection	Unilateral Radical Neck Dissection	Radikalna disekcija vrata — jednostrana	11	NULL
6343	total-ear-reconstruction	Total Ear Reconstruction	Rekonstrukcija uha — totalna, nezavisna od metode	11	NULL
6344	facial-nerve-decompression-with-mastoidectomy-and-trepanation	Facial Nerve Decompression with Mastoidectomy and Trepanation	Dekompresija ličnog živca sa mastoidektomijom, trepanacijom	11	NULL
6345	stapedovestibular-surgery-stapedoplasty-fenestration-mobilization-adhesiolysis	Stapedovestibular Surgery (Stapedoplasty, Fenestration, Mobilization, Adhesiolysis)	Stapedovestibularna operacija (stapedoplastika, fenestracija, mobilizacija, adhezioliza)	11	NULL
6346	tympanoplasty-various-types-with-atticotomy	Tympanoplasty Various Types with Atticotomy	Timpanoplastika razni tipovi sa atikotomijom	11	NULL
6347	cochlear-implant-implantation	Cochlear Implant Implantation	Ugradnja kohlearnog implantata	11	NULL
6348	unilateral-tympanostomy-tube-removal	Unilateral Tympanostomy Tube Removal	Odstranjivanje aeracionih cjevčica — jednostrano	11	NULL
6349	bilateral-tympanostomy-tube-removal	Bilateral Tympanostomy Tube Removal	Odstranjivanje aeracionih cjevčica — obostrano	11	NULL
6350	bilateral-nasal-polyp-ablation	Bilateral Nasal Polyp Ablation	Ablacija nazalnog polipa — obostrana	11	NULL
6351	adenotomy	Adenotomy	Adenotomija	11	Adenoid Removal ; Adenoidectomy ; Adenoidektomija ; Uklanjanje adenoida ; Vađenje trećeg krajnika
6352	tympanic-membrane-repositioning	Tympanic Membrane Repositioning	Repozicija bubne opne	11	NULL
6353	external-or-middle-ear-polyp-ablation	External or Middle Ear Polyp Ablation	Ablacija polipa spoljašnjeg/srednjeg uha	11	NULL
6354	tonsillectomy-with-adenotomy	Tonsillectomy with Adenotomy	Tonzilektomija sa adenotomijom	11	NULL
6355	auricular-suture	Auricular Suture	Sutura ušne školjke	11	NULL
6356	surgery-for-benign-lip-and-tongue-tumors	Surgery for Benign Lip and Tongue Tumors	Operacija benignih tumora usana i jezika	11	NULL
6357	auricular-reconstruction-after-injury	Auricular Reconstruction After Injury	Rekonstrukcija ušne školjke nakon povrede	11	NULL
6358	ablation-of-external-auditory-canal-malignant-tumor	Ablation of External Auditory Canal Malignant Tumor	Ablacija malignih tumora MAE	11	NULL
6359	bilateral-endonasal-ethmoidectomy-with-polyp-ablation	Bilateral Endonasal Ethmoidectomy with Polyp Ablation	Endonazalna etmoidektomija sa ablacijom polipa iz nosa — obostrana	11	NULL
6360	unilateral-caldwell-luc-maxillary-sinus-surgery	Unilateral Caldwell-Luc Maxillary Sinus Surgery	Operacija maksilarnih sinusa (Caldwell-Luc) — jednostrano	11	NULL
6361	external-auditory-canal-reconstruction	External Auditory Canal Reconstruction	Rekonstrukcija spoljašnjeg slušnog kanala	11	NULL
6362	bilateral-caldwell-luc-maxillary-sinus-surgery	Bilateral Caldwell-Luc Maxillary Sinus Surgery	Operacija maksilarnih sinusa (Caldwell-Luc) — obostrano	11	NULL
6363	tympanocentesis-with-tube-placement-unilateral	Tympanocentesis with Tube Placement (Unilateral)	Paracenteza bubne opne sa postavljanjem cjevčice za aeraciju i drenažu — unilateralna	11	NULL
6364	tympanocentesis-with-tube-placement-bilateral	Tympanocentesis with Tube Placement (Bilateral)	Paracenteza bubne opne sa postavljanjem cjevčice za aeraciju i drenažu — obostrana	11	NULL
6365	excision-of-congenital-nasal-fistula	Excision of Congenital Nasal Fistula	Ekstirpacija kongenitalne fistule nosa	11	NULL
6366	modified-radical-trepanation-of-temporal-bone	Modified Radical Trepanation of Temporal Bone	Modifikovana radikalna trepanacija temporalne kosti	11	NULL
6367	radical-trepanation-of-temporal-bone	Radical Trepanation of Temporal Bone	Radikalna trepanacija temporalne kosti	11	NULL
6368	unilateral-atrophic-rhinitis-surgery	Unilateral Atrophic Rhinitis Surgery	Operacija atrofičnog rinitisa — jednostrana	11	NULL
6369	bilateral-atrophic-rhinitis-surgery	Bilateral Atrophic Rhinitis Surgery	Operacija atrofičnog rinitisa — obostrana	11	NULL
6370	unilateral-frontal-sinus-osteoplastic-surgery	Unilateral Frontal Sinus Osteoplastic Surgery	Osteoplastična operacija frontalnog sinusa — jednostrano	11	NULL
6371	bilateral-frontal-sinus-osteoplastic-surgery	Bilateral Frontal Sinus Osteoplastic Surgery	Osteoplastična operacija frontalnog sinusa — obostrano	11	NULL
6372	rttenburg-frontal-sinus-drainage	Rüttenburg Frontal Sinus Drainage	Drenaža frontalnog sinusa — Rutenburg	11	NULL
6373	functional-endoscopic-sinus-surgery-fess	Functional Endoscopic Sinus Surgery (FESS)	Funkcionalna endoskopska hirurgija sinusa (FESS)	11	NULL
6374	excision-of-congenital-ear-fistula	Excision of Congenital Ear Fistula	Ekstirpacija kongenitalne fistule uha	11	NULL
6375	retroauricular-myringoplasty	Retroauricular Myringoplasty	Miringoplastika — retroaurikularni pristup	11	NULL
6376	myringoplasty-with-ossicular-chain-reconstruction	Myringoplasty with Ossicular Chain Reconstruction	Miringoplastika sa rekonstrukcijom lanca slušnih koščica	11	NULL
6377	bilateral-radical-neck-dissection	Bilateral Radical Neck Dissection	Radikalna disekcija vrata obostrana	11	NULL
6378	unilateral-nasal-polyp-ablation	Unilateral Nasal Polyp Ablation	Ablacija nazalnog polipa — jednostrana	11	NULL
6379	surgical-closure-of-nasal-septal-perforation	Surgical Closure of Nasal Septal Perforation	Hirurško zatvaranje otvora u nosnoj pregradi	11	NULL
6380	closure-of-roundoval-window-fistula-of-inner-ear	Closure of Round/Oval Window Fistula of Inner Ear	Zatvaranje fistule okruglog/ovalnog otvora unutrašnjeg uha	11	NULL
6381	de-epithelialization-of-perforated-tympanic-membrane-edge	De-epithelialization of Perforated Tympanic Membrane Edge	Deepitelizacija ivice perforirane bubne opne	11	NULL
6382	middle-ear-exploration	Middle Ear Exploration	Eksploracija srednjeg uha	11	NULL
6383	unilateral-choanal-membranous-atresia-plasty	Unilateral Choanal Membranous Atresia Plasty	Plastika hoanalne membranozne atrezije — jednostrano	11	NULL
6384	bilateral-choanal-membranous-atresia-plasty	Bilateral Choanal Membranous Atresia Plasty	Plastika hoanalne membranozne atrezije — obostrano	11	NULL
6385	unilateral-choanal-bony-atresia-plasty	Unilateral Choanal Bony Atresia Plasty	Plastika hoanalne koštane atrezije — jednostrano	11	NULL
6386	bilateral-choanal-bony-atresia-plasty	Bilateral Bony Choanal Atresia Repair	Plastika hoanalne koštane atrezije — obostrano	11	Bilateral Choanal Bony Atresia Plasty
6387	unilateral-de-lima-sinus-operation	Unilateral De Lima Sinus Operation	Operacija sinusa (De Lima) — jednostrano	11	NULL
6388	bilateral-de-lima-sinus-operation	Bilateral De Lima Sinus Operation	Operacija sinusa (De Lima) — obostrano	11	NULL
6389	vallecular-cyst-removal	Vallecular Cyst Removal	Uklanjanje ciste valekule	11	NULL
6390	laryngotomy-or-laryngofissure	Laryngotomy or Laryngofissure	Laringotomija ili laringofisura	11	NULL
6392	acetabulum-and-proximal-femur-arthroplasty	Acetabulum and Proximal Femur Arthroplasty (Total Hip)	Artroplastika acetabuluma i proksimalnog dijela femura (cijeli kuk)	10	NULL
6393	femur-fracture-reduction-closed-or-open	Femur Fracture Reduction (Closed or Open) with/without Internal Fixation	Fraktura femura — zatvorena ili otvorena (složena) repozicija sa ili bez unutrašnje fiksacije	10	NULL
6394	above-knee-amputation-through-femur	Above-Knee Amputation Through Femur	Amputacija noge kroz femur, bilo koje visine	10	Amputacija natkoljenice ; Transfemoral Amputation
6395	humerus-diaphysis-fracture-closed-or-open-reduction	Humerus Diaphysis Fracture (Open Reduction with/without Fixation)	Fraktura dijafize humerusa — zatvorena ili otvorena (složena), otvorena repozicija sa/bez fiksacije	10	Humerus Diaphysis Fracture (Closed or Open Reduction)
6396	ulnar-diaphysis-fracture-open-reduction-withwithout-fixation	Ulnar Diaphysis Fracture (Open Reduction with/without Fixation)	Fraktura dijafize ulne — zatvorena ili otvorena, otvorena repozicija sa/bez fiksacije	10	NULL
6397	knee-arthrotomy-capsulotomy-with-exploration-and-foreign-body-removal	Knee Arthrotomy (Capsulotomy) with Exploration, Drainage and Foreign Body Removal	Artrotomija (kapsulotomija) koljena sa eksploracijom, drenažom i odstranjivanjem stranog tijela	10	Knee Arthrotomy (Capsulotomy) with Exploration and Foreign Body Removal
6398	tibial-fracture-reduction-closed-or-open-withwithout-fixation	Tibial Fracture Reduction (Closed or Open) with/without Fixation	Fraktura tibije — zatvorena ili otvorena, sa ili bez unutrašnje fiksacije	10	NULL
6399	open-reduction-of-patellar-fracture-with-repair	Open Reduction of Patellar Fracture with Repair and/or Excision	Fraktura patele — otvorena (složena) repozicija sa reparacijom i/ili ekscizijom	10	Kneecap Fracture ; Prelom čašice koljena
6400	achilles-tendon-rupture-repair	Achilles Tendon Rupture Repair	Sutura rupturirane Ahilove tetive	10	Ruptura Ahilove tetive
6402	total-fasciotomy-for-dupuytren-contracture	Total Fasciotomy for Dupuytren Contracture	Totalna fasciotomija kod Dupuytren-ove kontrakture	10	NULL
6403	guillotine-hand-amputation	Guillotine Arm Amputation	Giljotinska amputacija ruke	10	Guillotine Hand Amputation
6404	open-reduction-of-radius-and-ulna-diaphysis-fracture	Reduction of Open Radius and Ulna Diaphysis Fracture with Fixation and Soft Tissue Closure	Fraktura dijafize radiusa i ulne — otvorena (složena), sa prostim zatvaranjem mekog tkiva, manipulativna repozicija sa fiksacijom	10	Open Reduction of Radius and Ulna Diaphysis Fracture
6405	forearm-amputation-through-radius-and-ulna	Forearm Amputation Through Radius and Ulna	Amputacija podlaktice kroz radijus i ulnu	10	Transradial Amputation
6406	open-flexor-tenotomy-of-multiple-tendons-same-incision	Open Flexor Tenotomy of Multiple Tendons (Same Incision)	Tenotomija fleksora, otvorena, više od jedne tenotomije, kroz isti rez	10	NULL
6407	open-flexor-tenotomy-of-multiple-fingers	Open Flexor Tenotomy of Multiple Fingers	Tenotomija fleksora, otvorena, više prstiju	10	NULL
6408	metacarpal-fracture-reduction	Metacarpal Fracture Reduction	Frakture metakarpusa — zatvorena ili otvorena (komplikovana) repozicija	10	NULL
6409	hand-amputation-through-metacarpal-joint	Hand Amputation Through Metacarpal Joint	Amputacija šake kroz metakarpalni zglob	10	NULL
6410	single-metacarpal-amputation-with-finger-or-thumb	Single Metacarpal Amputation with Finger or Thumb	Amputacija jednog metakarpusa sa prstom ili palcem	10	NULL
6411	finger-amputation-at-any-phalanx	Single Finger Amputation at Any Joint or Phalanx	Amputacija jednog prsta šake na nivou bilo kojeg zgloba ili falange	10	Finger Amputation at Any Phalanx
6412	hip-disarticulation	Hip Disarticulation	Dezartikulacija kuka	10	Eksartikulacija kuka
6413	prepatellar-bursectomy	Prepatellar Bursectomy	Ekscizija prepatelarne burze	10	Prepatelarna burzektomija
6414	partial-bone-excision-curettage-sequestrectomy-diaphysectomy	Partial Bone Excision for Osteomyelitis of Femur, Tibia or Fibula	Parcijalna ekscizija kosti (kiretaža, sekvestracija, dijafizektomija) kod osteomijelitisa femura, tibije ili fibule	10	NULL
6415	collateral-or-cruciate-ligament-repair	Collateral or Cruciate Ligament Repair	Reparacija kolateralnog ili ukrštenog ligamenta	10	NULL
6416	tibial-osteotomy	Tibial Osteotomy	Osteotomija tibije	10	NULL
6417	tibia-diaphysis-fracture-reduction-with-internalexternal-fixation	Tibia Diaphysis Fracture Reduction with Internal/External Fixation	Fraktura dijafize tibije — zatvorena ili otvorena, sa unutrašnjom ili spoljnom fiksacijom	10	NULL
6418	below-knee-amputation-through-tibia-and-fibula	Below-Knee Amputation Through Tibia and Fibula	Amputacija noge kroz tibiju i fibulu	10	Amputacija potkoljenice ; Transtibial Amputation
6419	subcutaneous-plantar-or-toe-fasciotomy	Subcutaneous Plantar or Toe Fasciotomy	Subkutana plantarna fasciotomija i/ili fasciotomija prsta	10	NULL
6420	multiple-foot-flexor-tenolysis-same-incision	Multiple Foot Flexor Tenolysis (Same Incision)	Tenoliza fleksora stopala, više (kroz isti rez)	10	NULL
6421	multiple-foot-extensor-tenolysis-same-incision	Multiple Foot Extensor Tenolysis (Same Incision)	Tenoliza ekstenzora stopala, više (kroz isti rez)	10	NULL
6422	chopart-tarsal-amputation	Chopart Tarsal Amputation	Amputacija stopala kroz tarzus (Chopart tip)	10	Amputacija po Šoparu ; Chopart Amputation
6423	transmetatarsal-foot-amputation	Transmetatarsal Foot Amputation	Transmetatarzalna amputacija stopala	10	NULL
6424	second-phalanx-osteotomy-any-toe	Second Phalanx Osteotomy (Any Toe)	Osteotomija druge falange, bilo koji prst	10	NULL
6425	toe-amputation-through-interphalangeal-joint	Toe Amputation Through Interphalangeal Joint	Amputacija prsta kroz interfalangealni zglob	10	NULL
6426	excision-of-tendon-sheath-or-capsule-lesion-cyst-ganglion	Excision of Tendon Sheath or Capsule Lesion (Cyst, Ganglion) of Lower Leg or Foot	Ekscizija lezije tetivnog omotača ili kapsule (npr. ciste ili gangliona) potkoljenice ili stopala	10	NULL
6427	manipulative-reduction-of-ankle-joint-dislocation	Manipulative Reduction of Ankle Joint Dislocation	Dislokacija zgloba gležnja — manipulativna repozicija	10	NULL
6428	big-toe-phalanx-fracture-reduction	Big Toe Phalanx Fracture Reduction	Fraktura falange palca stopala — zatvorena ili otvorena	10	NULL
6429	single-fingertoe-amputation	Single Finger/Toe Amputation	Amputacija jednog prsta	10	NULL
6430	monteggia-elbow-fracture-proximal-end	Closed Reduction of Monteggia Elbow Fracture (Proximal Ulna with Radial Head Dislocation)	Fraktura lakta, Monteggia tip (proksimalni kraj ulne sa dislokacijom glave radiusa) — zatvorena manipulativna repozicija	10	Monteggia Elbow Fracture (Proximal End)
6431	hand-proximal-or-middle-phalanx-fracture-reduction	Hand Proximal or Middle Phalanx Fracture Reduction	Fraktura proksimalne ili srednje falange prsta šake — zatvorena ili otvorena	10	NULL
6432	trochanteric-bursa-or-calcification-excision	Trochanteric Bursa or Calcification Excision	Ekscizija trohanteričnih burza ili kalcifikata	10	NULL
6433	primary-extensor-tendon-repair-one-or-more	Primary Extensor Tendon Repair (One or More)	Primarna reparacija tetive ekstenzora, jedne ili više	10	NULL
6434	metatarsal-head-ostectomy-one-or-more	Metatarsal Head Ostectomy (One or More)	Ostektomija glavice metatarzalne kosti, jedna ili više	10	NULL
6435	metatarsophalangeal-joint-dislocation-reduction	Metatarsophalangeal Joint Dislocation Reduction	Dislokacija metatarzo-falangealnog zgloba — zatvorena ili otvorena	10	NULL
6436	primary-peripheral-nerve-neurorrhaphy	Primary Peripheral Nerve Neurorrhaphy	Primarna neurorafija perifernog živca	10	Primarni šav živca ; Primary Nerve Repair
6437	hallux-valgus-correction-with-x-ostectomy	Hallux Valgus Correction with Exostectomy	Hallux valgus, korekcija pomoću egzostektomije	10	Bunionectomy ; Hallux Valgus Correction with X-Ostectomy ; Haluks valgus
6438	open-flexor-tenotomy-of-one-or-more-fingers	Open Flexor Tenotomy of One or More Fingers	Tenotomija fleksora, otvorena, jedan ili više prstiju	10	NULL
6439	hand-and-foot-extensor-tenotomy	Hand and Foot Extensor Tenotomy (One or More)	Tenotomija ekstenzora šake i stopala, jednog ili više	10	NULL
6440	clavicle-fracture-open-or-closed-manipulative-reduction	Clavicle Fracture (Open or Closed Manipulative Reduction)	Fraktura klavikule — otvorena ili zatvorena manipulativna repozicija	10	NULL
6441	distal-radial-epiphysis-fracture-open-or-closed-reduction	Manipulative Reduction of Distal Radial Epiphysis Fracture (Open or Closed)	Manipulativna repozicija frakture distalne epifize radijusa (otvorene ili zatvorene)	10	Colles Fracture ; Distal Radial Epiphysis Fracture (Open or Closed Reduction) ; Prelom radijusa na tipičnom mjestu
6442	subcutaneous-palmar-fasciotomy-dupuytren	Subcutaneous Palmar Fasciotomy (Dupuytren)	Subkutana palmarna fasciotomija kod Dupuytren-ove kontrakture	10	NULL
6443	excision-of-cyst-or-benign-tumor-iliac-crest-etc-withwithout-autograft	Excision of Cyst or Benign Tumor (Iliac Crest, etc.) with/without Autograft	Ekscizija ciste ili benignog tumora (npr. krilo bedrene kosti) sa ili bez autografta	10	NULL
6444	lower-leg-fasciotomy-with-decompression	Lower Leg Fasciotomy with Decompression	Fasciotomija potkoljenice dekompresijom	10	NULL
6445	foot-flexor-tenolysis-one-or-more	Foot Flexor Tenolysis (One or More)	Tenoliza fleksora stopala, jedna ili više	10	NULL
6446	metatarsal-osteotomy-one-or-more	Metatarsal Osteotomy (One or More)	Osteotomija metatarzalne kosti, jedne ili više	10	NULL
6447	proximal-phalanx-big-toe-osteotomy-for-shortening-or-rotation	Big Toe Proximal Phalanx Osteotomy for Shortening, Angular or Rotational Correction (Hallux Valgus)	Osteotomija proksimalne falange palca za skraćenje, ugaonu ili rotacionu korekciju (Hallux valgus)	10	Akin Osteotomy ; Proximal Phalanx Big Toe Osteotomy for Shortening or Rotation
6448	foot-flexor-tendon-repair-primary-or-secondary-one-or-more	Foot Flexor Tendon Repair (Primary or Secondary, One or More)	Reparacija/sutura fleksornih tetiva stopala, primarna ili sekundarna, jedna ili više	10	NULL
6449	lateral-or-medial-fasciotomy-tennis-elbow	Lateral or Medial Fasciotomy (Tennis Elbow)	Lateralna ili medijalna fasciotomija (npr. epikondilitis, teniski lakat)	10	Operacija teniskog lakta ; Tennis Elbow Surgery
6450	medial-or-lateral-epicondyle-fracture-open-with-k-wire-or-plate	Medial or Lateral Epicondyle Fracture (Open with K-wire or Plate)	Fraktura medijalnog ili lateralnog epikondila — otvorena (složena), sa Kiršnerovom iglom ili pločom	10	NULL
6451	carpal-bone-fracture-open-reduction-with-k-wire	Carpal Bone Fracture Open Reduction with K-wire	Fraktura karpalne kosti — zatvorena ili otvorena, otvorena repozicija sa Kiršnerovom iglom	10	NULL
6452	metacarpophalangeal-joint-dislocation-reduction	Metacarpophalangeal Joint Dislocation Reduction	Metakarpofalangealna dislokacija — zatvorena ili otvorena	10	NULL
6453	lower-leg-flexor-tendon-primary-repair-one-or-more	Lower Leg Flexor Tendon Primary Repair (One or More)	Primarna reparacija ili sutura tetive fleksora potkoljenice, jedna ili više	10	NULL
6454	below-knee-re-amputation-through-tibiafibula	Below-Knee Re-amputation Through Tibia/Fibula	Reamputacija noge kroz tibiju ili fibulu	10	NULL
6455	arthrotomy-with-exploration-and-drainage	Intertarsal or Tarsometatarsal Arthrotomy with Exploration, Drainage and Foreign Body Removal	Artrotomija (kapsulotomija) intertarzalnog ili tarzometatarzalnog zgloba sa eksploracijom, drenažom i vađenjem stranog tijela	10	Arthrotomy with Exploration and Drainage
6456	tarsal-bone-fracture-reduction-withwithout-fixation	Tarsal Bone Fracture Reduction with/without Fixation	Fraktura tarzalne kosti — zatvorena ili otvorena sa/bez unutrašnje ili spoljne fiksacije	10	NULL
6457	metatarsal-bone-fracture-reduction-withwithout-fixation	Metatarsal Bone Fracture Reduction with/without Fixation	Fraktura metatarzalne kosti — zatvorena ili otvorena sa/bez fiksacije	10	NULL
6458	tarsal-bone-dislocation-reduction-withwithout-fixation	Tarsal Bone Dislocation Reduction with/without Fixation	Dislokacija tarzalnih kosti — zatvorena ili otvorena sa/bez fiksacije	10	NULL
6459	tarsometatarsal-joint-dislocation-reduction	Tarsometatarsal Joint Dislocation Reduction	Dislokacija tarzometatarzalnog zgloba — zatvorena ili otvorena	10	NULL
6460	metatarsal-amputation-with-one-or-more-toes	Metatarsal Amputation with One or More Toes	Amputacija metatarzusa sa jednim prstom ili više	10	NULL
6461	partial-dupuytren-fasciectomy	Partial Dupuytren Fasciectomy	Fasciektomija Dupuytren-ove kontrakture, parcijalna	10	NULL
6462	metatarsal-osteotomy	Metatarsal Osteotomy	Osteotomija metatarzalne kosti	10	NULL
6463	excision-of-radius-or-ulna-cyst-or-benign-tumor	Excision of Radius or Ulna Cyst or Benign Tumor	Ekscizija ciste ili benignog tumora radijusa ili ulne	10	NULL
6464	partial-bone-excision-curettage-sequestrectomy	Partial Bone Excision for Osteomyelitis of Radius or Ulna	Parcijalna ekscizija kosti (kiretaža, sekvestracija, dijafizektomija) kod osteomijelitisa radijusa ili ulne	10	NULL
6465	capsulotomy-or-capsuloplasty-for-contracture	Capsulotomy or Capsuloplasty for Metacarpophalangeal Contracture (Single Joint)	Kapsulotomija ili kapsuloplastika kod kontrakture metakarpofalangealnog zgloba (jedan zglob)	10	Capsulotomy or Capsuloplasty for Contracture
6466	capsulotomycapsuloplasty-for-interphalangeal-contracture	Capsulotomy or Capsuloplasty for Interphalangeal Contracture (One or More Joints)	Kapsulotomija ili kapsuloplastika kod kontrakture interfalangealnog zgloba (jedan ili više zglobova)	10	Capsulotomy/Capsuloplasty for Interphalangeal Contracture
6467	closed-or-open-reduction-withwithout-internalexternal-fixation	Closed or Open Reduction with/without Internal/External Fixation	Zatvorena ili otvorena repozicija sa/bez unutrašnje ili spoljne fiksacije	10	NULL
6468	closed-manipulative-reduction-of-acetabular-fracture-with-traction	Closed Manipulative Reduction of Acetabular Fracture with Traction	Zatvorena manipulativna repozicija frakture acetabuluma sa trakcijom	10	NULL
6469	baker-cyst-excision	Baker Cyst Excision	Ekscizija sinovijalne ciste poplitealne jame (Bakerova cista)	10	Bejkerova cista ; Popliteal Cyst Excision
6470	radial-head-resection	Radial Head Resection	Resekcija glavice radiusa	10	NULL
6471	olecranon-fracture-closed-or-open-reduction	Olecranon Fracture (Closed or Open Reduction)	Fraktura proksimalnog kraja ulne (olekranona) — zatvorena ili otvorena	10	NULL
6472	forearm-and-wrist-joint-synovectomy	Forearm and Wrist Joint Synovectomy	Sinovektomija podlaktice i zgloba ručja	10	NULL
6473	radial-diaphysis-fracture-closed-or-open-withwithout-fixation	Radial Diaphysis Fracture (Closed or Open) with/without Fixation	Fraktura dijafize radiusa — zatvorena ili otvorena sa otvorenom repozicijom, sa/bez fiksacije	10	NULL
6474	excision-of-multiple-hand-flexor-tendons	Excision of Multiple Hand Flexor Tendons	Ekscizija tetive fleksora dlana — više ekscizija	10	NULL
6475	partial-bone-excision-curettage-sequestrectomy-or	Superficial Partial Bone Excision for Osteomyelitis (Curettage, Sequestrectomy or Diaphysectomy)	Parcijalna ekscizija kosti (kiretaža, sekvestracija ili dijafizektomija) kod osteomijelitisa, superficijalno	10	Partial Bone Excision (Curettage, Sequestrectomy or)
6476	fibula-fracture-reduction-withwithout-fixation	Fibula Fracture Reduction (Closed or Open) with/without Internal or External Fixation	Fraktura fibule — zatvorena ili otvorena (složena) repozicija sa ili bez unutrašnje ili spoljašnje fiksacije	10	Fibula Fracture Reduction with/without Fixation
6477	partial-bone-excision-for-talus-osteomyelitis	Partial Bone Excision for Talus Osteomyelitis	Parcijalna ekscizija kosti kod osteomijelitisa talusa	10	NULL
6478	primary-ulnar-or-median-nerve-neurorrhaphy	Primary Ulnar or Median Nerve Neurorrhaphy at Forearm Level	Primarna neurorafija ulnarisa ili medianusa u visini podlaktice	10	NULL
6479	calcaneal-osteotomy-with-internal-fixation	Calcaneal Osteotomy with Internal Fixation	Osteotomija kalkaneusa, uključujući unutrašnju fiksaciju	10	NULL
6480	talus-osteotomy	Talus Osteotomy	Osteotomija talusa	10	NULL
6481	clavicle-fracture-closed-or-open-withwithout-fixation	Clavicle Fracture (Closed or Open) with/without Fixation	Fraktura klavikule — zatvorena ili otvorena sa/bez unutrašnje ili spoljne fiksacije	10	Broken Collarbone ; Prelom ključne kosti
6482	excision-of-humerus-cyst-or-benign-tumor	Excision of Humerus Cyst or Benign Tumor	Ekscizija ciste ili benignog tumora humerusa	10	NULL
6483	ankle-arthrotomy-capsulotomy-with-exploration	Ankle Arthrotomy (Capsulotomy) with Exploration	Artrotomija (kapsulotomija) gležnja sa eksploracijom	10	NULL
6484	hallux-valgus-correction-with-metatarsal-osteotomy	Hallux Valgus Correction with Metatarsal Osteotomy	Hallux valgus, korekcija sa metatarzalnom osteotomijom	10	Bunion Surgery ; Haluks valgus ; Operacija čukljeva
6485	closed-manipulative-reduction-of-femoral-neck-fracture	Closed Manipulative Reduction of Femoral Neck Fracture	Zatvorena manipulativna repozicija frakture vrata femura	10	Prelom vrata butne kosti
6486	intertrochanteric-or-peritrochanteric-femur-fracture-closed	Intertrochanteric or Peritrochanteric Femur Fracture (Closed)	Fraktura femura intertrohanterična ili peritrohanterična — zatvorena	10	NULL
6487	half-palmar-fasciectomy	Half Palmar Fasciectomy	Fasciektomija — ekscizija do jedne polovine palmarne fascije	10	NULL
6488	supracondylar-or-transcondylar-humerus-fracture-closed	Supracondylar or Transcondylar Humerus Fracture (Closed)	Suprakondilarna ili transkondilarna fraktura humerusa — zatvorena	10	NULL
6489	excision-of-tibia-or-fibula-cyst-or-benign-tumor	Excision of Tibia or Fibula Cyst or Benign Tumor	Ekscizija ciste ili benignog tumora tibije ili fibule	10	NULL
6490	shoulder-arthrotomy-capsulotomy-with-exploration	Shoulder Arthrotomy (Capsulotomy) with Exploration, Drainage and Foreign Body Removal	Artrotomija (kapsulotomija) ramena sa eksploracijom, drenažom i odstranjenjem stranog tijela	10	NULL
6491	elbow-joint-arthrotomy-capsulotomy-with-exploration	Elbow Joint Arthrotomy (Capsulotomy) with Exploration, Drainage and Foreign Body Removal	Artrotomija (kapsulotomija) lakatnog zgloba sa eksploracijom, drenažom i vađenjem stranog tijela	10	NULL
6492	metacarpal-fracture-reduction-closed-or-open-withwithout-fixation	Metacarpal Fracture Reduction (Closed or Open) with/without Fixation	Fraktura metakarpusa — zatvorena ili otvorena sa/bez fiksacije	10	NULL
6493	carpometacarpal-thumb-joint-dislocation-reduction	Carpometacarpal Thumb Joint Dislocation Reduction	Karpo-metakarpalna dislokacija palca — zatvorena ili otvorena	10	NULL
6494	re-amputation-through-femur	Re-amputation Through Femur	Reamputacija noge kroz femur	10	NULL
6495	primary-suture-of-ruptured-collateral-ligament	Primary Suture of Ruptured Ankle Collateral Ligament	Primarna sutura rupturiranog ili prekinutog kolateralnog ligamenta gležnja	10	Ankle Ligament Repair ; Primary Suture of Ruptured Collateral Ligament ; Šav ligamenta gležnja
6496	calcaneus-fracture-open-or-closed	Calcaneus Fracture (Open or Closed)	Fraktura kalkaneusa — zatvorena ili otvorena (složena)	10	Heel Bone Fracture ; Prelom petne kosti
6497	excision-of-femur-cyst-or-benign-tumor	Excision of Femur Cyst or Benign Tumor	Ekscizija ciste ili benignog tumora femura	10	NULL
6498	infrapatellar-tendon-suture	Infrapatellar Tendon Suture	Sutura infrapatelarne tetive	10	NULL
6499	patellar-dislocation-closed-or-open-reduction	Patellar Dislocation (Closed or Open Reduction)	Dislokacija patele — zatvorena ili otvorena	10	Iščašenje patele ; Kneecap Dislocation
6500	bimalleolar-ankle-fracture-open-or-closed-withwithout-fixation	Bimalleolar Ankle Fracture (Open or Closed) with/without Fixation	Bimaleolarna fraktura gležnja — zatvorena ili otvorena sa/bez fiksacije	10	NULL
6501	acromioclavicular-joint-dislocation-open-or-closed	Acromioclavicular Joint Dislocation (Open or Closed)	Dislokacija akromioklavikularnog zgloba — zatvorena ili otvorena	10	NULL
6502	surgical-neck-of-scapula-fracture-closed-or-open	Surgical Neck of Scapula Fracture (Closed or Open)	Fraktura hirurškog vrata skapule — zatvorena ili otvorena	10	NULL
6503	shoulder-dislocation-open-or-closed	Shoulder Dislocation (Open or Closed)	Dislokacija ramena — zatvorena ili otvorena (složena)	10	Dislocated Shoulder ; Iščašenje ramena ; Namještanje iščašenog ramena
6504	medial-or-lateral-epicondyle-fracture-closed	Medial or Lateral Epicondyle Fracture (Closed)	Fraktura epikondila, medijalnog ili lateralnog — zatvorena	10	NULL
6505	elbow-fracture-proximal-ulna-with-radial-head-dislocation	Elbow Fracture (Proximal Ulna with Radial Head Dislocation)	Fraktura lakta (fraktura proksimalnog kraja ulne sa dislokacijom glave radiusa)	10	NULL
6506	above-elbow-amputation-through-humerus	Above-Elbow Amputation Through Humerus	Amputacija ruke kroz humerus	10	NULL
6507	transnavicular-perilunate-fracture-open-or-closed	Transnavicular Perilunate Fracture (Open or Closed)	Transnavikularna perilunarna fraktura — zatvorena ili otvorena	10	NULL
6508	ankle-synovectomy	Ankle Synovectomy	Sinovektomija gležnja	10	NULL
6509	ankle-joint-dislocation-closed-or-open	Ankle Joint Dislocation (Closed or Open)	Dislokacija zgloba gležnja — zatvorena ili otvorena (složena)	10	NULL
6510	quadriceps-rupture-suture	Quadriceps Rupture Suture	Sutura kod rupture m. quadricepsa	10	Quadriceps Tendon Repair ; Ruptura kvadricepsa
6511	crus-both-bones-fracture-reduction-withwithout-fixation	Crus (Both Bones) Fracture Reduction with/without Fixation	Fraktura cruris — zatvorena ili otvorena sa/bez unutrašnje ili spoljne fiksacije	10	NULL
6512	supraspinatus-or-other-rotator-cuff-tendon-repair	Supraspinatus or Other Rotator Cuff Tendon Repair	Reparacija rupturirane tetive supraspinatusa ili drugih	10	NULL
6513	navicular-pseudarthrosis-repair-withwithout-bone-graft	Navicular Pseudarthrosis Repair with/without Radial Styloidectomy, Including Bone Graft and Fixation	Reparacija pseudoartroze navikularne kosti sa ili bez stiloidektomije radiusa, uključujući koštani kalem i fiksaciju	10	Navicular Pseudarthrosis Repair with/without Bone Graft ; Pseudoartroza skafoidne kosti ; Scaphoid Nonunion Repair
6514	complete-fasciectomy	Complete Fasciectomy	Kompletna fasciektomija	10	NULL
6515	trimalleolar-ankle-fracture-open-or-closed-withwithout-fixation	Trimalleolar Ankle Fracture (Open or Closed) with/without Fixation	Trimaleolarna fraktura gležnja — zatvorena ili otvorena, sa ili bez fiksacije	10	NULL
6516	primary-multi-tendon-flexor-repair-with-excision	Primary Multi-Tendon Flexor Repair with Excision of Flexor Digitorum Superficialis	Primarna tendorafija više fleksornih tetiva uz ekstirpaciju sublimisa	10	NULL
6517	anterior-capsulorrhaphy-for-recurrent-shoulder-dislocation	Anterior Capsulorrhaphy for Recurrent Shoulder Dislocation	Prednja kapsulorafija kod povratnih dislokacija ramena	10	Habitualna luksacija ramena
6518	knee-dislocation-closed-or-open-reduction-withwithout-fixation	Knee Dislocation (Closed or Open Reduction with/without Fixation)	Dislokacija koljena — zatvorena ili otvorena sa/bez unutrašnje fiksacije	10	Iščašenje koljena
6519	secondary-repair-of-medial-ligament-and-capsule	Secondary Repair of Medial Ligament and Capsule	Sekundarna reparacija medijalnog ligamenta i kapsule	10	NULL
6520	traumatic-hip-dislocation-closed-or-open	Open Reduction of Traumatic Hip Dislocation (Closed or Open)	Traumatska dislokacija zgloba kuka — zatvorena ili otvorena, otvorena repozicija	10	NULL
6521	medial-or-lateral-femoral-condyle-fracture-open-reduction	Medial or Lateral Femoral Condyle Fracture (Open Reduction with/without Fixation)	Fraktura medijalnog ili lateralnog kondila femura — zatvorena ili otvorena, otvorena repozicija sa/bez fiksacije	10	Medial or Lateral Femoral Condyle Fracture (Open Reduction)
6522	intertrochanteric-or-peritrochanteric-fracture	Intertrochanteric or Peritrochanteric Fracture (Open Reduction with Internal Fixation)	Intertrohanterična ili peritrohanterična fraktura — otvorena repozicija sa unutrašnjom fiksacijom	10	NULL
6523	acetabular-cup-arthroplasty-prosthesis	Acetabular Cup Arthroplasty / Prosthesis	Artroplastika čašice ili proteza	10	NULL
6524	osteosynthetic-material-removal	Osteosynthetic Material Removal	Vađenje osteosintetskog materijala	10	Orthopedic Hardware Removal ; Vađenje pločice i šrafova
6525	removal-of-subtotal-hip-prosthesis-with-reintervention-prep	Removal of Subtotal Hip Prosthesis with Reintervention Prep	Vađenje subtotalne proteze kuka i priprema za reintervenciju proteze	10	NULL
6526	removal-of-total-hip-prosthesis-with-reintervention-prep	Removal of Total Hip Prosthesis with Reintervention Prep	Vađenje totalne proteze kuka i priprema za reintervenciju proteze	10	NULL
6527	total-knee-replacement	Total Knee Replacement	Implantacija totalne proteze koljena	10	Total Knee Arthroplasty ; Totalna artroplastika koljena
6528	manipulative-hip-joint-reduction-under-general-anesthesia	Manipulative Hip Joint Reduction Under General Anesthesia	Manipulativna repozicija zgloba kuka u opštoj anesteziji	10	NULL
6529	manipulative-reduction-of-open-iliacpubic-fracture	Manipulative Reduction of Open Iliac, Pubic or Ischial Fracture	Manipulativna repozicija otvorene frakture ilijačne, pubične i sjedalne kosti	10	Manipulative Reduction of Open Iliac/Pubic Fracture
6530	manipulative-reduction-of-open-distal-fracture	Manipulative Reduction of Open Distal Tibia (Medial Malleolus) Fracture	Manipulativna repozicija otvorene frakture distalnog dijela potkoljenice (medijalnog maleolusa)	10	Manipulative Reduction of Open Distal Fracture
6531	manipulative-reduction-of-open-fibula-fracture	Manipulative Reduction of Open Fibula Fracture (Shaft or Proximal)	Manipulativna repozicija otvorene frakture fibule (dijafiza ili proksimalni dio)	10	NULL
6532	manipulative-reduction-of-open-distal-fracture-variant	Manipulative Reduction of Open Distal Fibula Fracture	Manipulativna repozicija otvorene frakture distalnog dijela fibule	10	Manipulative Reduction of Open Distal Fracture (Variant)
6533	manipulative-reduction-of-open-calcaneus-fracture	Manipulative Reduction of Open Calcaneus Fracture	Manipulativna repozicija otvorene frakture kalkaneusa	10	NULL
6534	olecranon-bursectomy	Olecranon Bursectomy	Ekscizija burze olekranona	10	NULL
6535	open-reduction-of-acetabular-fracture-withwithout-fixation	Open Reduction of Acetabular Fracture with/without Fixation	Otvorena repozicija frakture acetabuluma sa ili bez fiksacije	10	NULL
6536	closed-manipulative-reduction-of-femoral-condyle-fracture	Closed Manipulative Reduction of Femoral Condyle Fracture	Zatvorena manipulativna repozicija frakture kondila femura	10	NULL
6537	distal-tibiofibular-joint-dislocation	Distal Tibiofibular Joint Dislocation (Closed or Open) with Open Reduction or Fixation	Dislokacija distalnog tibiofibularnog zgloba — zatvorena ili otvorena, sa otvorenom repozicijom ili fiksacijom	10	NULL
6540	surgical-treatment-of-xanthelasma-molluscum-or-verruca-unilateral	Surgical Treatment of Xanthelasma, Molluscum or Verruca (Unilateral)	Hirurški tretman ksantelazme, moluske ili veruke — jednostrano	33	NULL
6541	surgical-treatment-of-xanthelasma-molluscum-or-verruca-bilateral	Surgical Treatment of Xanthelasma, Molluscum or Verruca (Bilateral)	Hirurški tretman ksantelazme, moluske ili veruke — obostrano	33	NULL
6542	senile-cataract-lens-extraction	Senile Cataract Lens Extraction	Ekstrakcija sočiva kod senilne katarakte	33	NULL
6543	glaucoma-filtering-surgery	Glaucoma Filtering Surgery	Fistulizirajuća operacija glaukoma	33	NULL
6544	intracapsular-lens-extraction	Intracapsular Lens Extraction	Intrakapsularna ekstrakcija sočiva	33	NULL
6545	capsulectomy-with-lens-mass-aspiration-soft-cataract	Capsulectomy with Lens Mass Aspiration (Soft Cataract)	Kapsulektomija sa aspiracijom sočivnih masa (operacija meke mrene)	33	NULL
6546	cataract-extraction-with-anterior-vitrectomy	Cataract Extraction with Anterior Vitrectomy	Ekstrakcija katarakte sa prednjom vitrektomijom	33	NULL
6547	eyelid-tumor-surgery	Eyelid Tumor Surgery	Operacija tumora na očnom kapku	33	NULL
6548	eyelid-tumor-excision-with-skin-flap	Eyelid Tumor Excision with Skin Flap	Ekscizija tumora na očnom kapku sa kožnim režnjem	33	NULL
6549	conjunctival-tumor-surgery	Conjunctival Tumor Surgery	Operacija tumora vežnjače	33	NULL
6550	conjunctival-sac-adhesions-surgery	Conjunctival Sac Adhesions Surgery	Operacija prirastica u konjunktivalnoj vrećici	33	NULL
6551	conjunctival-sac-reconstruction-with-skin-graft	Conjunctival Sac Reconstruction with Skin Graft	Rekonstrukcija konjunktivalne vrećice kožnim transplantatom	33	NULL
6552	conjunctival-closure-of-damaged-cornea-kunth-plasty	Conjunctival Closure of Damaged Cornea (Kunth Plasty)	Zatvaranje konjunktivom lediranog rožnjača (Kunth plastika konjunktive)	33	NULL
6553	cryoapplication-diathermy-or-tattooing	Cryoapplication, Diathermy or Tattooing	Krioaplikacija, dijatermija, tetovaža	33	NULL
6554	conjunctivoplasty-with-graft-harvesting-and-implantation	Conjunctivoplasty with Graft Harvesting and Implantation	Konjunktivo-plastika — uzimanje i ugrađivanje transplantata	33	NULL
6555	lacrimal-sac-and-gland-excision	Lacrimal Sac and Gland Excision	Ekstirpacija suzne kese i suzne žlijezde	33	NULL
6556	perforating-eye-injury-repair-without-internal-structure-damage	Perforating Eye Injury Repair without Internal Structure Damage	Operacija perforativne povrede oka bez povrede unutrašnjih struktura	33	NULL
6557	other-iris-ciliary-body-and-anterior-chamber-operations	Other Iris, Ciliary Body and Anterior Chamber Operations	Druge operacije irisa, cilijarnog tijela i prednje komore	33	NULL
6558	iridoplasty-iridectomy-iridotomy-sphincterotomy	Iridoplasty, Iridectomy, Iridotomy, Sphincterotomy	Iridoplastika, iridektomija, iridotomija, sfinkterotomija	33	NULL
6559	eye-evisceration	Eye Evisceration	Evisceracija bulbusa oka (evakuacija očnog sadržaja)	33	NULL
6560	anterior-chamber-puncture-and-lavage	Anterior Chamber Puncture and Lavage	Punkcija prednje očne komore — ispiranje	33	NULL
6561	eyelid-injury-surgery	Eyelid Injury Surgery	Operacija kod povrede očnih kapaka	33	NULL
6562	eyelid-deformity-surgery	Eyelid Deformity Surgery	Operacija deformiteta očnih kapaka	33	NULL
6563	orbital-surgery-for-inflammation-or-hemorrhage	Orbital Surgery for Inflammation or Hemorrhage	Operacija orbite kod upale ili krvarenja	33	NULL
6564	orbitotomy-orbital-decompression	Orbitotomy (Orbital Decompression)	Orbitotomija — dekompresija orbite	33	NULL
6565	orbital-implant-removal	Orbital Implant Removal	Odstranjenje orbitalnog uloška	33	NULL
6566	orbital-implant-insertion	Orbital Implant Insertion	Ulaganje orbitalnog uloška	33	NULL
6567	orbital-content-excision-and-reconstruction	Orbital Content Excision and Reconstruction	Ekscizija i rekonstrukcija orbitalnog sadržaja	33	NULL
6568	removal-of-non-penetrating-foreign-bodies	Removal of Non-Penetrating Foreign Bodies	Odstranjivanje nepenetrirajućih stranih tijela	33	NULL
6569	orbital-reparation	Orbital Reparation	Reparacija orbite	33	NULL
6570	intraorbital-tumor-removal	Intraorbital Tumor Removal	Odstranjivanje intraorbitalnog tumora	33	NULL
6571	excision-of-corneal-destruction-or-lesion	Excision of Corneal Destruction or Lesion	Ekscizija destrukcije i lezije rožnjače	33	NULL
6572	other-corneal-surgery-keratoprosthesis-implantation	Other Corneal Surgery, Keratoprosthesis Implantation	Druge operacije rožnjače, ugradnja keratoproteze	33	NULL
6573	corneal-transplantation-keratoplasty	Corneal Transplantation - Keratoplasty	Transplantacija rožnjače — keratoplastika	33	NULL
6574	posterior-segment-foreign-body-removal-with-ablation-prevention	Posterior Segment Foreign Body Removal with Ablation Prevention	Operacija odstranjenja stranog tijela iz zadnjeg segmenta oka sa prevencijom ablacije	33	NULL
6575	non-magnetic-foreign-body-extraction-from-anterior-segment	Non-Magnetic Foreign Body Extraction from Anterior Segment	Ekstrakcija stranog tijela nemagnetne prirode iz prednjeg segmenta oka	33	NULL
6576	magnetic-foreign-body-extraction-from-posterior-segment	Magnetic Foreign Body Extraction from Posterior Segment	Ekstrakcija stranog tijela magnetne prirode iz zadnjeg segmenta oka	33	NULL
6577	trepanotrabeculotomy-goniotomy-goniopuncture-for-glaucoma	Trepanotrabeculotomy, Goniotomy, Goniopuncture for Glaucoma	Trepanotrabekulotomija, goniotomija, goniopunkcija i druge operacije protiv glaukoma	33	NULL
6578	antiglaucoma-surgery-with-implant	Antiglaucoma Surgery with Implant	Antiglaukomatozne operacije sa ugrađivanjem implantata	33	NULL
6579	retinal-and-choroidal-surgery-detachment-with-puncture-cautery	Retinal and Choroidal Surgery (Detachment with Puncture, Cautery)	Operacija mrežnjače i sudovnjače (ablacija sa punkcijom, kauterom)	33	NULL
6580	cyclodialysis-or-cryoapplication-or-posterior-sclerectomy	Cyclodialysis or Cryoapplication or Posterior Sclerectomy	Ciklodijaliza ili krioaplikacija ili sklerektomija posterior — smanjenje očnog pritiska	33	NULL
6581	glaucoma-surgery-combined-with-cataract	Glaucoma Surgery Combined with Cataract	Operacija glaukoma sa kataraktom	33	NULL
6582	scleral-staphyloma-surgery	Scleral Staphyloma Surgery	Operacija stafiloma sklere	33	NULL
6583	other-scleral-buckling	Other Scleral Buckling	Drugi skleralni bukling	33	NULL
6584	artificial-intraocular-lens-removal	Artificial Intraocular Lens Removal	Odstranjenje vještačkog intraokularnog sočiva	33	NULL
6585	other-retinal-repair	Other Retinal Repair	Druge reparacije mrežnjače	33	NULL
6586	reconstruction-of-retinal-and-choroidal-lesions	Reconstruction of Retinal and Choroidal Lesions	Rekonstrukcija lezija mrežnjače i horoideje	33	NULL
6587	retinal-detachment-surgery-with-vitrectomy-and-silicone-oil	Retinal Detachment Surgery with Vitrectomy and Silicone Oil	Operacija ablacije mrežnjače sa vitrektomijom i tamponadom silikonskim uljem	33	NULL
6588	phacoemulsification-cataract-surgery-with-iol-implantation	Phacoemulsification Cataract Surgery with IOL Implantation	Operacija katarakte pomoću UZ-fakoemulzifikacije sa ugradnjom intraokularnog sočiva	33	NULL
6589	faden-operation-myopexy-for-strabismus	Faden Operation Myopexy for Strabismus	Miopeksija (Faden operacija) kod strabizma	33	NULL
6590	retropositions-or-myectomies-for-strabismus	Retropositions or Myectomies for Strabismus	Retropozicije ili miektomije kod strabizma	33	NULL
6591	dacryocystorhinostomy	Dacryocystorhinostomy	Dakriocistorinostomija	33	NULL
6592	dacryocystorhinostomy-with-silicone-tube-lacrimal-repair	Dacryocystorhinostomy with Silicone Tube Lacrimal Repair	Dakriocistorinostomija sa reparacijom suznog kanala silikonskom cjevčicom	33	NULL
6593	perforating-eye-injury-surgery-with-internal-structure-lesion	Perforating Eye Injury Surgery with Internal Structure Lesion	Operacija perforativnih povreda oka sa lezijom unutrašnjih struktura	33	NULL
6594	lacrimal-canaliculus-and-punctum-repair	Lacrimal Canaliculus and Punctum Repair	Reparacija kanalikula i punktuma lakrimale	33	NULL
6595	eye-enucleation-with-muscle-suturing	Eye Enucleation with Muscle Suturing	Enukleacija bulbusa sa vezivanjem mišića	33	NULL
6596	jensen-operation-for-paralytic-strabismus	Jensen Operation for Paralytic Strabismus	Operativno liječenje paralitične razrokosti (Jensen operacija)	33	NULL
6597	conjunctivorhinostomy-and-cantocystostomy	Conjunctivorhinostomy and Cantocystostomy	Konjunktivo-rinostomija i kanto-cistostomija	33	NULL
6598	eye-enucleation-with-magnetic-prosthesis-implantation	Eye Enucleation with Magnetic Prosthesis Implantation	Enukleacija bulbusa sa implantacijom magnetne proteze	33	NULL
6599	indocyanine-green-angiography	Indocyanine Green Angiography	'Indocyanine Green' angiografija	33	NULL
6600	congenital-cataract-surgery-with-iol-implantation	Congenital Cataract Surgery with IOL Implantation	Operacija kongenitalne katarakte sa implantacijom intraokularnog sočiva	33	NULL
6601	orbit-exenteration	Orbit Exenteration	Egzenteracija orbite	33	NULL
6602	810-nm-diode-laser	810 nm Diode Laser	Laser dioda 810 nm	33	NULL
6604	ligation-of-extracranial-cerebral-vessels-cervical	Ligation of Extracranial Cerebral Vessels (Cervical)	Ligatura ekstrakranijalnih krvnih sudova mozga (vratni dio)	17	NULL
6605	ligation-of-extracranial-cerebral-vessels-thoracic	Ligation of Extracranial Cerebral Vessels (Thoracic)	Ligatura ekstrakranijalnih krvnih sudova mozga (torakalni dio)	17	NULL
6606	subclavian-artery-or-vein-ligation-thoracic	Subclavian Artery or Vein Ligation (Thoracic)	Ligatura podključne arterije ili vene u torakalnom dijelu	17	NULL
6607	subclavian-artery-ligation-subclavian-region	Subclavian Artery Ligation (Subclavian Region)	Ligatura arterije subklavije u podključnom dijelu	17	NULL
6608	axillary-artery-or-vein-ligation	Axillary Artery or Vein Ligation	Ligatura arterije ili vene aksilaris	17	NULL
6609	thoracic-aorta-ligation	Thoracic Aorta Ligation	Ligatura grudne aorte	17	NULL
6610	superior-vena-cava-ligation	Superior Vena Cava Ligation	Ligatura vene cave superior	17	NULL
6611	abdominal-aorta-ligation	Abdominal Aorta Ligation	Ligatura aorte abdominalis	17	NULL
6612	ductus-botalli-ligation	Ductus Botalli Ligation	Ligatura ductus Botalli	17	NULL
6613	visceral-artery-or-vein-ligation	Visceral Artery or Vein Ligation	Ligatura visceralne arterije ili vene	17	NULL
6614	arteriovenous-fistula-exclusion-withwithout-reconstruction	Arteriovenous Fistula Exclusion (with/without Reconstruction)	Ekskluzija arteriovenske fistule (sa ili bez rekonstrukcije)	17	NULL
6615	suture-of-intracranial-vessel-surface	Suture of Intracranial Vessel (Surface)	Sutura intrakranijalnog krvnog suda (na površini)	17	NULL
6616	suture-of-extracranial-cerebral-vessel-cervical	Suture of Extracranial Cerebral Vessel (Cervical)	Sutura ekstrakranijalnog dijela krvnog suda mozga (vratni dio)	17	NULL
6617	suture-of-extracranial-cerebral-vessel-thoracic	Suture of Extracranial Cerebral Vessel (Thoracic)	Sutura ekstrakranijalnog dijela krvnog suda mozga (torakalni dio)	17	NULL
6618	subclavian-artery-or-vein-suture-thoracic	Subclavian Artery or Vein Suture (Thoracic)	Sutura arterije ili vene subklavije (torakalni dio)	17	NULL
6619	subclavian-artery-or-vein-suture-subclavian-region	Subclavian Artery or Vein Suture (Subclavian Region)	Sutura arterije ili vene subklavije (podključni dio)	17	NULL
6620	pulmonary-artery-or-vein-suture	Pulmonary Artery or Vein Suture	Sutura arterije ili vene pulmonalis	17	NULL
6621	superior-vena-cava-suture	Superior Vena Cava Suture	Sutura vene cave superior	17	NULL
6622	thoracic-aorta-suture	Thoracic Aorta Suture	Sutura grudne aorte	17	NULL
6623	abdominal-aorta-suture	Abdominal Aorta Suture	Sutura aorte abdominalis	17	NULL
6624	visceral-vessels-suture	Visceral Vessels Suture	Sutura visceralnih krvnih sudova	17	NULL
6625	inferior-vena-cava-suture	Inferior Vena Cava Suture	Sutura vene cave inferior	17	NULL
6626	renal-artery-or-vein-suture	Renal Artery or Vein Suture	Sutura arterije ili vene renalis	17	NULL
6627	vena-cava-plication	Vena Cava Plication	Plikacija vene cave	17	NULL
6628	antiembolic-filter-placement	Antiembolic Filter Placement	Postavljanje antiembolijskog filtera	17	NULL
6629	crossectomy-gsv-ligation-stripping-and-phlebectomy-of-lower-limb	Crossectomy, GSV Ligation, Stripping and Phlebectomy of Lower Limb	Cross, lig. VSM, strip. VSM i flebektomija površnih vena donjih ekstremiteta	17	NULL
6630	cervical-artery-arteriotomy-and-embolectomy	Cervical Artery Arteriotomy and Embolectomy	Incizija (arteriotomija) i embolektomija arterija vrata	17	NULL
6631	pulmonary-artery-arteriotomy-and-embolectomy	Pulmonary Artery Arteriotomy and Embolectomy	Incizija (arteriotomija) i embolektomija plućne arterije	17	NULL
6632	abdominal-aorta-arteriotomy-and-embolectomy	Abdominal Aorta Arteriotomy and Embolectomy	Incizija (arteriotomija) i embolektomija abdominalne aorte	17	NULL
6633	visceral-artery-arteriotomy-and-embolectomy	Visceral Artery Arteriotomy and Embolectomy	Incizija (arteriotomija) i embolektomija visceralne arterije	17	NULL
6634	renal-artery-arteriotomy-and-embolectomy	Renal Artery Arteriotomy and Embolectomy	Incizija (arteriotomija) i embolektomija arterije renalis	17	NULL
6635	cervical-vein-thrombectomy	Cervical Vein Thrombectomy	Trombektomija vratne vene	17	NULL
6636	upper-limb-vein-thrombectomy	Upper Limb Vein Thrombectomy	Trombektomija vena gornjih ekstremiteta	17	NULL
6637	superior-vena-cava-thrombectomy	Superior Vena Cava Thrombectomy	Trombektomija vene cave superior	17	NULL
6638	visceral-vein-thrombectomy	Visceral Vein Thrombectomy	Trombektomija visceralne vene	17	NULL
6639	pelvic-vein-thrombectomy	Pelvic Vein Thrombectomy	Trombektomija pelvične vene	17	NULL
6640	lower-limb-vein-thrombectomy	Lower Limb Vein Thrombectomy	Trombektomija vena donjih ekstremiteta	17	NULL
6641	extracranial-artery-thrombendarterectomy-cervical	Extracranial Artery Thrombendarterectomy (Cervical)	Trombendarterektomija ekstrakranijalnih arterija (vratni dio)	17	NULL
6642	extracranial-artery-thrombendarterectomy-thoracic	Extracranial Artery Thrombendarterectomy (Thoracic)	Trombendarterektomija ekstrakranijalnih arterija (torakalni dio)	17	NULL
6643	subclavian-artery-thrombendarterectomy-thoracic	Subclavian Artery Thrombendarterectomy (Thoracic)	Trombendarterektomija arterije subklavije (torakalni dio)	17	NULL
6644	axillary-artery-thrombendarterectomy	Axillary Artery Thrombendarterectomy	Trombendarterektomija arterije aksilaris	17	NULL
6645	visceral-artery-thrombendarterectomy	Visceral Artery Thrombendarterectomy	Trombendarterektomija visceralne arterije	17	NULL
6646	renal-artery-thrombendarterectomy	Renal Artery Thrombendarterectomy	Trombendarterektomija renalnih arterija	17	NULL
6647	iliac-artery-thrombendarterectomy	Iliac Artery Thrombendarterectomy	Trombendarterektomija ilijačnih arterija	17	NULL
6648	popliteal-artery-thrombendarterectomy	Popliteal Artery Thrombendarterectomy	Trombendarterektomija arterije popliteae	17	NULL
6649	extracranial-artery-thrombendarterectomy-with-patch	Extracranial Artery Thrombendarterectomy with Patch	Trombendarterektomija sa patch plastikom ekstrakranijalnih arterija	17	NULL
6650	subclavian-artery-thrombendarterectomy-with-patch	Subclavian Artery Thrombendarterectomy with Patch	Trombendarterektomija sa patch-plastikom arterije subklavije	17	NULL
6651	subclavian-artery-thrombendarterectomy-with-patch-subclavian	Subclavian Artery Thrombendarterectomy with Patch (Subclavian)	Trombendarterektomija sa patch-plastikom arterije subklavije (podključni dio)	17	NULL
6652	axillary-artery-thrombendarterectomy-with-patch	Axillary Artery Thrombendarterectomy with Patch	Trombendarterektomija sa patch plastikom arterije aksilaris	17	NULL
6653	other-arm-arteries-thrombendarterectomy-with-patch	Other Arm Arteries Thrombendarterectomy with Patch	Trombendarterektomija sa patch plastikom ostalih arterija ruku	17	NULL
6654	abdominal-aorta-thrombendarterectomy-with-patch	Abdominal Aorta Thrombendarterectomy with Patch	Trombendarterektomija sa patch plastikom aorte abdominalis	17	NULL
6655	visceral-artery-thrombendarterectomy-with-patch	Visceral Artery Thrombendarterectomy with Patch	Trombendarterektomija sa patch-plastikom visceralne arterije	17	NULL
6656	renal-artery-thrombendarterectomy-with-patch	Renal Artery Thrombendarterectomy with Patch	Trombendarterektomija sa patch-plastikom arterije renalis	17	NULL
6657	iliac-artery-thrombendarterectomy-with-patch	Iliac Artery Thrombendarterectomy with Patch	Trombendarterektomija sa patch-plastikom ilijačnih arterija	17	NULL
6658	femoral-artery-thrombendarterectomy-with-patch	Femoral Artery Thrombendarterectomy with Patch	Trombendarterektomija sa patch-plastikom femoralne arterije	17	NULL
6659	popliteal-artery-thrombendarterectomy-with-patch	Popliteal Artery Thrombendarterectomy with Patch	Trombendarterektomija sa patch-plastikom arterije popliteae	17	NULL
6660	other-leg-arteries-thrombendarterectomy-with-patch	Other Leg Arteries Thrombendarterectomy with Patch	Trombendarterektomija sa patch-plastikom ostalih arterija nogu	17	NULL
6661	resection-and-direct-anastomosis-of-cranial-surface-artery	Resection and Direct Anastomosis of Cranial Surface Artery	Resekcija i direktna anastomoza kranijalne površne arterije	17	NULL
6662	resection-and-anastomosis-of-extraintracranial-arteries-cervical	Resection and Anastomosis of Extra/Intracranial Arteries (Cervical)	Resekcija i anastomoza ekstra- i intrakranijalnih arterija (vratni dio)	17	NULL
6663	resection-and-anastomosis-of-intracranial-arteries-thoracic	Resection and Anastomosis of Intracranial Arteries (Thoracic)	Resekcija i anastomoza intrakranijalnih arterija (torakalni dio)	17	NULL
6664	resection-and-anastomosis-of-subclavian-artery-thoracic	Resection and Anastomosis of Subclavian Artery (Thoracic)	Resekcija i anastomoza arterije subklavije (torakalni dio)	17	NULL
6665	resection-and-anastomosis-of-subclavian-artery-subclavian	Resection and Anastomosis of Subclavian Artery (Subclavian)	Resekcija i anastomoza arterije subklavije (podključni dio)	17	NULL
6666	resection-and-anastomosis-of-axillary-artery	Resection and Anastomosis of Axillary Artery	Resekcija i anastomoza arterije aksilaris	17	NULL
6667	resection-and-anastomosis-of-other-arm-arteries	Resection and Anastomosis of Other Arm Arteries	Resekcija i anastomoza drugih arterija ruke	17	NULL
6668	resection-and-anastomosis-of-thoracic-aorta	Resection and Anastomosis of Thoracic Aorta	Resekcija i anastomoza grudne aorte	17	NULL
6669	resection-and-anastomosis-of-thoracic-aorta-ecc	Resection and Anastomosis of Thoracic Aorta (ECC)	Resekcija i anastomoza grudne aorte (EKC)	17	NULL
6670	resection-and-anastomosis-of-pulmonary-vessels	Resection and Anastomosis of Pulmonary Vessels	Resekcija i anastomoza plućnih krvnih sudova	17	NULL
6671	resection-and-ligation-of-ductus-botalli	Resection and Ligation of Ductus Botalli	Resekcija i ligatura ductus Botalli	17	NULL
6672	resection-and-anastomosis-of-abdominal-aorta	Resection and Anastomosis of Abdominal Aorta	Resekcija i anastomoza aorte abdominalis	17	NULL
6673	resection-and-anastomosis-of-visceral-arteries	Resection and Anastomosis of Visceral Arteries	Resekcija i anastomoza visceralnih arterija	17	NULL
6674	resection-and-anastomosis-of-renal-artery-or-vein	Resection and Anastomosis of Renal Artery or Vein	Resekcija i anastomoza arterija ili vena renalis	17	NULL
6675	resection-and-anastomosis-of-iliac-artery-or-vein	Resection and Anastomosis of Iliac Artery or Vein	Resekcija i anastomoza arterija ili vena iliaca	17	NULL
6676	resection-and-anastomosis-of-popliteal-artery-or-vein	Resection and Anastomosis of Popliteal Artery or Vein	Resekcija i anastomoza arterije ili vene popliteae	17	NULL
6677	portocaval-shunt	Portocaval Shunt	Porto-kavalni šant	17	NULL
6678	porto-systemic-shunt-with-or-without-splenectomy	Porto-Systemic Shunt with or without Splenectomy	Porto-sistemski šant sa ili bez resekcije slezine	17	NULL
6679	splenorenal-shunt	Splenorenal Shunt	Spleno-renalni šant	17	NULL
6680	mesentericocaval-shunt	Mesentericocaval Shunt	Mezenteriko-kavalni šant	17	NULL
6681	systemic-pulmonary-arteriovenous-anastomoses	Systemic-Pulmonary Arteriovenous Anastomoses	Sistemsko-pulmonalne arteriovenske anastomoze	17	NULL
6682	arteriovenous-anastomosis-of-peripheral-vessels-for-dialysis-access	Arteriovenous Anastomosis of Peripheral Vessels for Dialysis Access	Arterio-venske anastomoze perifernih krvnih sudova — vaskularni pristup za dijalizu	17	NULL
6683	epigastric-cavernous-anastomosis	Epigastric-Cavernous Anastomosis	Epigastrico-kavernozna anastomoza	17	NULL
6684	cavernous-venous-anastomoses	Cavernous-Venous Anastomoses	Kavernozno-venske anastomoze	17	NULL
6685	synthetic-graft-resection-of-cervical-vessels	Synthetic Graft Resection of Cervical Vessels	Resekcija i sintetski graft krvnih sudova vrata	17	NULL
6686	autovenous-graft-resection-of-cervical-vessels	Autovenous Graft Resection of Cervical Vessels	Resekcija i autovenski graft krvnih sudova vrata	17	NULL
6687	synthetic-graft-of-extracranial-arteries-thoracic	Synthetic Graft of Extracranial Arteries (Thoracic)	Resekcija i sintetski graft ekstrakranijalnih arterija (torakalni dio)	17	NULL
6688	autovenous-graft-of-extracranial-arteries-thoracic	Autovenous Graft of Extracranial Arteries (Thoracic)	Resekcija i autovenski graft ekstrakranijalnih arterija (torakalni dio)	17	NULL
6689	synthetic-graft-of-subclavian-artery-thoracic	Synthetic Graft of Subclavian Artery (Thoracic)	Resekcija i sintetski graft arterije subklavije u grudnom dijelu	17	NULL
6690	synthetic-graft-of-subclavian-artery-subclavian	Synthetic Graft of Subclavian Artery (Subclavian)	Resekcija i sintetski graft arterije subklavije u podključnom dijelu	17	NULL
6691	autovenous-graft-of-subclavian-artery-thoracic-or-subclavian	Autovenous Graft of Subclavian Artery (Thoracic or Subclavian)	Resekcija i autovenski graft arterije subklavije u grudnom ili podključnom dijelu	17	NULL
6692	synthetic-graft-of-axillary-artery-or-vein	Synthetic Graft of Axillary Artery or Vein	Resekcija i sintetski graft arterije axillaris ili vene aksilaris	17	NULL
6693	autovenous-graft-of-axillary-artery-or-vein	Autovenous Graft of Axillary Artery or Vein	Resekcija i autovenski graft arterije ili vene aksilaris	17	NULL
6694	synthetic-prosthesis-of-thoracic-aorta	Synthetic Prosthesis of Thoracic Aorta	Resekcija i sintetska proteza grudne aorte	17	NULL
6695	synthetic-prosthesis-of-superior-vena-cava	Synthetic Prosthesis of Superior Vena Cava	Resekcija i sintetska proteza gornje šuplje vene	17	NULL
6696	synthetic-prosthesis-of-abdominal-aorta	Synthetic Prosthesis of Abdominal Aorta	Resekcija i sintetska proteza aorte abdominalis	17	NULL
6697	synthetic-prosthesis-of-visceral-artery	Synthetic Prosthesis of Visceral Artery	Resekcija i sintetska proteza visceralne arterije	17	NULL
6698	autovenous-graft-of-visceral-artery	Autovenous Graft of Visceral Artery	Resekcija i autovenski graft visceralne arterije	17	NULL
6699	autovenous-or-synthetic-graft-of-renal-artery	Autovenous or Synthetic Graft of Renal Artery	Resekcija i autovenski ili sintetski graft arterije renalis	17	NULL
6700	autovenous-graft-of-inferior-vena-cava	Autovenous Graft of Inferior Vena Cava	Resekcija i autovenski graft vene cave inferior	17	NULL
6701	synthetic-graft-of-iliac-artery-or-vein	Synthetic Graft of Iliac Artery or Vein	Resekcija i sintetski graft arterija ili vena iliaca	17	NULL
6702	autovenous-or-synthetic-graft-of-popliteal-artery-or-vein	Autovenous or Synthetic Graft of Popliteal Artery or Vein	Resekcija i autovenski ili sintetski graft arterije ili vena popliteae	17	NULL
6703	cervical-vessel-reconstruction-by-autovenous-bypass-carotidvertebral	Cervical Vessel Reconstruction by Autovenous Bypass (Carotid/Vertebral)	Rekonstrukcija krvnih sudova vrata by-pass postupkom (karotidno/vertebralna) autovenskim graftom	17	NULL
6704	cervical-vessel-reconstruction-by-synthetic-bypass	Cervical Vessel Reconstruction by Synthetic Bypass	Rekonstrukcija krvnih sudova vrata by-pass postupkom (karot./vert.) sintetskim graftom	17	NULL
6705	reconstruction-of-brain-vessels-in-thoracic-region-with-synthetic-prosthesis-bypass	Reconstruction of Brain Vessels in Thoracic Region with Synthetic Prosthesis Bypass	Rekonstrukcija krvnih sudova mozga u torakalnom dijelu sa sintetskom protezom by-pass	17	NULL
6706	subclavian-carotid-transposition	Subclavian-Carotid Transposition	Transpozicija velikih krvnih sudova — subklavio-karotidna transpozicija	17	NULL
6707	carotid-subclavian-transposition	Carotid-Subclavian Transposition	Transpozicija velikih krvnih sudova — karotidno-subklavijalna transpozicija	17	NULL
6708	subclavian-artery-or-vein-bypass-with-venous-or-synthetic-graft	Subclavian Artery or Vein Bypass with Venous or Synthetic Graft	Rekonstrukcija arterije ili vene subklavije by-pass postupkom venskim ili sintetskim graftom	17	NULL
6709	axillary-artery-or-vein-reconstruction-with-synthetic-or-autovenous-graft	Axillary Artery or Vein Reconstruction with Synthetic or Autovenous Graft	Rekonstrukcija arterije ili vene aksilaris sintetskom protezom ili autovenskim graftom	17	NULL
6710	thoracic-aorta-bypass-reconstruction-synthetic-prosthesis	Thoracic Aorta Bypass Reconstruction (Synthetic Prosthesis)	Rekonstrukcija grudne aorte by-pass postupkom (sintetska proteza)	17	NULL
6711	superior-vena-cava-bypass-reconstruction-synthetic-graft	Superior Vena Cava Bypass Reconstruction (Synthetic Graft)	Rekonstrukcija vene cave superior by-pass postupkom (sintetski graft)	17	NULL
6712	abdominal-aorta-bypass-reconstruction-synthetic-graft	Abdominal Aorta Bypass Reconstruction (Synthetic Graft)	Rekonstrukcija aorte abdominalis by-pass postupkom (sintetski graft)	17	NULL
6713	visceral-artery-bypass-reconstruction-autovenoussynthetic	Visceral Artery Bypass Reconstruction (Autovenous/Synthetic)	Rekonstrukcija visceralne arterije by-pass postupkom (autoveni/sintetski graft)	17	NULL
6714	renal-artery-bypass-reconstruction-autovenoussynthetic	Renal Artery Bypass Reconstruction (Autovenous/Synthetic)	Rekonstrukcija arterije renalis by-pass postupkom (autoveni/sintetski graft)	17	NULL
6715	inferior-vena-cava-bypass-reconstruction	Inferior Vena Cava Bypass Reconstruction	Rekonstrukcija vene cave inferior by-pass postupkom	17	NULL
6716	iliac-vessels-bypass-reconstruction	Iliac Vessels Bypass Reconstruction	Rekonstrukcija arterija ili vena iliaca by-pass postupkom	17	NULL
6717	popliteal-vessels-bypass-reconstruction	Popliteal Vessels Bypass Reconstruction	Rekonstrukcija arterija ili vena poplitea by-pass postupkom	17	NULL
6718	extra-anatomical-axillo-bifemoral-bypass	Extra-Anatomical Axillo-(Bi)Femoral Bypass	Extraanatomski aksilo (bi)femoralni by-pass	17	NULL
6719	extra-anatomical-iliaco-femoral-cross-over-bypass	Extra-Anatomical Iliaco-Femoral Cross-Over Bypass	Extraanatomski iliaco-femoralni (cross over) by-pass	17	NULL
6720	extra-anatomical-femoro-femoral-cross-over-bypass	Extra-Anatomical Femoro-Femoral Cross-Over Bypass	Extraanatomski femoro-femoralni (cross over) by-pass	17	NULL
6721	other-extra-anatomical-bypass	Other Extra-Anatomical Bypass	Ostali extraanatomski by-pass	17	NULL
6722	prosthesis-removal-thrombosis-or-infection	Prosthesis Removal (Thrombosis or Infection)	Ekstirpacija proteze (zbog tromboze ili infekcije)	17	NULL
6723	arteriovenous-shunt-special-cases	Arteriovenous Shunt (Special Cases)	Arteriovenski šant (u posebnim slučajevima)	17	NULL
6724	arteriovenous-bypass	Arteriovenous Bypass	Arteriovenski by-pass	17	NULL
6725	carotid-aneurysmectomy-and-reconstruction	Carotid Aneurysmectomy and Reconstruction	Aneurizmektomija i rekonstrukcija karotidne arterije	17	NULL
6726	vertebral-aneurysmectomy-and-reconstruction	Vertebral Aneurysmectomy and Reconstruction	Aneurizmektomija i rekonstrukcija vertebralne arterije	17	NULL
6727	subclavian-aneurysmectomy-and-reconstruction	Subclavian Aneurysmectomy and Reconstruction	Aneurizmektomija i rekonstrukcija arterije subklavije	17	NULL
6728	axillary-aneurysmectomy-and-reconstruction	Axillary Aneurysmectomy and Reconstruction	Aneurizmektomija i rekonstrukcija arterije aksilaris	17	NULL
6729	other-arm-arteries-aneurysmectomy-and-reconstruction	Other Arm Arteries Aneurysmectomy and Reconstruction	Aneurizmektomija i rekonstrukcija ostalih arterija ruke	17	NULL
6730	aortic-arch-aneurysmectomy-and-reconstruction	Aortic Arch Aneurysmectomy and Reconstruction	Aneurizmektomija i rekonstrukcija luka aorte	17	NULL
6731	thoracic-aorta-aneurysmectomy-and-reconstruction	Thoracic Aorta Aneurysmectomy and Reconstruction	Aneurizmektomija i rekonstrukcija grudne aorte	17	NULL
6732	abdominal-aorta-aneurysmectomy-and-reconstruction	Abdominal Aorta Aneurysmectomy and Reconstruction	Aneurizmektomija i rekonstrukcija abdominalne aorte	17	NULL
6733	visceral-arteries-aneurysmectomy-and-reconstruction	Visceral Arteries Aneurysmectomy and Reconstruction	Aneurizmektomija i rekonstrukcija visceralnih arterija	17	NULL
6734	iliac-arteries-aneurysmectomy-and-reconstruction	Iliac Arteries Aneurysmectomy and Reconstruction	Aneurizmektomija i rekonstrukcija arterija iliaca	17	NULL
6735	femoral-artery-aneurysmectomy-and-reconstruction	Femoral Artery Aneurysmectomy and Reconstruction	Aneurizmektomija i rekonstrukcija femoralne arterije	17	Femoral Artery Aneurysm Repair ; Operacija aneurizme femoralne arterije
6736	popliteal-and-other-leg-arteries-aneurysmectomy-and-reconstruction	Popliteal and Other Leg Arteries Aneurysmectomy and Reconstruction	Aneurizmektomija i rekonstrukcija arterije popliteae i ostalih arterija nogu	17	Operacija aneurizme poplitealne arterije ; Popliteal Artery Aneurysm Repair
6737	upper-thoracic-sympathectomy	Upper Thoracic Sympathectomy	Gornja grudna simpatektomija	17	NULL
6738	lumbar-sympathectomy	Lumbar Sympathectomy	Lumbalna simpatektomija	17	NULL
6739	cervical-artery-or-vein-exploration	Cervical Artery or Vein Exploration	Eksploracija arterije ili vene vrata	17	NULL
6740	arm-vessels-exploration	Arm Vessels Exploration	Eksploracija krvnih sudova ruke	17	NULL
6741	abdominal-aorta-visceral-or-renal-vessels-exploration	Abdominal Aorta, Visceral or Renal Vessels Exploration	Eksploracija abdominalne aorte, visceralnih arterija ili vena ili renalnih arterija i vena	17	NULL
6742	leg-vessels-exploration	Leg Vessels Exploration	Eksploracija krvnih sudova nogu	17	NULL
6743	endovascular-stent-graft-in-thoracic-aorta	Endovascular Stent Graft in Thoracic Aorta	Endovaskularna procedura — plasiranje stent grafta u grudnu (torakalnu) aortu	17	TEVAR
6744	endovascular-stent-graft-in-abdominal-aorta	Endovascular Stent Graft in Abdominal Aorta	Endovaskularna procedura — plasiranje stent grafta u abdominalnu aortu	17	EVAR
6745	endovascular-stent-graft-in-iliac-arteries	Endovascular Stent Graft in Iliac Arteries	Endovaskularna procedura — plasiranje stent grafta u ilijačne arterije	17	NULL
6746	endovascular-stent-graft-in-femoral-artery	Endovascular Stent Graft in Femoral Artery	Endovaskularna procedura — plasiranje stent grafta u femoralnu arteriju	17	NULL
6747	endovascular-stent-graft-in-poplitealcrural-arteries	Endovascular Stent Graft in Popliteal/Crural Arteries	Endovaskularna procedura — plasiranje stent grafta u poplitealnu i/ili kruralne arterije	17	NULL
6748	cervical-thoracic-duct-suture-or-ligation	Cervical Thoracic Duct Suture or Ligation	Sutura ili ligatura ductus thoracicus na vratu	17	NULL
6749	acute-episubdural-hematoma-removal-by-osteoplastic-craniotomy	Acute Epi/Subdural Hematoma Removal by Osteoplastic Craniotomy	Odstranjenje akutnog epi- ili subduralnog hematoma osteoplastičnom kraniotomijom	17	NULL
6750	chronic-subdural-hematoma-removal	Chronic Subdural Hematoma Removal	Odstranjenje hroničnog subduralnog hematoma	17	NULL
6751	exploratory-supratentorial-or-infratentorial-trepanation	Exploratory Supratentorial or Infratentorial Trepanation	Eksplorativna supra- ili infratentorijalna trepanacija	17	NULL
6752	epidural-abscess-puncture-and-drainage	Epidural Abscess Puncture and Drainage	Punkcija i drenaža epiduralnog abscesa	17	NULL
6753	neuroma-removal-for-phantom-pain	Neuroma Removal for Phantom Pain	Odstranjenje neuroma kod fantomske boli	17	NULL
6754	trigeminal-nerve-branch-sectioning	Trigeminal Nerve Branch Sectioning	Presijecanje grane n. trigeminusa	17	NULL
6755	extensive-scalp-soft-tissue-tumor-removal-with-bone-destruction	Extensive Scalp Soft Tissue Tumor Removal with Bone Destruction	Odstranjenje opsežnog tumora mekih tkiva poglavine sa destrukcijom kosti	17	NULL
6756	cranial-osteomyelitis	Cranial Osteomyelitis Treatment	Osteomijelitis kranijuma	17	NULL
6757	skull-bone-tumor-removal	Skull Bone Tumor Removal	Odstranjenje tumora lobanjskih kostiju	17	NULL
6758	depressed-skull-fracture-withwithout-dural-injury	Treatment of Depressed Skull Fracture (with/without Dural Injury)	Depresivna fraktura kosti lobanje (sa ili bez povrede dura mater)	17	NULL
6759	depressed-fracture-with-dural-and-major-venous-injury	Treatment of Depressed Fracture with Dural and Major Venous Injury	Depresivna fraktura sa ozljedom dura matris i velikih venskih krvnih sudova	17	NULL
6760	fixation-transducer-for-icp-monitoring-in-various-etiologies	ICP Transducer Placement for Continuous Monitoring in Raised ICP of Various Etiologies	Fiksiranje transdjusera za kontinuirano mjerenje povećanog intrakranijalnog pritiska različite etiologije	17	Fixation Transducer for ICP Monitoring in Various Etiologies ; ICP Monitor Insertion
6761	acute-supratentorial-epidural-hematoma	Acute Supratentorial Epidural Hematoma Treatment	Akutni epiduralni hematom supratentorijalne lokalizacije	17	NULL
6762	acute-infratentorial-epidural-hematoma	Acute Infratentorial Epidural Hematoma Treatment	Akutni epiduralni hematom infratentorijalne lokalizacije	17	NULL
6763	acute-supratentorial-subdural-hematoma	Acute Supratentorial Subdural Hematoma Treatment	Akutni subduralni hematom supratentorijalne lokalizacije	17	NULL
6764	acute-infratentorial-subdural-hematoma	Acute Infratentorial Subdural Hematoma Treatment	Akutni subduralni hematom infratentorijalne lokalizacije	17	NULL
6765	surgical-treatment-of-extensive-cranio-cerebral-injuries	Surgical Treatment of Extensive Cranio-Cerebral Injuries	Operativno zbrinjavanje opsežnih kranio-cerebralnih povreda	17	NULL
6766	surgery-for-frontobasal-injuries	Surgery for Frontobasal Injuries	Operacije kod frontobazilarnih povreda	17	NULL
6767	csf-fistula-plasty	CSF Fistula Plasty	Plastika likvor fistule	17	NULL
6768	epidural-and-subdural-hematoma-removal	Epidural and Subdural Hematoma Removal	Odstranjenje epiduralnog i subduralnog hematoma	17	NULL
6769	puncture-and-drainage-of-episubdural-or-brain-abscess	Puncture and Drainage of Epi/Subdural or Brain Abscess	Punkcija i drenaža epiduralnog ili subduralnog ili moždanog abscesa	17	Punkcija i drenaža epiduralnog, subduralnog ili moždanog apscesa
6770	cranial-bone-defect-plasty	Cranial Bone Defect Plasty	Plastika koštanog defekta kranijuma	17	NULL
6771	acute-intracerebral-hematoma-removal	Acute Intracerebral Hematoma Removal	Odstranjenje akutnog intracerebralnog hematoma	17	NULL
6772	chronic-subdural-hematoma-evacuation	Chronic Subdural Hematoma Evacuation	Evakuacija hroničnog subduralnog hematoma	17,21	NULL
6773	cerebral-hemisphere-tumor-or-abscess-removal	Cerebral Hemisphere Tumor or Abscess Removal	Odstranjenje tumora, abscesa i sl. iz hemisfere velikog mozga	17	NULL
6774	cerebellar-hemisphere-tumor-or-abscess-removal	Cerebellar Hemisphere Tumor or Abscess Removal	Odstranjenje tumora, abscesa i sl. iz hemisfere malog mozga	17	NULL
6775	convexity-meningioma-removal	Convexity Meningioma Removal	Odstranjenje meningeoma na konveksitetu mozga	17	NULL
6776	falx-meningioma-removal	Falx Meningioma Removal	Odstranjenje falks-meningeoma	17	NULL
6777	skull-base-meningioma-removal	Skull Base Meningioma Removal	Odstranjenje meningeoma na bazi lobanje	17	NULL
6778	suprasellar-or-parasellar-tumor-removal	Suprasellar or Parasellar Tumor Removal	Odstranjenje supraselarnih ili paraselarnih tumora	17	NULL
6779	revision-of-previous-suprainfratentorial-operation	Revision of Previous Supra/Infratentorial Operation	Revizija ranije urađene operacije supra- ili infratentorijalne	17	NULL
6780	craniostenosis-surgery	Craniostenosis Surgery	Operacija kod kraniostenoze	17	Craniosynostosis Surgery ; Operacija kraniosinostoze
6781	ventriculoatrial-or-ventriculoperitoneal-shunt	Ventriculoatrial or Ventriculoperitoneal Shunt	Ventrikuloatrijalna ili ventrikuloperitonealna drenaža	17	Ventrikuloperitonealni šant ; VP Shunt
6782	ventricular-system-puncture	Ventricular System Puncture	Punkcija ventrikularnog sistema	17	NULL
6783	temporary-ventricular-drainage	Temporary Ventricular Drainage	Privremena drenaža ventrikularnog sistema	17	NULL
6784	atrial-or-peritoneoventricular-drainage-revision	Atrial or Peritoneoventricular Drainage Revision	Revizija atrio- ili peritoneoventrikularne drenaže	17	NULL
6785	decompressive-laminectomy-for-cord-or-cauda-equina-compression	Decompressive Laminectomy for Cord or Cauda Equina Compression	Dekompresivna laminektomija kod traumatske kompresije medule ili caude equinae	17	NULL
6786	single-level-disc-herniation-removal-with-flavectomy-or-fenestration	Single Level Disc Herniation Removal with Flavectomy or Fenestration	Odstranjenje hernijacije intervertebralnog diska uz prethodnu flavektomiju ili fenestraciju na jednom nivou	17	NULL
6787	disc-herniation-removal-with-spinal-stenosis-or-multi-level	Disc Herniation Removal with Spinal Stenosis or Multi-Level	Odstranjenje hernijacije intervertebralnog diska kod istovremene stenoze spinalnog kanala ili hernijacije u više nivoa	17	NULL
6788	intraextradural-spinal-canal-tumor-removal	Intra/Extradural Spinal Canal Tumor Removal	Odstranjenje intra- ili ekstraduralnog tumora spinalnog kanala	17	NULL
6789	giant-cauda-equina-tumor-removal	Giant Cauda Equina Tumor Removal	Odstranjenje gigantskog tumora caudae equinae	17	NULL
6790	spinal-adhesions-lysis	Spinal Adhesions Lysis	Razdvajanje spinalnih adhezija	17	NULL
6791	head-injury-gunshot-or-other-penetrating-skull-injury	Head Injury - Gunshot or Other Penetrating Skull Injury	Povrede glave — povrede vatrenim oružjem ili druge penetrirajuće povrede lobanje	17	NULL
6792	cranioplasty	Cranioplasty	Plastika lobanje	17	Kranioplastika
6793	decompressive-craniotomy	Decompressive Craniotomy	Dekompresivna kraniotomija	17	NULL
6794	subdural-empyema	Subdural Empyema	Infekcije — subduralni empijem	17	NULL
6795	cavernous-hemangioma-surgery	Cavernous Hemangioma Surgery	Vaskularna patologija — kranijalna operacija kavernoznog hemangioma	17	NULL
6796	spontaneous-intracerebral-hematoma-evacuation	Spontaneous Intracerebral Hematoma Evacuation	Evakuacija spontanog intracerebralnog hematoma	17	NULL
6797	hydrocephalus-external-ventricular-drainage-adults	Hydrocephalus External Ventricular Drainage (Adults)	Hidrocefalus (kod starijih od 16 godina) — eksterna ventrikularna drenaža	17	NULL
6798	shunt-implantation	Shunt Implantation	Implantacija šanta	17	NULL
6799	shunt-revision	Shunt Revision	Revizija šanta	17	NULL
6800	peripheral-nerve-decompressiontransposition-for-compression-neuropathy	Peripheral Nerve Decompression/Transposition for Compression Neuropathy	Dekompresija/transpozicija perifernog nerva kod kompresivnih neuropatija	17	NULL
6801	peripheral-nerve-transplantation	Peripheral Nerve Transplantation	Transplantacija perifernog nerva	17	Peripheral Nerve Grafting
6802	external-lumbar-drainage-placement	External Lumbar Drainage Placement	Plasiranje eksterne lumbalne drenaže	17	NULL
6803	pediatric-neurosurgery-hydrocephalus-and-congenital-malformations	Pediatric Neurosurgery - Hydrocephalus and Congenital Malformations	Neurohirurgija djece — hidrocefalus i kongenitalne malformacije	17	NULL
6804	external-ventricular-drainage	External Ventricular Drainage	Spoljašnja ventrikularna drenaža	17	EVD
6805	suturectomy-of-single-cranial-suture-for-craniostenosis	Suturectomy of Single Cranial Suture for Craniostenosis	Suturektomija jedne kranijalne suture kod kraniostenoze	17	NULL
6806	pediatric-neurosurgery-head-injuries	Pediatric Neurosurgery - Head Injuries	Neurohirurgija djece — povrede glave	17	NULL
6807	craniectomy-with-icp-monitoring-or-reservoir	Craniectomy with ICP Monitor, Drain or Reservoir Placement	Kranijektomija (implantacija ICP monitoringa, drenaža, rezervoar)	17	Craniectomy with ICP Monitoring or Reservoir
6808	chronic-subdural-hematoma-hygroma	Chronic Subdural Hematoma / Hygroma	Hronični subduralni hematom / higrom	17	NULL
6809	extradural-hematoma	Extradural Hematoma	Ekstraduralni hematom	17	NULL
6810	intracerebral-hematoma	Treatment of Intracerebral Hematoma	Intracerebralni hematom	17	NULL
6811	impressed-skull-fracture	Impressed Skull Fracture	Impresivni prelom lobanje	17	NULL
6812	pediatric-neurosurgery-supratentorial-brain-hemisphere-tumors	Pediatric Neurosurgery - Supratentorial Brain Hemisphere Tumors	Neurohirurgija djece — tumori mozga supratentorijalni — tumori hemisfera mozga	17	NULL
6813	epicranial-tumor	Epicranial Tumor	Epikranijalni tumor	17	NULL
6814	collar-mediastinotomy	Collar Mediastinotomy	Kolarna medijastinotomija	17	NULL
6815	pleural-cavity-drainage-with-rib-resection	Pleural Cavity Drainage with Rib Resection	Drenaža pleuralnog kavuma sa resekcijom rebra	17	NULL
6816	surgical-treatment-of-chest-and-lungs	Surgical Treatment of Chest and Lungs	Operativno liječenje grudnog koša i pluća	17	NULL
6817	transthoracic-esophagotomy-for-ruptureperforation	Transthoracic Esophagotomy for Rupture/Perforation	Transtorakalna ezofagotomija sa zbrinjavanjem rupture ili perforacije	17	NULL
6818	mediastinal-drainage-exploration-foreign-body-removal	Mediastinal Drainage, Exploration, Foreign Body Removal	Drenaža medijastinuma, eksploracija, odstranjenje stranog tijela	17	NULL
6819	transthoracic-esophagotomy-for-perforation-or-foreign-body	Transthoracic Esophagotomy for Perforation or Foreign Body	Ezofagotomija — transtorakalna, zbrinjavanje perforacije, odstranjenje stranog tijela jednjaka	17	NULL
6820	transthoracic-surgery-of-incarcerated-diaphragmatic-hernia-with-resection	Transthoracic Surgery of Incarcerated Diaphragmatic Hernia with Resection	Operacija ukliještene dijafragmalne kile sa resekcijom transtorakalnim putem	17	NULL
6821	removal-of-material-used-for-chest-wall-reconstruction	Removal of Material Used for Chest Wall Reconstruction	Odstranjenje materijala koji je služio kod plastike i korekcije zida grudnog koša	17	NULL
6822	endoscopic-tracheal-stent-application	Endoscopic Tracheal Stent Application	Endoskopska aplikacija trahealnog stenta (obloženi ili neobloženi stent)	17	NULL
6823	tracheal-suture-collar-approach	Tracheal Suture - Collar Approach	Sutura traheje — kolarni pristup	17	NULL
6824	tracheal-suture-thoracic-approach	Tracheal Suture - Thoracic Approach	Sutura traheje — torakalni pristup	17	NULL
6825	partial-tracheal-resection	Partial Tracheal Resection	Parcijalna resekcija traheje	17	NULL
6826	tracheal-carina-resection-and-reconstruction	Tracheal Carina Resection and Reconstruction	Resekcija i rekonstrukcija karine traheje	17	NULL
6827	suture-and-reconstruction-of-tracheal-or-bronchial-injury	Suture and Reconstruction of Tracheal or Bronchial Injury	Sutura i rekonstrukcija povrede traheje ili bronha	17	NULL
6828	bronchial-sleeve-resection	Bronchial Sleeve Resection	Sleeve resekcija bronha	17	NULL
6829	partial-bronchial-wall-resection	Partial Bronchial Wall Resection	Parcijalna resekcija zida bronha	17	NULL
6830	bronchopleural-fistula-closure	Bronchopleural Fistula Closure	Zatvaranje bronhopleuralne fistule	17	NULL
6831	pulmonary-bullae-resection	Pulmonary Bullae Resection	Resekcija bula na plućima	17	NULL
6832	thoracoscopic-pulmonary-bullae-resection	Thoracoscopic Pulmonary Bullae Resection	Torakoskopska resekcija bula na plućima	17	NULL
6833	pulmonary-wedge-resection	Pulmonary Wedge Resection	Wedge resekcija pluća	17	NULL
6834	thoracoscopic-pulmonary-wedge-resection	Thoracoscopic Pulmonary Wedge Resection	Torakoskopska wedge resekcija pluća	17	NULL
6835	lung-segmentectomy	Lung Segmentectomy	Segmentektomija pluća	17	NULL
6836	thoracoscopic-lung-segmentectomy	Thoracoscopic Lung Segmentectomy	Torakoskopska segmentektomija	17	NULL
6837	lung-lobectomy	Lung Lobectomy	Lobektomija pluća	17	NULL
6838	thoracoscopic-lung-lobectomy	Thoracoscopic Lung Lobectomy	Torakoskopska lobektomija pluća	17	NULL
6839	lung-bilobectomy	Lung Bilobectomy	Bilobektomija pluća	17	NULL
6840	thoracoscopic-lung-bilobectomy	Thoracoscopic Lung Bilobectomy	Torakoskopska bilobektomija pluća	17	NULL
6841	extensive-lobectomy-or-bilobectomy	Extensive Lobectomy or Bilobectomy	Ekstenzivna lobektomija ili bilobektomija pluća	17	NULL
6842	pneumonectomy	Pneumonectomy	Pneumonektomija	17	NULL
6843	thoracoscopic-pneumonectomy	Thoracoscopic Pneumonectomy	Torakoskopska pneumonektomija	17	NULL
6844	pleuropneumonectomy	Pleuropneumonectomy	Pleuropneumonektomija	17	NULL
6845	extensive-pneumonectomy	Extensive Pneumonectomy	Ekstenzivna pneumonektomija	17	NULL
6846	pneumonectomy-with-carinal-resection	Pneumonectomy with Carinal Resection	Pneumonektomija sa resekcijom karine traheje	17	NULL
6847	unilateral-lung-transplantation	Unilateral Lung Transplantation	Transplantacija pluća — jednostrana	17	NULL
6848	bilateral-lung-transplantation	Bilateral Lung Transplantation	Bilateralna transplantacija pluća	17	NULL
6849	mediastinoscopy	Mediastinoscopy	Medijastinoskopija	17	NULL
6850	transsternal-thymectomy	Transsternal Thymectomy	Transsternalna timektomija	17	NULL
6851	cervical-thymectomy	Cervical Thymectomy	Cervikalna timektomija	17	NULL
6852	thoracoscopic-thymectomy	Thoracoscopic Thymectomy	Torakoskopska timektomija	17	NULL
6853	mediastinal-lesion-excision-via-thoracotomy-or-sternotomy	Mediastinal Lesion Excision via Thoracotomy or Sternotomy	Ekscizija medijastinalne lezije sa torakotomijom ili sternotomijom	17	NULL
6854	chest-wall-suture	Chest Wall Suture	Sutura zida grudnog koša	17	NULL
6855	chest-wall-lesion-excision-with-rib-resection	Chest Wall Lesion Excision with Rib Resection	Ekscizija lezije grudnog koša sa resekcijom rebara	17	NULL
6856	chest-wall-fenestration	Chest Wall Fenestration	Fenestracija zida grudnog koša	17	NULL
6857	chest-wall-fenestration-closure	Chest Wall Fenestration Closure	Zatvaranje fenestracije zida grudnog koša	17	NULL
6858	rib-resection-for-thoracic-outlet-syndrome	Rib Resection for Thoracic Outlet Syndrome	Resekcija rebra kod thoracic outlet syndroma	17	NULL
6859	open-pectus-excavatum-correction	Open Pectus Excavatum Correction	Otvorena korekcija pectusa excavatum	17	NULL
6860	open-pectus-carinatum-correction	Open Pectus Carinatum Correction	Otvorena korekcija pectusa carinatum	17	NULL
6861	minimally-invasive-pectus-excavatum-correction	Minimally Invasive Pectus Excavatum Correction	Minimalno invazivna korekcija pectusa excavatum	17	NULL
6862	minimally-invasive-pectus-carinatum-correction	Minimally Invasive Pectus Carinatum Correction	Minimalno invazivna korekcija pectusa carinatum	17	NULL
6863	pleurectomy-and-pleural-lesion-excision	Pleurectomy and Pleural Lesion Excision	Pleurektomija, ekscizija lezija pleure	17	NULL
6864	thoracoscopic-pleurectomy-partial-or-total	Thoracoscopic Pleurectomy (Partial or Total)	Torakoskopska pleurektomija — parcijalna ili totalna	17	NULL
6865	pleural-scarification	Pleural Scarification	Skarifikacija pleure	17	NULL
6866	thoracoscopic-pleurodesis	Thoracoscopic Pleurodesis	Pleurodeza torakoskopska	17	NULL
6867	open-lung-decortication	Open Lung Decortication	Otvorena dekortikacija pluća	17	NULL
6868	thoracoscopic-lung-decortication	Thoracoscopic Lung Decortication	Torakoskopska dekortikacija pluća	17	NULL
6869	diaphragm-surgery-lesion-excision-resection-suturing	Diaphragm Surgery (Lesion Excision, Resection, Suturing)	Operacija dijafragme — ekscizija lezija, resekcija i šivenje	17	NULL
6870	thoracoscopic-diaphragmatic-lesion-excision	Thoracoscopic Diaphragmatic Lesion Excision	Torakoskopska ekscizija lezije sa dijafragme	17	NULL
6871	transthoracic-diaphragmatic-rupture-repair	Transthoracic Diaphragmatic Rupture Repair	Transtorakalna reparacija rupture dijafragme	17	NULL
6872	thoracoscopic-diaphragmatic-rupture-repair	Thoracoscopic Diaphragmatic Rupture Repair	Torakoskopska reparacija rupture dijafragme	17	NULL
6873	transthoracic-diaphragm-resection	Transthoracic Diaphragm Resection	Transtorakalna resekcija dijafragme	17	NULL
6874	transthoracic-diaphragm-plication	Transthoracic Diaphragm Plication	Transtorakalna operacija relaksacije dijafragme	17	NULL
6875	thoracoscopic-diaphragm-plication	Thoracoscopic Diaphragm Plication	Torakoskopska operacija relaksacije dijafragme	17	NULL
6876	transthoracic-thoracic-duct-surgery	Transthoracic Thoracic Duct Surgery	Operacija na ductus thoracicus-u — transtorakalno	17	NULL
6877	thoracoscopic-thoracic-duct-surgery	Thoracoscopic Thoracic Duct Surgery	Torakoskopska operacija ductusa thoracicusa	17	NULL
6878	laparoscopic-diaphragmatic-rupture-repair	Laparoscopic Diaphragmatic Rupture Repair	Laparoskopska reparacija rupture dijafragme	17	NULL
6879	transabdominal-diaphragmatic-rupture-repair	Transabdominal Diaphragmatic Rupture Repair	Transabdominalna reparacija rupture dijafragme	17	NULL
6880	thoracoscopic-paraesophageal-hernia-repair	Thoracoscopic Paraesophageal Hernia Repair	Torakoskopska reparacija paraezofagealne hernije	17	NULL
6881	transthoracic-paraesophageal-hernia-repair	Transthoracic Paraesophageal Hernia Repair	Transtorakalna reparacija paraezofagealne hernije	17	NULL
6882	laparoscopic-paraesophageal-hernia-repair	Laparoscopic Paraesophageal Hernia Repair	Laparoskopska reparacija paraezofagealne hernije	17	NULL
6883	congenital-diaphragmatic-hernia-repair	Congenital Diaphragmatic Hernia Repair	Reparacija kongenitalne dijafragmalne hernije	17	NULL
6884	laparoscopic-congenital-diaphragmatic-hernia-repair	Laparoscopic Congenital Diaphragmatic Hernia Repair	Laparoskopska reparacija kongenitalne dijafragmalne hernije	17	NULL
6885	gastroesophageal-antireflux-surgery	Gastroesophageal Antireflux Surgery	Gastro-ezofagealne antirefluksne operacije	17	NULL
6886	laparoscopic-gastroesophageal-antireflux-surgery	Laparoscopic Gastroesophageal Antireflux Surgery	Laparoskopske gastroezofagelane antirefluksne operacije	17	NULL
6887	cervical-esophagotomy	Cervical Esophagotomy	Ezofagotomija na vratu	17	NULL
6888	surgical-treatment-of-spontaneous-esophageal-perforation	Surgical Treatment of Spontaneous Esophageal Perforation	Operativno zbrinjavanje spontane perforacije jednjaka	17	NULL
6889	cervical-esophagostomy	Cervical Esophagostomy	Ezofagostomija na vratu	17	NULL
6890	esophageal-lesion-excision-with-suture	Esophageal Lesion Excision with Suture	Ekscizija lezije jednjaka sa šavom	17	NULL
6891	esophagus-resection-with-end-to-end-anastomosis-atresia-surgery	Esophagus Resection with End-to-End Anastomosis (Atresia Surgery)	Resekcija ezofagusa sa termino-terminalnom anastomozom, operacija atrezije	17	NULL
6892	cervical-esophagectomy-with-esophagostomy-and-gastrostomy	Cervical Esophagectomy with Esophagostomy and Gastrostomy	Cervikalna ezofagektomija, ezofagostoma i gastrostoma	17	NULL
6893	transthoracic-esophagogastrectomy-with-primary-anastomosis	Transthoracic Esophagogastrectomy with Primary Anastomosis	Ezofagogastrektomija sa primarnom anastomozom transtorakalno	17	NULL
6894	esophagogastrectomy-with-laparotomy-separate-thoracotomy-intrathoracic-anastomosis	Esophagogastrectomy with Laparotomy, Separate Thoracotomy, Intrathoracic Anastomosis	Ezofagogastrektomija s laparotomijom i odvojenom torakotomijom sa primarnom intratorakalnom anastomozom	17	NULL
6895	esophagogastrectomy-with-laparotomy-thoracotomy-cervical-esophagostomy	Esophagogastrectomy with Laparotomy, Thoracotomy and Cervical Esophagogastrostomy	Ezofagogastrektomija s laparotomijom, torakotomijom i ezofagogastrostomijom na vratu	17	Esophagogastrectomy with Laparotomy, Thoracotomy, Cervical Esophagostomy
6896	intrathoracic-esophageal-anastomosis-with-stomach-or-bowel-without-resection	Intrathoracic Esophageal Anastomosis with Stomach or Bowel without Resection	Intratorakalna anastomoza ezofagusa s želucem ili crijevom bez resekcije	17	NULL
6897	jejunum-or-colon-interposition-for-intrathoracic-esophageal-anastomosis	Jejunum or Colon Interposition for Intrathoracic Esophageal Anastomosis	Interpozicija jejunuma i kolona kod intratorakalne anastomoze ezofagusa	17	NULL
6898	transthoracic-esophagocardiomyotomy-with-hiatus-repair	Transthoracic Esophagocardiomyotomy with Hiatus Repair	Transtorakalna ezofago-kardiomiotomija sa eventualnom reparacijom hijatusa	17	NULL
6899	other-esophageal-repair-cardioplasty-fistula-closure-diverticulum-resection-transthoracic	Other Esophageal Repair, Cardioplasty, Fistula Closure, Diverticulum Resection (Transthoracic)	Druge reparacije jednjaka, kardioplastika, zbrinjavanje fistule, resekcija divertikuluma transtorakalno	17	NULL
6900	zenker-diverticulum-resection	Zenker Diverticulum Resection	Resekcija Zenkerovog divertikuluma	17	NULL
6901	endoscopic-esophageal-stent-application	Endoscopic Esophageal Stent Application	Endoskopska aplikacija ezofagealnog stenta	17	NULL
6902	endoscopic-esophageal-dilatation	Endoscopic Esophageal Dilatation	Endoskopska dilatacija jednjaka	17	NULL
6903	palliative-mastectomy-for-malignancy	Palliative Mastectomy for Malignancy	Palijativna ablacija dojke zbog malignog procesa	17	NULL
6904	radical-mastectomy-with-axillary-evacuation	Radical Mastectomy with Axillary Evacuation	Radikalna ablacija dojke zbog malignog procesa sa evakuacijom aksile	17	NULL
6905	madden-patey-modified-mastectomy-for-malignancy	Madden-Patey Modified Mastectomy for Malignancy	Ablacija dojke zbog malignog procesa modifikovanom Madden-Patey metodom	17	NULL
6906	breast-alloplasty	Breast Alloplasty	Aloplastika dojke	17	NULL
6908	whole-blood-unit-rh-positive	Whole Blood Unit Rh Positive	Jedinica cijele krvi - Rh pozitivna	NULL	NULL
6909	whole-blood-unit-rh-negative	Whole Blood Unit Rh Negative	Jedinica cijele krvi - Rh negativna	NULL	NULL
6910	packed-red-blood-cells-unit-rh-positive	Packed Red Blood Cells Unit Rh Positive	Jedinica deplazmatisanih eritrocita - Rh pozitivna	NULL	NULL
6911	packed-red-blood-cells-unit-rh-negative	Packed Red Blood Cells Unit Rh Negative	Jedinica deplazmatisanih eritrocita - Rh negativna	NULL	NULL
6912	plasma-unit-rh-positive	Plasma Unit Rh Positive	Jedinica plazme - Rh pozitivna	NULL	NULL
6913	plasma-unit-rh-negative	Plasma Unit Rh Negative	Jedinica plazme - Rh negativna	NULL	NULL
6914	standard-platelet-concentrate-unit-rh-positive	Standard Platelet Concentrate Unit Rh Positive	Jedinica standardnog trombocitnog koncentrata - Rh pozitivna	NULL	NULL
6915	standard-platelet-concentrate-unit-rh-negative	Standard Platelet Concentrate Unit Rh Negative	Jedinica standardnog trombocitnog koncentrata - Rh negativna	NULL	NULL
6916	cryoprecipitate-unit-rh-positive	Cryoprecipitate Unit Rh Positive	Jedinica krioprecipitata - Rh pozitivna	NULL	NULL
6917	cryoprecipitate-unit-rh-negative	Cryoprecipitate Unit Rh Negative	Jedinica krioprecipitata - Rh negativna	NULL	NULL
6918	initial-hospital-workup	Initial Hospital Workup	Početna bolnička obrada	NULL	NULL
6919	follow-up-hospital-round	Follow-up Hospital Round	Dalja bolnička obrada (vizita)	NULL	NULL
6920	hospital-discharge-letter	Hospital Discharge Letter	Otpusno pismo	NULL	Discharge Summary ; Otpusna lista
6921	specialist-consultative-examination	Specialist Consultative Examination	Konsultativni pregled specijaliste	NULL	NULL
6922	professor-consultative-examination	Professor Consultative Examination	Konsultativni pregled profesora	NULL	NULL
6923	nursing-care-discharge-letter	Nursing Care Discharge Letter	Otpusno pismo zdravstvene njege	NULL	NULL
6924	newborn-discharge	Newborn Discharge	Otpust novorođenčeta	NULL	NULL
6925	newborn-initial-hospital-workup	Newborn Initial Hospital Workup	Početna bolnička obrada novorođenčeta	NULL	NULL
6926	infant-initial-hospital-workup	Infant Initial Hospital Workup	Početna bolnička obrada odojčeta	NULL	NULL
6927	child-initial-hospital-workup	Child Initial Hospital Workup	Početna bolnička obrada djeteta	NULL	NULL
6928	initial-hospital-workup-of-involuntarily-hospitalized-patient	Initial Hospital Workup of Involuntarily Hospitalized Patient	Početna bolnička obrada prisilno hospitalizovanog pacijenta	NULL	NULL
6929	newborn-follow-up-hospital-round	Newborn Follow-up Hospital Round	Dalja bolnička obrada novorođenčeta	NULL	NULL
6930	infant-follow-up-hospital-round	Infant Follow-up Hospital Round	Dalja bolnička obrada odojčeta	NULL	NULL
6931	child-follow-up-hospital-round	Child Follow-up Hospital Round	Dalja bolnička obrada djeteta	NULL	NULL
6932	hospital-care-for-involuntarily-hospitalized-patient	Hospital Care for Involuntarily Hospitalized Patients and Patients under Compulsory Treatment Order	Bolnička obrada prisilno hospitalizovanih pacijenata i pacijenata sa mjerom obaveznog liječenja i čuvanja	NULL	NULL
6933	consilium-medical-examination	Consilium Medical Examination	Konzilijarni pregled	NULL	Lekarski konzilijum ; Ljekarski konzilijum
6934	intensive-nursing-care-for-children-1-month-to-7-years	Intensive Nursing Care for Children 1 Month to 7 Years	Intenzivna njega za dijete od 1 mjeseca do 7 godina	NULL	NULL
6935	intensive-nursing-care-for-patients-over-7-years	Intensive Nursing Care for Patients Over 7 Years	Intenzivna njega za starije od 7 godina	NULL	NULL
6936	semi-intensive-nursing-care-for-children-1-month-to-7-years	Semi-Intensive Nursing Care for Children 1 Month to 7 Years	Poluintenzivna njega za dijete od 1 mjeseca do 7 godina	NULL	NULL
6937	semi-intensive-nursing-care-for-patients-over-7-years	Semi-Intensive Nursing Care for Patients Over 7 Years	Poluintenzivna njega za starije od 7 godina	NULL	NULL
6938	standard-nursing-care-for-patients-over-7-years	Standard Nursing Care for Patients Over 7 Years	Obična njega za starije od 7 godina	NULL	NULL
6939	newborn-standard-nursing-care	Newborn Standard Nursing Care	Obična njega novorođenčeta	NULL	NULL
6940	newborn-incubator-semi-intensive-care	Newborn Incubator Semi-Intensive Care	Njega novorođenčeta - inkubator - poluintenzivna njega	NULL	NULL
6941	chronic-patient-nursing-care	Chronic Patient Nursing Care	Njega hroničara	NULL	NULL
6942	delivery-room-usage-per-birth	Delivery Room Usage Per Birth	Upotreba porođajne sale po porođaju	7	NULL
6943	food-costs-for-children-under-1-year	Food Costs for Children Under 1 Year	Troškovi ishrane djece do 1 godine	NULL	NULL
6944	food-costs-for-patients-over-1-year	Food Costs for Patients Over 1 Year	Troškovi ishrane za starije od 1 godine	NULL	NULL
6945	non-medical-bed-day-cost-general-and-special-hospitals	Non-Medical Bed-Day Costs in General and Special Hospitals	Nemedicinski dio bolničkog dana - opšte i specijalne bolnice	NULL	Non-Medical Bed-Day Cost General and Special Hospitals
6946	non-medical-bed-day-cost-intensive-coronary-and-neonatal	Non-Medical Bed-Day Costs in Intensive Care, Coronary Care and Neonatal Units	Nemedicinski dio bolničkog dana u intenzivnoj njezi, koronarnoj jedinici i neonatologiji	NULL	Non-Medical Bed-Day Cost Intensive Coronary and Neonatal
6947	companion-boarding-general-and-special-hospitals	Companion Boarding General and Special Hospitals	Pansion pratioca - opšte i specijalne bolnice	NULL	NULL
6948	operating-theatre-costs-tier-i-5-to-20-points	Operating Theatre Costs in General Hospitals (Operations of 5 to 20 Points)	Troškovi operacione sale u opštim bolnicama (operacije od 5 do 20 bodova)	NULL	Operating Theatre Costs Tier I 5 to 20 Points
6949	operating-theatre-costs-tier-i-21-to-50-points	Operating Theatre Costs in General Hospitals (Operations of 21 to 50 Points)	Troškovi operacione sale u opštim bolnicama (operacije od 21 do 50 bodova)	NULL	Operating Theatre Costs Tier I 21 to 50 Points
6950	operating-theatre-costs-tier-i-51-to-120-points	Operating Theatre Costs in General Hospitals (Operations of 51 to 120 Points)	Troškovi operacione sale u opštim bolnicama (operacije od 51 do 120 bodova)	NULL	Operating Theatre Costs Tier I 51 to 120 Points
6951	operating-theatre-costs-tier-i-121-to-180-points	Operating Theatre Costs in General Hospitals (Operations of 121 to 180 Points)	Troškovi operacione sale u opštim bolnicama (operacije od 121 do 180 bodova)	NULL	Operating Theatre Costs Tier I 121 to 180 Points
6952	operating-theatre-costs-tier-i-over-180-points	Operating Theatre Costs in General Hospitals (Operations of More than 180 Points)	Troškovi operacione sale u opštim bolnicama (operacije preko 180 bodova)	NULL	Operating Theatre Costs Tier I Over 180 Points
6953	operating-theatre-costs-tier-ii-5-to-20-points	Operating Theatre Costs in Clinical Centre and Special Hospitals (Operations of 5 to 20 Points)	Troškovi operacionog bloka Kliničkog centra i specijalnih bolnica (operacije od 5 do 20 bodova)	NULL	Operating Theatre Costs Tier II 5 to 20 Points
6954	operating-theatre-costs-tier-ii-21-to-50-points	Operating Theatre Costs in Clinical Centre and Special Hospitals (Operations of 21 to 50 Points)	Troškovi operacionog bloka Kliničkog centra i specijalnih bolnica (operacije od 21 do 50 bodova)	NULL	Operating Theatre Costs Tier II 21 to 50 Points
6955	operating-theatre-costs-tier-ii-51-to-120-points	Operating Theatre Costs in Clinical Centre and Special Hospitals (Operations of 51 to 120 Points)	Troškovi operacionog bloka Kliničkog centra i specijalnih bolnica (operacije od 51 do 120 bodova)	NULL	Operating Theatre Costs Tier II 51 to 120 Points
6956	operating-theatre-costs-tier-ii-121-to-180-points	Operating Theatre Costs in Clinical Centre and Special Hospitals (Operations of 121 to 180 Points)	Troškovi operacionog bloka Kliničkog centra i specijalnih bolnica (operacije od 121 do 180 bodova)	NULL	Operating Theatre Costs Tier II 121 to 180 Points
6957	operating-theatre-costs-tier-ii-over-180-points	Operating Theatre Costs in Clinical Centre and Special Hospitals (Operations of More than 180 Points)	Troškovi operacionog bloka Kliničkog centra i specijalnih bolnica (operacije preko 180 bodova)	NULL	Operating Theatre Costs Tier II Over 180 Points
6958	maternity-ward-stay-first-6-days-after-birth	Maternity Ward Stay First 6 Days After Birth	Boravak u porodilištu - prvih 6 dana poslije porođaja	NULL	NULL
6959	newborn-box-stay-first-6-days	Newborn Box Stay First 6 Days	Boravak u boksu za novorođenčad - prvih 6 dana	NULL	NULL
6960	intensive-care-bed-day	Intensive Care Bed-Day	Boravak u intenzivnoj njezi	NULL	NULL
6961	semi-intensive-care-bed-day	Semi-Intensive Care Bed-Day	Jedan dan boravka u poluintenzivnoj njezi	NULL	NULL
6962	standard-care-bed-day	Standard Care Bed-Day	Boravak u običnoj njezi	NULL	NULL
6963	inpatient-abortion-procedure	Inpatient Abortion Procedure	Abortus na odjeljenju	NULL	Prekid trudnoće ; Termination of Pregnancy
6964	operation-small-dressing-i	Small Surgical Dressing I	Mali zavoj I (operativni)	31	Operation Small Dressing I
6965	operation-small-dressing-ii	Small Surgical Dressing II	Mali zavoj II (operativni)	31	Operation Small Dressing II
6966	operation-medium-dressing-i	Medium Surgical Dressing I	Srednji zavoj I (operativni)	31	Operation Medium Dressing I
6967	operation-medium-dressing-ii	Medium Surgical Dressing II	Srednji zavoj II (operativni)	31	Operation Medium Dressing II
6968	operation-large-dressing	Large Surgical Dressing	Veliki zavoj (operativni)	31	Operation Large Dressing
6969	injection-materials-consumption	Consumables for Injections	Utrošak materijala kod davanja injekcija	29	Injection Materials Consumption
6970	ambulatory-small-dressing	Small Outpatient Dressing	Mali zavoj (ambulantni)	31	Ambulatory Small Dressing
6971	ambulatory-medium-dressing	Medium Outpatient Dressing	Srednji zavoj (ambulantni)	31	Ambulatory Medium Dressing
6972	ambulatory-large-dressing	Large Outpatient Dressing	Veliki zavoj (ambulantni)	31	Ambulatory Large Dressing
6973	plaster-body-jacket-including-head	Plaster Body Jacket Including Head	Gipsani žaket za tijelo uključujući glavu	10	NULL
6974	shoulder-plaster-cast-under-10-years	Shoulder Plaster Cast Under 10 Years	Gipsani zavoj ramena ispod 10 godina	10	NULL
6975	shoulder-plaster-cast-over-10-years	Shoulder Plaster Cast Over 10 Years	Gipsani zavoj ramena iznad 10 godina	10	NULL
6976	shoulder-to-fingers-plaster-cast-under-10-years	Shoulder to Fingers Plaster Cast Under 10 Years	Gipsani zavoj od ramena do prstiju ispod 10 godina	10	NULL
6977	shoulder-to-fingers-plaster-cast-over-10-years	Shoulder to Fingers Plaster Cast Over 10 Years	Gipsani zavoj od ramena do prstiju iznad 10 godina	10	NULL
6978	elbow-plaster-cast-under-10-years	Elbow Plaster Cast Under 10 Years	Gipsani zavoj lakta ispod 10 godina	10	NULL
6979	elbow-plaster-cast-over-10-years	Elbow Plaster Cast Over 10 Years	Gipsani zavoj lakta iznad 10 godina	10	NULL
6980	forearm-and-hand-plaster-cast-under-10-years	Forearm and Hand Plaster Cast Under 10 Years	Gipsani zavoj podlaktice i šake ispod 10 godina	10	NULL
6981	forearm-and-hand-plaster-cast-over-10-years	Forearm and Hand Plaster Cast Over 10 Years	Gipsani zavoj podlaktice i šake iznad 10 godina	10	NULL
6982	arm-splint-shoulder-to-hand-under-10-years	Arm Splint Shoulder to Hand Under 10 Years	Longeta ruke od ramena do šake ispod 10 godina	10	NULL
6983	arm-splint-shoulder-to-hand-over-10-years	Arm Splint Shoulder to Hand Over 10 Years	Longeta ruke od ramena do šake iznad 10 godina	10	NULL
6984	forearm-and-hand-splint-under-10-years	Forearm and Hand Splint Under 10 Years	Longeta podlaktice i šake ispod 10 godina	10	NULL
6985	forearm-and-hand-splint-over-10-years	Forearm and Hand Splint Over 10 Years	Longeta podlaktice i šake iznad 10 godina	10	NULL
6986	thorax-fixation-cast	Thorax Fixation Bandage (Plaster Material)	Fiksacioni zavoj toraksa (utrošak gipsanog zavoja)	10	NULL
6987	pelvis-fixation-cast	Pelvis Fixation Cast	Fiksacioni zavoj karlice	10	NULL
6988	shoulder-velpeau-fixation-cast	Shoulder Velpeau Fixation Cast	Fiksacioni zavoj ramena (Velpov)	10	NULL
6989	elbow-or-wrist-joint-fixation-cast	Elbow or Wrist Fixation Bandage (Plaster Material)	Fiksacioni zavoj lakta ili zgloba ručja (utrošak gipsanog zavoja)	10	NULL
6990	hip-fixation-cast	Hip Fixation Cast	Fiksacioni zavoj kuka	10	NULL
6991	knee-fixation-cast	Knee Fixation Bandage (Plaster Material)	Fiksacioni zavoj koljena (utrošak gipsanog zavoja)	10	NULL
6992	ankle-fixation-cast	Ankle Fixation Bandage (Plaster Material)	Fiksacioni zavoj gležnja (utrošak gipsanog zavoja)	10	NULL
6993	unilateral-hip-plaster-cast-under-10-years	Unilateral Hip Plaster Cast Under 10 Years	Gipsani zavoj kuka unilateralni ispod 10 godina	10	NULL
6994	unilateral-hip-plaster-cast-over-10-years	Unilateral Hip Plaster Cast Over 10 Years	Gipsani zavoj kuka unilateralni iznad 10 godina	10	NULL
6995	bilateral-hip-plaster-cast-under-10-years	Bilateral Hip Plaster Cast Under 10 Years	Gipsani zavoj kuka bilateralni ispod 10 godina	10	NULL
6996	bilateral-hip-plaster-cast-over-10-years	Bilateral Hip Plaster Cast Over 10 Years	Gipsani zavoj kuka bilateralni iznad 10 godina	10	NULL
6997	leg-plaster-cast-hip-to-toes-under-10-years	Leg Plaster Cast Hip to Toes Under 10 Years	Gipsani zavoj noge od kuka do prstiju ispod 10 godina	10	NULL
6998	leg-plaster-cast-hip-to-toes-over-10-years	Leg Plaster Cast Hip to Toes Over 10 Years	Gipsani zavoj noge od kuka do prstiju iznad 10 godina	10	NULL
6999	plaster-cylinder-hip-to-ankle-under-10-years	Plaster Cylinder Hip to Ankle Under 10 Years	Gipsani cilindar od kuka do gležnja ispod 10 godina	10	NULL
7000	plaster-cylinder-hip-to-ankle-over-10-years	Plaster Cylinder Hip to Ankle Over 10 Years	Gipsani cilindar od kuka do gležnja iznad 10 godina	10	NULL
7001	lower-leg-plaster-knee-to-toes-under-10-years	Lower Leg Plaster Knee to Toes Under 10 Years	Gips potkoljenice od koljena do prstiju ispod 10 godina	10	NULL
7002	lower-leg-plaster-knee-to-toes-over-10-years	Lower Leg Plaster Knee to Toes Over 10 Years	Gips potkoljenice od koljena do prstiju iznad 10 godina	10	NULL
7003	walking-or-ambulatory-plaster-cast-under-10-years	Walking or Ambulatory Plaster Cast Under 10 Years	Gips za kretanje ili ambulantni gips ispod 10 godina	10	NULL
7004	walking-or-ambulatory-plaster-cast-over-10-years	Walking or Ambulatory Plaster Cast Over 10 Years	Gips za kretanje ili ambulantni gips iznad 10 godina	10	NULL
7005	plaster-splint-hip-to-ankle-and-toes-under-10-years	Plaster Splint Hip to Ankle and Toes Under 10 Years	Gipsane longete od kuka do gležnja i prstiju ispod 10 godina	10	NULL
7006	plaster-splint-hip-to-ankle-and-toes-over-10-years	Plaster Splint Hip to Ankle and Toes Over 10 Years	Gipsane longete od kuka do gležnja i prstiju iznad 10 godina	10	NULL
7007	lower-leg-to-foot-plaster-splint-under-10-years	Lower Leg to Foot Plaster Splint Under 10 Years	Gipsana longeta potkoljenice do stopala ispod 10 godina	10	NULL
7008	lower-leg-to-foot-plaster-splint-over-10-years	Lower Leg to Foot Plaster Splint Over 10 Years	Gipsana longeta potkoljenice do stopala iznad 10 godina	10	NULL
7009	plaster-body-jacket	Plaster Body Jacket	Gipsani žaket za tijelo	10	NULL
7010	shoulder-to-hip-plaster-cast	Shoulder to Hip Plaster Cast	Gipsani zavoj od ramena do kuka	10	NULL
7011	on-call-doctor-specialist-examination	On-Call Specialist Examination	Specijalistički pregled dežurnog ljekara	NULL	On-Call Doctor Specialist Examination ; Pregled dežurnog lekara
7012	cardiac-rehabilitation-bed-day	Cardiac Rehabilitation Bed-Day	Bolnički dan kardiološke rehabilitacije	8	Kardiorehabilitacija
7013	preventive-examination-up-to-age-1	Preventive Examination Up to Age 1	Preventivni pregled u dobi do 1. godine života	25	NULL
7014	preventive-examination-at-age-2	Preventive Examination at Age 2	Preventivni pregled djece u 2. godini života	25	NULL
7015	preventive-examination-at-age-4	Preventive Examination at Age 4	Preventivni pregled djece u 4. godini života	25	NULL
7016	preventive-examination-before-primary-school	Preventive Examination Before Primary School	Preventivni pregled pred polazak u osnovnu školu	25	NULL
7017	primary-school-preventive-examination	Primary School Preventive Examination	Preventivni pregled u osnovnoj školi (2, 4, 6 i poslednji razred)	25	NULL
7018	secondary-school-preventive-systematic-examination	Secondary School Preventive Systematic Examination	Preventivni sistematski pregled učenika u prvom i trećem razredu srednje škole	25	NULL
7019	student-systematic-preventive-examination	Student Systematic Preventive Examination	Preventivni sistematski pregled studenata na prvoj i trećoj godini studija	9	NULL
7020	systematic-preventive-examination-for-patients-over-65	Systematic Preventive Examination for Patients Over 65	Preventivni sistematski pregled osoba starijih od 65 godina	9	NULL
7021	follow-up-examination-after-preventive-examination	Follow-up Examination After Preventive Examination	Kontrolni pregled nakon preventivnog pregleda	9	NULL
7022	pregnancy-preventive-examination-by-calendar	Scheduled Preventive Pregnancy Examination	Preventivni pregled trudnice po kalendaru	7	Pregnancy Preventive Examination by Calendar
7023	pediatric-vaccination-and-revaccination-by-schedule	Pediatric Vaccination and Revaccination by Schedule	Vakcinacija i revakcinacija djece i omladine po kalendaru vakcinacije	25,29	NULL
7024	influenza-vaccination-for-patients-over-65	Influenza Vaccination for Patients Over 65	Vakcinacija starijih od 65 godina protiv gripa	29	NULL
7025	immunoprophylaxis-and-chemoprophylaxis-for-infectious-disease-prevention	Immunoprophylaxis and Chemoprophylaxis for Infectious Disease Prevention	Imunoprofilaksa, imunoprofilaksa sa serumom i hemoprofilaksa za sprječavanje zaraznih bolesti	29	Imunoprofilaksa, imunoprofilaksa sa serumom i hemoprofilaksa za sprečavanje zaraznih bolesti
7026	cardiovascular-risk-preventive-examination-adults-over-40	Cardiovascular Risk Preventive Examination Adults Over 40	Preventivni pregled muškaraca nakon 40. godine i žena nakon 45. godine za rano otkrivanje povišenog krvnog pritiska, holesterola, triglicerida i rizika kardiovaskularnih bolesti	8	NULL
7027	breast-cancer-early-detection-examination	Breast Cancer Early Detection Examination	Pregled za rano otkrivanje raka dojke	NULL	NULL
7028	first-curative-examination	First Curative Examination	Prvi kurativni pregled	9	NULL
7029	follow-up-curative-examination	Follow-up Curative Examination	Ponovni kurativni pregled (kontrolni)	9	NULL
7030	pre-operative-outpatient-examination-general-anesthesia	Pre-Operative Outpatient Examination General Anesthesia	Pregled pacijenta koji se ambulantno sprovodi za operacije u opštoj anesteziji	9	NULL
7031	brief-doctor-visit-without-examination	Brief Doctor Visit Without Examination	Kratka posjeta doktoru bez pregleda	9	NULL
7032	home-visit-first-curative-examination-up-to-5-km	Home Visit First Curative Examination Up to 5 km	Prvi kurativni pregled u kući osiguranika do 5 km od ambulante	9	NULL
7033	home-visit-first-curative-examination-5-to-15-km	Home Visit First Curative Examination 5 to 15 km	Prvi kurativni pregled u kući osiguranika 5-15 km od ambulante	9	NULL
7034	home-visit-first-curative-examination-over-15-km	Home Visit First Curative Examination Over 15 km	Prvi kurativni pregled u kući osiguranika preko 15 km od ambulante	9	NULL
7035	home-visit-brief-doctor-visit-up-to-5-km	Home Visit Brief Doctor Visit Up to 5 km	Kratka posjeta doktoru u kući osiguranika do 5 km od ambulante	9	NULL
7036	home-visit-follow-up-curative-examination-5-to-15-km	Home Visit Follow-up Curative Examination 5 to 15 km	Ponovni kurativni pregled u kući osiguranika 5-15 km od ambulante	9	NULL
7037	home-visit-follow-up-curative-examination-over-15-km	Home Visit Follow-up Curative Examination Over 15 km	Ponovni kurativni pregled u kući osiguranika preko 15 km od ambulante	9	NULL
7038	doctor-visit-for-ipk-workup	Doctor Visit for IPK Workup	Posjeta doktoru radi obrade za IPK	9	NULL
7039	mononucleosis-test	Mononucleosis Test	Test mononukleoze	28	NULL
7041	foreign-body-removal-from-ear	Foreign Body Removal from Ear	Odstranjivanje stranog tijela iz uha	11	NULL
7042	foreign-body-removal-from-throat	Foreign Body Removal from Throat	Odstranjivanje stranog tijela iz grla	11	Fish Bone Removal from Throat ; Foreign Body Removal Throat ; Uklanjanje stranog tela iz grla ; Uklanjanje stranog tijela iz grla ; Vađenje riblje kosti iz grla
7043	foreign-body-removal-from-nose	Foreign Body Removal from Nose	Odstranjivanje stranog tijela iz nosa	11	Uklanjanje stranog tijela iz nosa
7044	local-anesthesia-administration	Local Anesthesia Administration	Davanje lokalne anestezije	29	NULL
7047	routine-swab-sample-collection	Routine Swab Sample Collection	Uzimanje brisova za rutinsku analizu	28	NULL
7048	anterior-hematoma-puncture	Subcutaneous Hematoma Puncture	Punkcija potkožnih hematoma	NULL	Anterior Hematoma Puncture
7049	gastrostomy-site-care	Gastrostomy Site Care	Toaleta gastrostome	31	NULL
7051	wound-care-without-suturing	Wound Care Without Suturing	Obrađivanje rane bez šivanja	31	NULL
7053	fixation-bandage	Fixation Bandage	Fiksacioni zavoj	10	NULL
7054	fixation	Fixation	Fiksacija	10	NULL
7055	local-drug-application-subcutaneous-and-intramuscular	Local Drug Application Subcutaneous and Intramuscular	Lokalno apliciranje lijeka subkutano i intramuskularno	29	NULL
7056	burn-wound-care	Burn Wound Care	Obrada opekotina	31	NULL
7057	eye-foreign-body-removal-cornea	Eye Foreign Body Removal Cornea	Odstranjivanje stranog tijela iz oka (rožnjača)	23	NULL
7059	enema-administration-medium	Enema Administration (Medium)	Davanje klizme (srednja)	29	Enema Administration Medium
7060	gastric-sounding-and-lavage	Gastric Sounding and Lavage	Sondiranje i ispiranje želuca	13	NULL
7061	indwelling-catheter-placement	Indwelling Catheter Placement	Namještanje trajnog katetera	22	NULL
7062	intravenous-cannula-placement	Intravenous Cannula Placement	Postavljanje kanile u venu	29	NULL
7066	wound-suturing-under-local-anesthesia	Wound Suturing Under Local Anesthesia	Obrada rane sa šivanjem uz lokalnu anesteziju	31	Laceration Repair ; Šivenje rane ; Zbrinjavanje rane sa ušivanjem
7068	pregnancy-preventive-examination-first-trimester	Pregnancy Preventive Examination First Trimester	Preventivni pregled u toku trudnoće (I trimestar)	7	NULL
7069	gynecological-preventive-visit	Gynecological Preventive Visit	Preventivni odlazak ginekologu kod žena u četvrtoj godini ili bez trudnoće sa 35+	7	NULL
7071	postpartum-examination-at-6-weeks	Postpartum Examination at 6 Weeks	Pregled i savjetovanje 6 nedjelja nakon porođaja	7	NULL
7072	post-abortion-examination-and-counseling	Post-Abortion Examination and Counseling	Pregled i savjetovanje nakon spontanog ili induciranog abortusa	7	NULL
7073	post-ectopic-pregnancy-examination-and-counseling	Post-Ectopic Pregnancy Examination and Counseling	Pregled i savjetovanje nakon ekstrauterine gravidarne	7	NULL
7074	reproductive-age-women-preventive-examination-with-pap-test	Reproductive Age Women Preventive Examination with PAP Test	Preventivni pregled žena u reproduktivnom dobu PAP test	7	NULL
7075	first-specialist-curative-gynecological-examination	First Specialist Curative Gynecological Examination	Prvi kurativni pregled žena (specijalistički)	7	NULL
7076	follow-up-specialist-curative-gynecological-examination	Follow-up Specialist Curative Gynecological Examination	Ponovni kurativni pregled žena kontrolni specijalistički	7	NULL
7077	brief-gynecologist-visit-without-examination	Brief Gynecologist Visit Without Examination	Kratka posjeta ginekologu bez ponovnog pregleda	7	NULL
7078	contraceptive-device-check	Contraceptive Device Check	Kontrola maternalnog kontraceptivnog sredstva	7	NULL
7079	vaginal-suppository-application	Vaginal Suppository Application	Lokalno apliciranje lijeka vaginalete	7	NULL
7080	cervical-drug-application	Cervical Drug Application	Lokalna aplikacija lijeka na grlić materice	7	NULL
7084	bartholin-gland-and-vulva-incision-and-drainage	Bartholin Gland and Vulva Incision and Drainage	Incizija i drenaža Bartolinijeve žljezde i vulve	7	NULL
7086	vulva-biopsy-with-lab-analysis	Vulva Biopsy with Lab Analysis	Uzimanje biopsije vulve sa slanjem na analizu	7,28	NULL
7087	cervical-biopsy-with-lab-analysis	Cervical Biopsy with Lab Analysis	Uzimanje biopsije cerviksa sa slanjem na analizu	7,28	NULL
7088	endometrial-biopsy-with-lab-analysis	Endometrial Biopsy with Lab Analysis	Uzimanje biopsije endometrijuma sa slanjem na analizu	7,28	NULL
7091	adult-examination-for-registered-tb	Adult Examination for Registered TB	Pregled odraslih po registrovanim TBC	12	NULL
7092	tb-contact-tracing-examination	TB Contact Tracing Examination	Pregled osoba u kontaktu sa TBC	12	NULL
7093	patient-examination-with-chemoprophylaxis	Patient Examination with Chemoprophylaxis	Pregled bolesnika sa hemoprofilaksom	12	NULL
7094	first-pulmonologist-curative-examination	First Pulmonologist Curative Examination	Prvi kurativni pregled pulmolog specijalistički	12	NULL
7095	follow-up-pulmonologist-curative-examination	Follow-up Pulmonologist Curative Examination	Ponovni kurativni pregled pulmolog specijalistički	12	NULL
7096	enema-administration-tb-center	Enema Administration TB Center	Davanje klistira (TBC centar)	29	NULL
7097	swab-collection-for-tb-analysis	Swab Collection for TB Analysis	Uzimanje brisova za analizu (TBC centar)	28	NULL
7098	inhalation-tb-center	Inhalation TB Center	Davanje inhalacije (TBC)	29	NULL
7099	local-drug-application-subcutaneous-intramuscular-tb	Local Drug Application Subcutaneous Intramuscular TB	Lokalno apliciranje lijeka subkutano i intramuskularno (TBC)	29	NULL
7100	directly-observed-treatment-for-tb-dots	Directly Observed Treatment for TB DOTS	Direktno opservirana terapija za TBC (DOTs)	29	NULL
7102	fluoroscopy-examination	Fluoroscopy Examination	Dijaskopski (fluo) pregled	12	NULL
7105	evacuation-pleural-puncture	Evacuation Pleural Puncture	Evakuaciona punkcija pleure	12	NULL
7107	brief-psychiatrist-visit-without-examination	Brief Psychiatrist Visit Without Examination	Kratka posjeta psihijatru bez ponovnog pregleda	NULL	NULL
7109	additional-individual-therapy	Additional Individual Therapy	Dodatna individualna terapija (verzodvalna)	NULL	NULL
7110	group-psychodynamic-and-sociodynamic-therapy	Group Psychodynamic and Sociodynamic Therapy	Grupna psihoterapija psihodinamičkih i sociodinamičkih konflikata	NULL	NULL
7114	brief-psychodiagnostic-interview	Brief Psychodiagnostic Interview	Kraći psihodijagnostički intervju	NULL	NULL
7115	pediatric-psychomotor-development-assessment	Pediatric Psychomotor Development Assessment	Procjena psihomotornog razvoja djeteta	25	NULL
7116	brief-pediatric-intellectual-status-test-under-15	Brief Pediatric Intellectual Status Test Under 15	Kratki klinički test procjene intelektualnog statusa djece do 15 godina	25	NULL
7117	brief-adult-intellectual-status-test	Brief Adult Intellectual Status Test	Kratki klinički test procjene intelektualnog statusa odraslih	NULL	NULL
7118	pediatric-personality-structure-assessment-under-15	Pediatric Personality Structure Assessment Under 15	Procjena strukture ličnosti djece do 15 godina	25	NULL
7120	pediatric-individual-function-clinical-testing-under-15	Pediatric Individual Function Clinical Testing Under 15	Kliničko ispitivanje pojedinačnih funkcija djece do 15 godina	25	NULL
7121	adult-individual-function-clinical-testing	Adult Individual Function Clinical Testing	Kliničko ispitivanje pojedinačnih funkcija odraslih	NULL	NULL
7122	results-processing-integration-and-report-writing	Results Processing and Report Writing (Psychiatry)	Obrada rezultata, integracija i pisanje nalaza (psihijatrija)	NULL	NULL
7124	family-counseling	Family Counseling	Savjet roditeljima i članovima porodice	NULL	NULL
7125	multidisciplinary-team-patient-consultation	Multidisciplinary Team Patient Consultation	Konsultacija stručnog tima o pacijentu	NULL	NULL
7131	organicity-assessment	Organicity Assessment	Procjena organicnosti	NULL	NULL
7132	special-needs-child-diagnostic-interview	Special Needs Child Diagnostic Interview	Dijagnostički intervju djeteta sa posebnim potrebama	25	NULL
7133	goodenough-intelligence-test-for-special-needs-children-under-14	Goodenough Intelligence Test for Special Needs Children Under 14	Procjena intelektualnih sposobnosti djeteta SPP do 14 godina Goodenough test	25	NULL
7134	binet-simon-intelligence-test-for-special-needs-children-under-14	Binet-Simon Intelligence Test for Special Needs Children Under 14	Procjena intelektualnih sposobnosti djeteta SPP do 14 godina Binet-Simon	25	NULL
7135	progressive-matrices-test-for-special-needs-children-under-14	Progressive Matrices Test for Special Needs Children Under 14	Procjena intelektualnih sposobnosti djeteta SPP do 14 godina Progresivne matrice	25	NULL
7136	viti-test-for-special-needs-children-under-14	Viti Test for Special Needs Children Under 14	Procjena intelektualnih sposobnosti djeteta SPP do 14 godina Viti test	25	NULL
7137	wechsler-bellevue-test-for-special-needs-children-over-14	Wechsler-Bellevue Test for Special Needs Children Over 14	Procjena intelektualnih sposobnosti djeteta SPP preko 14 godina W-B skala	25	NULL
7138	wechsler-bellevue-test-variant-for-special-needs-over-14	Wechsler-Bellevue Test Variant for Special Needs Over 14	Procjena intelektualnih sposobnosti djeteta SPP preko 14 godina W-B skala (alt)	25	NULL
7139	special-needs-child-psychomotor-development-assessment	Special Needs Child Psychomotor Development Assessment	Procjena psihomotornog razvoja djeteta sa posebnim potrebama	25	NULL
7140	special-needs-child-social-maturity-assessment	Special Needs Child Social Maturity Assessment	Procjena socijalne zrelosti djeteta sa posebnim potrebama	25	NULL
7141	multidisciplinary-developmental-disorder-patient-workup	Multidisciplinary Developmental Disorder Patient Workup	Timska obrada pacijenta sa smetnjama u razvoju	25	NULL
7142	play-diagnostic-assessment	Play Diagnostic Assessment	Dijagnostika igrom	25	NULL
7143	special-needs-child-personality-tests-underdeveloped	Special Needs Child Personality Tests Underdeveloped	Testovi ličnosti djeteta SPP - testovi nedovoljno razloženi	25	NULL
7144	special-needs-child-family-drawing-test	Special Needs Child Family Drawing Test	Testovi ličnosti djeteta SPP - Crteži porodice	25	NULL
7145	special-needs-child-ego-perception-test	Special Needs Child Ego Perception Test	Testovi ličnosti djeteta SPP - Test ego percepcije	25	NULL
7146	parental-counseling-work	Parental Counseling Work	Savjetodavni rad sa roditeljima	NULL	NULL
7147	school-or-kindergarten-pedagogue-counseling	School or Kindergarten Pedagogue Counseling	Savjet pedagoga škole ili vrtića	25	NULL
7148	data-processing	Data Processing	Obrada podataka	NULL	NULL
7149	results-integration-and-report-writing	Results Processing and Report Writing (Psychology)	Obrada rezultata, integracija i pisanje nalaza (psihologija)	NULL	NULL
7150	individual-preventive-therapy	Individual Preventive Therapy	Individualna preventivna terapija	NULL	NULL
7151	social-worker-counseling-and-intervention	Social Worker Counseling and Intervention	Socijalni radnik - savjetovanje i intervencije	NULL	NULL
7152	social-survey-interview	Social Survey Interview	Socijalna anketa intervju	NULL	NULL
7153	field-social-anamnesis	Field Social Anamnesis	Socijalna anamneza na terenu	NULL	NULL
7154	individual-sociotherapy	Individual Sociotherapy	Socio terapija individualna	NULL	NULL
7155	marital-sociotherapy	Marital Sociotherapy	Socio terapija bračna	NULL	NULL
7156	family-group-sociotherapy	Family Group Sociotherapy	Socio terapija porodična grupna	NULL	NULL
7157	family-sociotherapy	Family Sociotherapy	Socio terapija porodična	NULL	NULL
7158	individual-stress-sociotherapy	Individual Stress Sociotherapy	Socio terapija individualna stresna	NULL	NULL
7159	organized-sociotherapy	Organized Sociotherapy	Socio terapija organizovana	NULL	NULL
7160	expert-organized-assessment	Expert Organized Assessment	Vještačenje stručno organizovano	NULL	NULL
7161	legal-responsibility-assessment	Legal Responsibility Assessment	Vještačenje zakonske odgovornosti	NULL	NULL
7162	first-discharge-team-home-visit-up-to-5-km	First Discharge Team Home Visit Up to 5 km	Prva posjeta otpustnog tima u kući osiguranika do 5 km od Doma zdravlja	NULL	NULL
7163	first-discharge-team-home-visit-5-to-15-km	First Discharge Team Home Visit 5 to 15 km	Prva posjeta otpustnog tima 5-15 km od Doma zdravlja	NULL	NULL
7164	first-discharge-team-home-visit-over-15-km	First Discharge Team Home Visit Over 15 km	Prva posjeta otpustnog tima preko 15 km od Doma zdravlja	NULL	NULL
7165	follow-up-discharge-team-home-visit-up-to-5-km	Follow-up Discharge Team Home Visit Up to 5 km	Ponovna posjeta otpustnog tima do 5 km od Doma zdravlja	NULL	NULL
7166	follow-up-discharge-team-home-visit-5-to-15-km	Follow-up Discharge Team Home Visit 5 to 15 km	Ponovna posjeta otpustnog tima 5-15 km od Doma zdravlja	NULL	NULL
7167	follow-up-discharge-team-home-visit-over-15-km	Follow-up Discharge Team Home Visit Over 15 km	Ponovna posjeta otpustnog tima preko 15 km od Doma zdravlja	NULL	NULL
7168	methadone-administration	Methadone Administration	Davanje metadona	29	NULL
7169	high-risk-neonate-and-infant-preventive-examination	High-Risk Neonate and Infant Preventive Examination	Preventivni pregled rizičnog neonatusa i odojčeta	25	NULL
7170	high-risk-neonate-and-infant-follow-up-examination	High-Risk Neonate and Infant Follow-up Examination	Kontrolni preventivni pregled rizičnog neonatusa i odojčeta	25	NULL
7171	high-risk-child-preventive-examination	High-Risk Child Preventive Examination	Preventivni pregled rizične djece	25	NULL
7172	high-risk-child-follow-up-examination	High-Risk Child Follow-up Examination	Kontrolni preventivni pregled rizične djece	25	NULL
7173	developmental-disorder-child-preventive-examination	Developmental Disorder Child Preventive Examination	Preventivni pregled djeteta sa smetnjama u razvoju	25	NULL
7174	developmental-disorder-child-follow-up-examination	Developmental Disorder Child Follow-up Examination	Kontrolni preventivni pregled djeteta sa smetnjama u razvoju	25	NULL
7175	family-health-education-work	Family Health Education Work	Zdravstveno vaspitni rad sa porodicom	NULL	NULL
7176	parental-developmental-stimulation-training	Parental Developmental Stimulation Training	Obuka roditelja za stimulaciju razvoja	25	NULL
7177	group-health-education-work	Group Health Education Work	Zdravstveno vaspitni rad sa grupom	NULL	NULL
7178	visit-to-preschools-and-schools	Visit to Preschools and Schools	Posjeta objektima za kolektivni smještaj predškolske djece i školama	NULL	NULL
7179	first-pediatric-curative-examination	First Pediatric Curative Examination	Prvi kurativni pregled pedijatra	25	NULL
7180	pediatric-multidisciplinary-patient-workup	Pediatric Multidisciplinary Patient Workup	Timska obrada pacijenta pedijatrija	25	NULL
7181	pediatric-counseling	Pediatric Counseling	Savjet pedijatrije	25	Konsultacija pedijatra ; Pediatrician Consultation
7182	speech-therapy-preventive-examination	Speech Therapy Preventive Examination	Logopedski preventivni pregled	25	NULL
7183	pediatric-articulation-speech-therapy-assessment	Pediatric Articulation Speech Therapy Assessment	Logopedska procjena artikulacijskih sposobnosti djeteta	25	Logopedska procjena artikulacionih sposobnosti djeteta ; Speech Therapy Assessment of Child's Articulation Abilities
7184	speech-fluency-assessment	Speech Fluency Assessment	Logopedska procjena fluencije i tečenja	25	Logopedska procjena stepena i težine mucanja ; Speech Therapy Assessment of Stuttering Severity
7185	speech-development-assessment	Speech Development Assessment	Logopedska procjena govorne razvijenosti	25	NULL
7186	specific-reading-disorder-assessment	Specific Reading Disorder Assessment	Logopedska procjena specifičnih problema čitanja	25	Logopedska procjena specifičnih poremećaja učenja ; Speech Therapy Assessment of Specific Learning Disorders
7187	combined-logopedic-somatopedic-oligophrenological-psychomotor-assessment	Combined Logopedic Somatopedic Oligophrenological Psychomotor Assessment	Logopedska somatopedska i oligofrenološka procjena psihomotorne sposobnosti	25	Logopedska, somatopedska i oligofrenološka procjena ; Speech Therapy, Somatopedic and Oligophrenological Assessment
7188	developmental-defectology-assessment-small-child	Developmental Defectology Assessment Preschool Child	Defektološko ispitivanje malog djeteta	25	Defectological Examination of a Young Child
7189	developmental-defectology-assessment-school-child	Developmental Defectology Assessment School Child	Defektološko ispitivanje školskog djeteta	25	Defectological Examination of a School-Age Child
7190	articulation-and-motor-speech-therapy-treatment	Articulation and Motor Speech Therapy Treatment	Logopedski tretman poremećaja u artikulaciji i motorici	25	NULL
7191	stuttering-speech-therapy	Stuttering Speech Therapy	Logopedski tretman mucanja	25	NULL
7192	underdeveloped-speech-therapy-treatment	Underdeveloped Speech Therapy Treatment	Logopedski tretman djeteta sa nerazvijenim govorom	25	NULL
7193	individual-defectology-speech-therapy-treatment-for-spp	Individual Defectology Speech Therapy Treatment for SPP	Defektološki logopedski individualni tretman SPP	25	NULL
7194	psychomotor-instability-defectology-treatment	Psychomotor Instability Defectology Treatment	Defektološki tretman psihomotorne nestabilnosti	25	Defectological or Speech Therapy Treatment of a Child with PDD ; Defektološki ili logopedski tretman djeteta sa PSP
7195	group-defectology-work-with-parent-and-children	Group Defectology Work with Parent and Children	Grupni rad defektologa sa roditeljem i djecom	25	NULL
7196	individual-defectology-treatment-small-child	Individual Defectology Treatment Preschool Child	Defektološki individualni tretman malog djeteta	25	NULL
7197	group-defectology-treatment-small-child	Group Defectology Treatment Preschool Child	Defektološki grupni tretman malog djeteta	25	NULL
7198	individual-defectology-treatment-school-child	Individual Defectology Treatment School Child	Defektološki individualni tretman školskog djeteta	25	NULL
7199	group-defectology-treatment-school-child	Group Defectology Treatment School Child	Defektološki grupni tretman školskog djeteta	25	Defectological Group Treatment of a School-Age Child
7200	defectologist-parental-counseling	Defectologist Parental Counseling	Savjet roditeljima defektolog	25	Counseling for Parents ; Savjeti roditeljima
7201	pedagogical-assessment	Pedagogical Assessment	Pedagoška procjena	25	Consultation for School or Kindergarten Educator ; Savjet pedagogu škole ili vrtića
7202	defectology-multidisciplinary-patient-workup	Defectology Multidisciplinary Patient Workup	Timska obrada pacijenta defektolog	25	Team-Based Patient Evaluation ; Timska obrada pacijenta
7203	learning-disorder-defectology-speech-therapy	Learning Disorder Defectology Speech Therapy	Defektološki logopedski tretman pacijenta sa smetnjama u učenju	25	Defectological-Speech Therapy Treatment of a Child with Disabilities ; Defektološko-logopedski tretman djeteta sa smetnjama
7206	targeted-skull-region-x-ray-per-image	Targeted Skull Region X-Ray per Image	Snimanje pojedinih dijelova lobanje za svaki snimak	NULL	NULL
7207	paranasal-sinus-x-ray-per-image	Paranasal Sinus X-Ray per Image	Snimanje paranazalnih sinusa za svaki snimak	11	NULL
7209	extremity-x-ray-per-image	Extremity X-Ray per Image	Snimanje ekstremiteta za svaki snimak	3,10	Extremity X-Ray ; Limb X-Ray ; Rendgen ekstremiteta ; RTG ekstremiteta
7210	chest-ribs-or-sternum-x-ray-per-view	Chest Ribs or Sternum X-Ray per View	Snimanje toraksa rebra ili sternuma za svaku projekciju	NULL	NULL
7219	joint-and-soft-tissue-ultrasound	Joint and Soft Tissue Ultrasound	UZ pregled zglobova i mekih tkiva	10	NULL
7227	panoramic-dental-radiography	Panoramic Dental Radiography	Panoramska dentalna radiografija	20	NULL
7230	endodontic-canal-contrast-radiography	Endodontic Canal Contrast Radiography	Snimanje kanala sa kontrastom	20	NULL
7276	vaginal-smear-microscopy	Vaginal Smear Microscopy	Mikroskopski pregled vaginalnog brisa	28	NULL
7278	joint-fluid-native-preparation	Joint Fluid Native Preparation	Nativni preparat - artritis	28	NULL
7283	crp-latex-test	CRP Latex Test	CRP-LATEX	28	NULL
7289	crp-turbidimetry	CRP Turbidimetry	CRP-TURBIDOMETRIJA	28	NULL
7290	aso-turbidimetry	ASO Turbidimetry	ASTO-TURBIDOMETRIJA	28	NULL
7292	rheumatoid-factor-turbidimetry	Rheumatoid Factor Turbidimetry	REUMA FAKTOR (RF) TURBIDOMETRIJA	28	NULL
7303	hepatitis-a-test	Hepatitis A Test	Test hepatitis A	28	NULL
7304	hepatitis-b-test	Hepatitis B Test	Test hepatitis B	28	NULL
7305	hepatitis-c-test	Hepatitis C Test	Test hepatitis C	28	NULL
7306	adenovirus-test	Adenovirus Test	Test adenovirus	28	NULL
7307	complete-blood-count-with-differential	Complete Blood Count with Differential	KKS sa diferencijalnom krvnom slikom (CBC + DIF)	28	NULL
7319	fecal-occult-blood-qualitative	Fecal Occult Blood Qualitative	Hemoglobin u fecesu kvalitativno	28	NULL
7335	alpha-amylase-activity	Alpha Amylase Activity	Aktivnost alfa amilaze	28	NULL
7336	serum-urea-kinetic	Serum Urea Kinetic	Urea u serumu kinetički	28	NULL
7337	serum-creatinine	Serum Creatinine	Kreatinin u serumu	28	NULL
7338	c-reactive-protein-crp	C-Reactive Protein CRP	C-reaktivni protein CRP	28	NULL
7348	urine-protein-qualitative	Urine Protein Qualitative	Proteini u urinu kvalitativno	28	NULL
7349	urine-protein-quantitative	Urine Protein Quantitative	Proteini u urinu kvantitativno	28	NULL
7353	urine-hcg-strip-test	Urine hCG Strip Test	hCG u urinu test traka	28	NULL
7358	ldl-cholesterol-calculated	LDL Cholesterol Calculated	LDL holesterol računski	28	NULL
7362	newborn-and-family-home-patronage-visit	Newborn and Family Home Patronage Visit	Patronažna posjeta novorođenčetu i porodici	25	NULL
7363	home-patronage-visit-child-age-2	Home Patronage Visit Child Age 2	Patronažna posjeta djetetu u drugoj godini života	25	NULL
7364	home-patronage-visit-child-age-4	Home Patronage Visit Child Age 4	Patronažna posjeta djetetu u četvrtoj godini života	25	NULL
7365	pregnancy-patronage-visit-birth-and-newborn-care-preparation	Pregnancy Patronage Visit Birth and Newborn Care Preparation	Patronažna posjeta trudnici za pripremu na porod i njegu novorođenčeta	NULL	NULL
7366	postpartum-patronage-visit	Postpartum Patronage Visit	Patronažna posjeta babinjari	7	NULL
7367	patronage-visit-for-women-without-gynecological-visit-3-years	Patronage Visit for Women Without Gynecological Visit 3 Years	Patronažna posjeta ženama koje 3 godine nisu bile kod ginekologa	7	NULL
7368	senior-patronage-visit-over-65	Senior Patronage Visit Over 65	Patronažna posjeta osobama starijim od 65 godina	NULL	NULL
7369	chronic-patient-patronage-visit	Chronic Patient Patronage Visit	Patronažna posjeta hroničnom bolesniku	NULL	NULL
7370	active-tb-patient-patronage-visit	Active TB Patient Patronage Visit	Patronažna posjeta lica sa aktivnom TBC	12	NULL
7371	immobile-patient-patronage-visit	Immobile Patient Patronage Visit	Patronažna posjeta osobi nepokretnoj	NULL	NULL
7372	family-health-social-problem-patronage-visit	Family Health-Social Problem Patronage Visit	Patronažna posjeta porodici sa zdravstveno-socijalnim problemima	NULL	NULL
7373	family-with-elderly-or-disabled-member-patronage-visit	Family with Elderly or Disabled Member Patronage Visit	Patronažna posjeta porodici sa staroj ili invalidnoj osobi	NULL	NULL
7374	preventive-action-participation	Preventive Action Participation	Uključivanje u preventivne akcije	NULL	NULL
7375	health-education-group-work	Health Education Group Work	Zdravstveno vaspitni grupni rad	NULL	NULL
7376	chronic-patient-health-education	Chronic Patient Health Education	Zdravstveno vaspitni rad sa hroničnim bolesnicima	NULL	NULL
7377	patronage-nurse-treatment-visit-up-to-5-km	Patronage Nurse Treatment Visit Up to 5 km	Posjeta patronažne sestre za tretman do 5 km od Doma zdravlja	NULL	NULL
7378	patronage-nurse-treatment-visit-5-to-15-km	Patronage Nurse Treatment Visit 5 to 15 km	Posjeta patronažne sestre 5-15 km od Doma zdravlja	NULL	NULL
7379	patronage-nurse-treatment-visit-over-15-km	Patronage Nurse Treatment Visit Over 15 km	Posjeta patronažne sestre preko 15 km od Doma zdravlja	NULL	NULL
7380	patronage-nurse-infusion-visit-up-to-5-km	Patronage Nurse Infusion Visit Up to 5 km	Posjeta patronažne sestre za infuziju do 5 km	29	NULL
7381	patronage-nurse-infusion-visit-5-to-15-km	Patronage Nurse Infusion Visit 5 to 15 km	Posjeta patronažne sestre za infuziju 5-15 km	29	NULL
7382	patronage-nurse-infusion-visit-over-15-km	Patronage Nurse Infusion Visit Over 15 km	Posjeta patronažne sestre za infuziju preko 15 km	29	NULL
7386	ultraviolet-and-biogenic-lamp-treatment	Ultraviolet and Biogenic Lamp Treatment	Tretman ultraljubičastom i biogenom lampom	5	NULL
7388	galvanic-therapy	Galvanic Therapy	Galvanizacija	5	NULL
7390	transcutaneous-electrical-nerve-stimulation-tens	Transcutaneous Electrical Nerve Stimulation TENS	Transkutana nervna stimulacija TENS	5	NULL
7391	ktd-diathermy	KTD Diathermy	KTD diatermija	5	NULL
7392	muscle-electrical-stimulation	Muscle Electrical Stimulation	Elektrostimulacija mišića	5	NULL
7393	back-exercises	Back Exercises	Vježba leđa	5	NULL
7394	coordination-and-balance-exercises	Coordination and Balance Exercises	Vježbe koordinacije i balansa	5	NULL
7395	group-exercises-type-a	Group Exercises Type A	Grupne vježbe (tip A)	5	NULL
7396	group-exercises-type-b	Group Exercises Type B	Grupne vježbe (tip B)	5	NULL
7397	high-risk-infant-stimulation-exercises	High-Risk Infant Stimulation Exercises	Stimulativne vježbe za rizičnu bebu	5,25	NULL
7398	pediatric-play-therapy	Pediatric Play Therapy	Terapija igrom za djecu	5,25	NULL
7399	segmental-isokinetic-exercises	Segmental Isokinetic Exercises	Izokinetičke vježbe segmentne	5	NULL
7400	kinesiotherapy-for-spine-deformities	Kinesiotherapy for Spine Deformities	Kineziterapija kod deformiteta kičme	5,10	NULL
7401	cns-sensorimotor-development-stimulation	CNS Sensorimotor Development Stimulation	Stimulacija senzomotornog razvoja CNS specifične metode	5,25	NULL
7402	activities-of-daily-living-adl-test	Activities of Daily Living ADL Test	Test aktivnosti svakodnevnog života ADL	5	NULL
7403	patient-body-posture-training	Patient Body Posture Training	Obuka pacijenta zaštitnim položajima tijela	5	NULL
7404	physiotherapist-home-visit-up-to-5-km	Physiotherapist Home Visit Up to 5 km	Kućna posjeta fizioterapeuta do 5 km	5	NULL
7405	physiotherapist-home-visit-5-to-15-km	Physiotherapist Home Visit 5 to 15 km	Kućna posjeta fizioterapeuta 5-15 km	5	NULL
7406	physiotherapist-home-visit-over-15-km	Physiotherapist Home Visit Over 15 km	Kućna posjeta fizioterapeuta preko 15 km	5	NULL
7408	medical-transport-per-km	Medical Transport per km	Usluga sanitetskog prevoza po km	NULL	NULL
7409	specialist-examination-internist-surgeon-ophthalmologist	Specialist Examination (Internist Surgeon Ophthalmologist)	Specijalistički pregled (internista hirurg oftalmolog)	NULL	NULL
7412	hemodialysis-services	Hemodialysis Services	Usluge hemodijalize	NULL	NULL
7413	medical-certificate-for-low-risk-work	Medical Certificate for Low-Risk Work	Ljekarsko uvjerenje za rad bez povećanog rizika	NULL	NULL
7414	medical-certificate-low-risk-work-with-examination	Medical Certificate Low-Risk Work with Examination	Ljekarsko uvjerenje za rad bez povećanih rizika sa pregledom	9	NULL
7415	medical-certificate-for-high-risk-work	Medical Certificate for High-Risk Work	Ljekarsko uvjerenje za rad sa povećanim rizikom	NULL	NULL
7416	medical-certificate-for-significant-risk-work	Medical Certificate for Significant Risk Work	Ljekarsko uvjerenje za rad sa značajnim rizicima	NULL	NULL
7417	medical-certificate-for-class-a-and-b-drivers	Medical Certificate for Class A and B Drivers	Ljekarsko uvjerenje za vozače A i B kategorije	9	Ljekarsko uvjerenje za vozače amatere
7418	driver-class-c-d-e-health-examination	Driver Class C D E Health Examination	Kontrolni zdravstveni pregled vozača C, D, E	9	Ljekarsko uvjerenje za vozače C, D i E kategorije
7419	medical-certificate-for-educational-institutions	Medical Certificate for Educational Institutions	Ljekarsko uvjerenje za pristup obrazovnim ustanovama	NULL	NULL
7420	medical-certificate-for-visits-montenegro	Medical Certificate for Visits Montenegro	Ljekarsko uvjerenje za posjete (Crna Gora)	NULL	NULL
7421	medical-certificate-for-foreign-marriage	Medical Certificate for Foreign Marriage	Ljekarsko uvjerenje za sklapanje braka u inostranstvu	NULL	NULL
7422	medical-certificate-for-special-course	Medical Certificate for Special Course	Ljekarsko uvjerenje za poseban kurs	NULL	NULL
7423	medical-certificate-for-licensing	Medical Certificate for Licensing	Ljekarsko uvjerenje za određene kategorije licenci	NULL	NULL
7424	medical-certificate-for-continued-education	Medical Certificate for Continued Education	Ljekarsko uvjerenje za nastavak školovanja	NULL	NULL
7425	medical-certificate-for-pension	Medical Certificate for Pension	Ljekarsko uvjerenje za penziju	NULL	NULL
7426	medical-certificate-disability-suspicion	Medical Certificate Disability Suspicion	Ljekarsko uvjerenje sumnja na invaliditet	NULL	NULL
7427	medical-certificate-observation	Medical Certificate Observation	Ljekarsko uvjerenje opservacija	NULL	NULL
7428	medical-certificate-for-psychotropic-work-monitoring	Medical Certificate for Psychotropic Work Monitoring	Ljekarsko uvjerenje za pretragu nadzora rada s psihotropnim sredstvima	NULL	NULL
7429	medical-certificate-for-prison-visit	Medical Certificate for Prison Visit	Ljekarsko uvjerenje za posjetu osuđenicima	NULL	NULL
7430	medical-certificate-for-special-treatment	Medical Certificate for Special Treatment	Ljekarsko uvjerenje za posebne obrade	NULL	NULL
7431	medical-certificate-for-other-purposes	Medical Certificate for Other Purposes	Ljekarsko uvjerenje za druge potrebe	9	NULL
7432	pas-test	PAS Test	Test PAS	NULL	NULL
7434	sanitary-examination-for-food-service-and-healthcare-workers	Sanitary Examination for Food Service and Healthcare Workers	Sanitarni pregled za trgovce ugostitelje i zdravstvene radnike	NULL	NULL
7435	sanitary-examination-for-hairdressers-and-service-personnel	Sanitary Examination for Hairdressers and Service Personnel	Sanitarni pregled frizera i nasturavog osoblja	9	Sanitarni pregled za frizerske i kozmetičke salone
7436	tetanus-vaccination	Tetanus Vaccination	Vakcinacija protiv tetanusa	29	NULL
7437	hepatitis-b-vaccination	Hepatitis B Vaccination	Vakcinacija protiv hepatitisa B	29	NULL
7438	hepatitis-b-immunoglobulin	Hepatitis B Immunoglobulin	Imunoglobulin protiv hepatitisa B	29	NULL
7439	hepatitis-a-vaccination-avaxim	Hepatitis A Vaccination Avaxim	Vakcinacija protiv hepatitisa A Avaxim	29	NULL
7440	typhoid-vaccination-vivotif	Typhoid Vaccination Vivotif	Vakcinacija protiv tifusa Vivotif	29	NULL
7441	typhoid-immunoglobulin	Typhoid Immunoglobulin	Imunoglobulin protiv tifusa	29	NULL
7442	meningococcal-meningitis-vaccination	Meningococcal Meningitis Vaccination	Vakcinacija protiv meningokoknog meningitisa	29	NULL
7443	pneumococcal-vaccination-pneumo-23	Pneumococcal Vaccination Pneumo 23	Vakcinacija protiv pneumokoka Pneumo 23	29	NULL
7444	pneumococcal-vaccination-prevenar-13	Pneumococcal Vaccination Prevenar 13	Vakcinacija protiv pneumokoka Prevenar 13	29	NULL
7445	yellow-fever-vaccination	Yellow Fever Vaccination	Vakcinacija protiv žute groznice	29	NULL
7446	mmr-vaccination-priorix	MMR Vaccination Priorix	Vakcinacija MMR Priorix	29	NULL
7447	polio-vaccination-imovax	Polio Vaccination Imovax	Vakcinacija protiv dječje paralize Imovax polio	29	NULL
7448	haemophilus-influenzae-type-b-vaccination	Haemophilus Influenzae Type B Vaccination	Vakcinacija protiv hemofilus influenza tipa B	29	NULL
7449	influenza-vaccination	Influenza Vaccination	Vakcinacija protiv gripa	29	NULL
7450	tetanus-immunoglobulin	Tetanus Immunoglobulin	Imunoglobulin protiv tetanusa	29	NULL
7773	prescription-and-referral-issue	Prescription and Referral Issue	Izdavanje recepta i sl. spata	9	NULL
7796	hospitalization-for-degenerative-nervous-system-disorders-with-moderate-cc	Hospitalization for Degenerative Nervous System Disorders with Moderate CC	Degenerativni poremećaji nervnog sistema sa umjerenim KK	21	NULL
7797	hospitalization-for-otitis-media-and-upper-respiratory-tract-infection	Hospitalization for Otitis Media and Upper Respiratory Tract Infection	Zapaljenje srednjeg uha i infekcija gornjih respiratornih puteva	11	NULL
7798	hospitalization-for-laryngotracheitis-and-epiglottitis	Hospitalization for Laryngotracheitis and Epiglottitis	Laringotreitis i epiglotitis	11	NULL
7799	hospitalization-for-respiratory-infections-without-cc	Hospitalization for Respiratory Infections without CC	Respiratorne infekcije bez KK	12	NULL
7800	hospitalization-for-bronchitis-and-asthma-without-cc	Hospitalization for Bronchitis and Asthma without CC	Bronhitis i astma bez KK	12	NULL
7801	hospitalization-for-respiratory-infections-with-severe-or-moderate-cc	Hospitalization for Respiratory Infections with Severe or Moderate CC	Respiratorne infekcije sa teškim ili umjerenim KK	12	NULL
7802	hospitalization-for-copd-without-very-severe-or-severe-cc	Hospitalization for COPD without Very Severe or Severe CC	Hronična opstruktivna bolest respiratornih puteva bez vrlo teških ili teških KK	12	NULL
7803	hospitalization-for-bronchitis-and-asthma-with-cc	Hospitalization for Bronchitis and Asthma with CC	Bronhitis i astma sa KK	12	NULL
7804	hospitalization-for-respiratory-neoplasms-with-very-severe-cc	Hospitalization for Respiratory Neoplasms with Very Severe CC	Respiratorne neoplazme sa vrlo teškim KK	12	NULL
7805	hospitalization-for-respiratory-neoplasms-without-very-severe-cc	Hospitalization for Respiratory Neoplasms without Very Severe CC	Respiratorne neoplazme bez vrlo teških KK	12	NULL
7806	hospitalization-for-uncomplicated-peptic-ulcer	Hospitalization for Uncomplicated Peptic Ulcer	Nekomplikovani peptički ulkus	6	NULL
7807	hospitalization-for-biliary-system-disorders-without-cc	Hospitalization for Biliary System Disorders without CC	Poremećaji bilijarnog sistema bez KK	6	NULL
7808	hospitalization-for-minor-skin-disorders	Hospitalization for Minor Skin Disorders	Manji poremećaji na koži	24	NULL
7809	hospitalization-for-major-skin-disorders-without-very-severe-or-severe-cc	Hospitalization for Major Skin Disorders without Very Severe or Severe CC	Veći poremećaji na koži bez vrlo teških ili teških KK	24	NULL
7810	hospitalization-for-skin-ulcer-without-very-severe-cc	Hospitalization for Skin Ulcer without Very Severe CC	Ulkus kože bez vrlo teških KK	24,31	NULL
7811	hospitalization-for-major-skin-disorders-same-day	Hospitalization for Major Skin Disorders Same Day	Veći poremećaji na koži, istog dana	24	NULL
7812	hospitalization-for-malignant-skin-lesions-with-very-severe-cc	Hospitalization for Malignant Skin Lesions with Very Severe CC	Maligne promjene na koži sa vrlo teškim KK	24	NULL
7813	hospitalization-for-diabetes-without-very-severe-or-severe-cc	Hospitalization for Diabetes without Very Severe or Severe CC	Dijabetes bez vrlo teških ili teških KK	26	NULL
7814	hospitalization-for-kidney-and-urinary-tract-infection-without-very-severe-or-severe-cc	Hospitalization for Kidney and Urinary Tract Infection without Very Severe or Severe CC	Infekcija bubrega i urinarnog sistema bez vrlo teških ili teških KK	22	NULL
7815	hospitalization-for-other-kidney-and-urinary-system-disorders-without-very-severe-or-sever	Hospitalization for Other Kidney and Urinary System Disorders without Very Severe or Severe CC	Ostali poremećaji bubrega i urinarnog sistema bez vrlo teških ili teških KK	22	NULL
7816	hospitalization-for-male-reproductive-system-malignancy-with-very-severe-or-severe-cc	Hospitalization for Male Reproductive System Malignancy with Very Severe or Severe CC	Maligna bolest muškog reproduktivnog sistema sa vrlo teškim ili teškim KK	22	NULL
7817	hospitalization-for-menstrual-and-other-female-reproductive-disorders	Hospitalization for Menstrual and Other Female Reproductive Disorders	Menstrualni i drugi poremećaji ženskog reproduktivnog sistema	7	NULL
7818	hospitalization-for-female-reproductive-system-infections	Hospitalization for Female Reproductive System Infections	Infekcije ženskog reproduktivnog sistema	7	NULL
7819	hospitalization-for-fever-of-unknown-origin-without-cc	Hospitalization for Fever of Unknown Origin without CC	Febrilno stanje nejasnog porijekla bez KK	9	NULL
7824	sanitary-patient-transport-per-kilometer	Sanitary Patient Transport per Kilometer	Sanitetski prevoz bolesnika (po pređenom kilometru)	NULL	NULL
7826	infectologist-examination	Infectologist Examination	Infektološki pregled	9	NULL
7828	contraception-consultation	Contraception Consultation	Konsultacija o kontracepciji	7	NULL
7829	trichologist-examination	Trichologist Examination	Triholoski pregled	24	NULL
7830	trichoscopy	Trichoscopy	Trihoskopija	24	NULL
7831	podologist-examination	Podologist Examination	Podološki pregled	24,36	NULL
7832	diabetic-foot-care	Diabetic Foot Care	Njega dijabetičkog stopala	24,26,36	NULL
7833	fungal-nail-treatment	Fungal Nail Treatment	Tretman gljivičnih infekcija noktiju	24,36	NULL
7834	heel-fissure-treatment	Heel Fissure Treatment	Tretman ispucalih peta	24,36	NULL
7835	uroflowmetry	Uroflowmetry	Uroflowmetrija	22	NULL
7836	prostate-biopsy	Prostate Biopsy	Biopsija prostate	22	NULL
7837	bioresonance-therapy	Bioresonance Therapy	Bioresonantna terapija	9	NULL
7839	medical-certificate-for-taxi-driver	Medical Certificate for Taxi Driver	Ljekarsko uvjerenje za upravljanje taksi vozilom	9	Lekarsko uverenje za taksi vozače ; Ljekarsko uvjerenje za taksi vozače
7840	medical-certificate-for-lifeguards	Medical Certificate for Lifeguards	Ljekarsko uvjerenje za spasioce na vodi	9	Lekarsko uverenje za spasioce
7841	medical-certificate-for-secondary-school-enrollment	Medical Certificate for Secondary School Enrollment	Ljekarsko uvjerenje za upis u srednju školu	9	High School Enrollment Medical Certificate ; Lekarsko uverenje za upis u srednju školu
7842	first-aid-training-for-employees	First Aid Training for Employees	Edukacija o pružanju prve pomoći za zaposlene	9	NULL
7843	sports-medical-examination	Sports Medical Examination	Sportsko-medicinski pregled	9	NULL
7844	medical-certificate-for-work-abroad	Medical Certificate for Work Abroad	Ljekarsko uvjerenje za odlazak na rad u inostranstvo	9	NULL
7845	medical-certificate-for-university-enrollment	Medical Certificate for University Enrollment	Ljekarsko uvjerenje za upis na fakultet	9	NULL
7846	medical-certificate-for-sports-referees	Medical Certificate for Sports Referees	Ljekarsko uvjerenje za sportske sudije	9	Ljekarsko uvjerenje za trenere
7847	career-counseling-and-vocational-guidance	Career Counseling and Vocational Guidance	Savjetovanje za izbor zanimanja i profesionalna orijentacija	9	NULL
7848	psychological-testing	Psychological Testing	Psihološko testiranje	9	NULL
7849	medical-certificate-for-divers	Medical Certificate for Divers	Ljekarsko uvjerenje za ronioce	9	NULL
7850	medical-certificate-for-ionizing-radiation-workers	Medical Certificate for Ionizing Radiation Workers	Ljekarsko uvjerenje za radnike izložene jonizirajućim zračenjima	9	NULL
7851	medical-certificate-for-contract-or-will-signing	Medical Certificate for Contract or Will Signing	Ljekarsko uvjerenje za sklapanje ugovora/testamenta	9	NULL
7852	medical-certificate-for-elderly-home-accommodation	Medical Certificate for Elderly Home Accommodation	Ljekarsko uvjerenje za boravak u staračkom domu	9	NULL
7859	x-ray-sacroiliac-joints	X-Ray Sacroiliac Joints	Rendgen sakroilijakalnih zglobova	3	NULL
7864	heart-teleradiography	Heart Teleradiography	Teleradiografija srca	3,8	Telecardiography ; Telekardiografija
7866	medical-certificate-for-security-personnel	Medical Certificate for Security Personnel	Ljekarsko uvjerenje za poslove zaštite imovine i lica uz nošenje vatrenog oružja	9	Ljekarsko uvjerenje za zaštitare
7874	fracture-and-dislocation-treatment	Fracture and Dislocation Treatment	Tretman preloma i iščašenja	10	NULL
7875	soft-tissue-injury-treatment-of-extremities	Soft Tissue Injury Treatment of Extremities	Tretman mekotkivnih povreda ekstremiteta	10	NULL
7876	nonunion-and-malunion-fracture-treatment	Nonunion and Malunion Fracture Treatment	Tretman nesraslih i loše sraslih preloma	10	NULL
7877	developmental-hip-dysplasia-treatment-in-children	Developmental Hip Dysplasia Treatment in Children	Liječenje razvojnog poremećaja kuka kod djece	10	Lečenje razvojnog poremećaja kuka kod dece
7878	congenital-foot-deformity-treatment-in-children	Congenital Foot Deformity Treatment in Children	Liječenje urođenih deformiteta stopala kod djece	10	Lečenje urođenih deformiteta stopala kod dece
7879	spinal-deformity-treatment-in-children-and-adolescents	Spinal Deformity Treatment in Children and Adolescents	Liječenje deformiteta kičmenog stuba kod djece i omladine	10	Lečenje deformiteta kičmenog stuba kod dece i omladine
7880	corrective-osteotomy-of-extremities	Corrective Osteotomy of Extremities	Korektivna osteotomija ekstremiteta	10	NULL
7881	revision-hip-arthroplasty	Revision Hip Arthroplasty	Revizija artroplastike kuka	10	NULL
7882	joint-arthritis-treatment	Joint Arthritis Treatment	Tretman artroze zglobova	10	NULL
7883	bone-and-joint-infection-treatment	Bone and Joint Infection Treatment	Liječenje infekcija kostiju i zglobova	10	Lečenje infekcija kostiju i zglobova
7885	foot-deformity-surgery	Foot Deformity Surgery	Operacija deformiteta stopala	10	NULL
7886	bone-and-soft-tissue-tumor-treatment	Bone and Soft Tissue Tumor Treatment	Liječenje tumora kosti i mekih tkiva	10	Lečenje tumora kosti i mekih tkiva
7887	arthrodesis-joint-fusion	Arthrodesis Joint Fusion	Artrodeza (operativno ukočenje zgloba)	10	NULL
7888	depressed-skull-fracture-surgery	Depressed Skull Fracture Surgery	Operacija impresivne frakture lobanje	21	NULL
7889	acute-subdural-hematoma-evacuation	Acute Subdural Hematoma Evacuation	Evakuacija akutnog subduralnog hematoma	21	NULL
7890	epidural-hematoma-evacuation	Epidural Hematoma Evacuation	Evakuacija epiduralnog hematoma	21	NULL
7891	posttraumatic-intracerebral-hematoma-surgery	Posttraumatic Intracerebral Hematoma Surgery	Operacija posttraumatskog intracerebralnog hematoma	21	NULL
7892	brain-tumor-surgery	Brain Tumor Surgery	Operacija tumora mozga	21	NULL
7893	degenerative-spine-disease-treatment	Degenerative Spine Disease Treatment	Liječenje degenerativnih bolesti kičme	21	Lečenje degenerativnih bolesti kičme
7894	spinal-canal-stenosis-surgery	Spinal Canal Stenosis Surgery	Operacija stenoze spinalnog kanala	21	NULL
7895	lumbar-disc-herniation-surgery	Lumbar Disc Herniation Surgery	Operacija diskus hernije	21	NULL
7896	spinal-tumor-surgery	Spinal Tumor Surgery	Operacija tumora kičme	21	NULL
7897	adult-hydrocephalus-treatment	Adult Hydrocephalus Treatment	Liječenje hidrocefalusa kod odraslih	21	Lečenje hidrocefalusa kod odraslih
7898	cerebrovascular-disease-treatment	Cerebrovascular Disease Treatment	Liječenje cerebrovaskularnih bolesti	21	Lečenje cerebrovaskularnih bolesti
7899	neurodegenerative-disease-treatment	Neurodegenerative Disease Treatment	Liječenje neurodegenerativnih bolesti	21	Lečenje neurodegenerativnih bolesti
7900	peripheral-nerve-and-spinal-cord-inflammatory-disease-treatment	Peripheral Nerve and Spinal Cord Inflammatory Disease Treatment	Liječenje inflamatornih oboljenja perifernih nerava i kičmene moždine	21	Lečenje inflamatornih oboljenja perifernih nerava i kičmene moždine
7901	autoimmune-neurological-disease-treatment	Autoimmune Neurological Disease Treatment	Liječenje autoimunih neuroloških oboljenja	21	Lečenje autoimunih neuroloških oboljenja
7902	consciousness-disorder-treatment	Consciousness Disorder Treatment	Liječenje poremećaja svijesti	21	Lečenje poremećaja svesti
7903	skin-and-soft-tissue-traumatic-injury-repair	Skin and Soft Tissue Traumatic Injury Repair	Reparacija kožnih i mekotkivnih traumatskih povreda	18	NULL
7904	lower-leg-defect-surgical-reconstruction	Lower Leg Defect Surgical Reconstruction	Hirurška rekonstrukcija defekata potkolenice	18	NULL
7905	hand-injury-surgical-treatment	Hand Injury Surgical Treatment	Hirurško liječenje povreda šake	18	Hirurško lečenje povreda šake
7906	minor-burns-surgical-treatment	Minor Burns Surgical Treatment	Hirurško liječenje opekotina manjeg obima	18	Hirurško lečenje opekotina manjeg obima
7907	inflammatory-and-degenerative-rheumatism-rehabilitation	Inflammatory and Degenerative Rheumatism Rehabilitation	Rehabilitacija zapaljenskog i degenerativnog reumatizma	5	NULL
7908	spinal-discopathy-and-stenosis-rehabilitation	Spinal Discopathy and Stenosis Rehabilitation	Rehabilitacija diskopatija i stenoze kičmenog stuba	5	NULL
7909	central-and-peripheral-nervous-system-disease-rehabilitation	Central and Peripheral Nervous System Disease Rehabilitation	Rehabilitacija oboljenja centralnog i perifernog nervnog sistema	5	NULL
7910	spinal-deformity-rehabilitation	Spinal Deformity Rehabilitation	Rehabilitacija deformiteta kičmenog stuba (skolioze, kifoze)	5	NULL
7911	sports-injury-rehabilitation	Sports Injury Rehabilitation	Rehabilitacija sportskih povreda	5	NULL
7912	postoperative-locomotor-system-rehabilitation	Postoperative Locomotor System Rehabilitation	Postoperativna rehabilitacija lokomotornog aparata	5	NULL
7913	post-joint-replacement-rehabilitation	Post Joint Replacement Rehabilitation	Rehabilitacija nakon ugradnje vještačkog zgloba	5	Rehabilitacija nakon ugradnje veštačkog zgloba
7914	post-arthroscopic-surgery-rehabilitation	Post Arthroscopic Surgery Rehabilitation	Rehabilitacija nakon artroskopske intervencije	5	NULL
7919	sanitary-examination-for-food-industry-and-water-supply-workers	Sanitary Examination for Food Industry and Water Supply Workers	Sanitarni pregled za zaposlene u proizvodnji i prometu hrane i vodosnabdijevanju	9	NULL
7920	sanitary-examination-for-healthcare-and-educational-workers	Sanitary Examination for Healthcare and Educational Workers	Sanitarni pregled za zaposlene u zdravstvenim i obrazovnim ustanovama	9	Sanitarni pregled za zaposlene u vrtićima i školama
7921	medical-certificate-for-class-b-c-d-and-e-drivers	Medical Certificate for Class B C D and E Drivers	Ljekarsko uvjerenje za vozače B, C, D i E kategorije	9	NULL
7922	selective-and-subselective-phlebography	Selective and Subselective Phlebography	Flebografije: selektivna i subselektivna	3	NULL
7923	percutaneous-transhepatic-cholangiography	Percutaneous Transhepatic Cholangiography	Transkutana ili transhepatalna holegrafija	3	NULL
7924	left-ventriculography	Left Ventriculography	Ventrikulografija lijevog srca	3,8	NULL
7925	right-and-or-left-heart-catheterization	Right and/or Left Heart Catheterization	Kateterizacija desnog i/ili lijevog srca	3,8	NULL
7926	aortography-of-the-thoracic-and-abdominal-aorta	Aortography of the Thoracic and Abdominal Aorta	Aortografija: torakalne i abdominalne aorte	3	NULL
7927	percutaneous-transluminal-coronary-intervention-pci	Percutaneous Transluminal Coronary Intervention (PCI)	Perkutana transluminalna koronarna intervencija	3,8	NULL
7928	transcatheter-vena-cava-filter-placement	Transcatheter Vena Cava Filter Placement	Transkateterska ugradnja kava-filtera	3	NULL
7929	splenoportography	Splenoportography	Splenoportografija	3	NULL
7930	arteriography	Arteriography	Arteriografija	3	NULL
7931	vertebral-angiography	Vertebral Angiography	Vertebralna angiografija	3	NULL
7932	selective-arteriography-celiac-superior-and-inferior-mesenteric-renal-arteries	Selective Arteriography (Celiac, Superior and Inferior Mesenteric, Renal Arteries)	Selektivna arteriografija (arterije celijake, mezenterike superior, inferior, arterije renalis...)	3	NULL
7933	selective-arteriography-hepatic-gastroduodenal-jejunal-arteries	Selective Arteriography (Hepatic, Gastroduodenal, Jejunal Arteries)	Selektivna arteriografija (arterije hepatika proprije, gastroduodenalis, jejunalis...)	3	NULL
7934	lymphography	Lymphography	Limfografija	3	NULL
7935	percutaneous-nephrostomy-under-fluoroscopic-guidance	Percutaneous Nephrostomy under Fluoroscopic Guidance	Perkutana nefrostomija pod kontrolom rtg-skopskog aparata	3,22	NULL
7936	adrenal-phlebography	Adrenal Phlebography	Adrenalna flebografija	3	NULL
7937	intravenous-urography-with-renal-puncture	Intravenous Urography with Renal Puncture	I.V. urografija sa punkcijom bubrega	3	NULL
7938	carotid-angiography	Carotid Angiography	Karotidna angiografija	3	NULL
7939	electrophysiology-study-eps	Electrophysiology Study (EPS)	Elektrofiziološko ispitivanje	3,8	NULL
7940	implantable-loop-recorder-placement	Implantable Loop Recorder Placement	Implantacija loop recordera	8	NULL
7941	rotational-atherectomy-rotablator	Rotational Atherectomy (Rotablator)	Rotablator	3,8	NULL
7942	assessment-of-borderline-coronary-lesions-ffr-and-ivus	Assessment of Borderline Coronary Lesions (FFR and IVUS)	Određivanje značajnosti graničnih lezija na koronarnim krvnim sudovima (FFR i IVUS)	3,8	NULL
7943	pulmonary-circulation-catheterization-with-pressure-measurement	Pulmonary Circulation Catheterization with Pressure Measurement	Kateterizacija plućnog krvotoka sa mjerenjem pritiska	3,8	NULL
7944	pulmonary-and-aortic-catheterization-with-venepuncture	Pulmonary and Aortic Catheterization with Venepuncture	Kateterizacija plućnog krvotoka i aorte sa venepunkcijom	3,8	NULL
7945	pulmonary-and-aortic-catheterization-with-3-catheters	Pulmonary and Aortic Catheterization with 3 Catheters	Kateterizacija plućnog krvotoka i aorte sa 3 katetera	3,8	NULL
7946	left-atrial-and-aortic-catheterization-via-percutaneous-femoral-artery-access-with-pressure-measurement	Left Atrial and Aortic Catheterization via Percutaneous Femoral Artery Access with Pressure Measurement	Kateterizacija lijeve predkomore i aorte sa perkutanim pritiskom preko femoralne arterije sa mjerenjem pritiska	3,8	NULL
7947	left-atrial-and-aortic-catheterization-with-microtransducers-via-femoral-artery-modified-seldinger-technique	Left Atrial and Aortic Catheterization with Microtransducers via Femoral Artery (Modified Seldinger Technique)	Kateterizacija lijeve predkomore i aorte sa mikrotransducerima i perkutanim pristupom preko femoralne arterije po modifikovanoj Seldinger-ovoj metodi	3,8	NULL
7948	left-atrial-catheterization-via-prepared-brachial-artery-with-pressure-measurement-under-ergometer-stress	Left Atrial Catheterization via Prepared Brachial Artery with Pressure Measurement under Ergometer Stress	Kateterizacija lijeve predkomore preko preparirane brahijalne arterije sa mjerenjem pritiska pod opterećenjem na ergometru	3,8	NULL
7965	isoelectric-focusing-of-cerebrospinal-fluid-and-serum-ief	Isoelectric Focusing of Cerebrospinal Fluid and Serum (IEF)	Izoelektrično fokusiranje likvora i seruma (IEFL)	28	NULL
7966	follow-up-digestive-surgeon-examination	Follow-up Digestive Surgeon Examination	Ponovni (kontrolni) pregled - digestivni hirurg	14	NULL
7968	follow-up-cardiac-surgeon-examination	Follow-up Cardiac Surgeon Examination	Ponovni (kontrolni) pregled - kardiohirurg	14	NULL
7969	distractor-removal	Distractor Removal	Uklanjanje distraktora	17	NULL
7970	mandibular-joint-dislocation-reduction	Mandibular Joint Dislocation Reduction	Repozicija luksacije mandibularni zglob	17	NULL
7971	mandibular-distractor-activation	Mandibular Distractor Activation	Aktivacija mandibularnog odiljenja	17	NULL
7972	facial-skin-cauterization	Facial Skin Cauterization	Kauterizacija kože lica	17	NULL
7973	sclerotherapy-of-benign-facial-skin-tumors	Sclerotherapy of Benign Facial Skin Tumors	Sklerozacija benignih tumora kože lica	17	NULL
7974	sialometry	Sialometry	Sijalometrija	17	NULL
7975	angular-vein-cannulation	Angular Vein Cannulation	Plasiranje kanile u angularnu venu	17	NULL
7976	alveolar-ridge-fracture-treatment	Alveolar Ridge Fracture Treatment	Prelom-alveolarnog grebena	17	NULL
7977	temporary-jaw-immobilization	Temporary Jaw Immobilization	Imobilizacija vilica - privremena	17	NULL
7978	jaw-immobilization-with-facial-arch-bars	Jaw Immobilization with Facial Arch Bars	Imobilizacija vilica - fac. šine	17	NULL
7979	surgical-tooth-crown-excision	Surgical Tooth Crown Excision	Hiruška ekscizija krune zuba	17,20	NULL
7980	conservative-treatment-of-oroantral-communication	Conservative Treatment of Oroantral Communication	Konzervativno liječenje oroantralne komunikacije	17,20	NULL
7981	oroantral-closure-without-sinus-involvement	Oroantral Closure Without Sinus Involvement	Oroantralno zatvaranje - bez sinusa	17,20	NULL
7982	renal-scintigraphy-with-diuretic-stimulation	Renal Scintigraphy with Diuretic Stimulation	Dinamska scintigrafija bubrega sa diuretskom stimulacijom	NULL	NULL
7983	dynamic-scintigraphy-of-transplanted-kidney	Dynamic Scintigraphy of Transplanted Kidney	Dinamska scintigrafija transplantiranog bubrega	NULL	NULL
7984	static-renal-scintigraphy	Static Renal Scintigraphy	Statička scintigrafija bubrega	NULL	NULL
7985	dynamic-salivary-gland-scintigraphy	Dynamic Salivary Gland Scintigraphy	Dinamska scintigrafija pljuvačnih žlijezda	NULL	NULL
7986	dynamic-thyroid-scintigraphy	Dynamic Thyroid Scintigraphy	Dinamska scintigrafija štitaste žlijezde	NULL	NULL
7987	parathyroid-gland-scintigraphy	Parathyroid Gland Scintigraphy	Scintigrafija paratiroidnih žlijezda	NULL	NULL
7988	colloid-liver-scintigraphy	Colloid Liver Scintigraphy	Koloidna scintigrafija jetre	NULL	NULL
7989	pulmonary-perfusion-scintigraphy	Pulmonary Perfusion Scintigraphy	Perfuziona scintigrafija pluća	NULL	NULL
7990	myocardial-perfusion-scintigraphy	Myocardial Perfusion Scintigraphy	Perfuziona scintigrafija srca	NULL	NULL
7991	meckel-s-diverticulum-scintigraphy	Meckel's Diverticulum Scintigraphy	Scintigrafija Meckelovog divertikuluma	NULL	NULL
7992	treatment-of-hyperthyroid-patients-with-therapeutic-i-131-dose	Treatment of Hyperthyroid Patients with Therapeutic I-131 Dose	Liječenje hipertireoidnih pacijenata terapijskom dozom I-131	NULL	NULL
7993	radionuclide-synovectomy-with-y-90	Radionuclide Synovectomy with Y-90	Radionuklidna sinovektomija sa Y-90	NULL	NULL
7994	postoperative-treatment-of-differentiated-thyroid-carcinoma-with-therapeutic-i-131-dose	Postoperative Treatment of Differentiated Thyroid Carcinoma with Therapeutic I-131 Dose	Postoperativno liječenje DTK terapijskom dozom I-131	NULL	NULL
7995	therapy-of-neuroblastoma-and-pheochromocytoma-with-mibg-i-131	Therapy of Neuroblastoma and Pheochromocytoma with MIBG I-131	Terapija neuroblastoma i feohromocitoma sa MIBI-I-131	NULL	NULL
7996	therapy-with-radiolabeled-somatostatin-analogues	Therapy with Radiolabeled Somatostatin Analogues	Terapija radioobeleženim analozima somatostatina	NULL	NULL
7997	neonatal-mechanical-ventilation	Neonatal Mechanical Ventilation	Mehanička ventilacija novorođenčeta	25	NULL
7998	neonatal-high-frequency-oscillatory-ventilation	Neonatal High-Frequency Oscillatory Ventilation	Visokofrekventna oscilatorna ventilacija novorođenčeta	25	NULL
7999	continuous-positive-airway-pressure-cpap	Continuous Positive Airway Pressure (CPAP)	Primjena Kontinuirajućeg pozitivnog pritiska u disajnim putevima - CPAP	25	NULL
8000	nitric-oxide-no-administration	Nitric Oxide (NO) Administration	Primjena azot oksida (NO)	25	NULL
8001	surfactant-administration-in-neonates	Surfactant Administration in Neonates	Primjena surfaktanta kod novorođenčadi	25	NULL
8002	neonatal-oxygen-therapy	Neonatal Oxygen Therapy	Oksigenoterapija kod novorođenčeta	25	NULL
8003	umbilical-vein-catheterization	Umbilical Vein Catheterization	Kateterizacija umbilikalne vene	25,29	NULL
8004	exchange-transfusion	Exchange Transfusion	Eksangvinotransfuzija	25,29	NULL
8005	enteral-nutrition	Enteral Nutrition	Enteralna ishrana	25,29	NULL
8006	total-parenteral-nutrition-tpn	Total Parenteral Nutrition (TPN)	Totalna parenteralna ishrana (TPI)	25,29	NULL
8007	peripheral-vein-surgery	Peripheral Vein Surgery	Operacija perifernih vena	17	NULL
8017	defectologists-findings-and-opinion	Defectologist's Findings and Opinion	Nalaz i mišljenje defektologa	25	NULL
8021	pneumoangiography	Pneumoangiography	Pneumoangiografija	3	NULL
8022	coronary-angiography	Coronary Angiography	Koronarografija	3,8	NULL
8023	endocardial-electrode-repair	Endocardial Electrode Repair	Popravak endokardijalne elektrode	8,17	NULL
8027	day-hospital-therapy-administration-for-children-aged-1-month-to-7-years-ukccg	Day Hospital Therapy Administration for Children Aged 1 Month to 7 Years (UKCCG)	Primjena terapije kroz dnevnu bolnicu za djecu uzrasta od 1 mj. do 7 g. (UKCCG)	25,29	NULL
8028	day-hospital-therapy-administration-for-patients-older-than-7-years-ukccg	Day Hospital Therapy Administration for Patients Older Than 7 Years (UKCCG)	Primjena terapije kroz dnevnu bolnicu za starije od 7 g. (UKCCG)	29	NULL
8122	cryptosporidium-spp-detection-stained-preparation	Cryptosporidium spp. Detection - Stained Preparation	Ispitivanje prisustva Cryptosporidium spp. - bojeni preparat	28	NULL
8201	microbial-antigen-latex-agglutination-test	Microbial Antigen Latex Agglutination Test	Detekcija mikrobnih antigena lateks aglutinacionim testom	28	NULL
8207	abo-blood-group-determination-gel-method	ABO Blood Group Determination (Gel Method)	Određivanje krvne grupe ABO/gel metoda	28	NULL
8208	rh-d-antigen-testing-gel-method	Rh-D Antigen Testing (Gel Method)	Ispitivanje Rh-D antigena/gel metoda	28	NULL
8209	indirect-coombs-test-gel-method	Indirect Coombs Test (Gel Method)	Indirektni Kumbsov test/gel metoda	28	NULL
8210	direct-coombs-test-gel-method	Direct Coombs Test (Gel Method)	Direktan Kumbsov test/gel metoda	28	NULL
8217	hcv-ag-ab-combo-test	HCV Ag/Ab Combo Test	Combo test Ag/At HCV	28	NULL
8223	excision-of-benign-breast-tumor-unilateral	Excision of Benign Breast Tumor (Unilateral)	Ekscizija benignog tumora dojke (jednostrano)	17	NULL
8224	partial-bone-excision-for-tibia-and-fibula-osteomyelitis	Partial Bone Excision for Tibia and Fibula Osteomyelitis	Parcijalna ekscizija kosti kod osteomijelitisa tibije i fibule	10	NULL
8225	vitrectomy	Vitrectomy	Vitrektomija	33	NULL
8226	eeg-with-hyperventilation-photostimulation-and-sleep-recording	EEG with Hyperventilation, Photostimulation and Sleep Recording	EEG sa hiperventilacijom, fotostimulacijom i snimanjem u spavanju	21	NULL
8227	bladder-catheterization-in-females	Bladder Catheterization in Females	Kateterizacija mokraćne bešike kod žena	22	NULL
8228	bladder-catheterization-in-males	Bladder Catheterization in Males	Kateterizacija mokraćne bešike kod muškaraca	22	NULL
8229	contact-lens-fitting	Contact Lens Fitting	Određivanje i postavljanje kontaktnih sočiva	23	Fitovanje GP sočiva ; RGP Contact Lens Fitting
8230	cryotherapy	Cryotherapy	Krioterapija	24	NULL
8231	all-on-4-implant-prosthesis	All on 4 Implant Prosthesis	Implantna proteza All on 4	20	NULL
8232	implant-overdenture-with-locators	Implant Overdenture with Locators	Mobilna proteza na implantima sa lokatorima	20	NULL
8233	dental-and-soft-tissue-trauma-treatment	Dental and Soft Tissue Trauma Treatment	Zbrinjavanje povreda zuba i mekih tkiva	20,35	NULL
8234	medical-pedicure	Medical Pedicure	Medicinski pedikir	36	NULL
8235	conservative-ingrown-toenail-treatment	Conservative Ingrown Toenail Treatment	Konzervativni tretman uraslog nokta	36	NULL
8236	nail-bracing-for-ingrown-toenail	Nail Bracing for Ingrown Toenail	Korekcija uraslog nokta skobicom	36	NULL
8237	callus-and-hyperkeratosis-treatment	Callus and Hyperkeratosis Treatment	Tretman kalusa i hiperkeratoze	36	NULL
8238	nail-prosthetics	Nail Prosthetics	Protetika nokta	36	NULL
8239	plantar-wart-treatment	Plantar Wart Treatment	Tretman plantarnih bradavica	24,36	NULL
8240	custom-orthopedic-insoles	Custom Orthopedic Insoles	Individualni ortopedski ulošci	10,36	NULL
8241	msct-angiography	MSCT Angiography	MSCT angiografija	2	NULL
8242	hrct-lungs	HRCT Lungs	HRCT pluća	2	NULL
8243	subspecialist-pediatric-physiatrist-examination	Subspecialist Pediatric Physiatrist Examination	Subspecijalistički pregled dječijeg fizijatra	5,25	NULL
8244	nasopharyngolaryngoscopy-with-video-otoscopy	Nasopharyngolaryngoscopy with Video Otoscopy	Nazofaringolaringoskopija sa video otoskopijom	11	Endoskopski pregled nosa, ždrijela i grkljana sa video pregledom uha
8245	doppler-lower-extremities-and-neck	Doppler of Lower Extremities and Neck	Dopler donjih ekstremiteta i vrata	4	NULL
8276	follow-up-dermatologist-examination-with-dermatoscopy	Follow-up Dermatologist Examination with Dermatoscopy	Kontrolni pregled dermatologa sa dermatoskopijom	24	Follow-up Dermoscopy ; Kontrolni dermoskopski pregled ; Kontrolni pregled dermatologa sa dermoskopijom
8277	laser-hair-removal-legs-and-intimate-area-package-6-treatments	Laser Hair Removal Legs and Intimate Area Package 6 Treatments	Laserska epilacija nogu i intimne regije – 6 tretmana	24	NULL
8278	professor-cardiologist-examination-with-ecg	Professor Cardiologist Examination with ECG	Profesorski pregled kardiologa sa EKG-om	8	NULL
8279	intravenous-ozone-therapy	Intravenous Ozone Therapy	Intravenska ozonoterapija	29	Ozonated Saline Infusion ; Ozonizovani fiziološki rastvor
8280	local-ozone-therapy	Local Ozone Therapy	Lokalna ozonoterapija	29	Topical Ozone Therapy
8281	autohemotherapy	Autohemotherapy	Autohemoterapija	29	Autologous Blood Therapy ; Terapija vlastitom krvlju
8282	ozone-autohemotherapy	Ozone Autohemotherapy	Ozonska autohemoterapija	29	Autohemotherapy with Ozone
8283	medical-documentation-review	Medical Documentation Review	Pregled medicinske dokumentacije	9	Analiza medicinske dokumentacije ; Medical Records Review
8284	laser-varicose-vein-surgery-both-legs	Laser Varicose Vein Surgery (Both Legs)	Laserska operacija proširenih vena — obje noge	17	Endovenous Laser Ablation ; Endovenska laser ablacija ; EVLA
8285	laser-varicose-vein-surgery-with-ligation	Laser Varicose Vein Surgery with Ligation	Laserska operacija proširenih vena sa ligaturom	17	Endovenous Laser Ablation ; Endovenska laser ablacija ; EVLA
8286	sclerotherapy-veins-by-region-and-number-of-sessions	Sclerotherapy Veins (by Region and Number of Sessions)	Skleroterapija vena (po regiji i broju tretmana)	17	NULL
8287	follow-up-vascular-surgeon-examination-after-2-years	Follow-up Vascular Surgeon Examination after 2 Years	Kontrolni pregled — vaskularni hirurg, nakon dvije godine	14	NULL
8288	follow-up-urologist-examination-after-6-months	Follow-up Urologist Examination after 6 Months	Kontrolni pregled urologa nakon 6 mjeseci	22	NULL
8289	medical-certificate-for-social-care-institution-accommodation	Medical Certificate for Social Care Institution Accommodation	Ljekarsko uvjerenje za smještaj u ustanove socijalne zaštite	9	Ljekarsko uvjerenje za dom socijalne zaštite
8290	medical-certificate-copy	Medical Certificate Copy	Prepis ljekarskog uvjerenja	9	Duplicate Medical Certificate ; Duplikat ljekarskog uvjerenja
8291	psychological-counseling	Psychological Counseling	Psihološko savjetovanje	NULL	Couples Counseling ; Partnersko savjetovanje ; Porodično psihološko savjetovanje ; Psychologist Consultation
8292	psychological-mental-status-assessment	Psychological Mental Status Assessment	Psihološka procjena mentalnog stanja	NULL	Mental Status Assessment ; Procjena psihičkog statusa
8293	iq-test	IQ Test	Test inteligencije (IQ)	NULL	Intelligence Test ; Procjena inteligencije
8294	cognitive-function-assessment-for-school-or-work	Cognitive Function Assessment for School or Work	Procjena kognitivnih funkcija za školovanje ili rad	NULL	NULL
8295	psychological-testing-for-suspected-dementia	Psychological Testing for Suspected Dementia	Psihološko testiranje kod sumnje na demenciju	NULL	Dementia Screening ; Test na demenciju
8296	ecg-with-internist-or-cardiologist-consultation	ECG with Internist or Cardiologist Consultation	EKG uz konsultaciju interniste ili kardiologa	8	EKG uz konsultaciju interniste/kardiologa
8297	follow-up-nutritionist-examination	Follow-up Nutritionist Examination	Kontrolni pregled nutricioniste	9	Follow-up Dietitian Consultation ; Kontrola nutricioniste
8298	abdomen-thyroid-and-breast-ultrasound	Abdomen, Thyroid and Breast Ultrasound	Ultrazvuk abdomena, štitne žlijezde i dojki	4	Ultrazvučni pregled abdomena, štitaste žlijezde, dojki
8299	pediatric-ophthalmological-examination	Pediatric Ophthalmological Examination	Dječiji oftalmološki pregled	23,25	Pediatric Eye Exam ; Pregled oftalmologa za djecu
8300	preoperative-cataract-examination	Preoperative Cataract Examination	Pregled za operaciju katarakte	23	Cataract Surgery Consultation ; Pregled za operaciju sive mrene
8301	pentacam-corneal-tomography	Pentacam Corneal Tomography	Pentakam analiza rožnjače	23	Pentacam ; Pentacam ; Scheimpflug Corneal Tomography
8302	chemical-eye-burn-treatment	Chemical Eye Burn Treatment	Liječenje hemijske povrede oka (kauzoma)	23	Causoma ; Chemical Eye Injury Treatment ; Hemijska opekotina oka ; Kauzoma
8303	ophthalmology-second-opinion-consultation	Ophthalmology Second Opinion Consultation	Drugo mišljenje oftalmologa	23	Ophthalmologist Second Opinion
8304	anterior-chamber-viscoelastic-injection	Anterior Chamber Viscoelastic Injection	Aplikacija viskoelastika u prednju očnu sobicu	33	NULL
8305	cataract-surgery-with-eyhance-iol	Cataract Surgery with Eyhance IOL	Operacija katarakte sa Eyhance sočivom	33	Cataract Surgery with Monofocal Plus IOL ; Operacija katarakte sa monofokalnim plus sočivom
8306	cataract-surgery-with-toric-eyhance-iol	Cataract Surgery with Toric Eyhance IOL	Operacija katarakte sa toričnim Eyhance sočivom	33	NULL
8307	cataract-surgery-with-edof-iol	Cataract Surgery with EDOF IOL	Operacija katarakte sa EDOF sočivom	33	Extended Depth of Focus IOL
8308	cataract-surgery-with-toric-multifocal-iol	Cataract Surgery with Toric Multifocal IOL	Operacija katarakte sa toričnim multifokalnim sočivom	33	NULL
8309	intraocular-lens-repositioning	Intraocular Lens Repositioning	Repozicija intraokularnog sočiva	33	IOL Repositioning
8310	sulcus-fixated-iol-implantation	Sulcus-Fixated IOL Implantation	Sulkusna fiksacija intraokularnog sočiva	33	Sulcus fiksacija intraokularnog sočiva ; Sulcus IOL Fixation
8311	intravitreal-anti-vegf-injection-avastin	Intravitreal Anti-VEGF Injection Avastin	Anti-VEGF intravitrealna injekcija Avastin	23,29	Bevacizumab ; Bevacizumab Injection
8312	phakic-iol-implantation-icl	Phakic IOL Implantation (ICL)	Ugradnja fakičnog intraokularnog sočiva (ICL)	33	ICL sočivo ; Implantable Collamer Lens
8313	toric-phakic-iol-implantation-icl	Toric Phakic IOL Implantation (ICL)	Ugradnja toričnog fakičnog intraokularnog sočiva (ICL)	33	Toric ICL ; Torično ICL sočivo
8314	anterior-chamber-phakic-iol-implantation-verisyse	Anterior Chamber Phakic IOL Implantation (Verisyse)	Ugradnja fakičnog sočiva u prednju očnu sobicu (Verisyse)	33	Iris-Claw Phakic Lens ; Verisyse
8315	refractive-lens-exchange-with-eyhance-iol	Refractive Lens Exchange with Eyhance IOL	Refraktivna zamjena sočiva sa Eyhance implantatom	33	Refractive Lens Exchange with Monofocal Plus IOL ; Refraktivna zamjena sočiva sa monofokalnim plus implantatom
8316	refractive-lens-exchange-with-toric-eyhance-iol	Refractive Lens Exchange with Toric Eyhance IOL	Refraktivna zamjena sočiva sa toričnim Eyhance implantatom	33	NULL
8317	refractive-lens-exchange-with-edof-iol	Refractive Lens Exchange with EDOF IOL	Refraktivna zamjena sočiva sa EDOF implantatom	33	Refractive Lens Exchange with Extended Depth of Focus IOL
8318	keratoconus-examination	Keratoconus Examination	Pregled za keratokonus	23	NULL
8319	corneal-cross-linking-cxl	Corneal Cross-Linking (CXL)	Crosslinking rožnjače (CXL)	33	Corneal Crosslinking ; CXL ; CXL ; Kroslinking rožnjače
8320	corneal-cross-linking-with-trans-prk	Corneal Cross-Linking with Trans-PRK	Crosslinking rožnjače sa Trans-PRK	33	CXL + Trans PRK ; CXL + Trans PRK
8321	medical-certificate-for-work-at-height	Medical Certificate for Work at Height	Ljekarsko uvjerenje za rad na visini	9	NULL
8322	medical-certificate-for-work-with-noise-and-vibration-exposure	Medical Certificate for Work with Noise and Vibration Exposure	Ljekarsko uvjerenje za rad u uslovima buke i vibracija	9	NULL
8323	medical-certificate-for-work-with-chemical-and-dust-exposure	Medical Certificate for Work with Chemical and Dust Exposure	Ljekarsko uvjerenje za rad izložen hemijskim materijama, gasovima i prašini	9	NULL
8324	medical-certificate-for-forklift-and-construction-machinery-operators	Medical Certificate for Forklift and Construction Machinery Operators	Ljekarsko uvjerenje za rukovaoce građevinskih mašina, viljuškara i dizalica	9	Forklift Driver Medical Certificate ; Ljekarsko uvjerenje za vozače viljuškara
8325	medical-certificate-for-work-with-non-ionizing-radiation-exposure	Medical Certificate for Work with Non-Ionizing Radiation Exposure	Ljekarsko uvjerenje za rad izložen nejonizujućem zračenju	9	NULL
8326	medical-certificate-for-heavy-physical-work	Medical Certificate for Heavy Physical Work	Ljekarsko uvjerenje za srednje težak i težak fizički rad	9	NULL
8327	medical-certificate-for-work-in-adverse-microclimate-conditions	Medical Certificate for Work in Adverse Microclimate Conditions	Ljekarsko uvjerenje za rad u nepovoljnim mikroklimatskim uslovima	9	NULL
8328	medical-certificate-for-ionizing-radiation-workers-with-chromosomal-aberration-test	Medical Certificate for Ionizing Radiation Workers with Chromosomal Aberration Test	Ljekarsko uvjerenje za rad u zoni jonizujućeg zračenja sa analizom hromozomskih aberacija	9	NULL
8329	medical-certificate-for-unarmed-security-personnel	Medical Certificate for Unarmed Security Personnel	Ljekarsko uvjerenje za rad u obezbjeđenju bez nošenja oružja	9	Ljekarsko uvjerenje za portire
8330	medical-certificate-for-traffic-school-enrollment	Medical Certificate for Traffic School Enrollment	Ljekarsko uvjerenje za upis u srednju školu saobraćajnog smjera	9	NULL
8331	medical-certificate-for-firefighters	Medical Certificate for Firefighters	Ljekarsko uvjerenje za posao vatrogasca	9	NULL
8332	medical-certificate-for-citizenship-and-permanent-residence	Medical Certificate for Citizenship and Permanent Residence	Ljekarsko uvjerenje za dobijanje državljanstva i stalnog boravka	9	Citizenship Medical Certificate ; Ljekarsko uvjerenje za državljanstvo ; Ljekarsko uvjerenje za stalni boravak ; Permanent Residence Medical Certificate
8333	comprehensive-health-checkup-for-women	Comprehensive Health Checkup for Women	Sistematski pregled za žene	9	NULL
8334	comprehensive-health-checkup-for-men	Comprehensive Health Checkup for Men	Sistematski pregled za muškarce	9	NULL
8335	3d4d-uterine-ultrasound-for-anomalies	3D/4D Uterine Ultrasound for Anomalies	3D/4D ultrazvučni pregled materice na anomalije	4,7	3D ultrazvuk materice
8336	antral-follicle-count-ultrasound-afc	Antral Follicle Count Ultrasound (AFC)	Ultrazvučno određivanje ovarijalne rezerve (AFC)	4,7	AFC ; Ovarian Reserve Ultrasound
8337	breast-abscess-puncture-and-drainage	Breast Abscess Puncture and Drainage	Punkcija i drenaža apscesa dojke	15,17	Breast Abscess Aspiration
8338	doppler-of-neck-upper-and-lower-extremity-blood-vessels	Doppler of Neck, Upper and Lower Extremity Blood Vessels	Dopler krvnih sudova vrata, gornjih i donjih ekstremiteta	4	Dopler krvnih sudova vrata, donjih i gornjih ekstremiteta
8339	ecg-without-interpretation	ECG without Interpretation	EKG bez opisa	8	ECG Recording Only ; EKG bez opisa - samo traka
8340	family-planning-and-pregnancy-counseling	Family Planning and Pregnancy Counseling	Savjetovanje o planiranju porodice i trudnoće	7	Preconception Counseling ; Prekoncepcijsko savjetovanje
8341	fetal-echocardiography	Fetal Echocardiography	Fetalna ehokardiografija	4,7,8	Fetal Echo ; Fetalni eho srca
8342	glutathione-iv	Glutathione IV	Glutation infuzija	29	Glutathione Infusion
8343	home-visit-for-laboratory-sample-collection	Home Visit for Laboratory Sample Collection	Kućna posjeta laboratorije (uzimanje uzoraka)	28,30	Kućna posjeta - laboratorija
8344	ovulation-induction-with-folliculometry	Ovulation Induction with Folliculometry	Indukcija ovulacije i folikulometrija	4,7	Indukcija/stimulacija ovulacije i folikulometrija ; Stimulacija ovulacije
8345	pediatric-echocardiography	Pediatric Echocardiography	Ehokardiografija kod djece	4,8,25	Eho srca - djeca
8346	pediatric-examination-with-spirometry	Pediatric Examination with Spirometry	Pregled pedijatra sa spirometrijom	12,25	NULL
8347	pediatric-examination-with-spirometry-and-bronchodilator-test	Pediatric Examination with Spirometry and Bronchodilator Test	Pregled pedijatra sa spirometrijom i bronhodilatatornim testom	12,25	Pediatric Examination with Spirometry and BDT ; Pregled pedijatra sa spirometrijom i BDT
8348	postpartum-breast-examination	Postpartum Breast Examination	Pregled dojki poslije porođaja	7	Pregled grudi poslije porođaja (zastoj laktacije, upala)
8349	postpartum-gynecological-examination-with-ultrasound	Postpartum Gynecological Examination with Ultrasound	Ginekološki pregled sa ultrazvukom poslije porođaja	4,7	Ginekološki pregled + ultrazvučni pregled poslije porođaja
8350	secondary-suture-of-episiotomy-or-perineal-tear	Secondary Suture of Episiotomy or Perineal Tear	Sekundarno ušivanje epiziotomije ili rupture međice	7,31	Episiotomy Resuture ; Ponovno ušivanje epiziotomije
8351	transvaginal-ovarian-cyst-puncture	Transvaginal Ovarian Cyst Puncture	Transvaginalna punkcija ciste jajnika	7,16	Punkcija ciste jajnika transvaginalno ; Transvaginal Ovarian Cyst Aspiration
8376	mri-contrast-agent	MRI Contrast Agent	MR kontrastno sredstvo	1	Gadolinium Contrast ; Kontrast za magnetnu rezonancu
8377	msct-head-and-cervical-spine	MSCT Head and Cervical Spine	CT glave i vratnog dijela kičme	2	CT glave i C kičme
8378	msct-knee	MSCT Knee	CT koljena	2	Knee CT ; Skener koljena
8379	msct-pelvis-with-contrast	MSCT Pelvis with Contrast	CT male karlice sa kontrastom	2	Pelvic CT with Contrast
8380	msct-shoulder	MSCT Shoulder	CT ramena	2	Shoulder CT ; Skener ramena
8381	pelvic-color-doppler	Pelvic Color Doppler	Kolor dopler krvnih sudova male karlice	4	Kolor dopler karlice ; Pelvic Doppler Ultrasound
8387	home-therapy-administration	Home Therapy Administration	Aplikacija terapije u kućnim uslovima	29,30	NULL
8388	occupational-medicine-specialist-examination	Occupational Medicine Specialist Examination	Pregled specijaliste medicine rada	9	Pregled medicine rada
8389	follow-up-occupational-medicine-specialist-examination	Follow-up Occupational Medicine Specialist Examination	Kontrolni pregled specijaliste medicine rada	9	NULL
8390	residual-work-capacity-assessment	Residual Work Capacity Assessment	Pregled za ocjenu preostale radne sposobnosti	9	NULL
8391	gynecological-examination-with-swab-collection	Gynecological Examination with Swab Collection	Ginekološki pregled sa uzimanjem briseva	7	NULL
8392	follow-up-hematologist-examination	Follow-up Hematologist Examination	Kontrolni pregled hematologa	9	NULL
8393	psychiatrist-home-visit	Psychiatrist Home Visit	Kućna posjeta psihijatra	30	NULL
8394	neurologist-home-visit	Neurologist Home Visit	Kućna posjeta neurologa	21,30	NULL
8395	x-ray-per-segment	X-Ray per Segment	Rendgenski snimak po segmentu	3	NULL
8396	home-x-ray	Home X-Ray	Rendgenski snimak u kućnim uslovima	3,30	NULL
8397	home-blood-draw	Home Blood Draw	Uzimanje krvi u kućnim uslovima	28,29,30	Uzorkovanje u kući ; Vađenje krvi u kući
8398	pediatrician-home-visit	Pediatrician Home Visit	Kućna posjeta pedijatra	25,30	Pediatric Home Visit
8399	pediatric-orthopedist-examination	Pediatric Orthopedist Examination	Pregled dječjeg ortopeda	10,25	Pediatric Orthopedic Consultation ; Pregled dječijeg ortopeda
8400	pediatric-urologist-examination	Pediatric Urologist Examination	Pregled dječjeg urologa	22,25	Pediatric Urology Consultation ; Pregled dječijeg urologa
