clinic	code	price	price_min	price_max	ms_id	slug	name_en	name_sr
bolnica-danilo-i-cetinje	X07004	1.63	NULL	4.17	1469	nasal-irrigation	Nasal Irrigation	Ispiranje nosa
bolnica-danilo-i-cetinje	X07047	19.50	NULL	50.04	1470	tympanometry	Tympanometry	Timpanometrija
bolnica-danilo-i-cetinje	X07021	26.00	NULL	66.72	1471	audiometry	Audiometry	Audiometrija
bolnica-danilo-i-cetinje	M02002	3.25	NULL	8.34	1489	lymphatic-drainage-complete	Complete Lymphatic Drainage	Limfna drenaža kompletna
bolnica-danilo-i-cetinje	H05001	9.75	NULL	25.02	1490	first-neurologist-examination	First Neurologist Examination	Prvi pregled neurologa
bolnica-danilo-i-cetinje	H05002	3.25	NULL	8.34	1491	follow-up-neurologist-examination	Follow-up Neurologist Examination	Kontrolni pregled neurologa
bolnica-danilo-i-cetinje	H13001	19.50	NULL	50.04	1492	electroencephalography	Electroencephalography	Elektroencefalografija
bolnica-danilo-i-cetinje	S07001	9.75	NULL	25.02	1495	first-neurosurgeon-examination	First Neurosurgeon Examination	Prvi pregled neurohirurga
bolnica-danilo-i-cetinje	S07002	3.25	NULL	8.34	1496	follow-up-neurosurgeon-examination	Follow-up Neurosurgeon Examination	Kontrolni pregled neurohirurga
bolnica-danilo-i-cetinje	O01001	9.75	NULL	25.02	1510	first-ent-examination	First ENT Examination	Prvi pregled ORL specijaliste
bolnica-danilo-i-cetinje	O01002	3.25	NULL	8.34	1511	follow-up-ent-examination	Follow-up ENT Examination	Kontrolni pregled ORL specijaliste
bolnica-danilo-i-cetinje	X01005	3.25	NULL	8.34	1513	cerumen-ear-irrigation	Cerumen Ear Irrigation	Ispiranje uha od cerumena
bolnica-danilo-i-cetinje	E10001	9.75	NULL	25.02	1533	first-gastroenterologist-examination	First Gastroenterologist Examination	Prvi pregled gastroenterologa
bolnica-danilo-i-cetinje	E10002	3.25	NULL	8.34	1534	follow-up-gastroenterologist-examination	Follow-up Gastroenterologist Examination	Kontrolni pregled gastroenterologa
bolnica-danilo-i-cetinje	M03001	9.75	NULL	25.02	1537	first-physiatrist-examination	First Physiatrist Examination	Prvi pregled fizijatra
bolnica-danilo-i-cetinje	M03002	3.25	NULL	8.34	1538	follow-up-physiatrist-examination	Follow-up Physiatrist Examination	Kontrolni pregled fizijatra
bolnica-danilo-i-cetinje	J07001	26.83	NULL	32.19	1540	upper-abdomen-ultrasound	Upper Abdomen Ultrasound	Ultrazvuk gornjeg dijela abdomena
bolnica-danilo-i-cetinje	J07002	26.83	NULL	32.19	1541	lower-abdomen-ultrasound	Lower Abdomen Ultrasound	Ultrazvuk donjeg dijela abdomena
bolnica-danilo-i-cetinje	J07016	26.83	NULL	32.19	1548	lung-base-ultrasound	Lung Base Ultrasound	Ultrazvuk baze pluća
bolnica-danilo-i-cetinje	J07009	26.83	NULL	32.19	1551	doppler-neck-blood-vessels	Doppler Neck Blood Vessels	Dopler krvnih sudova vrata
bolnica-danilo-i-cetinje	J07010	26.83	NULL	32.19	1552	doppler-upper-extremity-blood-vessels	Doppler Upper Extremity Blood Vessels	Dopler krvnih sudova gornjih ekstremiteta
bolnica-danilo-i-cetinje	J07011	26.83	NULL	32.19	1553	doppler-lower-extremity-blood-vessels	Doppler Lower Extremity Blood Vessels	Dopler krvnih sudova donjih ekstremiteta
bolnica-danilo-i-cetinje	X01040	6.50	NULL	16.68	1616	ecg	ECG	EKG
bolnica-danilo-i-cetinje	X02011	13.00	NULL	33.36	1617	spirometry	Spirometry	Spirometrija
bolnica-danilo-i-cetinje	E08001	9.75	NULL	25.02	1618	first-endocrinologist-examination	First Endocrinologist Examination	Prvi pregled endokrinologa
bolnica-danilo-i-cetinje	E08002	3.25	NULL	8.34	1619	follow-up-endocrinologist-examination	Follow-up Endocrinologist Examination	Kontrolni pregled endokrinologa
bolnica-danilo-i-cetinje	N01001	9.75	NULL	25.02	1623	first-ophthalmologist-examination	First Ophthalmologist Examination	Prvi pregled oftalmologa
bolnica-danilo-i-cetinje	N01002	3.25	NULL	8.34	1624	follow-up-ophthalmologist-examination	Follow-up Ophthalmologist Examination	Kontrolni pregled oftalmologa
bolnica-danilo-i-cetinje	X06047	3.25	NULL	8.34	1626	intraocular-pressure-determination	Intraocular Pressure Determination	Određivanje intraokularnog pritiska
bolnica-danilo-i-cetinje	X06006	3.25	NULL	8.34	1627	foreign-body-removal-eye	Eye Foreign Body Removal	Uklanjanje stranog tijela iz oka
bolnica-danilo-i-cetinje	X06062	16.25	NULL	41.70	1628	lacrimal-duct-irrigation	Lacrimal Duct Irrigation	Ispiranje suznog kanala
bolnica-danilo-i-cetinje	M02021	3.25	NULL	8.34	1631	electrophoresis	Electrophoresis	Elektroforeza
bolnica-danilo-i-cetinje	J06062	2.85	NULL	3.42	1652	intraoral-x-ray	Intraoral X-Ray	Intraoralni RTG snimak
bolnica-danilo-i-cetinje	J11003	22.80	NULL	27.36	1678	panoramic-x-ray	Panoramic X-Ray	Ortopan snimak
bolnica-danilo-i-cetinje	B01002	3.25	NULL	8.34	1929	follow-up-pediatric-examination	Follow-up Pediatric Examination	Kontrolni pedijatrijski pregled
bolnica-danilo-i-cetinje	X14003	19.50	NULL	50.04	1945	ergometry-stress-test	Ergometry Stress Test	Ergometrija - test fizičkog opterećenja
bolnica-danilo-i-cetinje	X14005	48.75	NULL	125.10	1951	stress-echocardiography	Stress Echocardiography	Stres EHO srca - test fizičkog i/ili farmakološkog opterećenja
bolnica-danilo-i-cetinje	X01033	3.25	NULL	8.34	1979	iv-cannula-application	IV Cannula Application	Aplikacija intravenske kanile (braunile)
bolnica-danilo-i-cetinje	X01028	0.65	NULL	1.67	1980	intravenous-medication-application	Intravenous Medication Application	Aplikacija lijeka intravenski
bolnica-danilo-i-cetinje	X01010	1.63	NULL	4.17	1985	inhalation-therapy	Inhalation Therapy	Inhalaciona terapija
bolnica-danilo-i-cetinje	X02012	9.75	NULL	25.02	1989	bronchodilator-test	Bronchodilator Test	Bronhodilatatorni test - spirometrija sa lijekom
bolnica-danilo-i-cetinje	X17006	13.00	NULL	33.36	1990	body-plethysmography	Body Plethysmography	Bodipletizmografija - mjerenje zapremine pluća
bolnica-danilo-i-cetinje	X14002	32.50	NULL	83.40	1991	echocardiography-heart-ultrasound	Echocardiography (Heart Ultrasound)	Ehokardiografija (ultrazvuk srca)
bolnica-danilo-i-cetinje	X14001	48.75	NULL	125.10	1992	holter-ecg-24h	Holter ECG 24h	Holter EKG-a - 24h snimanje srčane aktivnosti
bolnica-danilo-i-cetinje	X14008	32.50	NULL	83.40	1993	holter-blood-pressure-24h	Holter Blood Pressure 24h	Holter krvnog pritiska - 24h praćenje vrijednosti
bolnica-danilo-i-cetinje	X02001	16.25	NULL	41.70	1995	prick-test-inhalation-allergens	Prick Test for Inhalant Allergens	Prick test na inhalacione alergene
bolnica-danilo-i-cetinje	J07005	26.83	NULL	32.19	1998	soft-tissue-ultrasound	Soft Tissue Ultrasound	Ultrazvuk mekih tkiva
bolnica-danilo-i-cetinje	J07008	26.83	NULL	32.19	2000	breast-ultrasound	Breast Ultrasound	Ultrazvuk dojki
bolnica-danilo-i-cetinje	J06002	6.25	NULL	7.50	2022	x-ray-lumbar-spine-and-sacrum	X-Ray Lumbar Spine and Sacrum	Rendgen lumbalnog dijela kičme i sakruma
bolnica-danilo-i-cetinje	J06051/J06052	7.50	NULL	15.03	2035	x-ray-chest-heart	X-Ray Lungs and Heart	RTG pluća i srca
bolnica-danilo-i-cetinje	J06015	6.25	NULL	7.50	2037	x-ray-abdomen-native	Plain X-Ray of the Abdomen	Rendgen abdomena – nativni snimak
bolnica-danilo-i-cetinje	J06012	6.25	NULL	7.50	2038	x-ray-urinary-tract	X-Ray Urinary Tract	Rendgen urotrakta
bolnica-danilo-i-cetinje	J06003	6.25	NULL	7.50	2039	x-ray-pelvis	X-Ray Pelvis	Rendgen karlice
bolnica-danilo-i-cetinje	X01015	1.63	NULL	4.17	2054	suture-removal	Suture Removal	Skidanje konaca
bolnica-danilo-i-cetinje	X01023	3.25	NULL	8.34	2089	nasogastric-tube-placement	Nasogastric Tube Placement	Plasiranje nazogastrične sonde
bolnica-danilo-i-cetinje	J07012	26.83	NULL	32.19	2104	blood-vessels-doppler	Blood Vessels Doppler	Dopler krvnih sudova
bolnica-danilo-i-cetinje	D02023	81.25	NULL	208.50	2130	pilonidal-cyst-surgery-classic	Classic Pilonidal Cyst Surgery	Operacija pilonidalne ciste, klasična
bolnica-danilo-i-cetinje	D02056	97.50	NULL	250.20	2131	pleural-drainage	Pleural Drainage	Drenaža pleure
bolnica-danilo-i-cetinje	X02028	9.75	NULL	25.02	2134	rectoscopy	Rectoscopy	Rektoskopija
bolnica-danilo-i-cetinje	D02018	48.75	NULL	125.10	2144	benign-breast-tumor-surgery	Benign Breast Tumor Surgery	Operacija benignih tumora dojki
bolnica-danilo-i-cetinje	D03008	65.00	NULL	166.80	2151	hydrocele-surgery	Hydrocele Surgery	Operacija hidrocele
bolnica-danilo-i-cetinje	D03110	48.75	NULL	125.10	2152	circumcision-local-anesthesia	Circumcision under Local Anesthesia	Cirkumcizija (lokalna anestezija)
bolnica-danilo-i-cetinje	D03007	65.00	NULL	166.80	2154	subcapsular-orchiectomy-local-anesthesia	Subcapsular Orchiectomy under Local Anesthesia	Subkapsularna orhiektomija (lokalna anestezija)
bolnica-danilo-i-cetinje	X01050	6.50	NULL	16.68	2162	joint-puncture	Joint Puncture	Punkcija zgloba
bolnica-danilo-i-cetinje	S01002	3.25	NULL	8.34	2190	follow-up-surgical-examination	Follow-up Surgical Examination	Kontrolni hirurški pregled
bolnica-danilo-i-cetinje	X03015	22.75	NULL	58.38	2200	cystoscopy-male	Cystoscopy (Male)	Cistoskopija (muškarci)
bolnica-danilo-i-cetinje	X03014	19.50	NULL	50.04	2201	cystoscopy-female	Cystoscopy (Female)	Cistoskopija (žene)
bolnica-danilo-i-cetinje	D05011	195.00	NULL	500.40	2209	carpal-tunnel-surgery	Carpal Tunnel Surgery	Operacija sindroma karpalnog tunela
bolnica-danilo-i-cetinje	X02040	16.25	NULL	41.70	2220	liver-biopsy-local-anesthesia	Liver Biopsy under Local Anesthesia	Biopsija jetre u lokalnoj anesteziji
bolnica-danilo-i-cetinje	X04023	9.75	NULL	25.02	2232	colposcopy	Colposcopy	Kolposkopija (pregled grlića materice)
bolnica-danilo-i-cetinje	X04042	19.50	NULL	50.04	2233	gynecological-ultrasound	Gynecological Ultrasound	Ginekološki ultrazvuk
bolnica-danilo-i-cetinje	X04063	39.00	NULL	100.08	2234	expert-pregnancy-ultrasound	Expert Pregnancy Ultrasound	Ekspertski ultrazvuk u trudnoći
bolnica-danilo-i-cetinje	X04057	16.25	NULL	41.70	2235	iud-insertion	IUD Insertion	Postavljanje intrauterinog uloška (IUD)
bolnica-danilo-i-cetinje	X04058	16.25	NULL	41.70	2236	iud-removal	IUD Removal	Uklanjanje intrauterinog uloška (IUD)
bolnica-danilo-i-cetinje	X04060	9.75	NULL	25.02	2259	pap-test-with-smear-collection	PAP Test with Smear Collection	PAPA test sa uzimanjem brisa
bolnica-danilo-i-cetinje	X06022	6.50	NULL	16.68	2273	dry-eye-test-schirmer	Schirmer Test for Dry Eye	Test za suvo oko (Schirmer test)
bolnica-danilo-i-cetinje	X06045	9.75	NULL	25.02	2279	daily-intraocular-pressure-profile	Daily Intraocular Pressure Profile	Dnevni profil očnog pritiska (IOP)
bolnica-danilo-i-cetinje	X06073	32.50	NULL	83.40	2280	chalazion-removal-children-general-anesthesia	Chalazion Removal in Children under General Anesthesia	Uklanjanje halaciona kod djece u opštoj anesteziji
bolnica-danilo-i-cetinje	X06072	26.00	NULL	66.72	2281	chalazion-removal-local-anesthesia	Chalazion Removal under Local Anesthesia	Uklanjanje halaciona kod djece i odraslih u lokalnoj anesteziji
bolnica-danilo-i-cetinje	D06026	97.50	NULL	250.20	2283	ectropion-surgery	Ectropion Surgery	Operacija izvrnutog kapka (ectropium)
bolnica-danilo-i-cetinje	D06027	97.50	NULL	250.20	2284	entropion-surgery	Entropion Surgery	Operacija uvrnutog kapka (entropium)
bolnica-danilo-i-cetinje	X06065	48.75	NULL	125.10	2286	lacrimal-duct-probing-children-general-anesthesia	Lacrimal Duct Irrigation and Probing in Children under General Anesthesia	Propiranje i sondiranje suznih puteva kod djece u opštoj anesteziji
bolnica-danilo-i-cetinje	X06064	32.50	NULL	83.40	2287	lacrimal-duct-probing-adults	Lacrimal Duct Probing Adults	Propiranje suznih puteva u ambulantnim uslovima za odrasle
bolnica-danilo-i-cetinje	J06008	6.25	NULL	7.50	2297	x-ray-chest	X-Ray Chest	RTG grudnog koša
bolnica-danilo-i-cetinje	P01002	3.25	NULL	8.34	2298	follow-up-dermatologist-examination	Follow-up Dermatologist Examination	Kontrolni pregled dermatologa
bolnica-danilo-i-cetinje	X01036	3.25	NULL	8.34	2310	thyroid-biopsy	Thyroid Biopsy	Biopsija štitaste žlijezde
bolnica-danilo-i-cetinje	J09001/J09002	360.00	NULL	450.00	3141	mri-brain	MRI Brain	MR pregled mozga
bolnica-danilo-i-cetinje	J09019	375.00	NULL	450.00	3145	mri-pituitary-gland-sella-turcica	MRI Pituitary Gland (Sella Turcica)	MR pregled hipofize (turskog sedla)
bolnica-danilo-i-cetinje	J09020/J09021	360.00	NULL	450.00	3151	mri-soft-tissue-neck	MRI Soft Tissue Neck	MR pregled mekih tkiva vrata
bolnica-danilo-i-cetinje	J09003/J09004	360.00	NULL	450.00	3152	mri-cervical-spine	MRI Cervical Spine	MR pregled vratnog dijela kičme
bolnica-danilo-i-cetinje	J09005/J09006	360.00	NULL	450.00	3153	mri-thoracic-spine	MRI Thoracic Spine	MR pregled torakalnog dijela kičme
bolnica-danilo-i-cetinje	J09007/J09008	360.00	NULL	450.00	3154	mri-lumbosacral-spine	MRI Lumbosacral Spine	MR pregled lumbosakralnog dijela kičme
bolnica-danilo-i-cetinje	J09024	375.00	NULL	450.00	3156	mri-breast	MRI Breast	MR pregled dojke
bolnica-danilo-i-cetinje	J09022/J09023	360.00	NULL	450.00	3157	mri-cholangiography-mrcp	MRI Cholangiography (MRCP)	MR holangiografija (MRCP)
bolnica-danilo-i-cetinje	J09015/J09016	360.00	NULL	450.00	3161	mri-abdomen	MRI Abdomen	MR pregled abdomena
bolnica-danilo-i-cetinje	J09017/J09018	360.00	NULL	450.00	3171	mri-pelvic-organs	MRI Pelvic Organs	MR pregled karličnih organa
bolnica-danilo-i-cetinje	J09009/J09010	360.00	NULL	450.00	3172	mri-hip-joints-in-pelvis	MRI Hip Joints in Pelvis	MR pregled kukova u karlici
bolnica-danilo-i-cetinje	J08006	155.73	NULL	186.87	3188	msct-angiography-head-and-neck-vessels	MSCT Angiography Head and Neck Vessels	MSCT angiografija krvnih sudova glave i vrata
bolnica-danilo-i-cetinje	J08007/J08008	124.56	NULL	186.87	3190	msct-angiography-aorta	MSCT Angiography Aorta	MSCT angiografija aorte
bolnica-danilo-i-cetinje	J06001	6.25	NULL	7.50	3198	x-ray-head-craniogram	X-Ray Head (Craniogram)	Rendgen glave (Kraniogram)
bolnica-danilo-i-cetinje	J06040	10.45	NULL	12.54	3202	x-ray-paranasal-sinuses	X-Ray Paranasal Sinuses	Rendgen sinusa (paranazalnih šupljina)
bolnica-danilo-i-cetinje	J06006	2.08	NULL	2.49	3207	x-ray-sternum	X-Ray Sternum	Rendgen sternuma (prsne kosti)
bolnica-danilo-i-cetinje	J06013	4.15	NULL	4.98	3218	x-ray-urinary-tract-native	Plain X-Ray of the Urinary Tract	Rendgen urotrakta – nativni snimak
bolnica-danilo-i-cetinje	J07015	26.83	NULL	32.19	3245	ultrasound-neck-glands-and-soft-tissue	Ultrasound Neck Glands and Soft Tissue	Ultrazvuk vrata (žlijezde i meka tkiva)
bolnica-danilo-i-cetinje	J07007	26.83	NULL	32.19	3246	ultrasound-thyroid-and-parathyroid-glands	Ultrasound Thyroid and Parathyroid Glands	Ultrazvuk štitne i paraštitne žlijezde
bolnica-danilo-i-cetinje	M02022	3.25	NULL	8.34	3258	diadynamic-currents	Diadynamic Currents	Dijadinamske struje
bolnica-danilo-i-cetinje	M02046	4.32	NULL	11.09	3259	interferential-currents	Interferential Currents	Interferentne struje
bolnica-danilo-i-cetinje	M02009	3.25	NULL	8.34	3262	ultrasound-therapy	Ultrasound Therapy	Ultrazvučna terapija
bolnica-danilo-i-cetinje	M02011	4.88	NULL	12.51	3263	laser-therapy	Laser Therapy	Laseroterapija
bolnica-danilo-i-cetinje	M02023	4.32	NULL	11.09	3264	tens-therapy	TENS Therapy	TENS terapija
bolnica-danilo-i-cetinje	M02008	4.88	NULL	12.51	3265	magnetic-therapy	Magnetic Therapy	Magnetoterapija
bolnica-danilo-i-cetinje	W04001	278.80	NULL	334.56	3291	folliculometry	Folliculometry	Folikulometrija
bolnica-danilo-i-cetinje	X04026	9.75	NULL	25.02	3292	hymenotomy	Hymenotomy	Himenotomija
bolnica-danilo-i-cetinje	E04002	3.25	NULL	8.34	3293	follow-up-cardiologist-examination	Follow-up Cardiologist Examination	Kontrolni pregled kardiologa
bolnica-danilo-i-cetinje	X18004	19.50	NULL	50.04	3294	ergospirometry	Ergospirometry	Ergospirometrija
bolnica-danilo-i-cetinje	R01002	3.25	NULL	8.34	3298	follow-up-orthopedist-examination	Follow-up Orthopedist Examination	Kontrolni pregled ortopeda
bolnica-danilo-i-cetinje	X07023	6.50	NULL	16.68	3333	vestibulometry	Vestibulometry	Vestibulometrija
bolnica-danilo-i-cetinje	E07002	3.25	NULL	8.34	3339	follow-up-pulmonologist-examination	Follow-up Pulmonologist Examination	Kontrolni pregled subspecijaliste pulmologa
bolnica-danilo-i-cetinje	X01062	9.75	NULL	25.02	3345	tick-removal	Tick Removal	Vađenje krpelja
bolnica-danilo-i-cetinje	X10011	6.50	NULL	16.68	3351	perianal-abscess-incision-and-drainage	Perianal Abscess Incision and Drainage	Incizija i drenaža perianalnog apscesa
bolnica-danilo-i-cetinje	X02013	9.75	NULL	25.02	3354	pleural-puncture	Pleural Puncture	Punkcija pleure
bolnica-danilo-i-cetinje	D02001	48.75	NULL	125.10	3368	pilonidal-sinus-surgical-treatment	Pilonidal Sinus Surgical Treatment	Hirurško liječenje pilonidalnog sinusa
bolnica-danilo-i-cetinje	D01037	113.75	NULL	291.90	3377	laparoscopic-myomectomy	Laparoscopic Myomectomy	Laparoskopska miomektomija
bolnica-danilo-i-cetinje	D01035	113.75	NULL	291.90	3379	laparoscopic-salpingectomy	Laparoscopic Salpingectomy	Laparoskopska salpingektomija
bolnica-danilo-i-cetinje	D01056	130.00	NULL	333.60	3380	vulvectomy	Vulvectomy	Vulvektomija
bolnica-danilo-i-cetinje	D01044	162.50	NULL	417.00	3383	laparoscopic-salpingo-oophorectomy	Laparoscopic Salpingo-oophorectomy	Laparoskopska salpingo-ooforektomija
bolnica-danilo-i-cetinje	D01007	325.00	NULL	834.00	3389	abdominal-hysterectomy	Abdominal Hysterectomy	Abdominalna histerektomija
bolnica-danilo-i-cetinje	D01050	390.00	NULL	1000.80	3390	vaginal-hysterectomy	Vaginal Hysterectomy	Vaginalna histerektomija
bolnica-danilo-i-cetinje	D01054	84.50	NULL	216.84	3392	cervical-amputation	Cervical Amputation	Amputacija grlića materice
bolnica-danilo-i-cetinje	D01061	650.00	NULL	1668.00	3405	total-laparoscopic-abdominal-hysterectomy	Total Laparoscopic Abdominal Hysterectomy	Totalna laparoskopska abdominalna histerektomija
bolnica-danilo-i-cetinje	D01030	32.50	NULL	83.40	3407	hysteroscopy-asherman-syndrome	Hysteroscopy for Asherman Syndrome	Histeroskopija (Ašermanov sindrom)
bolnica-danilo-i-cetinje	D01036	113.75	NULL	291.90	3408	uterine-septum-resection-hysteroscopy	Hysteroscopic Uterine Septum Resection	Resekcija septuma uterusa histeroskopijom
bolnica-danilo-i-cetinje	D01031	65.00	NULL	166.80	3409	uterine-polypectomy-hysteroscopy	Hysteroscopic Uterine Polypectomy	Polipektomija materice histeroskopijom
bolnica-danilo-i-cetinje	D01077	422.50	NULL	1084.20	3410	abdominal-hysterectomy-with-conservation	Abdominal Hysterectomy with Preservation of Adnexa	Abdominalna histerektomija sa konzervacijom adneksa
bolnica-danilo-i-cetinje	D02065	97.50	NULL	250.20	3412	laparoscopic-appendectomy	Laparoscopic Appendectomy	Laparoskopska operacija slijepog crijeva (apendektomija)
bolnica-danilo-i-cetinje	D02006	97.50	NULL	250.20	3413	open-appendectomy	Open Appendectomy	Otvorena operacija slijepog crijeva (apendektomija)
bolnica-danilo-i-cetinje	D02141	325.00	NULL	834.00	3414	laparoscopic-cholecystectomy	Laparoscopic Cholecystectomy	Laparoskopska operacija žučne kese (holecistektomija)
bolnica-danilo-i-cetinje	D02013	325.00	NULL	834.00	3416	cholecystectomy-with-t-tube-drainage	Cholecystectomy with T-tube Drainage	Holecistektomija sa T-drenažom
bolnica-danilo-i-cetinje	D02028	130.00	NULL	333.60	3418	epigastric-hernia-operation	Epigastric Hernia Operation	Operacija epigastrične kile
bolnica-danilo-i-cetinje	D02029	130.00	NULL	333.60	3419	incarcerated-hernia-operation	Incarcerated Hernia Operation	Operacija uklještene kile
bolnica-danilo-i-cetinje	D02154	390.00	NULL	1000.80	3421	liver-resection	Liver Resection	Resekcija jetre
bolnica-danilo-i-cetinje	D02177	812.50	NULL	2085.00	3423	pancreatic-head-carcinoma-whipple	Whipple Procedure for Pancreatic Head Carcinoma	Duodenopankreatektomija (Whipple) kod karcinoma glave pankreasa
bolnica-danilo-i-cetinje	D02007	162.50	NULL	417.00	3425	exploratory-laparotomy	Exploratory Laparotomy	Eksplorativna laparotomija
bolnica-danilo-i-cetinje	D02043	650.00	NULL	1668.00	3436	miles-rectal-amputation	Miles Rectal Amputation	Amputacija rektuma po Milesu
bolnica-danilo-i-cetinje	D02256	390.00	NULL	1000.80	3439	left-hemicolectomy-with-colostomy	Left Hemicolectomy with Colostomy	Lijeva hemikolektomija sa izvođenjem kolostome
bolnica-danilo-i-cetinje	D02255	390.00	NULL	1000.80	3440	left-hemicolectomy-with-colo-colo-anastomosis	Left Hemicolectomy with Colo-colo Anastomosis	Lijeva hemikolektomija sa kolo-kolo anastomozom
bolnica-danilo-i-cetinje	D02253	585.00	NULL	1501.20	3442	right-hemicolectomy-with-anastomosis	Right Hemicolectomy with Anastomosis	Desna hemikolektomija i anastomoza crijeva
bolnica-danilo-i-cetinje	D02236	585.00	NULL	1501.20	3443	laparoscopic-right-hemicolectomy	Laparoscopic Right Hemicolectomy	Laparoskopska desna hemikolektomija
bolnica-danilo-i-cetinje	D02230	487.50	NULL	1251.00	3445	hartmann-reconstruction	Reconstruction after Hartmann Procedure	Rekonstrukcija nakon Hartmanove operacije
bolnica-danilo-i-cetinje	D02035	585.00	NULL	1501.20	3447	total-colectomy-with-ileo-rectal-anastomosis	Total Colectomy with Ileo-rectal Anastomosis	Totalna kolektomija sa ileorektalnom anastomozom
bolnica-danilo-i-cetinje	D02212	325.00	NULL	834.00	3456	laparoscopic-subtotal-gastrectomy	Laparoscopic Subtotal Gastrectomy	Laparoskopska subtotalna gastrektomija
bolnica-danilo-i-cetinje	D02175	650.00	NULL	1668.00	3460	total-gastrectomy-with-d2-lymphadenectomy	Total Gastrectomy with D2 Lymphadenectomy	Totalna gastrektomija sa D2 limfadenektomijom
bolnica-danilo-i-cetinje	D02015	325.00	NULL	834.00	3461	gastro-entero-and-entero-entero-anastomosis	Gastroenterostomy and Enteroenterostomy	Gastroenteroanastomoza i enteroenteroanastomoza
bolnica-danilo-i-cetinje	D02261	812.50	NULL	2085.00	3470	hepatectomy	Hepatectomy	Hepatektomija
bolnica-danilo-i-cetinje	D03206	243.75	NULL	625.50	3502	penile-prosthesis-implantation	Penile Prosthesis Implantation	Ugradnja penilne proteze
bolnica-danilo-i-cetinje	X01032	1.63	NULL	4.17	3567	urinary-catheter-placement	Urinary Catheter Placement	Plasiranje urinarnog katetera
bolnica-danilo-i-cetinje	X01046	6.50	NULL	16.68	3603	abdominal-paracentesis	Abdominal Paracentesis	Punkcija abdomena
bolnica-danilo-i-cetinje	X02014	9.75	NULL	25.02	3604	thoracentesis	Thoracentesis	Torakocenteza
bolnica-danilo-i-cetinje	J06035	31.38	NULL	37.65	3605	ultrasound-guided-biopsy	Ultrasound-Guided Biopsy	Biopsija pod kontrolom ultrazvuka
bolnica-danilo-i-cetinje	X06080	35.75	NULL	91.74	3611	optical-coherence-tomography-oct	Optical Coherence Tomography (OCT)	Optička koherentna tomografija OCT
bolnica-danilo-i-cetinje	X06055	58.50	NULL	150.12	3614	fluorescein-angiography	Fluorescein Angiography	Fluoresceinska angiografija
bolnica-danilo-i-cetinje	X06071	16.25	NULL	41.70	3615	fundus-photography	Fundus Photography	Fotografija fundusa
bolnica-danilo-i-cetinje	D06109	406.25	NULL	1042.50	3642	cataract-surgery-with-standard-iol	Cataract Surgery with Standard IOL	Uklanjanje katarakte sa ugradnjom standardnog sočiva
bolnica-danilo-i-cetinje	D07002	1890.00	NULL	NULL	3647	secondary-iol-implantation	Secondary IOL Implantation	Sekundarna implantacija IOL-a
bolnica-danilo-i-cetinje	D07009	5010.00	NULL	NULL	3654	vitrectomy-category-i	Vitrectomy Category I	Vitrektomija I kategorije
bolnica-danilo-i-cetinje	D07007	2520.00	NULL	NULL	3657	silicone-oil-exchange	Silicone Oil Exchange	Zamjena silikonskog ulja
bolnica-danilo-i-cetinje	D07006	1890.00	NULL	NULL	3658	silicone-oil-removal	Silicone Oil Removal	Evakuacija silikonskog ulja
bolnica-danilo-i-cetinje	D07008	3750.00	NULL	NULL	3659	episcleral-retinal-detachment-surgery	Episcleral Retinal Detachment Surgery	Episkleralna operacija ablacije mrežnjače
bolnica-danilo-i-cetinje	D06001	48.75	NULL	125.10	3661	pterygium-removal	Pterygium Removal	Uklanjanje pterigijuma
bolnica-danilo-i-cetinje	D06004	162.50	NULL	417.00	3662	pterygium-removal-with-conjunctival-graft	Pterygium Removal with Conjunctival Graft	Uklanjanje pterigijuma sa kalemom konjunktive
bolnica-danilo-i-cetinje	D06130	130.00	NULL	333.60	3665	strabismus-surgery	Strabismus Surgery	Operacija strabizma
bolnica-danilo-i-cetinje	H13011	6.50	NULL	16.68	3734	neuromuscular-transmission-test	Neuromuscular Transmission Test	Test neuromišićne transmisije
bolnica-danilo-i-cetinje	H13012	6.50	NULL	16.68	3735	prostigmin-test	Prostigmin Test	Prostigminski test
bolnica-danilo-i-cetinje	J07004	26.83	NULL	32.19	3738	pediatric-hip-ultrasound	Pediatric Hip Ultrasound	Ultrazvuk kukova kod djece
bolnica-danilo-i-cetinje	X02029	16.25	NULL	41.70	3753	rectosigmoidoscopy	Rectosigmoidoscopy	Rektosigmoidoskopija
bolnica-danilo-i-cetinje	J08005	103.80	NULL	124.56	3863	msct-head-and-neck-native	MSCT Head and Neck without Contrast	CT glave i vrata nativno
bolnica-danilo-i-cetinje	J08004	155.73	NULL	186.87	3879	msct-coronary-angiography	MSCT Coronary Angiography	CT koronarografija
bolnica-danilo-i-cetinje	J08003	103.80	NULL	124.56	3880	msct-calcium-score	MSCT Calcium Score	CT Ca score
bolnica-danilo-i-cetinje	J08011/J08012	124.56	NULL	186.87	3881	msct-colonography	MSCT Colonography	CT kolonografija
bolnica-danilo-i-cetinje	J08001	103.80	NULL	124.56	3886	msct-single-region-native	MSCT Single Region without Contrast	CT jedne regije nativno
bolnica-danilo-i-cetinje	J08002	155.73	NULL	186.87	3887	msct-single-region-with-contrast	MSCT Single Region with Contrast	CT jedne regije sa kontrastom
bolnica-danilo-i-cetinje	E02002	3.25	NULL	8.34	3904	follow-up-internist-examination	Follow-up Internist Examination	Kontrolni internistički pregled
bolnica-danilo-i-cetinje	D02024	487.50	NULL	1251.00	3951	thyroidectomy	Thyroidectomy	Operacija štitne žlijezde
bolnica-danilo-i-cetinje	X01034	1.63	NULL	4.17	3955	rapid-blood-glucose-test	Rapid Blood Glucose Test	Brzi test glukoze u krvi
bolnica-danilo-i-cetinje	X07019	6.50	NULL	16.68	3992	eustachian-tube-function-test	Eustachian Tube Function Test	Test funkcije Eustahijeve tube
bolnica-danilo-i-cetinje	X07039	6.50	NULL	16.68	3993	acumetric-hearing-tests	Acumetric Hearing Tests	Akumetrijski testovi
bolnica-danilo-i-cetinje	X07077	26.00	NULL	66.72	3995	otoacoustic-emissions-teoae	Otoacoustic Emissions (TEOAE)	Otoakustična emisija (TEOAE)
bolnica-danilo-i-cetinje	X07076	26.00	NULL	66.72	3996	objective-audiometry-bera	Objective Audiometry (BERA)	Objektivna audiometrija (BERA)
bolnica-danilo-i-cetinje	D22010	9.30	NULL	11.16	3998	dental-first-aid	Dental First Aid	Stomatološka prva pomoć
bolnica-danilo-i-cetinje	R01001	9.75	NULL	25.02	4062	first-orthopedist-examination	First Orthopedist Examination	Prvi pregled ortopeda
bolnica-danilo-i-cetinje	M02013	3.25	NULL	8.34	4066	hydrotherapy-underwater-massage	Hydrotherapy: Underwater Massage	Hidroterapija: podvodna masaža
bolnica-danilo-i-cetinje	M02015	6.50	NULL	16.68	4067	hydrotherapy-galvanic-four-cell-bath	Hydrotherapy: Galvanic Four-Cell Bath	Hidroterapija: galvanska četvoroćelijska kupka
bolnica-danilo-i-cetinje	M02019	2.18	NULL	5.59	4069	thermotherapy-parafango	Thermotherapy: Parafango	Termoterapija: parafango
bolnica-danilo-i-cetinje	M02004	3.25	NULL	8.34	4071	thermotherapy-cryotherapy	Thermotherapy: Cryotherapy	Termoterapija: krioterapija
bolnica-danilo-i-cetinje	X18001	78.00	NULL	200.16	4115	polysomnography	Polysomnography	Polisomnografija
bolnica-danilo-i-cetinje	J07003	26.83	NULL	32.19	4117	testicular-ultrasound	Testicular Ultrasound	Ultrazvuk testisa
bolnica-danilo-i-cetinje	X03067	19.50	NULL	50.04	4118	capillaroscopy	Capillaroscopy	Kapilaroskopija
bolnica-danilo-i-cetinje	T01002	3.25	NULL	8.34	4140	follow-up-urologist-examination	Follow-up Urologist Examination	Kontrolni pregled urologa
bolnica-danilo-i-cetinje	E03002	3.25	NULL	8.34	4142	follow-up-rheumatologist-examination	Follow-up Rheumatologist Examination	Kontrolni pregled reumatologa
bolnica-danilo-i-cetinje	G09003	112.50	NULL	135.00	4145	hyperbaric-oxygen-therapy-session	Hyperbaric Oxygen Therapy Session	Hiperbarična oksigenoterapija – jedan tretman u komori
bolnica-danilo-i-cetinje	X06070	3.25	NULL	8.34	4237	autokeratorefractometry	Autokeratorefractometry	Autokeratorefraktometrija
bolnica-danilo-i-cetinje	X06043	9.75	NULL	25.02	4238	gonioscopy	Gonioscopy	Gonioskopija
bolnica-danilo-i-cetinje	X06049	19.50	NULL	50.04	4241	contact-lens-fitting-and-care-training	Contact Lens Wear and Care Training	Obuka za nošenje i održavanje kontaktnih sočiva
bolnica-danilo-i-cetinje	X06035	6.50	NULL	16.68	4247	exophthalmometry-hertel	Hertel Exophthalmometry	Egzoftalmometrija po Hertelu
bolnica-danilo-i-cetinje	X06023	0.65	NULL	1.67	4252	topical-eye-medication-application	Topical Eye Medication Application (Drops and Ointments)	Primjena lokalne terapije kapi i masti
bolnica-danilo-i-cetinje	X06063	26.00	NULL	66.72	4254	lacrimal-duct-irrigation-children	Lacrimal Duct Irrigation in Children	Ispiranje suznih kanala kod djece
bolnica-danilo-i-cetinje	X06004	4.88	NULL	12.51	4256	subconjunctival-injection	Subconjunctival Injection	Subkonjunktivalna injekcija
bolnica-danilo-i-cetinje	D06014	130.00	NULL	333.60	4273	ptosis-correction-with-frontal-suspension	Ptosis Correction with Frontal Suspension	Korekcija ptoze frontalnom suspenzijom
bolnica-danilo-i-cetinje	D07011	6330.00	NULL	NULL	4301	phaco-vitrectomy	Phaco-Vitrectomy	Fako-vitrektomija
bolnica-danilo-i-cetinje	D06122	195.00	NULL	500.40	4302	scleral-buckle-with-vitrectomy	Scleral Buckle with Vitrectomy	Serklaž uz vitrektomiju
bolnica-danilo-i-cetinje	B01008	3.25	NULL	8.34	4324	follow-up-neonatologist-examination	Follow-up Neonatologist Examination	Kontrolni pregled neonatologa
bolnica-danilo-i-cetinje	X04069	65.00	NULL	166.80	4395	amniocentesis	Amniocentesis	Amniocenteza
bolnica-danilo-i-cetinje	X02005	16.25	NULL	41.70	4607	anterior-nasal-packing	Anterior Nasal Packing	Prednja tamponada nosa
bolnica-danilo-i-cetinje	D04017	45.50	NULL	116.76	4666	tonsillectomy	Tonsillectomy	Tonzilektomija
bolnica-danilo-i-cetinje	D06013	58.50	NULL	150.12	4734	tarsorrhaphy	Tarsorrhaphy	Tarzorafija
bolnica-danilo-i-cetinje	S04002	3.25	NULL	8.34	4745	follow-up-thoracic-surgeon-examination	Follow-up Thoracic Surgeon Examination	Kontrolni pregled — grudni hirurg
bolnica-danilo-i-cetinje	D28013	650.00	NULL	1668.00	4752	tracheal-resection	Tracheal Resection	Resekcija traheje
bolnica-danilo-i-cetinje	D02104	195.00	NULL	500.40	4761	recurrent-ventral-hernia-repair	Recurrent Ventral Hernia Repair	Plastika recidivantne ventralne hernije
bolnica-danilo-i-cetinje	D02087	162.50	NULL	417.00	4764	recurrent-inguinal-hernia-repair	Recurrent Inguinal Hernia Repair	Operacija recidivantne ingvinalne kile
bolnica-danilo-i-cetinje	D02190	130.00	NULL	333.60	4765	laparoscopic-umbilical-hernia-repair	Laparoscopic Umbilical Hernia Repair	Umbilikalna hernija – laparoskopska operacija
bolnica-danilo-i-cetinje	D02092	162.50	NULL	417.00	4769	laparoscopic-liver-biopsy	Laparoscopic Liver Biopsy	Biopsija jetre – laparoskopska
bolnica-danilo-i-cetinje	X01009	1.63	NULL	4.17	4834	pulse-oximetry	Pulse Oximetry	Pulsna oksimetrija
bolnica-danilo-i-cetinje	A01001	9.75	NULL	25.02	4861	first-anesthesiologist-examination	First Anesthesiologist Examination	Prvi pregled - anesteziolog
bolnica-danilo-i-cetinje	B01001	9.75	NULL	25.02	4862	first-pediatric-examination	First Pediatric Examination	Prvi pregled djeteta - pedijatar
bolnica-danilo-i-cetinje	B01005	9.75	NULL	25.02	4863	first-infant-examination	First Infant Examination	Prvi pregled odojčeta - pedijatar
bolnica-danilo-i-cetinje	B01006	9.75	NULL	25.02	4864	first-neonatologist-examination	First Neonatologist Examination	Prvi pregled novorođenčeta - neonatolog
bolnica-danilo-i-cetinje	B01007	3.25	NULL	8.34	4865	follow-up-infant-examination	Follow-up Infant Examination	Ponovni pregled odojčeta - pedijatar
bolnica-danilo-i-cetinje	C03001	9.75	NULL	25.02	4866	first-gynecologist-obstetrician-examination	First Gynecologist-Obstetrician Examination	Prvi pregled - ginekolog-akušer
bolnica-danilo-i-cetinje	C03002	3.25	NULL	8.34	4867	follow-up-gynecologist-obstetrician-examination	Follow-up Gynecologist-Obstetrician Examination	Ponovni pregled - ginekolog-akušer
bolnica-danilo-i-cetinje	C03003	9.75	NULL	25.02	4868	first-pediatric-and-adolescent-gynecology-examination	First Pediatric and Adolescent Gynecology Examination	Prvi specijalistički pregled u dječijoj i adolescentnoj dobi
bolnica-danilo-i-cetinje	C03004	3.25	NULL	8.34	4869	follow-up-pediatric-and-adolescent-gynecology-examination	Follow-up Pediatric and Adolescent Gynecology Examination	Ponovni specijalistički pregled u dječijoj i adolescentnoj dobi
bolnica-danilo-i-cetinje	E02001	9.75	NULL	25.02	4870	first-internist-examination	First Internist Examination	Prvi pregled - internista
bolnica-danilo-i-cetinje	E03001	9.75	NULL	25.02	4871	first-rheumatologist-examination	First Rheumatologist Examination	Prvi pregled - reumatolog
bolnica-danilo-i-cetinje	E04001	9.75	NULL	25.02	4872	first-cardiologist-examination	First Cardiologist Examination	Prvi pregled - kardiolog
bolnica-danilo-i-cetinje	E07001	9.75	NULL	25.02	4873	first-pulmonologist-examination	First Pulmonologist Examination	Prvi pregled - pulmolog
bolnica-danilo-i-cetinje	E07003	9.75	NULL	25.02	4874	first-phthisiopneumologist-examination	First Phthisiopneumologist Examination	Prvi pregled - pneumoftiziolog
bolnica-danilo-i-cetinje	E07004	3.25	NULL	8.34	4875	follow-up-phthisiopneumologist-examination	Follow-up Phthisiopneumologist Examination	Ponovni pregled - pneumoftiziolog
bolnica-danilo-i-cetinje	E08003	9.75	NULL	25.02	4876	first-pediatric-endocrinologist-examination-infant	First Pediatric Endocrinologist Examination (Infant)	Prvi pregled odojčeta - dječiji endokrinolog
bolnica-danilo-i-cetinje	E08004	9.75	NULL	25.02	4877	first-pediatric-endocrinologist-examination	First Pediatric Endocrinologist Examination	Prvi pregled djeteta - dječiji endokrinolog
bolnica-danilo-i-cetinje	E08005	3.25	NULL	8.34	4878	follow-up-pediatric-endocrinologist-examination-infant	Follow-up Pediatric Endocrinologist Examination (Infant)	Ponovni pregled odojčeta - dječiji endokrinolog
bolnica-danilo-i-cetinje	E08006	3.25	NULL	8.34	4879	follow-up-pediatric-endocrinologist-examination	Follow-up Pediatric Endocrinologist Examination	Ponovni pregled djeteta - dječiji endokrinolog
bolnica-danilo-i-cetinje	E09001	9.75	NULL	25.02	4880	first-nephrologist-examination	First Nephrologist Examination	Prvi pregled - nefrolog
bolnica-danilo-i-cetinje	E09002	3.25	NULL	8.34	4881	follow-up-nephrologist-examination	Follow-up Nephrologist Examination	Ponovni pregled - nefrolog
bolnica-danilo-i-cetinje	E09003	9.75	NULL	25.02	4882	first-pediatric-nephrologist-examination-infant	First Pediatric Nephrologist Examination (Infant)	Prvi pregled odojčeta - dječiji nefrolog
bolnica-danilo-i-cetinje	E09004	9.75	NULL	25.02	4883	first-pediatric-nephrologist-examination	First Pediatric Nephrologist Examination	Prvi pregled djeteta - dječiji nefrolog
bolnica-danilo-i-cetinje	E09005	3.25	NULL	8.34	4884	follow-up-pediatric-nephrologist-examination-infant	Follow-up Pediatric Nephrologist Examination (Infant)	Ponovni pregled odojčeta - dječiji nefrolog
bolnica-danilo-i-cetinje	E09006	3.25	NULL	8.34	4885	follow-up-pediatric-nephrologist-examination	Follow-up Pediatric Nephrologist Examination	Ponovni pregled djeteta - dječiji nefrolog
bolnica-danilo-i-cetinje	I01001	9.75	NULL	25.02	4886	first-infectious-disease-specialist-examination	First Infectious Disease Specialist Examination	Prvi pregled - infektolog
bolnica-danilo-i-cetinje	I01002	3.25	NULL	8.34	4887	follow-up-infectious-disease-specialist-examination	Follow-up Infectious Disease Specialist Examination	Ponovni pregled - infektolog
bolnica-danilo-i-cetinje	P01001	9.75	NULL	25.02	4888	first-dermatologist-examination	First Dermatologist Examination	Prvi pregled - dermatovenerolog
bolnica-danilo-i-cetinje	S01001	9.75	NULL	25.02	4889	first-surgical-examination	First Surgical Examination	Prvi pregled - hirurg
bolnica-danilo-i-cetinje	T01001	9.75	NULL	25.02	4890	first-urologist-examination	First Urologist Examination	Prvi pregled urologa
bolnica-danilo-i-cetinje	J07006	26.83	NULL	32.19	4891	abdominal-vessels-and-lymph-nodes-ultrasound	Abdominal Vessels and Lymph Nodes Ultrasound	Ultrazvuk abdominalnih krvnih sudova i limfnih žlijezda
bolnica-danilo-i-cetinje	J07013	26.83	NULL	32.19	4892	transcranial-doppler-sonography	Transcranial Doppler Sonography	Transkranijalna doppler sonografija
bolnica-danilo-i-cetinje	J07017	26.83	NULL	32.19	4893	sinus-ultrasound	Sinus Ultrasound	Ultrazvuk sinusa
bolnica-danilo-i-cetinje	J07018	26.83	NULL	32.19	4894	ankle-brachial-index-by-doppler-ultrasound	Ankle-Brachial Index by Doppler Ultrasound	Mjerenje gležanjsko-brahijalnog indeksa dopler ultrazvukom
bolnica-danilo-i-cetinje	J08009/J08010	124.56	NULL	186.87	4895	msct-angiography-extremities	MSCT Angiography Extremities	MSCT angiografija ekstremiteta
bolnica-danilo-i-cetinje	J08013/J08014	124.56	NULL	186.87	4896	msct-virtual-bronchoscopy	MSCT Virtual Bronchoscopy	MSCT virtuelna bronhoskopija
bolnica-danilo-i-cetinje	J08017	108.15	NULL	129.78	4897	percutaneous-aspiration-biopsy-under-ct-guidance	Percutaneous Aspiration Biopsy under CT Guidance	Perkutana aspiraciona biopsija pod kontrolom CT-a
bolnica-danilo-i-cetinje	J08018	278.38	NULL	334.05	4898	biliary-system-drainage-under-ct-guidance	Biliary System Drainage under CT Guidance	Drenaža bilijarnog sistema pod kontrolom CT-a
bolnica-danilo-i-cetinje	J08019	417.58	NULL	501.09	4899	percutaneous-transhepatic-bile-stone-removal-dormia-basket	Percutaneous Transhepatic Bile Stone Removal (Dormia Basket)	Perkutano-transhepatalno odstranjivanje žučnih konkremenata (Dormia košaricom)
bolnica-danilo-i-cetinje	J08020	417.58	NULL	501.09	4900	t-drain-replacement-under-ct-guidance	Replacement of Dislodged T-Drain under CT Guidance	Nadomještanje ispalog T-drena pod kontrolom CT-a
bolnica-danilo-i-cetinje	J08021	417.58	NULL	501.09	4901	removal-of-obstructions-in-blocked-t-drain	Removal of Obstructions in Blocked T-Drain	Uklanjanje barijera u začepljenom T-drenu
bolnica-danilo-i-cetinje	J08022	417.58	NULL	501.09	4902	bile-duct-stricture-dilatation	Bile Duct Stricture Dilatation	Dilatacija striktura žučnih puteva
bolnica-danilo-i-cetinje	J08023	417.58	NULL	501.09	4903	postoperative-biopsy-of-extrahepatic-bile-ducts	Postoperative Biopsy of Extrahepatic Bile Ducts	Postoperativna biopsija ekstrahepatalnih žučnih vodova
bolnica-danilo-i-cetinje	J08024	210.25	NULL	252.30	4904	percutaneous-renal-cyst-aspiration-under-ct-guidance	Percutaneous Renal Cyst Aspiration under CT Guidance	Punkcija i evakuacija bubrežnih cista pod kontrolom CT-a
bolnica-danilo-i-cetinje	J08025	245.05	NULL	294.06	4905	percutaneous-nephrostomy-under-ct-guidance	Percutaneous Nephrostomy under CT Guidance	Perkutana nefrostomija pod kontrolom CT-a
bolnica-danilo-i-cetinje	J08026	591.58	NULL	709.89	4906	percutaneous-ureter-recanalization	Percutaneous Ureter Recanalization	Perkutana rekanalizacija uretera
bolnica-danilo-i-cetinje	J08027	417.58	NULL	501.09	4907	percutaneous-ureter-occlusion	Percutaneous Ureter Occlusion	Perkutano začepljenje uretera
bolnica-danilo-i-cetinje	J08028	417.58	NULL	501.09	4908	percutaneous-liver-abscess-drainage-under-ct-guidance	Percutaneous Liver Abscess Drainage under CT Guidance	Perkutana drenaža jetrenog apscesa pod kontrolom CT-a
bolnica-danilo-i-cetinje	J08029	417.58	NULL	501.09	4909	pericardiocentesis-with-catheter-drainage-under-ct-guidance	Pericardiocentesis with Catheter Drainage under CT Guidance	Perikardiocenteza i drenaža kateterom pod kontrolom CT-a
bolnica-danilo-i-cetinje	J08030	347.98	NULL	417.57	4910	selective-arterial-vasopressin-infusion-for-hemorrhage-control	Selective Arterial Vasopressin Infusion for Hemorrhage Control	Selektivna arterijska infuzija vazopresina za zaustavljanje krvarenja
bolnica-danilo-i-cetinje	J08031	347.98	NULL	417.57	4911	selective-arterial-vasopressin-and-prostaglandin-infusion-in-mesenteric-arteries	Selective Arterial Vasopressin and Prostaglandin Infusion in Mesenteric Arteries	Selektivna arterijska infuzija vazopresina i prostaglandina u crijevne arterije
bolnica-danilo-i-cetinje	J08032	591.58	NULL	709.89	4912	transcatheter-therapeutic-embolization	Transcatheter Therapeutic Embolization	Transkateterska terapijska embolizacija (TTE)
bolnica-danilo-i-cetinje	J08033	591.58	NULL	709.89	4913	catheter-organ-resection-by-feeding-artery-embolization	Transcatheter Organ Ablation by Feeding Artery Embolization	Kateterska ektomija organa (embolizacija dovodne arterije)
bolnica-danilo-i-cetinje	J08034	591.58	NULL	709.89	4914	transcatheter-electrocoagulation-of-tumor-vessels	Transcatheter Electrocoagulation of Tumor Vessels	Transkateterska elektrokoagulacija krvnih sudova tumora
bolnica-danilo-i-cetinje	J08035	241.78	NULL	290.13	4915	intracranial-aneurysm-occlusion-with-balloon-catheter	Intracranial Aneurysm Occlusion with Balloon Catheter	Okluzija intrakranijalnih aneurizmi sa balonskim kateterom ili drugim okluzionim materijalom
bolnica-danilo-i-cetinje	J08036	626.38	NULL	751.65	4916	balloon-atrial-septostomy-rashkind-procedure	Balloon Atrial Septostomy (Rashkind Procedure)	Atrioseptostomija sa balonskim kateterom (po Rashkindu)
bolnica-danilo-i-cetinje	J08037	626.38	NULL	751.65	4917	patent-ductus-arteriosus-closure-portsmann-method	Patent Ductus Arteriosus Closure (Porstmann Method)	Zatvaranje otvorenog ductus Botalli (po Porstmannu)
bolnica-danilo-i-cetinje	J08038	583.88	NULL	700.65	4918	percutaneous-transluminal-angioplasty	Percutaneous Transluminal Angioplasty	Perkutana transluminalna angioplastika (PTA) - dilatacija krvnih sudova
bolnica-danilo-i-cetinje	J08039	583.88	NULL	700.65	4919	foreign-body-removal-from-blood-vessels	Foreign Body Removal from Blood Vessels	Odstranjivanje stranih tijela iz krvnih sudova
bolnica-danilo-i-cetinje	J08040	46.65	NULL	55.98	4920	myelography	Myelography	Mijelografija
bolnica-danilo-i-cetinje	J09011/J09012	360.00	NULL	450.00	4921	mri-musculoskeletal-system	MRI Musculoskeletal System	MR pregled osteomuskularnog sistema
bolnica-danilo-i-cetinje	J09013/J09014	360.00	NULL	450.00	4922	mri-angiography-brain-and-neck-vessels	MRI Angiography Brain and Neck Vessels	MR angiografija krvnih sudova vrata i mozga
bolnica-danilo-i-cetinje	J09025/J09026	360.00	NULL	450.00	4923	mri-thorax-and-mediastinum	MRI Thorax and Mediastinum	MR pregled toraksa i medijastinuma
bolnica-danilo-i-cetinje	J01001	8.33	NULL	9.99	4924	first-radiologist-examination	First Radiologist Examination	Prvi specijalistički pregled - radiolog
bolnica-danilo-i-cetinje	J06004	6.25	NULL	7.50	4925	foreign-body-localization-x-ray-except-eye	Foreign Body Localization X-Ray (Except Eye)	Lokalizacija stranog tijela u bilo kojem organu (osim oka)
bolnica-danilo-i-cetinje	J06005	6.25	NULL	7.50	4926	pharynx-and-larynx-x-ray	Pharynx and Larynx X-Ray	Snimanje ždrijela i grkljana
bolnica-danilo-i-cetinje	J06007	4.15	NULL	4.98	4927	lung-fluorography	Lung Fluorography	Fluorografija pluća
bolnica-danilo-i-cetinje	J06009	6.25	NULL	7.50	4928	mediastinum-x-ray	Mediastinum X-Ray	Snimak medijastinuma
bolnica-danilo-i-cetinje	J06011	6.25	NULL	7.50	4929	hepatobiliary-tract-x-ray	Hepatobiliary Tract X-Ray	Snimanje hepatobilijarnog trakta
bolnica-danilo-i-cetinje	J06014	6.25	NULL	7.50	4930	mammography	Mammography	Mamografija
bolnica-danilo-i-cetinje	J06016	35.93	NULL	43.11	4931	hysterosalpingography	Hysterosalpingography	Histerosalpingografija
bolnica-danilo-i-cetinje	J06017	25.00	NULL	30.00	4932	intravenous-cholangiocholecystography	Intravenous Cholangiocholecystography	Intravenska holangioholecistografija
bolnica-danilo-i-cetinje	J06018	18.75	NULL	22.50	4933	barium-enema	Barium Enema	Irigoskopija i irigografija
bolnica-danilo-i-cetinje	J06019	3.13	NULL	3.75	4934	double-contrast-barium-enema-fischer-method	Double Contrast Barium Enema (Fischer Method)	Irigoskopija i irigografija sa duplim kontrastom po Fišeru
bolnica-danilo-i-cetinje	J06020	3.13	NULL	3.75	4935	targeted-upper-gi-tract-x-ray	Targeted X-Ray of Esophagus, Stomach, Duodenum and Intestine (per Image)	Ciljano snimanje jednjaka, želuca, duodenuma i crijeva (za svaki snimak)
bolnica-danilo-i-cetinje	J06021	18.75	NULL	22.50	4936	intestinal-barium-passage	Intestinal Barium Passage	Pasaža crijeva
bolnica-danilo-i-cetinje	J06022	12.33	NULL	14.79	4937	intravenous-urography	Intravenous Urography	Intravenska urografija
bolnica-danilo-i-cetinje	J06023	14.85	NULL	17.82	4938	voiding-cystourethrography	Voiding Cystourethrography	Mikciona cistografija
bolnica-danilo-i-cetinje	J06024	20.33	NULL	24.39	4939	infusion-urography-with-descending-cystography	Infusion Urography with Descending Cystography	Infuziona urografija sa descendentnom cistografijom
bolnica-danilo-i-cetinje	J06025	9.40	NULL	11.28	4940	eye-bulb-x-ray-vogt-method	Eye Bulb X-Ray (Vogt Method)	Snimanje očnog bulbusa po Vogtu
bolnica-danilo-i-cetinje	J06026	12.53	NULL	15.03	4941	foreign-body-localization-in-eye-with-fluoroscopy	Foreign Body Localization in Eye with Fluoroscopy	Lokalizacija stranog tijela u oku uz RTG kontrolu
bolnica-danilo-i-cetinje	J06027	12.53	NULL	15.03	4942	foreign-body-fluoroscopy-and-x-ray	Foreign Body Fluoroscopy and X-Ray	Radioskopija i snimanje stranog tijela
bolnica-danilo-i-cetinje	J06028	18.75	NULL	22.50	4943	intravenous-cholangiography-through-t-drain	Intravenous Cholangiography through T-Drain	Intravenska holangiografija kroz T-dren
bolnica-danilo-i-cetinje	J06029	14.85	NULL	17.82	4944	standard-cystourethrography	Standard Cystourethrography	Standardna cistografija (uretrocistografija)
bolnica-danilo-i-cetinje	J06030	126.15	NULL	151.38	4945	percutaneous-urography	Percutaneous Urography	Perkutana urografija
bolnica-danilo-i-cetinje	J06031	210.25	NULL	252.30	4946	percutaneous-renal-cyst-sclerotherapy	Percutaneous Renal Cyst Sclerotherapy	Perkutana sklerotizacija ciste bubrega
bolnica-danilo-i-cetinje	J06032	31.68	NULL	38.01	4947	pathological-fluid-collection-and-biliary-drainage-control	Drainage Check of Pathological Fluid Collections, Biliary Tract and Nephrostomy	Kontrola drenaže patoloških tečnih kolekcija, bilijarnih puteva i nefrostome
bolnica-danilo-i-cetinje	J06033	210.25	NULL	252.30	4948	antegrade-urography	Antegrade Urography	Anterogradna urografija
bolnica-danilo-i-cetinje	J06034	210.25	NULL	252.30	4949	cyst-puncture-under-ultrasound-guidance	Cyst Puncture under Ultrasound Guidance	Punkcija ciste pod kontrolom ultrazvuka
bolnica-danilo-i-cetinje	J06036	62.78	NULL	75.33	4950	thoracic-fluid-drainage-under-ultrasound-guidance	Thoracic Fluid Drainage under Ultrasound Guidance	Drenaža tečnih kolekcija iz torakalne šupljine pod kontrolom ultrazvuka
bolnica-danilo-i-cetinje	J06037	62.78	NULL	75.33	4951	abdominal-fluid-drainage-under-ultrasound-guidance	Abdominal Fluid Drainage under Ultrasound Guidance	Drenaža tečnih kolekcija iz abdominalne šupljine pod kontrolom ultrazvuka
bolnica-danilo-i-cetinje	J06038/J06060	294.06	NULL	NULL	4952	percutaneous-nephrostomy-under-ultrasound-guidance	Percutaneous Nephrostomy under Ultrasound Guidance	Perkutana nefrostomija pod kontrolom ultrazvuka
bolnica-danilo-i-cetinje	J06039	14.85	NULL	17.82	4953	fistulography	Fistulography	Fistulografija
bolnica-danilo-i-cetinje	J06042	25.00	NULL	30.00	4954	oral-cholecystography	Oral Cholecystography	Peroralna holecistografija
bolnica-danilo-i-cetinje	J06043	25.00	NULL	30.00	4955	infusion-cholecystography	Infusion Cholecystography	Infuziona holecistografija
bolnica-danilo-i-cetinje	J06044	12.33	NULL	14.79	4956	minute-urography	Minute Urography	Minutna urografija
bolnica-danilo-i-cetinje	J06045	18.75	NULL	22.50	4957	colon-x-ray-through-stoma	Colon X-Ray through Stoma	RTG pregled debelog crijeva kroz stomu
bolnica-danilo-i-cetinje	J06046	35.93	NULL	43.11	4958	retrograde-urography	Retrograde Urography	Retrogradna urografija
bolnica-danilo-i-cetinje	J06047	12.53	NULL	15.03	4959	pharynx-and-larynx-x-ray-with-fluoroscopy	Pharynx and Larynx X-Ray with Fluoroscopy	Snimanje ždrijela i grkljana uz rentgenoskopiju
bolnica-danilo-i-cetinje	J06048	6.25	NULL	7.50	4960	soft-tissue-neck-x-ray	Soft Tissue Neck X-Ray	Snimanje mekog tkiva vrata
bolnica-danilo-i-cetinje	J06049	6.25	NULL	7.50	4961	lung-fluoroscopy	Lung Fluoroscopy	Radioskopija pluća
bolnica-danilo-i-cetinje	J06050	6.25	NULL	7.50	4962	heart-fluoroscopy	Heart Fluoroscopy	Radioskopija srca
bolnica-danilo-i-cetinje	J06053	12.53	NULL	15.03	4963	esophagus-stomach-and-duodenum-fluoroscopy	Esophagus, Stomach and Duodenum Fluoroscopy	Radioskopija jednjaka, želuca i duodenuma
bolnica-danilo-i-cetinje	J06054	12.53	NULL	15.03	4964	stomach-and-duodenum-fluoroscopy-with-double-contrast	Stomach and Duodenum Fluoroscopy with Double Contrast	Radioskopija želuca i duodenuma sa dvostrukim kontrastom
bolnica-danilo-i-cetinje	J06055	12.53	NULL	15.03	4965	hypotonic-duodenography	Hypotonic Duodenography	Hipotona duodenografija
bolnica-danilo-i-cetinje	J06056	12.53	NULL	15.03	4966	stomach-stump-x-ray-with-catheter	Stomach Stump X-Ray with Catheter	RTG pregled batrljka želuca sa kateterom
bolnica-danilo-i-cetinje	J06057	18.75	NULL	22.50	4967	gastroduodenum-x-ray-through-stoma	Gastroduodenum X-Ray through Stoma	RTG pregled gastroduodenuma kroz stomu
bolnica-danilo-i-cetinje	J06058	12.53	NULL	15.03	4968	small-bowel-standard-fluoroscopic-passage	Standard Fluoroscopic Small Bowel Follow-Through	Standardna rentgenoskopska pasaža tankog crijeva
bolnica-danilo-i-cetinje	J06059	12.33	NULL	14.79	4969	intravenous-cystography	Intravenous Cystography	Intravenska cistografija
bolnica-danilo-i-cetinje	J06061	4.15	NULL	4.98	4970	x-ray-abdomen-and-pelvis-native	X-Ray Abdomen and Pelvis Native	Pregledni snimak abdomena nativno sa karlicom
bolnica-danilo-i-cetinje	J06063	15.83	NULL	18.99	4971	unilateral-sialography	Unilateral Sialography	Sijalografija jedne pljuvačne žlijezde na jednoj strani
bolnica-danilo-i-cetinje	J06064	21.10	NULL	25.32	4972	bilateral-sialography	Bilateral Sialography	Sijalografija pljuvačnih žlijezda na obje strane
bolnica-danilo-i-cetinje	J06065	21.10	NULL	25.32	4973	temporomandibular-joint-arthrography	Temporomandibular Joint Arthrography	Artrografija temporomandibularnog zgloba
bolnica-danilo-i-cetinje	J06066	69.50	NULL	83.40	4974	bronchography	Bronchography	Bronhografija
bolnica-danilo-i-cetinje	J11004	4.28	NULL	5.13	4975	cephalometric-x-ray	Cephalometric X-Ray	Telerentgenski snimak glave
bolnica-danilo-i-cetinje	Z04001	2.50	NULL	3.00	4979	venous-blood-draw	Venous Blood Draw	Uzimanje krvi iz vene
bolnica-danilo-i-cetinje	Z04002	2.50	NULL	3.00	4980	capillary-blood-draw	Capillary Blood Draw	Uzimanje krvi iz prsta
bolnica-danilo-i-cetinje	Z04003	2.50	NULL	3.00	4981	serum-separation	Serum Separation	Odvajanje seruma
bolnica-danilo-i-cetinje	K01001	7.93	NULL	9.51	4982	first-microbiologist-examination	First Microbiologist Examination	Prvi specijalistički pregled - mikrobiolog
bolnica-danilo-i-cetinje	K01002	1.20	NULL	1.44	4983	sample-reception-and-sterile-container-distribution	Sample Reception and Sterile Container Distribution	Prijem materijala i davanje sterilnih posuda
bolnica-danilo-i-cetinje	K01003	1.98	NULL	2.37	4984	microbiology-sample-collection	Microbiology Sample Collection	Uzimanje uzoraka za mikrobiologiju
bolnica-danilo-i-cetinje	L01001	13.00	NULL	33.36	4985	histopathology-of-appendectomy-specimen	Histopathology of Appendectomy Specimen	Pregled amputiranog apendiksa
bolnica-danilo-i-cetinje	L01002	13.00	NULL	33.36	4986	histopathology-of-colon-endoscopic-biopsy	Histopathology of Colon Endoscopic Biopsy	Pregled endoskopske biopsije kolona
bolnica-danilo-i-cetinje	L01003	13.00	NULL	33.36	4987	histopathology-of-lip-biopsy	Histopathology of Lip Biopsy	Pregled biopsije usne (labium oris)
bolnica-danilo-i-cetinje	L01004	13.00	NULL	33.36	4988	histopathology-of-gastric-mucosa-endoscopic-biopsy	Histopathology of Gastric Mucosa Endoscopic Biopsy	Pregled endoskopske biopsije sluznice želuca
bolnica-danilo-i-cetinje	L01005	13.00	NULL	33.36	4989	histopathology-of-dentogenic-cyst	Histopathology of Dentogenic Cyst	Pregled dentogene ciste
bolnica-danilo-i-cetinje	L01006	13.00	NULL	33.36	4990	histopathology-of-esophageal-endoscopic-biopsy	Histopathology of Esophageal Endoscopic Biopsy	Pregled endoskopske biopsije jednjaka
bolnica-danilo-i-cetinje	L01007	13.00	NULL	33.36	4991	histopathology-of-hemorrhoidectomy-specimen	Histopathology of Hemorrhoidectomy Specimen	Pregled hemoroidektomije
bolnica-danilo-i-cetinje	L01008	13.00	NULL	33.36	4992	histopathology-of-colon-polyp-endoscopic-resection	Histopathology of Colon Polyp Endoscopic Resection	Pregled endoskopski reseciranog polipa kolona
bolnica-danilo-i-cetinje	L01009	13.00	NULL	33.36	4993	histopathology-of-partial-gastrectomy-with-ulcer	Histopathology of Partial Gastrectomy with Ulcer	Pregled parcijalne resekcije želuca sa ulkusom
bolnica-danilo-i-cetinje	L01010	13.00	NULL	33.36	4994	histopathology-of-small-intestine-resection	Histopathology of Small Intestine Resection	Pregled resekovanog tankog crijeva
bolnica-danilo-i-cetinje	L01011	13.00	NULL	33.36	4995	histopathology-of-labial-cyst	Histopathology of Labial Cyst	Pregled labijalne ciste
bolnica-danilo-i-cetinje	L01012	13.00	NULL	33.36	4996	histopathology-of-myoma	Histopathology of Myoma	Pregled mioma
bolnica-danilo-i-cetinje	L01013	13.00	NULL	33.36	4997	histopathology-of-cervical-polyp	Histopathology of Cervical Polyp	Pregled polipa cerviksa
bolnica-danilo-i-cetinje	L01014	13.00	NULL	33.36	4998	histopathology-of-partial-ovarian-resection	Histopathology of Partial Ovarian Resection	Pregled parcijalne resekcije jajnika
bolnica-danilo-i-cetinje	L01015	13.00	NULL	33.36	4999	histopathology-of-fallopian-tube	Histopathology of Fallopian Tube	Pregled jajovoda
bolnica-danilo-i-cetinje	L01016	13.00	NULL	33.36	5000	histopathology-of-vaginal-biopsy	Histopathology of Vaginal Biopsy	Pregled biopsije vagine
bolnica-danilo-i-cetinje	L01017	13.00	NULL	33.36	5001	histopathology-of-salivary-and-lacrimal-glands	Histopathology of Salivary and Lacrimal Glands	Pregled pljuvačnih i suznih žlijezda
bolnica-danilo-i-cetinje	L01018	13.00	NULL	33.36	5002	histopathology-of-liver-echinococcus-cyst	Histopathology of Liver Echinococcus Cyst	Pregled ehinokoka jetre
bolnica-danilo-i-cetinje	L01019	13.00	NULL	33.36	5003	histopathology-of-conjunctival-biopsy	Histopathology of Conjunctival Biopsy	Pregled biopsije konjunktive
bolnica-danilo-i-cetinje	L01020	13.00	NULL	33.36	5004	histopathology-of-ear-canal-lesion	Histopathology of Ear Canal Lesion	Pregled promjene iz ušnog kanala
bolnica-danilo-i-cetinje	L01021	13.00	NULL	33.36	5005	histopathology-of-skin-biopsy	Histopathology of Skin Biopsy	Pregled biopsije kože
bolnica-danilo-i-cetinje	L01022	13.00	NULL	33.36	5006	histopathology-of-oral-and-pharyngeal-mucosa-biopsy	Histopathology of Oral and Pharyngeal Mucosa Biopsy	Pregled biopsije mukoze usta i farinksa
bolnica-danilo-i-cetinje	L01023	13.00	NULL	33.36	5007	histopathology-of-small-intestine-partial-resection-fissures-and-fistulas	Histopathology of Small Intestine Partial Resection (Fissures and Fistulas)	Pregled parcijalne resekcije tankog crijeva (fisure i fistule)
bolnica-danilo-i-cetinje	L01024	13.00	NULL	33.36	5008	histopathology-of-vaginal-tumor	Histopathology of Vaginal Tumor	Pregled tumora vagine (extirpatio tumoris vaginae)
bolnica-danilo-i-cetinje	L01025	13.00	NULL	33.36	5009	histopathology-of-cholecystectomy-specimen	Histopathology of Cholecystectomy Specimen	Pregled odstranjene žučne kese
bolnica-danilo-i-cetinje	L01026	13.00	NULL	33.36	5010	histopathology-of-salivary-gland-tumor	Histopathology of Salivary Gland Tumor	Pregled tumora pljuvačne žlijezde
bolnica-danilo-i-cetinje	L01027	13.00	NULL	33.36	5011	histopathology-of-pilonidal-sinus	Histopathology of Pilonidal Sinus	Pregled pilonidalnog sinusa
bolnica-danilo-i-cetinje	L01028	13.00	NULL	33.36	5012	histopathology-of-muscle-biopsy	Histopathology of Muscle Biopsy	Pregled biopsije mišića
bolnica-danilo-i-cetinje	L01029	13.00	NULL	33.36	5013	histopathology-of-subcutaneous-tumor	Histopathology of Subcutaneous Tumor	Pregled tumora subkutisa
bolnica-danilo-i-cetinje	L01030	13.00	NULL	33.36	5014	histopathology-of-laryngeal-biopsy	Histopathology of Laryngeal Biopsy	Pregled biopsije larinksa
bolnica-danilo-i-cetinje	L01031	13.00	NULL	33.36	5015	histopathology-of-tracheal-or-bronchial-biopsy	Histopathology of Tracheal or Bronchial Biopsy	Pregled biopsije traheje ili bronha
bolnica-danilo-i-cetinje	L01032	13.00	NULL	33.36	5016	cytological-analysis-of-pleural-and-abdominal-punctate	Cytological Analysis of Pleural and Abdominal Punctate	Citološka analiza pleuralnog i abdominalnog punktata
bolnica-danilo-i-cetinje	L01033	13.00	NULL	33.36	5017	histopathology-of-pharyngeal-tumor	Histopathology of Pharyngeal Tumor	Pregled tumora faringsa
bolnica-danilo-i-cetinje	L01034	13.00	NULL	33.36	5018	histopathology-of-total-laryngectomy	Histopathology of Total Laryngectomy	Pregled totalne resekcije larinksa
bolnica-danilo-i-cetinje	L01035	13.00	NULL	33.36	5019	histopathology-of-laryngeal-polyp	Histopathology of Laryngeal Polyp	Pregled polipa larinksa
bolnica-danilo-i-cetinje	L01036	13.00	NULL	33.36	5020	cytological-examination-of-sputum	Cytological Examination of Sputum	Citološki pregled sputuma
bolnica-danilo-i-cetinje	L01037	13.00	NULL	33.36	5021	histopathology-of-subtotal-thyroidectomy	Histopathology of Subtotal Thyroidectomy	Pregled subtotalne resekcije štitne žlijezde
bolnica-danilo-i-cetinje	L01038	13.00	NULL	33.36	5022	histopathology-of-penile-biopsy	Histopathology of Penile Biopsy	Pregled biopsije penisa
bolnica-danilo-i-cetinje	L01039	16.25	NULL	41.70	5023	histopathology-of-peritoneal-biopsy	Histopathology of Peritoneal Biopsy	Pregled biopsije peritoneuma (trbušne maramice)
bolnica-danilo-i-cetinje	L01040	16.25	NULL	41.70	5024	histopathology-of-teeth	Histopathology of Teeth	Pregled zuba (dentes)
bolnica-danilo-i-cetinje	L01041	16.25	NULL	41.70	5025	histopathology-of-oral-cavity-tumor	Histopathology of Oral Cavity Tumor	Pregled tumora iz usne duplje
bolnica-danilo-i-cetinje	L01042	16.25	NULL	41.70	5026	histopathology-of-middle-ear-surgery-specimen	Histopathology of Middle Ear Surgery Specimen	Pregled operativnog materijala iz srednjeg uva (granulacije, polipi)
bolnica-danilo-i-cetinje	L01043	16.25	NULL	41.70	5027	histopathology-of-cervical-biopsy-with-endocervical-curettage	Histopathology of Cervical Biopsy with Endocervical Curettage	Pregled biopsije cerviksa uterusa sa endocervikalnom kiretažom
bolnica-danilo-i-cetinje	L01044	16.25	NULL	41.70	5028	histopathology-of-lymph-node-biopsy	Histopathology of Lymph Node Biopsy	Pregled biopsije limfnog čvora
bolnica-danilo-i-cetinje	L01046	16.25	NULL	41.70	5030	histopathology-of-aortic-aneurysm	Histopathology of Aortic Aneurysm	Pregled aneurizme aorte
bolnica-danilo-i-cetinje	L01047	16.25	NULL	41.70	5031	histopathology-of-esophageal-resection	Histopathology of Esophageal Resection	Pregled resektata jednjaka
bolnica-danilo-i-cetinje	L01048	16.25	NULL	41.70	5032	histopathology-of-ovary-with-fallopian-tube	Histopathology of Ovary with Fallopian Tube	Pregled jajnika sa jajovodom
bolnica-danilo-i-cetinje	L01050	16.25	NULL	41.70	5033	histopathology-of-neck-cyst	Histopathology of Neck Cyst	Pregled ciste vrata
bolnica-danilo-i-cetinje	L01051	16.25	NULL	41.70	5034	histopathology-of-nevus	Histopathology of Nevus	Pregled nevusa
bolnica-danilo-i-cetinje	L01052	16.25	NULL	41.70	5035	histopathology-of-bone-curettage	Histopathology of Bone Curettage	Pregled kiretaže kosti
bolnica-danilo-i-cetinje	L01053	16.25	NULL	41.70	5036	histopathology-of-nasal-polyp	Histopathology of Nasal Polyp	Pregled polipa iz nosa
bolnica-danilo-i-cetinje	L01054	16.25	NULL	41.70	5037	histopathology-of-tonsillectomy-specimen	Histopathology of Tonsillectomy Specimen	Pregled tonzilektomije
bolnica-danilo-i-cetinje	L01055	16.25	NULL	41.70	5038	histopathology-of-transurethral-bladder-tumor-resection	Histopathology of Transurethral Bladder Tumor Resection	Pregled transuretralne resekcije tumora mokraćne bešike
bolnica-danilo-i-cetinje	L01056	16.25	NULL	41.70	5039	histopathology-of-nerve-biopsy	Histopathology of Nerve Biopsy	Pregled biopsije nerva
bolnica-danilo-i-cetinje	L01057	19.50	NULL	50.04	5040	histopathology-of-partial-colectomy	Histopathology of Partial Colectomy	Pregled parcijalne resekcije debelog crijeva
bolnica-danilo-i-cetinje	L01058	19.50	NULL	50.04	5041	histopathology-of-testicular-biopsy	Histopathology of Testicular Biopsy	Pregled biopsije testisa
bolnica-danilo-i-cetinje	L01060	22.75	NULL	58.38	5042	histopathology-of-amputated-rectum	Histopathology of Amputated Rectum	Pregled amputiranog rektuma
bolnica-danilo-i-cetinje	L01061	22.75	NULL	58.38	5043	histopathology-of-breast-tumor	Histopathology of Breast Tumor	Pregled tumora dojke
bolnica-danilo-i-cetinje	L01062	22.75	NULL	58.38	5044	histopathology-of-ovarian-cyst-or-tumor	Histopathology of Ovarian Cyst or Tumor	Pregled ciste ili tumora jajnika
bolnica-danilo-i-cetinje	L01063	22.75	NULL	58.38	5045	histopathology-of-spleen	Histopathology of Spleen	Pregled slezine
bolnica-danilo-i-cetinje	L01064	22.75	NULL	58.38	5046	histopathology-of-mandible-or-maxilla-resection	Histopathology of Mandible or Maxilla Resection	Pregled resektata mandibule ili maksile
bolnica-danilo-i-cetinje	L01065	22.75	NULL	58.38	5047	histopathology-of-total-gastrectomy	Histopathology of Total Gastrectomy	Pregled totalne gastrektomije
bolnica-danilo-i-cetinje	L01066	22.75	NULL	58.38	5048	histopathology-of-lymph-node-group	Histopathology of Lymph Node Group	Pregled grupe limfnih čvorova
bolnica-danilo-i-cetinje	L01067	22.75	NULL	58.38	5049	histopathology-of-bone-tumor	Histopathology of Bone Tumor	Pregled tumora kosti
bolnica-danilo-i-cetinje	L01068	22.75	NULL	58.38	5050	histopathology-of-total-thyroidectomy	Histopathology of Total Thyroidectomy	Pregled totalne resekcije štitne žlijezde
bolnica-danilo-i-cetinje	L01069	26.00	NULL	66.72	5051	histopathology-of-cervical-conization	Histopathology of Cervical Conization	Pregled konizata cerviksa uterusa
bolnica-danilo-i-cetinje	L01070	26.00	NULL	66.72	5052	histopathology-of-uterus-with-unilateral-adnexa	Histopathology of Uterus with Unilateral Adnexa	Pregled uterusa sa jednim jajovodom i jajnikom
bolnica-danilo-i-cetinje	L01071	26.00	NULL	66.72	5053	histopathology-of-uterus	Histopathology of Uterus	Pregled uterusa
bolnica-danilo-i-cetinje	L01072	26.00	NULL	66.72	5054	histopathology-of-bone-marrow-biopsy	Histopathology of Bone Marrow Biopsy	Pregled biopsije koštane srži
bolnica-danilo-i-cetinje	L01073	32.50	NULL	83.40	5055	histopathology-of-uterus-with-bilateral-adnexa	Histopathology of Uterus with Bilateral Adnexa	Pregled uterusa sa adneksima
bolnica-danilo-i-cetinje	L01074	32.50	NULL	83.40	5056	frozen-section-histopathology-ex-tempore	Frozen Section Histopathology (Ex Tempore)	Histopatološka dijagnostika ex tempore (smrznuti rez)
bolnica-danilo-i-cetinje	L01075	32.50	NULL	83.40	5057	histopathology-of-esophagogastrectomy	Histopathology of Esophagogastrectomy	Pregled ezofagogastrektomije
bolnica-danilo-i-cetinje	L01076	32.50	NULL	83.40	5058	histopathology-of-eye-globe	Histopathology of Eye Globe	Pregled očne jabučice (bulbus oculi)
bolnica-danilo-i-cetinje	L01077	32.50	NULL	83.40	5059	histopathology-of-lung-tumor	Histopathology of Lung Tumor	Pregled tumora pluća
bolnica-danilo-i-cetinje	L01078	32.50	NULL	83.40	5060	histopathology-of-nephrectomy	Histopathology of Nephrectomy	Pregled totalne resekcije bubrega
bolnica-danilo-i-cetinje	L01079	32.50	NULL	83.40	5061	histopathology-of-total-cystectomy	Histopathology of Total Cystectomy	Pregled totalne ekstirpacije mokraćne bešike
bolnica-danilo-i-cetinje	L01080	32.50	NULL	83.40	5062	histopathology-of-total-prostatectomy	Histopathology of Total Prostatectomy	Pregled totalne resekcije prostate
bolnica-danilo-i-cetinje	L01081	39.00	NULL	100.08	5063	histopathology-of-total-gastric-resection	Histopathology of Total Gastric Resection	Pregled totalne resekcije želuca
bolnica-danilo-i-cetinje	L01082	39.00	NULL	100.08	5064	histopathology-of-total-gastrectomy-with-splenectomy	Histopathology of Total Gastrectomy with Splenectomy	Pregled totalne resekcije želuca sa slezinom
bolnica-danilo-i-cetinje	L01083	48.75	NULL	125.10	5065	histopathology-of-radical-mastectomy	Histopathology of Radical Mastectomy	Pregled radikalne mastektomije
bolnica-danilo-i-cetinje	L01084	48.75	NULL	125.10	5066	histopathology-of-benign-skin-lesions-atheroma-wart-papilloma-condyloma-xanthelasma	Histopathology of Benign Skin Lesions (Atheroma, Wart, Papilloma, Condyloma, Xanthelasma)	Pregled benignih lezija kože (ateromi, veruke, papilomi, kondilomi, ksantelazme)
bolnica-danilo-i-cetinje	L01085	48.75	NULL	125.10	5067	histopathology-of-total-colectomy	Histopathology of Total Colectomy	Pregled totalne resekcije debelog crijeva
bolnica-danilo-i-cetinje	L01086	48.75	NULL	125.10	5068	histopathology-of-intestinal-resection-in-whipples-disease	Histopathology of Intestinal Resection in Whipple's Disease	Pregled resekovanog crijeva kod Whipple-ove bolesti
bolnica-danilo-i-cetinje	L01088	48.75	NULL	125.10	5069	histopathology-of-neck-block-dissection	Histopathology of Neck Block Dissection	Pregled blok resekcije vrata
bolnica-danilo-i-cetinje	L01089	520.00	NULL	1334.40	5070	clinical-autopsy	Clinical Autopsy	Klinička obdukcija
bolnica-danilo-i-cetinje	L01091	13.00	NULL	33.36	5071	histopathology-of-gastric-polyp-endoscopic-resection	Histopathology of Gastric Polyp Endoscopic Resection	Pregled endoskopske resekcije polipa želuca
bolnica-danilo-i-cetinje	L01092	13.00	NULL	33.36	5072	histopathology-of-partial-gastrectomy-with-tumor	Histopathology of Partial Gastrectomy with Tumor	Pregled parcijalne resekcije želuca sa tumorom
bolnica-danilo-i-cetinje	L01093	13.00	NULL	33.36	5073	histopathology-of-salivary-gland-biopsy	Histopathology of Salivary Gland Biopsy	Pregled biopsije pljuvačne žlijezde
bolnica-danilo-i-cetinje	L01094	26.00	NULL	66.72	5074	histopathology-of-penile-resection	Histopathology of Penile Resection	Pregled resekcije penisa
bolnica-danilo-i-cetinje	L01095	13.00	NULL	33.36	5075	histopathology-of-prostate-biopsy	Histopathology of Prostate Biopsy	Pregled biopsije prostate
bolnica-danilo-i-cetinje	L01096	16.25	NULL	41.70	5076	histopathology-of-endometrial-curettage	Histopathology of Endometrial Curettage	Pregled kiretaže endometrijuma
bolnica-danilo-i-cetinje	L01097	16.25	NULL	41.70	5077	histopathology-of-fractional-uterine-curettage	Histopathology of Fractional Uterine Curettage	Pregled frakcione kiretaže uterusa
bolnica-danilo-i-cetinje	L01098	16.25	NULL	41.70	5078	histopathology-of-partial-hepatectomy	Histopathology of Partial Hepatectomy	Pregled parcijalne resekcije jetre
bolnica-danilo-i-cetinje	L01099	13.00	NULL	33.36	5079	histopathology-of-ovarian-biopsy	Histopathology of Ovarian Biopsy	Pregled biopsije jajnika
bolnica-danilo-i-cetinje	L01100	13.00	NULL	33.36	5080	histopathology-of-tonsil-biopsy	Histopathology of Tonsil Biopsy	Pregled biopsije tonzile
bolnica-danilo-i-cetinje	L01101	22.75	NULL	58.38	5081	histopathology-of-transurethral-bladder-or-prostate-mucosa-resection	Histopathology of Transurethral Bladder or Prostate Mucosa Resection	Pregled transuretralne resekcije sluznice mokraćne bešike ili prostate
bolnica-danilo-i-cetinje	L01102	13.00	NULL	33.36	5082	histopathology-of-orchiectomy-specimen	Histopathology of Orchiectomy Specimen	Pregled preparata orhiektomije
bolnica-danilo-i-cetinje	L01103	13.00	NULL	33.36	5083	cytology-of-breast-punctate	Cytology of Breast Punctate	Citologija punktata dojke
bolnica-danilo-i-cetinje	L01104	13.00	NULL	33.36	5084	cytology-of-thyroid-punctate	Cytology of Thyroid Punctate	Citologija punktata štitne žlijezde
bolnica-danilo-i-cetinje	L01105	13.00	NULL	33.36	5085	cytology-of-lymph-node-punctate	Cytology of Lymph Node Punctate	Citologija punktata limfnog čvora
bolnica-danilo-i-cetinje	L01106	13.00	NULL	33.36	5086	cytology-of-salivary-gland-punctate	Cytology of Salivary Gland Punctate	Citologija punktata pljuvačne žlijezde
bolnica-danilo-i-cetinje	L01107	13.00	NULL	33.36	5087	cytology-of-bronchial-lavage	Cytology of Bronchial Lavage	Citološki pregled bronhijalnog lavata
bolnica-danilo-i-cetinje	L01108	13.00	NULL	33.36	5088	cytology-of-aspirate	Cytology of Aspirate	Citološki pregled aspirata
bolnica-danilo-i-cetinje	L01109	13.00	NULL	33.36	5089	cytology-of-tumor-punctate	Cytology of Tumor Punctate	Citologija punktata tumora
bolnica-danilo-i-cetinje	L01110	13.00	NULL	33.36	5090	histopathology-of-renal-biopsy	Histopathology of Renal Biopsy	Pregled biopsije bubrega
bolnica-danilo-i-cetinje	L01111	22.75	NULL	58.38	5091	histopathology-of-partial-nephrectomy	Histopathology of Partial Nephrectomy	Pregled parcijalne resekcije bubrega
bolnica-danilo-i-cetinje	L01112	19.50	NULL	50.04	5092	histopathology-of-adrenal-gland	Histopathology of Adrenal Gland	Pregled nadbubrežne žlijezde
bolnica-danilo-i-cetinje	L01113	39.00	NULL	100.08	5093	histopathology-of-total-gastrectomy-with-omentum-and-spleen	Histopathology of Total Gastrectomy with Omentum and Spleen	Pregled totalne resekcije želuca sa omentumom i slezinom
bolnica-danilo-i-cetinje	L01114	520.00	NULL	1334.40	5094	clinical-autopsy-with-embalming	Clinical Autopsy with Embalming	Klinička obdukcija sa balsamacijom
bolnica-danilo-i-cetinje	L01115	16.25	NULL	41.70	5095	histopathology-of-blood-vessel-biopsy	Histopathology of Blood Vessel Biopsy	Pregled biopsije krvnog suda
bolnica-danilo-i-cetinje	L01116	16.25	NULL	41.70	5096	histopathology-of-myocardial-biopsy	Histopathology of Myocardial Biopsy	Pregled biopsije miokarda
bolnica-danilo-i-cetinje	L01117	16.25	NULL	41.70	5097	histopathology-of-cardiac-tumor	Histopathology of Cardiac Tumor	Pregled tumora srca
bolnica-danilo-i-cetinje	L01118	16.25	NULL	41.70	5098	histopathology-of-cardiac-valve	Histopathology of Cardiac Valve	Pregled srčanog zaliska
bolnica-danilo-i-cetinje	L01119	22.75	NULL	58.38	5099	histopathology-of-anal-resection	Histopathology of Anal Resection	Pregled resekcije anusa
bolnica-danilo-i-cetinje	L01120	26.00	NULL	66.72	5100	histopathology-of-duodenal-and-small-intestine-endoscopic-biopsy	Histopathology of Duodenal and Small Intestine Endoscopic Biopsy	Pregled endoskopske biopsije duodenuma i tankog crijeva
bolnica-danilo-i-cetinje	L01121	13.00	NULL	33.36	5101	histopathology-of-duodenal-resection	Histopathology of Duodenal Resection	Pregled resektata duodenuma
bolnica-danilo-i-cetinje	L01122	22.75	NULL	58.38	5102	histopathology-of-duodenum-and-pancreas-resection	Histopathology of Duodenum and Pancreas Resection	Pregled resektata duodenuma i pankreasa
bolnica-danilo-i-cetinje	L01123	13.00	NULL	33.36	5103	histopathology-of-pancreatic-biopsy	Histopathology of Pancreatic Biopsy	Pregled biopsije pankreasa
bolnica-danilo-i-cetinje	L01124	22.75	NULL	58.38	5104	histopathology-of-pancreatic-resection	Histopathology of Pancreatic Resection	Pregled resektata pankreasa
bolnica-danilo-i-cetinje	L01125	16.25	NULL	41.70	5105	histopathology-of-liver-needle-biopsy	Histopathology of Liver Needle Biopsy	Pregled iglene biopsije jetre
bolnica-danilo-i-cetinje	L01127	16.25	NULL	41.70	5107	histopathology-of-endometrial-polyp	Histopathology of Endometrial Polyp	Pregled polipa endometrijuma
bolnica-danilo-i-cetinje	L01128	48.75	NULL	125.10	5108	histopathology-of-uterus-with-adnexa-and-regional-lymph-nodes	Histopathology of Uterus with Adnexa and Regional Lymph Nodes	Pregled uterusa sa adneksima i regionalnim limfnim čvorovima
bolnica-danilo-i-cetinje	L01130	13.00	NULL	33.36	5110	histopathology-of-vulvectomy	Histopathology of Vulvectomy	Pregled vulvektomije
bolnica-danilo-i-cetinje	L01131	13.00	NULL	33.36	5111	histopathology-of-placenta	Histopathology of Placenta	Pregled posteljice
bolnica-danilo-i-cetinje	L01132	13.00	NULL	33.36	5112	histopathology-of-breast-needle-biopsy	Histopathology of Breast Needle Biopsy	Pregled iglene biopsije dojke
bolnica-danilo-i-cetinje	L01133	13.00	NULL	33.36	5113	histopathology-of-breast-biopsy	Histopathology of Breast Biopsy	Pregled biopsije dojke
bolnica-danilo-i-cetinje	L01134	22.75	NULL	58.38	5114	histopathology-of-breast-quadrantectomy	Histopathology of Breast Quadrantectomy	Pregled kvadrantektomije dojke
bolnica-danilo-i-cetinje	L01135	22.75	NULL	58.38	5115	histopathology-of-partial-mastectomy	Histopathology of Partial Mastectomy	Pregled parcijalne mastektomije
bolnica-danilo-i-cetinje	L01136	13.00	NULL	33.36	5116	histopathology-of-lung-biopsy	Histopathology of Lung Biopsy	Pregled biopsije pluća
bolnica-danilo-i-cetinje	L01137	22.75	NULL	58.38	5117	histopathology-of-lung-lobectomy	Histopathology of Lung Lobectomy	Pregled resekcije lobusa pluća (lobektomija)
bolnica-danilo-i-cetinje	L01138	32.50	NULL	83.40	5118	histopathology-of-lung-bilobectomy	Histopathology of Lung Bilobectomy	Pregled bilobektomije pluća
bolnica-danilo-i-cetinje	L01139	32.50	NULL	83.40	5119	histopathology-of-pneumonectomy-specimen	Histopathology of Pneumonectomy Specimen	Pregled pulmonektomije (plućnog krila)
bolnica-danilo-i-cetinje	L01140	13.00	NULL	33.36	5120	histopathology-of-pleural-biopsy	Histopathology of Pleural Biopsy	Pregled biopsije pleure
bolnica-danilo-i-cetinje	L01141	16.25	NULL	41.70	5121	histopathology-of-lung-echinococcus-cyst	Histopathology of Lung Echinococcus Cyst	Pregled ehinokoka pluća
bolnica-danilo-i-cetinje	L01142	22.75	NULL	58.38	5122	histopathology-of-thymic-tumor-or-cyst	Histopathology of Thymic Tumor or Cyst	Pregled tumora i cisti timusa
bolnica-danilo-i-cetinje	L01143	22.75	NULL	58.38	5123	histopathology-of-mediastinal-tumor	Histopathology of Mediastinal Tumor	Pregled tumora medijastinuma
bolnica-danilo-i-cetinje	L01144	13.00	NULL	33.36	5124	histopathology-of-pharyngeal-biopsy	Histopathology of Pharyngeal Biopsy	Pregled biopsije farinksa
bolnica-danilo-i-cetinje	L01145	13.00	NULL	33.36	5125	histopathology-of-sinus-biopsy	Histopathology of Sinus Biopsy	Pregled biopsije sinusa
bolnica-danilo-i-cetinje	L01146	13.00	NULL	33.36	5126	histopathology-of-partial-laryngectomy	Histopathology of Partial Laryngectomy	Pregled parcijalne resekcije larinksa
bolnica-danilo-i-cetinje	L01147	48.75	NULL	125.10	5127	histopathology-of-skin-tumor	Histopathology of Skin Tumor	Pregled tumora kože
bolnica-danilo-i-cetinje	L01148	16.25	NULL	41.70	5128	histopathology-of-brain-tumor	Histopathology of Brain Tumor	Pregled tumora mozga
bolnica-danilo-i-cetinje	L01149	16.25	NULL	41.70	5129	histopathology-of-brain-lobe-resection	Histopathology of Brain Lobe Resection	Pregled resekovanog režnja mozga
bolnica-danilo-i-cetinje	L01150	16.25	NULL	41.70	5130	histopathology-of-retroperitoneal-tumor	Histopathology of Retroperitoneal Tumor	Pregled tumora retroperitoneuma
bolnica-danilo-i-cetinje	L01151	16.25	NULL	41.70	5131	histopathology-of-soft-tissue-tumor	Histopathology of Soft Tissue Tumor	Pregled tumora mekog tkiva
bolnica-danilo-i-cetinje	L01152	65.00	NULL	166.80	5132	histopathology-of-amputated-extremity	Histopathology of Amputated Extremity	Pregled amputiranog ekstremiteta
bolnica-danilo-i-cetinje	L01153	16.25	NULL	41.70	5133	histochemical-staining-methods	Histochemical Staining Methods	Histohemijske metode bojenja
bolnica-danilo-i-cetinje	L01154	32.50	NULL	83.40	5134	immunohistochemistry-analysis	Immunohistochemistry Analysis	Imunohistohemijska analiza
bolnica-danilo-i-cetinje	L01155	32.50	NULL	83.40	5135	chromogenic-in-situ-hybridization	Chromogenic In Situ Hybridization	In situ hibridizacija (hromogena)
bolnica-danilo-i-cetinje	L01156	32.50	NULL	83.40	5136	immunofluorescence-analysis	Immunofluorescence Analysis	Imunofluorescentna analiza
bolnica-danilo-i-cetinje	L01157	97.50	NULL	250.20	5137	kras-mutation-analysis	KRAS Mutation Analysis	KRAS analiza (mutacija)
bolnica-danilo-i-cetinje	L01158	97.50	NULL	250.20	5138	pathology-pcr-analysis	Pathology PCR Analysis	PCR analiza (patologija)
bolnica-danilo-i-cetinje	M02001	3.25	NULL	8.34	5139	manual-segmental-massage	Manual Segmental Massage	Manuelna segmentna masaža
bolnica-danilo-i-cetinje	M02003	2.18	NULL	5.59	5140	apparatus-assisted-massage	Apparatus-Assisted Massage	Aparaturna masaža
bolnica-danilo-i-cetinje	M02005	4.88	NULL	12.51	5141	high-frequency-current-therapy	High-Frequency Current Therapy	Visokofrekventne struje
bolnica-danilo-i-cetinje	M02010	3.90	NULL	10.01	5142	underwater-ultrasound-therapy	Underwater Ultrasound Therapy	Terapija ultrazvukom u vodi
bolnica-danilo-i-cetinje	M02014	6.50	NULL	16.68	5143	pearl-bath-therapy	Pearl Bath Therapy	Terapija bisernim kupkama
bolnica-danilo-i-cetinje	M02017	2.18	NULL	5.59	5144	manual-muscle-test-per-extremity	Manual Muscle Test per Extremity	Manuelni mišićni test po ekstremitetu
bolnica-danilo-i-cetinje	M02018	3.25	NULL	8.34	5145	infrared-ultraviolet-and-bioptron-lamp-irradiation	Infrared, Ultraviolet and Bioptron Lamp Irradiation	Zračenje infracrvenom, ultravioletnom i bioptron lampom
bolnica-danilo-i-cetinje	M02020	1.63	NULL	4.17	5146	galvanic-current-therapy-in-water	Galvanic Current Therapy in Water	Terapija galvanskom strujom u vodi
bolnica-danilo-i-cetinje	M02024	4.32	NULL	11.09	5147	short-wave-diathermy	Short-Wave Diathermy	KTD (kratkotalasna dijatermija)
bolnica-danilo-i-cetinje	M02025	3.25	NULL	8.34	5148	microwave-diathermy	Microwave Diathermy	Mikrotalasna dijatermija
bolnica-danilo-i-cetinje	M02026	3.25	NULL	8.34	5149	sonophoresis	Sonophoresis	Sonoforeza
bolnica-danilo-i-cetinje	M02027	6.50	NULL	16.68	5150	electrical-excitability-test-of-nerves-and-muscles-with-faradic-and-galvanic-currents	Electrical Excitability Test of Nerves and Muscles with Faradic and Galvanic Currents	Ispitivanje električne podražljivosti živaca i mišića primjenom faradskih i galvanskih struja
bolnica-danilo-i-cetinje	M02028	4.32	NULL	11.09	5151	activities-of-daily-living-training	Condition-Specific Activities of Daily Living Training	Uvježbavanje aktivnosti svakodnevnog života prema patološkim stanjima
bolnica-danilo-i-cetinje	M02029	3.25	NULL	8.34	5152	gait-exercises	Gait Exercises	Vježbe hoda
bolnica-danilo-i-cetinje	M02030	4.32	NULL	11.09	5153	gait-training-with-walking-aid	Gait Training with Walking Aid	Obuka hoda sa pomagalom
bolnica-danilo-i-cetinje	M02031	4.32	NULL	11.09	5154	gait-coordination-correction-and-balance-automation-exercises	Gait Coordination, Correction and Balance Automation Exercises	Vježbe koordinacije, korekcije i automatizacije balansa hoda
bolnica-danilo-i-cetinje	M02032	3.25	NULL	8.34	5155	breathing-exercises	Breathing Exercises	Vježbe disanja
bolnica-danilo-i-cetinje	M02033	1.63	NULL	4.17	5156	group-exercises-in-corrective-cast-for-scoliosis-or-milwaukee-brace	Group Exercises in Corrective Cast for Scoliosis or Milwaukee Brace (Per Person)	Grupne vježbe po osobi u korektivnom gipsu za skoliozu ili u Milwaukee mideru
bolnica-danilo-i-cetinje	M02034	9.75	NULL	25.02	5157	stimulative-exercises-for-at-risk-infants	Stimulative Exercises for At-Risk Infants	Stimulativne vježbe kod rizično rođene djece
bolnica-danilo-i-cetinje	M02036	4.32	NULL	11.09	5158	passive-and-assisted-exercises	Passive and Assisted Exercises	Pasivne i potpomognute vježbe
bolnica-danilo-i-cetinje	M02038	4.32	NULL	11.09	5159	active-and-resistance-exercises	Active and Resistance Exercises	Aktivne vježbe i vježbe protiv otpora
bolnica-danilo-i-cetinje	M02039	3.25	NULL	8.34	5160	exercises-on-equipment-pulley-ergocycle-cpm-suspension	Exercises on Equipment (Pulley, Ergocycle, CPM, Suspension)	Vježbe na spravama: puli aparat ili ergobicikl, kinetička šina, suspenzija
bolnica-danilo-i-cetinje	M02040	6.50	NULL	16.68	5161	joint-range-of-motion-measurement-per-pair-of-extremities	Joint Range of Motion Measurement per Pair of Extremities	Mjerenje obima pokreta pojedinih zglobova po jednom paru ekstremiteta
bolnica-danilo-i-cetinje	M02041	3.25	NULL	8.34	5162	segmental-isometric-exercises	Segmental Isometric Exercises	Izometrijske vježbe — segmentne
bolnica-danilo-i-cetinje	M02042	3.25	NULL	8.34	5163	mechanical-spinal-traction	Mechanical Spinal Traction	Trakcija kičmenog stuba na aparatu
bolnica-danilo-i-cetinje	M02044	6.50	NULL	16.68	5164	activities-of-daily-living-test	Activities of Daily Living Test	Test aktivnosti svakodnevnog života
bolnica-danilo-i-cetinje	M02045	6.50	NULL	16.68	5165	patient-training-in-specific-protective-body-positions	Patient Training in Specific Protective Body Positions	Obuka pacijenta specifičnim zaštitnim položajima tijela
bolnica-danilo-i-cetinje	M02047	1.63	NULL	4.17	5166	vacuum-massage	Vacuum Massage	Vakum masaža
bolnica-danilo-i-cetinje	M02048	1.63	NULL	4.17	5167	postural-drainage-in-bed	Postural Drainage in Bed	Posturalna drenaža u postelji
bolnica-danilo-i-cetinje	M02049	3.25	NULL	8.34	5168	sitting-or-standing-balance-exercises	Sitting or Standing Balance Exercises	Vježbe ravnoteže sjedećeg ili stojećeg stava
bolnica-danilo-i-cetinje	M02053	3.25	NULL	8.34	5169	upper-extremity-coordination-exercises	Upper Extremity Coordination Exercises	Vježbe koordinacije gornjih ekstremiteta
bolnica-danilo-i-cetinje	M02054	3.25	NULL	8.34	5170	lower-extremity-coordination-exercises	Lower Extremity Coordination Exercises	Vježbe koordinacije donjih ekstremiteta
bolnica-danilo-i-cetinje	M02055	3.25	NULL	8.34	5171	extremity-coordination-and-gait-balance-exercises	Extremity Coordination and Gait Balance Exercises	Vježbe koordinacije pokreta ekstremiteta i balansa hoda
bolnica-danilo-i-cetinje	M02056	3.25	NULL	8.34	5172	assisted-segmental-exercises	Assisted Segmental Exercises	Potpomognute segmentne vježbe
bolnica-danilo-i-cetinje	M02057	3.25	NULL	8.34	5173	progressive-resistance-exercises	Progressive Resistance Exercises	Progresivne vježbe sa otporom
bolnica-danilo-i-cetinje	M02058	3.25	NULL	8.34	5174	active-segmental-exercises-with-graded-loading	Active Segmental Exercises with Graded Loading	Aktivne segmentne vježbe sa doziranim opterećenjem
bolnica-danilo-i-cetinje	M02061	3.25	NULL	8.34	5175	upper-and-lower-extremity-deformity-correction-exercises	Upper and Lower Extremity Deformity Correction Exercises	Vježbe za korekciju deformiteta gornjih i donjih ekstremiteta
bolnica-danilo-i-cetinje	M02062	6.50	NULL	16.68	5176	postural-exercises	Postural Exercises	Posturalne vježbe
bolnica-danilo-i-cetinje	M02063	3.25	NULL	8.34	5177	extremity-dynamometry	Extremity Dynamometry	Dinamometrija ekstremiteta
bolnica-danilo-i-cetinje	M02064	4.88	NULL	12.51	5178	ultra-short-wave-therapy	Ultra-Short Wave Therapy	Terapija ultrakratkim talasima
bolnica-danilo-i-cetinje	M02065	6.50	NULL	16.68	5179	chronaximetry-of-sensory-and-motor-nerves	Chronaximetry of Sensory and Motor Nerves	Hronaksimetrija senzitivnih i motornih živaca
bolnica-danilo-i-cetinje	M02066	13.00	NULL	33.36	5180	strength-duration-curve-determination	Strength-Duration Curve Determination	Određivanje I/T (intenzitet–vrijeme) krive
bolnica-danilo-i-cetinje	M02067	6.50	NULL	16.68	5181	contact-and-non-contact-dermatothermometry	Contact and Non-Contact Dermatothermometry	Kontaktna i beskontaktna dermatotermometrija
bolnica-danilo-i-cetinje	M02068	3.25	NULL	8.34	5182	active-assisted-exercises-in-water	Active-Assisted Exercises in Water	Aktivno potpomognute vježbe u vodi
bolnica-danilo-i-cetinje	M02069	3.25	NULL	8.34	5183	progressive-quadriceps-resistance-exercises	Progressive Resistance Exercises on a Quadriceps Machine	Progresivne vježbe sa otporom na kvadriceps aparatu
bolnica-danilo-i-cetinje	M02070	3.25	NULL	8.34	5184	mechanotherapy-on-equipment	Mechanotherapy on Equipment	Mehanoterapija na aparatu
bolnica-danilo-i-cetinje	M02071	3.25	NULL	8.34	5185	sympathetic-ganglion-block-with-diadynamic-currents	Sympathetic Ganglion Block with Diadynamic Currents	Blokada simpatičnih ganglija DD strujama
bolnica-danilo-i-cetinje	M02072	6.50	NULL	16.68	5186	bladder-electrical-stimulation	Bladder Electrical Stimulation	Elektrostimulacija mokraćnog mjehura
bolnica-danilo-i-cetinje	M02073	1.63	NULL	4.17	5187	stable-faradization	Stable Faradization	Stabilna faradizacija
bolnica-danilo-i-cetinje	M02074	3.25	NULL	8.34	5188	phonophoresis	Phonophoresis	Fonoforeza
bolnica-danilo-i-cetinje	M02075	6.50	NULL	16.68	5189	co2-bath-therapy	CO2 Bath Therapy	Terapija sa CO2 kupkama
bolnica-danilo-i-cetinje	M02076	1.63	NULL	4.17	5190	hydrocollator-therapy	Hydrocollator Therapy	Terapija hidrokolatorom
bolnica-danilo-i-cetinje	M03003	9.75	NULL	25.02	5191	first-physiatrist-examination-for-children-with-special-needs	First Physiatrist Examination for Children with Special Needs	Prvi pregled fizijatra za djecu sa posebnim potrebama
bolnica-danilo-i-cetinje	M03004	4.88	NULL	12.51	5192	follow-up-physiatrist-examination-for-children-with-special-needs	Follow-up Physiatrist Examination for Children with Special Needs	Kontrolni pregled fizijatra za djecu sa posebnim potrebama
bolnica-danilo-i-cetinje	H01001	9.75	NULL	25.02	5193	first-psychiatrist-examination	First Psychiatrist Examination	Prvi pregled — psihijatar
bolnica-danilo-i-cetinje	H01002	6.50	NULL	16.68	5194	follow-up-psychiatrist-examination	Follow-up Psychiatrist Examination	Kontrolni pregled — psihijatar
bolnica-danilo-i-cetinje	H01004	9.75	NULL	25.02	5195	individual-supportive-psychotherapy-and-counseling	Individual Supportive Psychotherapy and Counseling	Površna individualna psihoterapija, savjetovanje
bolnica-danilo-i-cetinje	H01005	26.00	NULL	66.72	5196	individual-cognitive-or-behavioral-psychotherapy-session	Individual Cognitive or Behavioral Psychotherapy Session	Individualna seansa kognitivno ili bihejvioralno baziranih psihoterapijskih tehnika
bolnica-danilo-i-cetinje	H01006	26.00	NULL	66.72	5197	group-psychotherapy-session-for-anxiety-depression-or-psychotic-disorders	Group Psychotherapy Session for Anxiety, Depression or Psychotic Disorders	Dnevna seansa grupne psihoterapije pacijenata sa anksioznim, depresivnim ili psihotičnim poremećajem
bolnica-danilo-i-cetinje	H01007	26.00	NULL	66.72	5198	group-psychotherapy-session-for-addictions	Group Psychotherapy Session for Addictions	Seansa grupne psihoterapije zavisnika
bolnica-danilo-i-cetinje	H01008	19.50	NULL	50.04	5199	family-psychotherapy-session	Family Psychotherapy Session	Seansa porodične psihoterapije
bolnica-danilo-i-cetinje	H01009	13.00	NULL	33.36	5200	analytically-oriented-depth-psychotherapy-session	Analytically-Oriented Depth Psychotherapy Session	Seansa dubinske (analitički orijentisane) psihoterapije
bolnica-danilo-i-cetinje	H01010	13.00	NULL	33.36	5201	behavioral-psychotherapy	Behavioral Psychotherapy	Psihoterapija ponašanja
bolnica-danilo-i-cetinje	H01011	9.75	NULL	25.02	5202	relaxation-technique	Relaxation Technique	Tehnika relaksacije
bolnica-danilo-i-cetinje	H01015	8.13	NULL	20.85	5203	clinical-intellectual-status-assessment	Clinical Intellectual Status Assessment	Kliničko ispitivanje procjene intelektualnog statusa
bolnica-danilo-i-cetinje	H01017	39.00	NULL	100.08	5204	personality-structure-assessment-for-adults	Personality Structure Assessment for Adults	Procjena strukture ličnosti (eksploracija) za odrasle
bolnica-danilo-i-cetinje	H01019	13.00	NULL	33.36	5205	neuropsychological-examination-with-cognitive-assessment-for-adults	Neuropsychological Examination with Cognitive Assessment for Adults	Neuropsihološki pregled sa procjenom kognitivnih funkcija za odrasle
bolnica-danilo-i-cetinje	H01021	4.88	NULL	12.51	5206	heteroanamnesis	Heteroanamnesis	Heteroanamneza
bolnica-danilo-i-cetinje	H01025	13.00	NULL	33.36	5207	electroconvulsive-therapy-under-general-anesthesia	Electroconvulsive Therapy under General Anesthesia	Elektrošok u opštoj anesteziji i miorelaksaciji (bilateralni ili unilateralni)
bolnica-danilo-i-cetinje	H01026	13.00	NULL	33.36	5208	daily-occupational-therapy-session-in-hospital	Daily Occupational Therapy Session in Hospital	Dnevna seansa okupaciono-radne terapije u bolnici
bolnica-danilo-i-cetinje	H01028	26.00	NULL	66.72	5209	therapeutic-community-meeting-in-hospital	Therapeutic Community Meeting in Hospital	Sastanak terapeutske zajednice u bolnici
bolnica-danilo-i-cetinje	H01029	26.00	NULL	66.72	5210	family-intervention-for-patients-with-chronic-psychotic-disorders-day-treatment	Family Intervention for Patients with Chronic Psychotic Disorders (Day Treatment)	Porodična intervencija kod pacijenata sa hroničnim psihotičnim poremećajem — dnevna
bolnica-danilo-i-cetinje	H01030	26.00	NULL	66.72	5211	group-social-skills-training-and-behavioral-modules	Group Social Skills Training and Behavioral Modules	Grupni trening socijalnih vještina i drugi bihejvioralno bazirani moduli
bolnica-danilo-i-cetinje	H02001	6.50	NULL	16.68	5212	psychologist-interview	Psychologist Interview	Intervju psihologa
bolnica-danilo-i-cetinje	H02002	6.50	NULL	16.68	5213	psychological-testing-category-a	Psychological Testing Category A	Prikupljanje podataka sa psihološkim testovima i metodama — kategorija A
bolnica-danilo-i-cetinje	H02003	8.13	NULL	20.85	5214	psychological-testing-category-b	Psychological Testing Category B	Prikupljanje podataka sa psihološkim testovima i metodama — kategorija B
bolnica-danilo-i-cetinje	H02004	11.38	NULL	29.19	5215	psychological-testing-category-c	Psychological Testing Category C	Prikupljanje podataka sa psihološkim testovima i metodama — kategorija C
bolnica-danilo-i-cetinje	H02005	16.25	NULL	41.70	5216	psychological-testing-category-d	Psychological Testing Category D	Prikupljanje podataka sa psihološkim testovima i metodama — kategorija D
bolnica-danilo-i-cetinje	H02025	9.75	NULL	25.02	5217	individual-supportive-therapy	Individual Supportive Therapy	Individualna površna terapija
bolnica-danilo-i-cetinje	H02026	13.00	NULL	33.36	5218	analytically-oriented-psychotherapy	Analytically-Oriented Psychotherapy	Analitički usmjerena psihoterapija
bolnica-danilo-i-cetinje	H02027	26.00	NULL	66.72	5219	family-psychological-treatment	Family Psychological Treatment	Psihološki tretman porodice
bolnica-danilo-i-cetinje	H02029	42.25	NULL	108.42	5220	psychological-assessment-for-children-with-special-needs	Psychological Assessment for Children with Special Needs	Ekspertiza psihološkog stanja kod djece sa posebnim potrebama
bolnica-danilo-i-cetinje	H04001	13.55	NULL	16.26	5221	social-worker-expert-assessment	Social Worker Expert Assessment	Ekspertiza socijalnog radnika
bolnica-danilo-i-cetinje	H04002	13.55	NULL	16.26	5222	social-worker-interview-social-history	Social Worker Interview — Social History	Intervju socijalnog radnika — socijalna anamneza
bolnica-danilo-i-cetinje	H13003	26.00	NULL	66.72	5223	24-hour-or-overnight-eeg-recording	24-Hour or Overnight EEG Recording	Cjelodnevno ili noćno snimanje EEG-a
bolnica-danilo-i-cetinje	H13004	22.75	NULL	58.38	5224	electroneurography-of-a-single-nerve-trunk	Electroneurography of a Single Nerve Trunk	Elektroneurografija jednog nervnog stabla
bolnica-danilo-i-cetinje	H13005	16.25	NULL	41.70	5225	electromyoneurography-emng	Electromyoneurography (EMNG)	Elektromioneurografija (EMNG)
bolnica-danilo-i-cetinje	H13006	6.50	NULL	16.68	5226	motor-conduction-velocity-of-peripheral-nerve	Motor Conduction Velocity of Peripheral Nerve	Određivanje MBP (motorne brzine provodljivosti) perifernog živca
bolnica-danilo-i-cetinje	H13007	6.50	NULL	16.68	5227	sensory-conduction-velocity-of-peripheral-nerve	Sensory Conduction Velocity of Peripheral Nerve	Određivanje SBP (senzitivne brzine provodljivosti) perifernog živca
bolnica-danilo-i-cetinje	H13008	6.50	NULL	16.68	5228	polysegmental-conduction-velocity-test-of-mixed-nerve	Polysegmental Conduction Velocity Test of Mixed Nerve	Polisegmentno ispitivanje brzine provodljivosti mješovitog živca
bolnica-danilo-i-cetinje	H13010	16.25	NULL	41.70	5229	blink-reflex-test	Blink Reflex Test	Blink refleks
bolnica-danilo-i-cetinje	H13013	6.50	NULL	16.68	5230	tetany-test	Tetany Test	Test za tetaniju
bolnica-danilo-i-cetinje	H13014	6.50	NULL	16.68	5231	paravertebral-muscle-infiltration	Paravertebral Muscle Infiltration	Paravertebralna infiltracija mišića
bolnica-danilo-i-cetinje	H13015	6.50	NULL	16.68	5232	botulinum-toxin-injection-for-torticollis-or-blepharospasm	Botulinum Toxin Injection for Torticollis or Blepharospasm	Injiciranje botulinus toksina (tortikolis i blefarospazam)
bolnica-danilo-i-cetinje	H13016	4.88	NULL	12.51	5233	mini-mental-state-examination-mmse	Mini-Mental State Examination (MMSE)	MMS testiranje
bolnica-danilo-i-cetinje	H13017	16.25	NULL	41.70	5234	lumbar-puncture-with-manometry	Lumbar Puncture with Manometry	Lumbalna punkcija sa manometrijom
bolnica-danilo-i-cetinje	H13018	4.88	NULL	12.51	5235	single-fiber-emg-sfemg	Single Fiber EMG (SFEMG)	Single fiber EMG — SFEMG (EMG jednog vlakna)
bolnica-danilo-i-cetinje	F01001	65.00	NULL	166.80	5236	vaginal-delivery-anterior-occiput-presentation	Vaginal Delivery (Anterior Occiput Presentation)	Vođenje porođaja (prednji potiljačni stav)
bolnica-danilo-i-cetinje	F01002	97.50	NULL	250.20	5237	vaginal-delivery-deflection-abnormal-rotation-breech	Vaginal Delivery (Deflection, Abnormal Rotation, Breech)	Vođenje porođaja (defleksioni stavovi, nepravilne rotacije, karlični)
bolnica-danilo-i-cetinje	F01004	32.50	NULL	83.40	5238	induced-labor-management	Induced Labor Management	Vođenje indukovanog porođaja
bolnica-danilo-i-cetinje	F01005	32.50	NULL	83.40	5239	episiotomy-and-suturing	Episiotomy and Suturing	Epiziotomija i šav
bolnica-danilo-i-cetinje	F01006	48.75	NULL	125.10	5240	manual-uterine-cavity-revision	Manual Uterine Cavity Revision	Revizija šupljine materice — manuelna
bolnica-danilo-i-cetinje	F01007	48.75	NULL	125.10	5241	manual-placenta-extraction	Manual Placenta Extraction	Manuelna ekstrakcija posteljice
bolnica-danilo-i-cetinje	F01009	16.25	NULL	41.70	5242	repair-of-first-degree-perineal-tear	Repair of First-Degree Perineal Tear	Zbrinjavanje rupture međice I stepena
bolnica-danilo-i-cetinje	F01010	48.75	NULL	125.10	5243	repair-of-second-degree-perineal-tear	Repair of Second-Degree Perineal Tear	Zbrinjavanje rupture međice II stepena
bolnica-danilo-i-cetinje	F01011	48.75	NULL	125.10	5244	repair-of-vaginal-wall-tear	Repair of Vaginal Wall Tear	Zbrinjavanje rupture vaginalnih zidova
bolnica-danilo-i-cetinje	F01012	32.50	NULL	83.40	5245	repair-of-cervical-tear	Repair of Cervical Tear	Zbrinjavanje rupture grlića materice
bolnica-danilo-i-cetinje	F01013	32.50	NULL	83.40	5246	symphyseal-diastasis-immobilization	Symphyseal Diastasis Immobilization	Imobilizacija dijastaze simfize
bolnica-danilo-i-cetinje	F01014	32.50	NULL	83.40	5247	management-of-hemorrhage-and-shock-during-childbirth	Management of Hemorrhage and Shock During Childbirth	Zbrinjavanje krvavljenja i šoka u porođaju
bolnica-danilo-i-cetinje	F01015	9.75	NULL	25.02	5248	other-obstetric-operations-vulvar-hematoma-evacuation-cervical-incision-uterine-tamponade	Other Obstetric Operations (Vulvar Hematoma Evacuation, Cervical Incision, Uterine Tamponade)	Druge porođajne operacije (evakuacija hematoma vulve, incizije cerviksa, tamponada uterusa u toku porođaja)
bolnica-danilo-i-cetinje	F01017	39.00	NULL	100.08	5249	continuous-ctg-monitoring-during-labor	Continuous CTG Monitoring During Labor	CTG kontinuirano u porođaju
bolnica-danilo-i-cetinje	F01019	81.25	NULL	208.50	5250	late-term-pregnancy-termination-by-intra-amniotic-instillation	Late-Term Pregnancy Termination by Intra-Amniotic Instillation	Prekid visoke trudnoće (preko 12 nedjelja) — intraamnijalna instilacija
bolnica-danilo-i-cetinje	F01020	113.75	NULL	291.90	5251	vacuum-extraction-delivery	Vacuum Extraction Delivery	Aplikacija vakuma u porođaju
bolnica-danilo-i-cetinje	F01022	113.75	NULL	291.90	5252	forceps-delivery-outlet	Forceps Delivery (Outlet)	Aplikacija forcepsa na izlazu karlice i ekstrakcija ploda
bolnica-danilo-i-cetinje	F01023	130.00	NULL	333.60	5253	internal-podalic-version-with-fetal-extraction	Internal Podalic Version with Fetal Extraction	Unutrašnji okret sa ekstrakcijom ploda
bolnica-danilo-i-cetinje	F01025	130.00	NULL	333.60	5254	bracht-maneuver-assisted-breech-delivery	Bracht Maneuver Assisted Breech Delivery	Ručna pomoć po Bracht-u (sa vođenjem porođaja)
bolnica-danilo-i-cetinje	F01026	130.00	NULL	333.60	5255	smellie-veit-maneuver-assisted-breech-delivery	Smellie-Veit Maneuver Assisted Breech Delivery	Ručna pomoć po Smellie-Veit-u (sa vođenjem porođaja)
bolnica-danilo-i-cetinje	F01027	130.00	NULL	333.60	5256	uterine-rupture-repair	Uterine Rupture Repair	Zbrinjavanje rupture uterusa
bolnica-danilo-i-cetinje	F01028	162.50	NULL	417.00	5257	repair-of-third-degree-perineal-tear	Repair of Third-Degree Perineal Tear	Zbrinjavanje rupture međice III stepena
bolnica-danilo-i-cetinje	F01031	32.50	NULL	83.40	5258	instrumental-uterine-cavity-revision	Instrumental Uterine Cavity Revision	Revisio cavi uteri instrumentalis
bolnica-danilo-i-cetinje	F01032	162.50	NULL	417.00	5259	fetal-operations-to-facilitate-delivery	Fetal Operations to Facilitate Delivery	Operacije na plodu radi olakšanja porođaja
bolnica-danilo-i-cetinje	G05001	10.43	NULL	12.51	5260	first-transfusiologist-examination	First Transfusiologist Examination	Prvi pregled — transfuziolog
bolnica-danilo-i-cetinje	G05002	6.95	NULL	8.34	5261	follow-up-transfusiologist-examination	Follow-up Transfusiologist Examination	Kontrolni pregled — transfuziolog
bolnica-danilo-i-cetinje	G05003	3.15	NULL	3.78	5262	blood-donor-registration	Blood Donor Registration	Prijem davaoca (otvaranje kartona i administracija)
bolnica-danilo-i-cetinje	G05004	10.65	NULL	12.78	5263	pregnant-woman-registration-with-venipuncture	Pregnant Woman Registration with Venipuncture	Prijem trudnica, administracija, venepunkcija
bolnica-danilo-i-cetinje	G05005	14.58	NULL	17.49	5264	donor-or-pregnant-woman-collapse-management	Donor or Pregnant Woman Collapse Management	Zbrinjavanje kolapsa kod davaoca ili trudnice
bolnica-danilo-i-cetinje	G05006	6.73	NULL	8.07	5265	donor-monitoring	Donor Monitoring	Nadzor davaoca
bolnica-danilo-i-cetinje	V01001	89.43	NULL	107.31	5266	chronic-hemodialysis-session	Chronic Hemodialysis Session	Hronična hemodijaliza — intermitentna zamjena bubrežne funkcije
bolnica-danilo-i-cetinje	V01002	13.90	NULL	16.68	5267	functional-renal-test	Functional Renal Test	Funkcionalno ispitivanje bubrežne funkcije
bolnica-danilo-i-cetinje	V01003	13.90	NULL	16.68	5268	tubular-function-test	Tubular Function Test	Ispitivanje tubulskih funkcija
bolnica-danilo-i-cetinje	V01004	13.90	NULL	16.68	5269	loading-tests-for-suspected-renal-tubular-acidosis	Loading Tests for Suspected Renal Tubular Acidosis	Testovi opterećenja kod sumnje na renalnu tubulsku acidozu
bolnica-danilo-i-cetinje	V01005	13.90	NULL	16.68	5270	renal-concentration-test	Renal Concentration Test	Test koncentracione sposobnosti bubrega
bolnica-danilo-i-cetinje	V01006	89.43	NULL	107.31	5271	continuous-renal-replacement-therapy-crrt	Continuous Renal Replacement Therapy (CRRT)	Kontinuirana zamjena bubrežne funkcije (CRRT)
bolnica-danilo-i-cetinje	V01007	89.43	NULL	107.31	5272	urgent-hemodialysis	Urgent Hemodialysis	Urgentna hemodijaliza — intermitentna zamjena bubrežne funkcije
bolnica-danilo-i-cetinje	V01008	89.43	NULL	107.31	5273	peritoneal-dialysis	Peritoneal Dialysis	Peritoneumska dijaliza — intermitentna zamjena bubrežne funkcije
bolnica-danilo-i-cetinje	W04002	339.13	NULL	406.95	5274	follicle-aspiration	Follicle Aspiration	Aspiracija folikula
bolnica-danilo-i-cetinje	W04003	123.25	NULL	147.90	5275	ivf-anesthesia	IVF Anesthesia	Anestezija u IVF postupku
bolnica-danilo-i-cetinje	W04004	1766.70	NULL	NULL	5276	ivf-laboratory-procedure	IVF Laboratory Procedure	Laboratorija — IVF
bolnica-danilo-i-cetinje	W04005	2284.38	NULL	NULL	5277	icsi-laboratory-procedure	ICSI Laboratory Procedure	Laboratorija — ICSI
bolnica-danilo-i-cetinje	W04006	183.65	NULL	220.38	5278	embryo-transfer	Embryo Transfer	Embriotransfer
bolnica-danilo-i-cetinje	W04007	228.10	NULL	273.72	5279	intrauterine-insemination-iui	Intrauterine Insemination (IUI)	Intrauterina inseminacija — IUI
bolnica-danilo-i-cetinje	D22001	9.30	NULL	11.16	5280	first-dental-specialist-examination	First Dental Specialist Examination	Prvi specijalistički pregled — stomatologija
bolnica-danilo-i-cetinje	S03001	9.75	NULL	25.02	5281	first-vascular-surgeon-examination	First Vascular Surgeon Examination	Prvi pregled — vaskularni hirurg
bolnica-danilo-i-cetinje	S03002	3.25	NULL	8.34	5282	follow-up-vascular-surgeon-examination	Follow-up Vascular Surgeon Examination	Kontrolni pregled — vaskularni hirurg
bolnica-danilo-i-cetinje	S04001	9.75	NULL	25.02	5283	first-thoracic-surgeon-examination	First Thoracic Surgeon Examination	Prvi pregled — grudni hirurg
bolnica-danilo-i-cetinje	D09001	812.50	NULL	2085.00	5284	biliary-tract-reconstruction-t-t-anastomosis	Biliary Tract Reconstruction (T-T Anastomosis)	Rekonstrukcija bilijarnih puteva (T-T anastomoza)
bolnica-danilo-i-cetinje	D09002	390.00	NULL	1000.80	5285	left-hepatic-duct-bypass-with-roux-en-y-loop	Left Hepatic Duct Bypass with Roux-en-Y Loop	Bajpas lijevog jetrenog žučnog voda uz pomoć Roux-en-Y vijuge
bolnica-danilo-i-cetinje	D09016	487.50	NULL	1251.00	5286	transanal-rectal-tumor-excision	Transanal Rectal Tumor Excision	Transanalna ekstirpacija tumora rektuma
bolnica-danilo-i-cetinje	D09020	422.50	NULL	1084.20	5287	low-anterior-rectal-resection-anastomosis-below-10-cm	Low Anterior Rectal Resection (Anastomosis below 10 cm)	Niska prednja resekcija rektuma (anastomoza ispod 10 cm od analne ivice)
bolnica-danilo-i-cetinje	D09021	585.00	NULL	1501.20	5288	high-anterior-rectal-resection-anastomosis-above-10-cm	High Anterior Rectal Resection (Anastomosis above 10 cm)	Visoka prednja resekcija rektuma (anastomoza preko 10 cm od analne ivice)
bolnica-danilo-i-cetinje	X01004	3.25	NULL	8.34	5290	topical-local-anesthesia	Topical Local Anesthesia	Lokalna anestezija — površinska
bolnica-danilo-i-cetinje	X01006	3.25	NULL	8.34	5291	oxygen-administration	Oxygen Administration	Davanje kiseonika
bolnica-danilo-i-cetinje	X01007	0.65	NULL	1.67	5292	swab-collection-for-laboratory-analysis	Swab Collection for Laboratory Analysis	Uzimanje briseva sa slanjem na analizu
bolnica-danilo-i-cetinje	X01008	0.65	NULL	1.67	5293	sputum-collection-for-bacterial-and-fungal-analysis	Sputum Collection for Bacterial and Fungal Analysis	Uzimanje sputuma za analizu na bakterije i gljivice
bolnica-danilo-i-cetinje	X01011	4.88	NULL	12.51	5294	aspiration-puncture-of-abscess-or-hematoma	Aspiration Puncture of Abscess or Hematoma	Aspiraciona punkcija apscesa ili hematoma
bolnica-danilo-i-cetinje	X01012	1.63	NULL	4.17	5295	stoma-care	Stoma Care	Toaleta i održavanje stoma
bolnica-danilo-i-cetinje	X01013	1.63	NULL	4.17	5296	artificial-anus-care	Colostomy Care	Toaleta vještačkog anusa
bolnica-danilo-i-cetinje	X01014	3.25	NULL	8.34	5297	primary-wound-care-without-sutures	Primary Wound Care without Sutures	Primarna obrada rane (bez šavova)
bolnica-danilo-i-cetinje	X01021	0.33	NULL	0.83	5298	subcutaneous-or-intramuscular-injection	Subcutaneous or Intramuscular Injection	Davanje subkutanih i intramuskularnih injekcija
bolnica-danilo-i-cetinje	X01024	3.25	NULL	8.34	5299	uncomplicated-wound-examination-and-dressing	Uncomplicated Wound Examination and Dressing	Pregled, kontrola i previjanje nekomplikovane rane
bolnica-danilo-i-cetinje	X01025	3.25	NULL	8.34	5300	lymph-node-biopsy-or-excision	Lymph Node Biopsy or Excision	Ekstirpacija ili biopsija limfne žlijezde
bolnica-danilo-i-cetinje	X01029	0.65	NULL	1.67	5301	sputum-collection-for-cytology	Sputum Collection for Cytology	Uzimanje sputuma za citološku analizu
bolnica-danilo-i-cetinje	X01039	3.25	NULL	8.34	5302	cleansing-enema	Cleansing Enema	Provođenje klizme za čišćenje
bolnica-danilo-i-cetinje	X01047	6.50	NULL	16.68	5303	endotracheal-intubation	Endotracheal Intubation	Endotrahealna intubacija
bolnica-danilo-i-cetinje	X01048	6.50	NULL	16.68	5304	surgical-treatment-of-diseased-nail	Surgical Treatment of Diseased Nail	Hirurško zbrinjavanje oboljelog nokta
bolnica-danilo-i-cetinje	X01049	6.50	NULL	16.68	5305	incision-and-drainage-of-furuncle-carbuncle-or-abscessed-cyst	Incision and Drainage of Furuncle, Carbuncle, Abscessed Cyst, Smaller Skin or Subcutaneous Abscess, Paronychia or Hematoma	Incizija i drenaža furunkula, karbunkula, zagnojenih cista, manjeg kožnog ili potkožnog apscesa, paronihije ili hematoma
bolnica-danilo-i-cetinje	X01051	6.50	NULL	16.68	5306	blood-and-blood-derivatives-transfusion	Blood and Blood Derivatives Transfusion	Transfuzija krvi i krvnih derivata
bolnica-danilo-i-cetinje	X01052	6.50	NULL	16.68	5307	complicated-wound-examination-and-dressing	Complicated Wound Examination and Dressing	Pregled, kontrola i previjanje komplikovane rane
bolnica-danilo-i-cetinje	X01053	6.50	NULL	16.68	5308	tracheostomy-cannula-care	Tracheostomy Cannula Care	Toaleta kanile nakon traheotomije
bolnica-danilo-i-cetinje	X01054	6.50	NULL	16.68	5309	nasogastric-or-orogastric-tube-placement-with-lavage	Nasogastric or Orogastric Tube Placement with Lavage	Plasiranje/evakuacija nazogastrične ili orogastrične sonde sa lavažom
bolnica-danilo-i-cetinje	X01055	6.50	NULL	16.68	5310	tube-feeding-per-meal	Tube Feeding (per meal)	Ishrana bolesnika preko sonde — jedan obrok
bolnica-danilo-i-cetinje	X01058	6.50	NULL	16.68	5311	minor-local-anesthesia	Minor Local Anesthesia	Lokalna anestezija — manja
bolnica-danilo-i-cetinje	X01059	9.75	NULL	25.02	5312	foreign-body-removal-from-ear-nose-or-oropharynx	Foreign Body Removal from Ear, Nose or Oropharynx	Odstranjivanje stranog tijela iz slušnog kanala, nosne šupljine i orofarinksa
bolnica-danilo-i-cetinje	X01060	3.25	NULL	8.34	5313	tuberculin-skin-test	Tuberculin Skin Test	Tuberkulinsko testiranje
bolnica-danilo-i-cetinje	X01061	6.50	NULL	16.68	5314	thick-drop-and-peripheral-blood-smear-collection	Thick Drop and Peripheral Blood Smear Collection	Uzimanje guste kapi i perifernog razmaza
bolnica-danilo-i-cetinje	X01063	4.88	NULL	12.51	5315	thermography	Thermography	Termografija
bolnica-danilo-i-cetinje	X01064	13.00	NULL	33.36	5316	occlusive-plethysmography-of-arterial-or-venous-flow	Occlusive Plethysmography of Arterial or Venous Flow	Okluzivna pletizmografija arterijskog ili venskog protoka
bolnica-danilo-i-cetinje	X01065	13.00	NULL	33.36	5317	photoplethysmography	Photoplethysmography	Fotopletizmografija
bolnica-danilo-i-cetinje	X01066	13.00	NULL	33.36	5318	rheography-of-upper-or-lower-extremities	Rheography of Upper or Lower Extremities	Reografija gornjih ili donjih ekstremiteta
bolnica-danilo-i-cetinje	X01067	4.88	NULL	12.51	5319	superficial-vein-pressure-measurement	Superficial Vein Pressure Measurement	Mjerenje pritiska površinskih vena
bolnica-danilo-i-cetinje	X01068	6.50	NULL	16.68	5320	intra-arterial-therapy-via-perfusor	Intra-arterial Therapy via Perfusor	Intraarterijalna aplikacija terapije perfuzorom
bolnica-danilo-i-cetinje	X01069	3.25	NULL	8.34	5321	pyrotherapy	Pyrotherapy	Piroterapija
bolnica-danilo-i-cetinje	X01070	4.88	NULL	12.51	5322	phlebomat-apparatus-therapy	Phlebomat Apparatus Therapy	Terapija Flebomat aparatom
bolnica-danilo-i-cetinje	X01071	4.88	NULL	12.51	5323	fluotron-apparatus-therapy	Fluotron Apparatus Therapy	Terapija Fluotron aparatom
bolnica-danilo-i-cetinje	X02003	9.75	NULL	25.02	5324	incision-and-drainage-of-larger-skin-or-subcutaneous-abscess-carbuncle-or-hematoma	Incision and Drainage of Larger Skin or Subcutaneous Abscess, Carbuncle, Phlegmon or Hematoma	Incizija i drenaža većeg kožnog ili potkožnog apscesa, karbunkula, flegmone ili hematoma
bolnica-danilo-i-cetinje	X02015	13.00	NULL	33.36	5325	pleural-puncture-with-lavage	Pleural Puncture with Lavage	Evakuaciona punkcija pleure sa lavažom
bolnica-danilo-i-cetinje	X02019	9.75	NULL	25.02	5326	paraphimosis-reduction	Paraphimosis Reduction	Repozicija parafimoze
bolnica-danilo-i-cetinje	X02020	9.75	NULL	25.02	5327	incarcerated-hernia-reduction	Incarcerated Hernia Reduction	Repozicija uklještene kile
bolnica-danilo-i-cetinje	X02021	16.25	NULL	41.70	5328	atheroma-cyst-xanthoma-or-small-benign-tumor-excision	Atheroma, Cyst, Xanthoma or Small Benign Tumor Excision	Ekstirpacija ateroma, ciste, ksantoma ili manjeg benignog tumora
bolnica-danilo-i-cetinje	X02026	9.75	NULL	25.02	5329	lumbar-puncture	Lumbar Puncture	Lumbalna punkcija
bolnica-danilo-i-cetinje	X02027	9.75	NULL	25.02	5330	rectoscopy-with-biopsy	Rectoscopy with Biopsy	Rektoskopija sa uzimanjem isječka
bolnica-danilo-i-cetinje	X02030	8.13	NULL	20.85	5331	sternal-puncture	Sternal Puncture	Sternalna punkcija
bolnica-danilo-i-cetinje	X02031	9.75	NULL	25.02	5332	cauterization-electrocauterization-or-cryocauterization-of-benign-skin-lesions-small	Cauterization, Electrocauterization or Cryocauterization of Benign or Premalignant Skin and Mucosal Lesions (1 Lesion)	Kauterizacija, elektrokauterizacija ili kriokauterizacija benignih ili premalignih lezija kože i sluznica (1 lezija)
bolnica-danilo-i-cetinje	X02032	14.63	NULL	37.53	5333	cauterization-electrocauterization-or-cryocauterization-of-benign-skin-lesions-medium	Cauterization, Electrocauterization or Cryocauterization of Benign or Premalignant Skin and Mucosal Lesions (2 Lesions)	Kauterizacija, elektrokauterizacija ili kriokauterizacija benignih ili premalignih lezija kože i sluznica (2 lezije)
bolnica-danilo-i-cetinje	X02033	9.75	NULL	25.02	5334	foreign-body-removal-from-skin-and-subcutaneous-tissue	Foreign Body Removal from Skin and Subcutaneous Tissue	Odstranjivanje stranog tijela iz kože i potkožnog tkiva
bolnica-danilo-i-cetinje	X02034	9.75	NULL	25.02	5335	excisional-biopsy-of-skin-subcutaneous-tissue-or-mucosa	Excisional Biopsy of Skin, Subcutaneous Tissue or Mucosa with Direct Suture	Ekscizijska biopsija kože, potkožnog tkiva i sluznice sa direktnim šavom
bolnica-danilo-i-cetinje	X02035	9.75	NULL	25.02	5336	microscopic-gastric-juice-analysis	Microscopic Gastric Juice Analysis	Obrada stomačnog soka — mikroskopska
bolnica-danilo-i-cetinje	X02036	13.00	NULL	33.36	5337	primary-wound-care-with-sutures	Primary Wound Care with Sutures	Primarna obrada rane (sa šavovima)
bolnica-danilo-i-cetinje	X02037	13.00	NULL	33.36	5338	arterial-blood-ph-measurement	Arterial Blood pH Measurement	Uzimanje krvi i određivanje pH arterijske krvi
bolnica-danilo-i-cetinje	X02038	16.25	NULL	41.70	5339	excision-of-small-benign-tumor-scars-fibromas-or-cysts	Excision of Small Benign Tumor-Like Scars, Fibromas or Cysts	Ekscizija manjih benignih tumoroznih ožiljaka, fibroznih, cističnih promjena
bolnica-danilo-i-cetinje	X02039	16.25	NULL	41.70	5340	secondary-wound-care	Secondary Wound Care	Sekundarna obrada rane
bolnica-danilo-i-cetinje	X02041	13.00	NULL	33.36	5341	major-local-anesthesia	Major Local Anesthesia	Lokalna anestezija — veća
bolnica-danilo-i-cetinje	X02042	6.50	NULL	16.68	5342	gastric-lavage	Gastric Lavage	Ispiranje želuca
bolnica-danilo-i-cetinje	X02043	19.50	NULL	50.04	5343	cauterization-electrocauterization-or-cryocauterization-of-benign-skin-lesions-larger	Cauterization, Electrocauterization or Cryocauterization of Benign or Premalignant Skin and Mucosal Lesions (3 Lesions)	Kauterizacija, elektrokauterizacija ili kriokauterizacija benignih ili premalignih lezija kože i sluznica (3 lezije)
bolnica-danilo-i-cetinje	X02044	24.38	NULL	62.55	5344	cauterization-electrocauterization-or-cryocauterization-of-benign-skin-lesions-extensive	Cauterization, Electrocauterization or Cryocauterization of Benign or Premalignant Skin and Mucosal Lesions (4 Lesions)	Kauterizacija, elektrokauterizacija ili kriokauterizacija benignih ili premalignih lezija kože i sluznica (4 lezije)
bolnica-danilo-i-cetinje	X02045	26.00	NULL	66.72	5345	cauterization-electrocauterization-or-cryocauterization-of-benign-skin-lesions-multiple	Cauterization, Electrocauterization or Cryocauterization of Benign or Premalignant Skin and Mucosal Lesions (5 or More Lesions)	Kauterizacija, elektrokauterizacija ili kriokauterizacija benignih ili premalignih lezija kože i sluznica (5 i više lezija)
bolnica-danilo-i-cetinje	X02046	9.75	NULL	25.02	5346	nonspecific-bronchial-provocation-test	Nonspecific Bronchial Provocation Test	Nespecifični bronhoprovokacioni test
bolnica-danilo-i-cetinje	X03002	16.25	NULL	41.70	5349	external-cardiac-defibrillation	External Cardiac Defibrillation	Spoljašnja defibrilacija srca
bolnica-danilo-i-cetinje	X03012	81.98	NULL	98.37	5350	dxa-bone-densitometry	DXA Bone Densitometry	DXA (osteodenzitometrija)
bolnica-danilo-i-cetinje	X03018	19.50	NULL	50.04	5351	electrocoagulation-or-excision-of-condyloma-acuminata	Electrocoagulation or Excision of Condyloma Acuminata	Elektrokoagulacija ili ekscizija condyloma acuminata bez opsega
bolnica-danilo-i-cetinje	X03019	19.50	NULL	50.04	5352	burn-wound-care-primary-delayed-primary-or-secondary	Burn Wound Care up to 10% of Body Surface (Primary, Delayed Primary or Secondary)	Primarna, primarno odložena ili sekundarna obrada opekotina do 10% površine tijela
bolnica-danilo-i-cetinje	X03020	19.50	NULL	50.04	5353	esophagogastroduodenoscopy-with-injection-hemostasis	Esophagogastroduodenoscopy with Injection Hemostasis	Ezofagogastroduodenoskopija sa injekcionom hemostazom
bolnica-danilo-i-cetinje	X03021	22.75	NULL	58.38	5354	excision-and-direct-suture-of-benign-skin-lesions	Excision and Direct Suture of Benign Skin Lesions over 4 cm in Diameter	Ekscizija i direktna sutura benignih lezija kože dijametra preko 4 cm
bolnica-danilo-i-cetinje	X03026	68.25	NULL	175.14	5355	esophagogastroduodenoscopy-with-biopsy	Esophagogastroduodenoscopy with Biopsy	Ezofagogastroduodenoskopija sa biopsijom
bolnica-danilo-i-cetinje	X03027	58.50	NULL	150.12	5356	esophagogastroduodenoscopy	Esophagogastroduodenoscopy	Ezofagogastroduodenoskopija
bolnica-danilo-i-cetinje	X03028	65.00	NULL	166.80	5357	colonoscopy-without-biopsy	Colonoscopy without Biopsy	Kolonoskopija bez biopsije
bolnica-danilo-i-cetinje	X03029	74.75	NULL	191.82	5358	colonoscopy-with-biopsy-of-colon-andor-terminal-ileum	Colonoscopy with Biopsy of Colon and/or Terminal Ileum	Kolonoskopija sa biopsijom kolona i/ili terminalnog ileuma
bolnica-danilo-i-cetinje	X03030	68.25	NULL	175.14	5359	esophagogastroduodenoscopy-with-helicobacter-pylori-test	Esophagogastroduodenoscopy with Helicobacter Pylori Test	Ezofagogastroduodenoskopija sa Helicobacter pylori testom
bolnica-danilo-i-cetinje	X03031	71.50	NULL	183.48	5360	esophagogastroduodenoscopy-with-foreign-body-extraction	Esophagogastroduodenoscopy with Foreign Body Extraction	Ezofagogastroduodenoskopija sa ekstrakcijom stranog tijela
bolnica-danilo-i-cetinje	X03032	81.25	NULL	208.50	5361	esophagogastroduodenoscopy-with-polypectomy	Esophagogastroduodenoscopy with Polypectomy	Ezofagogastroduodenoskopija sa polipektomijom
bolnica-danilo-i-cetinje	X03033	97.50	NULL	250.20	5362	esophagogastroduodenoscopy-with-band-ligation	Esophagogastroduodenoscopy with Band Ligation	Ezofagogastroduodenoskopija sa plasiranjem band ligature
bolnica-danilo-i-cetinje	X03039	46.48	NULL	55.77	5363	dxa-vertebral-morphometry	DXA Vertebral Morphometry	DXA — vertebromorfometrija
bolnica-danilo-i-cetinje	X03040	19.50	NULL	50.04	5364	esophagogastroduodenoscopy-with-mechanical-hemoclip-hemostasis	Esophagogastroduodenoscopy with Mechanical Hemoclip Hemostasis	Ezofagogastroduodenoskopija sa mehaničkom (hemoklips) hemostazom
bolnica-danilo-i-cetinje	X03041	65.00	NULL	166.80	5365	colonoscopy-with-or-without-terminal-ileoscopy-with-or-without-biopsy	Colonoscopy with or without Terminal Ileoscopy with or without Biopsy	Kolonoskopija sa ili bez terminalne ileoskopije, sa ili bez biopsije
bolnica-danilo-i-cetinje	X03042	81.25	NULL	208.50	5366	colonoscopy-with-polyp-electrocauterization	Colonoscopy with Polyp Electrocauterization	Kolonoskopija sa elektrokauterizacijom polipa
bolnica-danilo-i-cetinje	X03043	91.00	NULL	233.52	5367	colonoscopy-with-polypectomy-and-endoclip-placement	Colonoscopy with Polypectomy and Endoclip Placement	Kolonoskopija sa polipektomijom i postavljanjem endoklipsa
bolnica-danilo-i-cetinje	X03044	74.75	NULL	191.82	5368	colonoscopy-with-mucosectomy	Colonoscopy with Mucosectomy	Kolonoskopija sa mukozektomijom
bolnica-danilo-i-cetinje	X03045	84.50	NULL	216.84	5369	colonoscopy-with-injection-hemostasis	Colonoscopy with Injection Hemostasis	Kolonoskopija sa injekcionom hemostazom
bolnica-danilo-i-cetinje	X03046	84.50	NULL	216.84	5370	colonoscopy-with-mechanical-hemoclip-hemostasis	Colonoscopy with Mechanical Hemoclip Hemostasis	Kolonoskopija sa mehaničkom (hemoklips) hemostazom
bolnica-danilo-i-cetinje	X03047	84.50	NULL	216.84	5371	colonoscopy-with-dilatation	Colonoscopy with Dilatation	Kolonoskopija sa dilatacijom
bolnica-danilo-i-cetinje	X03048	71.50	NULL	183.48	5372	esophagogastroduodenoscopy-with-peg-placement-or-removal	Esophagogastroduodenoscopy with PEG Placement or Removal	Ezofagogastroduodenoskopija sa plasiranjem/vađenjem PEG-a
bolnica-danilo-i-cetinje	X03049	71.50	NULL	183.48	5373	esophagogastroduodenoscopy-with-dilatation	Esophagogastroduodenoscopy with Dilatation	Ezofagogastroduodenoskopija sa dilatacijom
bolnica-danilo-i-cetinje	X03050	71.50	NULL	183.48	5374	esophagogastroduodenoscopy-with-mucosectomy	Esophagogastroduodenoscopy with Mucosectomy	Ezofagogastroduodenoskopija sa mukozektomijom
bolnica-danilo-i-cetinje	X03051	97.50	NULL	250.20	5375	sengstaken-blakemore-tube-placement-or-removal	Sengstaken-Blakemore Tube Placement or Removal	Plasiranje/evakuacija Sengstaken-Blakemore sonde
bolnica-danilo-i-cetinje	X03052	97.50	NULL	250.20	5376	nasojejunal-tube-placement-or-removal	Nasojejunal Tube Placement or Removal	Plasiranje/evakuacija nazo-jejunalne sonde
bolnica-danilo-i-cetinje	X03053	48.75	NULL	125.10	5377	rigid-bronchoscopy	Rigid Bronchoscopy	Bronhoskopija — rigidna
bolnica-danilo-i-cetinje	X03054	58.50	NULL	150.12	5378	flexible-bronchoscopy-with-aspiration-andor-lavage	Flexible Bronchoscopy with Aspiration and/or Lavage	Bronhoskopija fleksibilna sa aspiracijom i/ili lavažom
bolnica-danilo-i-cetinje	X03055	58.50	NULL	150.12	5379	peribronchial-aspiration-biopsy	Peribronchial Aspiration Biopsy	Peribronhijalna aspiracijska biopsija
bolnica-danilo-i-cetinje	X03056	58.50	NULL	150.12	5380	bronchial-brush-biopsy	Bronchial Brush Biopsy	Četkanje–struganje bronha (braš biopsija)
bolnica-danilo-i-cetinje	X03057	58.50	NULL	150.12	5381	flexible-bronchoscopy-with-lavage	Flexible Bronchoscopy with Lavage	Bronhoskopija fleksibilna sa lavažom
bolnica-danilo-i-cetinje	X03058	58.50	NULL	150.12	5382	rigid-bronchoscopy-with-lavage	Rigid Bronchoscopy with Lavage	Bronhoskopija rigidna sa lavažom
bolnica-danilo-i-cetinje	X03059	32.50	NULL	83.40	5383	injection-or-mechanical-hemostasis-of-ampullar-region	Injection or Mechanical Hemostasis of Ampullar Region	Injekciona i/ili mehanička hemostaza ampularne regije
bolnica-danilo-i-cetinje	X03060	42.25	NULL	108.42	5384	apc-coagulation-during-egd	APC Coagulation during EGD	APC koagulacija pri ezofagogastroduodenoskopiji
bolnica-danilo-i-cetinje	X03061	42.25	NULL	108.42	5385	apc-coagulation-of-small-intestine	APC Coagulation of Small Intestine	APC koagulacija tankog crijeva
bolnica-danilo-i-cetinje	X03062	42.25	NULL	108.42	5386	apc-coagulation-of-colon	APC Coagulation of Colon	APC koagulacija kolona
bolnica-danilo-i-cetinje	X03063	58.50	NULL	150.12	5387	endoscopic-ultrasound-of-upper-gi-tract	Endoscopic Ultrasound of Upper GI Tract	Endoskopska ultrasonografija gornjeg GI trakta
bolnica-danilo-i-cetinje	X03064	16.25	NULL	41.70	5388	endoscopic-ultrasound-of-rectum	Endoscopic Ultrasound of Rectum	Endoskopska ultrasonografija rektuma
bolnica-danilo-i-cetinje	X03065	68.25	NULL	175.14	5389	endoscopic-ultrasound-with-biopsy	Endoscopic Ultrasound with Biopsy	Endoskopska ultrasonografija sa biopsijom
bolnica-danilo-i-cetinje	X03066	81.25	NULL	208.50	5390	double-balloon-enteroscopy-of-small-intestine	Double Balloon Enteroscopy of Small Intestine	DBE (double balloon enteroskopija) tankog crijeva
bolnica-danilo-i-cetinje	X03068	58.50	NULL	150.12	5391	bronchial-lesion-excision-via-bronchoscopy	Bronchial Lesion Excision via Bronchoscopy	Ekscizija lezije bronha sa bronhoskopijom
bolnica-danilo-i-cetinje	X03069	97.50	NULL	250.20	5392	tracheotomy	Tracheotomy	Traheotomija
bolnica-danilo-i-cetinje	X03070	97.50	NULL	250.20	5393	tracheotomy-with-tracheal-foreign-body-removal	Tracheotomy with Tracheal Foreign Body Removal	Traheotomija sa odstranjenjem stranog tijela iz traheje
bolnica-danilo-i-cetinje	X03071	58.50	NULL	150.12	5394	endoscopic-tracheal-foreign-body-removal	Endoscopic Tracheal Foreign Body Removal	Endoskopsko odstranjenje stranog tijela iz traheje
bolnica-danilo-i-cetinje	X03072	58.50	NULL	150.12	5395	endoscopic-excision-of-tracheal-wall-lesions	Endoscopic Excision of Tracheal Wall Lesions	Endoskopska ekscizija promjena na zidu traheje
bolnica-danilo-i-cetinje	X03073	58.50	NULL	150.12	5396	endoscopic-electrocoagulation-of-tracheal-lesions	Endoscopic Electrocoagulation of Tracheal Lesions	Endoskopska elektrokoagulacija lezija na traheji
bolnica-danilo-i-cetinje	X03074	58.50	NULL	150.12	5397	endoscopic-laser-resection-of-tracheal-lesions	Endoscopic Laser Resection of Tracheal Lesions	Endoskopska laser resekcija promjena na traheji
bolnica-danilo-i-cetinje	X03075	58.50	NULL	150.12	5398	endoscopic-tracheal-stenosis-dilatation	Endoscopic Tracheal Stenosis Dilatation	Endoskopska dilatacija stenoza traheje
bolnica-danilo-i-cetinje	X03076	65.00	NULL	166.80	5399	tracheobronchoscopy-with-foreign-body-removal-in-children-up-to-10-years	Tracheobronchoscopy with Foreign Body Removal in Children (up to 10 years)	Traheobronhoskopija sa odstranjivanjem stranog tijela kod djece (do 10 godina)
bolnica-danilo-i-cetinje	X03077	58.50	NULL	150.12	5400	tracheobronchoscopy-with-foreign-body-removal-in-adults	Tracheobronchoscopy with Foreign Body Removal in Adults	Traheobronhoskopija sa odstranjivanjem stranog tijela kod odraslih
bolnica-danilo-i-cetinje	X03078	58.50	NULL	150.12	5401	lower-tracheobronchoscopy-via-tracheostomy	Lower Tracheobronchoscopy via Tracheostomy	Traheobronhoskopija donja — kroz vještački otvor
bolnica-danilo-i-cetinje	X03079	32.50	NULL	83.40	5402	diagnostic-proctosigmoidoscopy-with-lesion-removal	Diagnostic Proctosigmoidoscopy with Lesion Removal	Proktosigmoidoskopija — dijagnostička sa odstranjivanjem
bolnica-danilo-i-cetinje	X04001	4.88	NULL	12.51	5403	vaginal-discharge-analysis	Vaginal Discharge Analysis	Sekret vagine
bolnica-danilo-i-cetinje	X04004	6.50	NULL	16.68	5404	cytohormonal-smear-analysis	Cytohormonal Smear Analysis	Citohormonalna analiza razmaza
bolnica-danilo-i-cetinje	X04005	16.25	NULL	41.70	5405	drug-application-to-cervix	Drug Application to Cervix	Aplikacija lijeka u grlić materice
bolnica-danilo-i-cetinje	X04007	9.75	NULL	25.02	5406	superficial-cervical-electrocoagulation	Superficial Cervical Electrocoagulation	Elektrokoagulacija cerviksa uterusa — površna po seansi
bolnica-danilo-i-cetinje	X04010	13.00	NULL	33.36	5407	pregnancy-cardiotocography-ctg	Pregnancy Cardiotocography (CTG)	CTG — kardiotokografija u trudnoći
bolnica-danilo-i-cetinje	X04011	32.50	NULL	83.40	5408	first-trimester-surgical-abortion-curettage	First-Trimester Surgical Abortion (Curettage)	Arteficijalni prekid trudnoće do 3 mjeseca — kiretaža
bolnica-danilo-i-cetinje	X04012	65.00	NULL	166.80	5409	pregnancy-termination-with-laminaria-or-hydraulic-dilator	Pregnancy Termination with Laminaria or Hydraulic Dilator	Prekid trudnoće — medikamentozni, upotreba laminaria, hidrauličnih dilatatora
bolnica-danilo-i-cetinje	X04013	32.50	NULL	83.40	5410	exploratory-curettage	Exploratory Curettage	Eksplorativna kiretaža
bolnica-danilo-i-cetinje	X04015	6.50	NULL	16.68	5411	cerclage-removal	Cerclage Removal	Skidanje cerclage-a
bolnica-danilo-i-cetinje	X04016	19.50	NULL	50.04	5412	douglas-pouch-puncture-or-pelvic-abscess-drainage-colpotomy	Douglas Pouch Puncture or Pelvic Abscess Drainage (Colpotomy)	Punctio cavi Douglasi, drenaža pelvičnog abscesa, kolpotomija
bolnica-danilo-i-cetinje	X04017	13.00	NULL	33.36	5413	lactation-support-and-complication-prevention-for-primiparas	Lactation Support and Complication Prevention for Primiparas	Razvoj laktacije i prevencija komplikacija kod prvorotki
bolnica-danilo-i-cetinje	X04018	1.63	NULL	4.17	5414	cervical-erosion-application	Cervical Erosion Application	Tuširanje erozija
bolnica-danilo-i-cetinje	X04019	3.25	NULL	8.34	5415	mechanical-contraceptive-device-check	Mechanical Contraceptive Device Check	Kontrola mehaničkog kontraceptivnog sredstva
bolnica-danilo-i-cetinje	X04020	3.25	NULL	8.34	5416	nipple-fissure-treatment	Nipple Fissure Treatment	Liječenje ragada
bolnica-danilo-i-cetinje	X04021	6.50	NULL	16.68	5417	breast-stasis-treatment	Breast Stasis Treatment	Liječenje staze
bolnica-danilo-i-cetinje	X04022	9.75	NULL	25.02	5418	puerperal-breast-abscess-incision	Puerperal Breast Abscess Incision	Incizija puerperalnog abscesa dojke
bolnica-danilo-i-cetinje	X04024	9.75	NULL	25.02	5419	bartholin-gland-abscess-incision-and-drainage	Bartholin Gland Abscess Incision and Drainage	Incizija i drenaža apscesa Bartholinijeve žlijezde
bolnica-danilo-i-cetinje	X04025	9.75	NULL	25.02	5420	labial-and-vulval-biopsy	Labial and Vulval Biopsy	Uzimanje biopsije labija i vulve
bolnica-danilo-i-cetinje	X04028	9.75	NULL	25.02	5421	cervical-revision	Cervical Revision	Revizija cerviksa
bolnica-danilo-i-cetinje	X04031	13.00	NULL	33.36	5422	amnioscopy	Amnioscopy	Amnioskopija
bolnica-danilo-i-cetinje	X04032	16.25	NULL	41.70	5423	instrumental-cervical-dilatation	Instrumental Cervical Dilatation	Dilatacija cerviksa — instrumentalna
bolnica-danilo-i-cetinje	X04033	13.00	NULL	33.36	5424	intratubal-antibiotic-injection	Intratubal Antibiotic Injection	Intratubarna injekcija antibiotičke supstance
bolnica-danilo-i-cetinje	X04034	16.25	NULL	41.70	5425	cold-coagulation-of-cervical-lesions	Cold Coagulation of Cervical Lesions	Hladna koagulacija promjena na grliću materice
bolnica-danilo-i-cetinje	X04035	16.25	NULL	41.70	5426	vulvoscopy	Vulvoscopy	Vulvoskopija
bolnica-danilo-i-cetinje	X04036	19.50	NULL	50.04	5427	endometrial-tissue-sampling-for-histology	Endometrial Tissue Sampling for Histology	Uzimanje uzorka radi histološkog pregleda endometrija
bolnica-danilo-i-cetinje	X04037	9.75	NULL	25.02	5428	vaginal-biopsy	Vaginal Biopsy	Uzimanje biopsije vagine
bolnica-danilo-i-cetinje	X04038	19.50	NULL	50.04	5429	cervical-or-endometrial-biopsy	Cervical or Endometrial Biopsy	Uzimanje biopsije cerviksa ili endometrijuma
bolnica-danilo-i-cetinje	X04039	19.50	NULL	50.04	5430	cervical-or-uterine-polypectomy	Cervical or Uterine Polypectomy	Polipektomija (grlića materice, šupljine materice)
bolnica-danilo-i-cetinje	X04040	21.13	NULL	54.21	5431	vulvar-and-vaginal-condyloma-abrasion	Vulvar and Vaginal Condyloma Abrasion	Abrazija kondiloma vulve i vagine
bolnica-danilo-i-cetinje	X04041	26.00	NULL	66.72	5432	tubal-insufflation-per-session	Tubal Insufflation (per session)	Insuflacija tuba — po seansi (max. 3 seanse)
bolnica-danilo-i-cetinje	X04043	22.75	NULL	58.38	5433	pregnancy-ultrasound	Pregnancy Ultrasound	Ultrazvučni pregled u toku trudnoće
bolnica-danilo-i-cetinje	X04044	32.50	NULL	83.40	5434	first-trimester-incomplete-abortion-curettage	First-Trimester Incomplete Abortion Curettage	Dovršavanje inkompletnog pobačaja do 3 mjeseca — kiretaža
bolnica-danilo-i-cetinje	X04045	32.50	NULL	83.40	5435	re-curettage-after-delivery-abortion-or-exploratory-curettage	Re-curettage (after delivery, abortion or exploratory curettage)	Rekiretaža (nakon porođaja, abortusa, eksplorativne kiretaže)
bolnica-danilo-i-cetinje	X04046	32.50	NULL	83.40	5436	amniotic-fluid-puncture-for-polyhydramnios	Amniotic Fluid Puncture for Polyhydramnios	Punkcija plodove vode kod polihidramniona
bolnica-danilo-i-cetinje	X04047	48.75	NULL	125.10	5437	postpartum-hemorrhage-curettage	Postpartum Hemorrhage Curettage	Kiretaža kod postpartalnog krvavljenja
bolnica-danilo-i-cetinje	X04048	48.75	NULL	125.10	5438	bartholin-cyst-excision	Bartholin Cyst Excision	Ekstirpacija Bartholinijeve ciste (extirpatio cystae glandulae Bartholini)
bolnica-danilo-i-cetinje	X04049	6.50	NULL	16.68	5439	vaginal-introitus-dilatation-under-anesthesia	Vaginal Introitus Dilatation under Anesthesia	Dilatacija introitusa vagine sa anestezijom
bolnica-danilo-i-cetinje	X04050	9.75	NULL	25.02	5440	vulvar-abscess-incision-and-drainage	Vulvar Abscess Incision and Drainage	Incizija i drenaža apscesa vulve
bolnica-danilo-i-cetinje	X04051	19.50	NULL	50.04	5441	transvaginal-douglas-pouch-puncture-of-cystic-mass	Transvaginal Douglas Pouch Puncture of Cystic Mass	Transvaginalna Douglasova punkcija cistične mase
bolnica-danilo-i-cetinje	X04052	48.75	NULL	125.10	5442	vaginal-cyst-surgery	Vaginal Cyst Surgery	Operacija ciste vagine
bolnica-danilo-i-cetinje	X04053	48.75	NULL	125.10	5443	colporrhaphy-suturing-of-larger-non-obstetric-vaginal-injuries	Colporrhaphy — Suturing of Larger Non-Obstetric Vaginal Injuries	Kolporafija — šav većih povreda vagine, neakušerskih
bolnica-danilo-i-cetinje	X04054	65.00	NULL	166.80	5444	excision-of-benign-vaginal-lesions	Excision of Benign Vaginal Lesions	Ekscizija benignih lezija vagine
bolnica-danilo-i-cetinje	X04055	65.00	NULL	166.80	5445	vaginal-septum-removal	Vaginal Septum Removal	Uklanjanje vaginalnih septuma
bolnica-danilo-i-cetinje	X04056	113.75	NULL	291.90	5446	colpoperineorrhaphy-repair-of-large-non-obstetric-vaginal-and-perineal-injuries	Colpoperineorrhaphy — Repair of Large Non-Obstetric Vaginal and Perineal Injuries	Kolpoperineorafija — šav većih povreda vagine i perineuma, neakušerskih
bolnica-danilo-i-cetinje	X04059	6.50	NULL	16.68	5447	postcoital-test-sims-huhner	Postcoital Test (Sims-Huhner)	Postkoitalni test ili Sims-Hunerov test
bolnica-danilo-i-cetinje	X04061	3.25	NULL	8.34	5448	hysterometry	Hysterometry	Histerometrija
bolnica-danilo-i-cetinje	X04062	26.00	NULL	66.72	5449	hymen-excision	Hymen Excision	Ekscizija himena
bolnica-danilo-i-cetinje	X04064	48.75	NULL	125.10	5450	dilatation-and-curettage-for-hydatidiform-mole-missed-abortion	Dilatation and Curettage for Hydatidiform Mole (Missed Abortion)	Dilatacija i kiretaža — odstranjenje mole hydatidose (missed abortion)
bolnica-danilo-i-cetinje	X04065	65.00	NULL	166.80	5451	vaginal-wall-tumor-removal	Vaginal Wall Tumor Removal	Uklanjanje tumora vaginalnog zida
bolnica-danilo-i-cetinje	X04066	97.50	NULL	250.20	5452	metroplasty	Metroplasty	Metroplastika
bolnica-danilo-i-cetinje	X04067	9.75	NULL	25.02	5453	foreign-body-removal-from-vagina	Foreign Body Removal from Vagina	Ekstrakcija stranog tijela iz vagine
bolnica-danilo-i-cetinje	X04068	65.00	NULL	166.80	5454	chorionic-villus-sampling	Chorionic Villus Sampling	Biopsija horionskih čupica
bolnica-danilo-i-cetinje	X04070	65.00	NULL	166.80	5455	cordocentesis	Cordocentesis	Kordocenteza
bolnica-danilo-i-cetinje	X06001	3.25	NULL	8.34	5456	eyeglass-prescription-for-adults	Eyeglass Prescription for Adults	Određivanje i propisivanje naočara za odrasle
bolnica-danilo-i-cetinje	X06002	1.63	NULL	4.17	5457	focometry-of-astigmatic-and-non-astigmatic-lenses	Focometry of Astigmatic and Non-Astigmatic Lenses	Fokometrija astigmatičnih i neastigmatičnih stakala
bolnica-danilo-i-cetinje	X06007	16.25	NULL	41.70	5458	corneal-foreign-body-removal-with-siderosis-abrasion	Corneal Foreign Body Removal with Siderosis (Abrasion)	Ekstrakcija stranog tijela rožnjače sa siderozom (abrazija)
bolnica-danilo-i-cetinje	X06008	16.25	NULL	41.70	5459	fundus-examination-with-biomicroscope-and-goldmann-3-mirror-lens	Fundus Examination with Biomicroscope and Goldmann 3-Mirror Lens	Pregled fundusa biomikroskopom i Goldmann lupom sa 3 ogledala
bolnica-danilo-i-cetinje	X06009	6.50	NULL	16.68	5460	color-vision-test	Color Vision Test	Ispitivanje osjetljivosti na boje
bolnica-danilo-i-cetinje	X06011	16.25	NULL	41.70	5461	surgical-treatment-of-hordeolum-abscess-or-phlegmon	Surgical Treatment of Hordeolum, Abscess or Phlegmon	Hirurško zbrinjavanje hordeoluma, abscesa ili flegmone
bolnica-danilo-i-cetinje	X06013	4.88	NULL	12.51	5462	convergence-and-divergence-range-measurement	Convergence and Divergence Range Measurement	Određivanje širine konvergencije i divergencije u prostoru
bolnica-danilo-i-cetinje	X06014	39.00	NULL	100.08	5463	ophthalmic-ultrasound-a-scan-and-b-scan	Ophthalmic Ultrasound (A-Scan and B-Scan)	Ultrazvuk u oftalmologiji (A-scan i B-scan)
bolnica-danilo-i-cetinje	X06016	4.88	NULL	12.51	5464	conjunctival-corneal-and-eyelid-margin-application	Conjunctival, Corneal and Eyelid Margin Application	Tuširanje vežnjače, rožnjače i ivice kapaka
bolnica-danilo-i-cetinje	X06018	0.98	NULL	2.50	5465	small-eye-patch	Small Eye Patch	Stavljanje zavoja za oko — mali zavoj
bolnica-danilo-i-cetinje	X06019	1.63	NULL	4.17	5466	large-eye-patch	Large Eye Patch	Stavljanje zavoja za oko — veliki zavoj
bolnica-danilo-i-cetinje	X06020	9.75	NULL	25.02	5467	visual-field-perimetry	Visual Field Perimetry	Perimetrija — određivanje širine vidnog polja
bolnica-danilo-i-cetinje	X06021	3.25	NULL	8.34	5468	stereo-vision-test-titmus	Stereo Vision Test (Titmus)	Ispitivanje stereo vida — Titmus stereo test
bolnica-danilo-i-cetinje	X06024	1.63	NULL	4.17	5470	eye-occlusion	Eye Occlusion	Okluzija
bolnica-danilo-i-cetinje	X06025	3.25	NULL	8.34	5471	javal-keratometry	Javal Keratometry	Keratometrija po Javalu
bolnica-danilo-i-cetinje	X06026	3.25	NULL	8.34	5472	penalization-dosing-and-verification	Penalization — Dosing and Verification	Penalizacija — njeno doziranje i provjeravanje u kabinetu
bolnica-danilo-i-cetinje	X06027	3.25	NULL	8.34	5473	suppression-and-binocular-vision-test-worth	Suppression and Binocular Vision Test (Worth)	Ispitivanje supresije i binokularnog vida na Worth-u
bolnica-danilo-i-cetinje	X06029	4.88	NULL	12.51	5474	eyelash-epilation-by-electrolysis-or-electrocoagulation-per-session	Eyelash Epilation by Electrolysis or Electrocoagulation (per session)	Epilacija elektrolizom ili elektrokoagulacijom — seansa
bolnica-danilo-i-cetinje	X06030	4.88	NULL	12.51	5475	cppers-eutiscopy	Cüppers Eutiscopy	Eutiskopija po Cuppersu
bolnica-danilo-i-cetinje	X06031	4.88	NULL	12.51	5476	coordinator-vision-exercises	Coordinator Vision Exercises	Vježbe na koordinatoru
bolnica-danilo-i-cetinje	X06032	4.88	NULL	12.51	5477	spatial-fusion-exercises	Spatial Fusion Exercises	Vježbe fuzije u prostoru
bolnica-danilo-i-cetinje	X06033	4.88	NULL	12.51	5478	accommodation-convergence-elasticity-exercises	Accommodation-Convergence Elasticity Exercises	Vježbe elasticiteta akomodacije i konvergencije kod akomodativnih poremećaja
bolnica-danilo-i-cetinje	X06034	6.50	NULL	16.68	5479	orthorater-examination	Orthorater Examination	Pregled ortorajterom i interpretacija nalaza svih funkcija
bolnica-danilo-i-cetinje	X06036	6.50	NULL	16.68	5480	binocular-visual-field-test	Binocular Visual Field Test	Ispitivanje polja pogleda — binokularno
bolnica-danilo-i-cetinje	X06037	6.50	NULL	16.68	5481	diplopia-paralysis-and-paresis-test-hess-lancaster	Diplopia, Paralysis and Paresis Test (Hess-Lancaster)	Ispitivanje diplopija, paraliza i pareza (Hess-Lancaster test)
bolnica-danilo-i-cetinje	X06038	6.50	NULL	16.68	5482	synoptophore-fusion-exercises	Synoptophore Fusion Exercises	Vježbe fuzije na sinoptoforu — sa naknadnim i realnim slikama
bolnica-danilo-i-cetinje	X06039	6.50	NULL	16.68	5483	anti-arc-spatial-exercises	Anti-ARC Spatial Exercises	Vježbe protiv ARK u prostoru
bolnica-danilo-i-cetinje	X06040	6.50	NULL	16.68	5484	anti-arc-spatial-exercises-elimination-method	Anti-ARC Spatial Exercises (Elimination Method)	Vježbe protiv ARK u prostoru (metode eliminacije)
bolnica-danilo-i-cetinje	X06041	6.50	NULL	16.68	5485	additional-prism-determination-on-correction-lens	Additional Prism Determination on Correction Lens	Određivanje i probanje dodatne prizme na korekciono staklo
bolnica-danilo-i-cetinje	X06044	9.75	NULL	25.02	5486	visus-test-in-simulation-and-aggravation	Visus Test in Simulation and Aggravation	Visus kod simulacije i agravacije
bolnica-danilo-i-cetinje	X06046	9.75	NULL	25.02	5487	visual-field-and-binocular-vision-test-in-paralysis	Visual Field and Binocular Vision Test in Paralysis	Ispitivanje polja vida i binokularnog vida kod paralize
bolnica-danilo-i-cetinje	X06048	19.50	NULL	50.04	5488	nagel-anomaloscopy	Nagel Anomaloscopy	Nagel anomaloskopija
bolnica-danilo-i-cetinje	X06050	19.50	NULL	50.04	5489	glaucoma-provocation-test	Glaucoma Provocation Test	Test provokacije na glaukom
bolnica-danilo-i-cetinje	X06051	19.50	NULL	50.04	5490	fluorescein-ophthalmoscopy	Fluorescein Ophthalmoscopy	Fluoresceinska oftalmoskopija
bolnica-danilo-i-cetinje	X06052	32.50	NULL	83.40	5491	fluorescein-biomicroscopy	Fluorescein Biomicroscopy	Fluoresceinska biomikroskopija
bolnica-danilo-i-cetinje	X06053	48.75	NULL	125.10	5492	minor-laser-intervention-conjunctival-lesions	Minor Laser Intervention (Conjunctival Lesions)	Intervencije laserom — manje (kod promjena na konjunktivi)
bolnica-danilo-i-cetinje	X06056	65.00	NULL	166.80	5493	major-laser-intervention-fundus	Major Laser Intervention (Fundus)	Intervencije laserom — veće (intervencije na očnom dnu)
bolnica-danilo-i-cetinje	X06057	3.25	NULL	8.34	5494	refraction-with-wide-pupil-without-astigmatism	Refraction with Wide Pupil without Astigmatism	Određivanje refrakcije na široku zjenicu bez astigmatizma
bolnica-danilo-i-cetinje	X06058	3.25	NULL	8.34	5495	eyeglass-determination-narrow-pupil-without-astigmatism	Eyeglass Determination — Narrow Pupil without Astigmatism	Određivanje naočara na usku zjenicu bez astigmatizma
bolnica-danilo-i-cetinje	X06059	6.50	NULL	16.68	5496	eyeglass-determination-narrow-pupil-with-astigmatism	Eyeglass Determination — Narrow Pupil with Astigmatism	Određivanje naočara na usku zjenicu sa astigmatizmom
bolnica-danilo-i-cetinje	X06060	9.75	NULL	25.02	5497	skiascopy-in-adults	Skiascopy in Adults	Skijaskopija kod odraslih
bolnica-danilo-i-cetinje	X06061	9.75	NULL	25.02	5498	refraction-with-wide-pupil-with-astigmatism	Refraction with Wide Pupil with Astigmatism	Određivanje refrakcije na široku zjenicu sa astigmatizmom
bolnica-danilo-i-cetinje	X06066	6.50	NULL	16.68	5499	farnsworth-test	Farnsworth Test	Farnsworth test
bolnica-danilo-i-cetinje	X06067	9.75	NULL	25.02	5500	pachymetry	Pachymetry	Pahimetrija
bolnica-danilo-i-cetinje	X06068	1.63	NULL	4.17	5501	pupillometry	Pupillometry	Pupilometrija
bolnica-danilo-i-cetinje	X06069	3.25	NULL	8.34	5502	light-sense-and-projection-test	Light Sense and Projection Test	Ispitivanje osjećaja svjetlosti sa projekcijom
bolnica-danilo-i-cetinje	X06074	16.25	NULL	41.70	5503	skiascopy-in-children	Skiascopy in Children	Skijaskopija kod djece
bolnica-danilo-i-cetinje	X06075	3.25	NULL	8.34	5504	eyeglass-prescription-for-children	Eyeglass Prescription for Children	Određivanje i propisivanje naočara za djecu
bolnica-danilo-i-cetinje	X06076	6.50	NULL	16.68	5505	eyeglasses-for-astigmatism-and-heterophoria	Eyeglasses for Astigmatism and Heterophoria	Određivanje i propisivanje naočara kod astigmatizma i heteroforije
bolnica-danilo-i-cetinje	X06077	6.50	NULL	16.68	5506	peribulbar-parabulbar-or-sub-tenon-injection	Peribulbar, Parabulbar or Sub-Tenon Injection	Davanje injekcije peribulbarno, parabulbarno i subtenonijalno
bolnica-danilo-i-cetinje	X06078	9.75	NULL	25.02	5507	slit-lamp-biomicroscopy-with-fundus-lens	Slit-Lamp Biomicroscopy with Fundus Lens	Oftalmološki pregled na biomikroskopu (pregled dna lupom)
bolnica-danilo-i-cetinje	X06079	9.75	NULL	25.02	5508	indirect-ophthalmoscopy-with-binocular-ophthalmoscope	Indirect Ophthalmoscopy with Binocular Ophthalmoscope	Indirektna oftalmoskopija pomoću binokularnog oftalmoskopa
bolnica-danilo-i-cetinje	X06081	19.50	NULL	50.04	5509	color-sensitivity-test-with-anomaloscope	Color Sensitivity Test with Anomaloscope	Ispitivanje osjetljivosti na boje pomoću anomaloskopa
bolnica-danilo-i-cetinje	X06082	6.50	NULL	16.68	5510	meibomian-gland-curettage	Meibomian Gland Curettage	Kiretaža Meibomove žlijezde
bolnica-danilo-i-cetinje	X06083	13.00	NULL	33.36	5511	thermocauterization	Thermocauterization	Termokauterizacija
bolnica-danilo-i-cetinje	X06084	0.98	NULL	2.50	5512	single-exposure-eye-photography	Single-Exposure Eye Photography	Fotosnimak oka u jednoj ekspoziciji
bolnica-danilo-i-cetinje	X06085	0.98	NULL	2.50	5513	nine-direction-eye-photography	Nine-Direction Eye Photography	Fotosnimak oka u devet pravaca
bolnica-danilo-i-cetinje	X06086	0.98	NULL	2.50	5514	color-anterior-segment-photography	Color Anterior Segment Photography	Fotosnimak prednjeg segmenta očnog dna u koloru
bolnica-danilo-i-cetinje	X06087	19.50	NULL	50.04	5515	static-central-visual-field-perimetry	Static Central Visual Field Perimetry	Perimetrija — statičko određivanje centralnog vidnog polja
bolnica-danilo-i-cetinje	X06088	19.50	NULL	50.04	5516	tbinger-profile-perimetry	Tübinger Profile Perimetry	Perimetrija profilna — Tübinger
bolnica-danilo-i-cetinje	X06089	9.75	NULL	25.02	5517	adaptometry	Adaptometry	Adaptometrija
bolnica-danilo-i-cetinje	X06090	9.75	NULL	25.02	5518	rapid-adaptation-test-purkinje-krakw	Rapid Adaptation Test (Purkinje-Kraków)	Adaptacija — ispitivanje brze adaptacije pomoću tablica po Purkinje-Krakowu
bolnica-danilo-i-cetinje	X06091	9.75	NULL	25.02	5519	tbinger-adaptation-test	Tübinger Adaptation Test	Adaptacija — ispitivanje po Tübingeru
bolnica-danilo-i-cetinje	X06092	4.88	NULL	12.51	5520	eye-motility-test	Eye Motility Test	Ispitivanje motiliteta
bolnica-danilo-i-cetinje	X06093	4.88	NULL	12.51	5521	spatial-or-apparatus-eye-muscle-exercises	Spatial or Apparatus Eye Muscle Exercises	Vježba mišića u prostoru ili na aparatu
bolnica-danilo-i-cetinje	X06094	4.88	NULL	12.51	5522	anti-suppression-vision-exercises	Anti-Suppression Vision Exercises	Vježbe vida protiv supresije
bolnica-danilo-i-cetinje	X06095	19.50	NULL	50.04	5523	tonography	Tonography	Tonografija
bolnica-danilo-i-cetinje	X06096	6.50	NULL	16.68	5524	diaphanoscopy	Diaphanoscopy	Diafanoskopija
bolnica-danilo-i-cetinje	X06097	9.75	NULL	25.02	5525	fluorescein-lacrimal-patency-test	Fluorescein Lacrimal Patency Test	Fluoresceinska proba prolaznosti suznih puteva
bolnica-danilo-i-cetinje	X06098	9.75	NULL	25.02	5526	fluorescein-corneal-test	Fluorescein Corneal Test	Fluoresceinska proba rožnjače
bolnica-danilo-i-cetinje	X06099	9.75	NULL	25.02	5527	macular-function-test-with-amsler-grid	Macular Function Test with Amsler Grid	Ispitivanje makularne funkcije Amslerovom mrežom
bolnica-danilo-i-cetinje	X06100	3.25	NULL	8.34	5528	prism-fixation-test-cower	Prism Fixation Test (Cower)	Ispitivanje fiksacije prizmama (Cower test)
bolnica-danilo-i-cetinje	X06101	8.13	NULL	20.85	5529	light-sense-test-with-diplopia-and-motility	Light Sense Test with Diplopia and Motility	Ispitivanje osjećaja svjetlosti pri ispitivanju dvoslika — motilitet
bolnica-danilo-i-cetinje	X06102	19.50	NULL	50.04	5530	loading-test-and-raster-for-primary-open-angle-glaucoma-diagnostics	Loading Test and Raster for Primary Open-Angle Glaucoma Diagnostics	Testovi opterećenja i raster u dijagnostici primarnih glaukoma otvorenog ugla
bolnica-danilo-i-cetinje	X06103	35.75	NULL	91.74	5531	heidelberg-retina-tomography-hrt	Heidelberg Retina Tomography (HRT)	HRT — Heidelberg retino tomografija
bolnica-danilo-i-cetinje	X07002	3.25	NULL	8.34	5534	ent-topical-treatment-application	ENT Topical Treatment Application	ORL tuširanje
bolnica-danilo-i-cetinje	X07006	32.50	NULL	83.40	5535	nasal-septum-hematoma-or-abscess-incision-and-drainage	Nasal Septum Hematoma or Abscess Incision and Drainage	Incizija i drenaža hematoma i abscesa nosnog septuma
bolnica-danilo-i-cetinje	X07007	13.00	NULL	33.36	5536	peritonsillar-abscess-incision-and-drainage-transoral	Peritonsillar Abscess Incision and Drainage (Transoral)	Incizija i drenaža peritonzilarnog abscesa — transoralni pristup
bolnica-danilo-i-cetinje	X07008	16.25	NULL	41.70	5537	retropharyngeal-abscess-incision-and-drainage-transoral	Retropharyngeal Abscess Incision and Drainage (Transoral)	Incizija i drenaža retrofaringealnog abscesa — transoralno
bolnica-danilo-i-cetinje	X07010	3.25	NULL	8.34	5538	proetz-sinus-and-nasal-secretion-removal	Proetz Sinus and Nasal Secretion Removal	Odstranjivanje sekreta iz nosa i sinusa po Proetzu
bolnica-danilo-i-cetinje	X07011	65.00	NULL	166.80	5539	vocal-cord-polyp-or-nodule-excision-via-direct-laryngoscopy	Vocal Cord Polyp or Nodule Excision via Direct Laryngoscopy	Ekstirpacija polipa ili čvorića sa glasnica u direktoskopiji
bolnica-danilo-i-cetinje	X07012	1.63	NULL	4.17	5540	politzer-pharyngotympanic-tube-inflation	Politzer Pharyngotympanic Tube Inflation	Produvavanje faringotimpanalnih tuba po Politzeru
bolnica-danilo-i-cetinje	X07014	3.25	NULL	8.34	5541	facial-nerve-lesion-drug-infiltration	Facial Nerve Lesion Drug Infiltration	Infiltracija lijeka kod lezije n. facialisa
bolnica-danilo-i-cetinje	X07015	9.75	NULL	25.02	5542	ent-biopsy-ear-throat-nose	ENT Biopsy (Ear, Throat, Nose)	Biopsija uha, grla, nosa
bolnica-danilo-i-cetinje	X07016	13.00	NULL	33.36	5543	post-tonsillectomy-hemostasis	Post-Tonsillectomy Hemostasis	Hemostaza poslije tonzilektomije
bolnica-danilo-i-cetinje	X07017	16.25	NULL	41.70	5544	nasal-bleeding-hemostasis-cauterization-lapis-electrocauterization	Nasal Bleeding Hemostasis (Cauterization, Lapis, Electrocauterization)	Hemostaza krvarenja iz nosa — tuširanje, lapiziranje, elektrokauterizacija
bolnica-danilo-i-cetinje	X07018	16.25	NULL	41.70	5545	posterior-nasal-packing	Posterior Nasal Packing	Zadnja tamponada nosa
bolnica-danilo-i-cetinje	X07020	16.25	NULL	41.70	5546	pure-tone-audiometry-in-children-up-to-7-years	Pure Tone Audiometry in Children up to 7 Years	Ispitivanje sluha tonalno-liminarnom audiometrijom kod djece do 7 godina
bolnica-danilo-i-cetinje	X07024	26.00	NULL	66.72	5547	caloric-vestibular-test-hallpike	Caloric Vestibular Test (Hallpike)	Kalorički test čula za ravnotežu (Hallpike)
bolnica-danilo-i-cetinje	X07026	19.50	NULL	50.04	5548	closed-reduction-of-recent-nasal-fracture-with-immobilization	Closed Reduction of Recent Nasal Fracture with Immobilization	Repozicija svježeg preloma nosnih kostiju sa imobilizacijom
bolnica-danilo-i-cetinje	X07027	19.50	NULL	50.04	5549	nasal-endoscopy	Nasal Endoscopy	Endoskopski pregled nosa
bolnica-danilo-i-cetinje	X07028	16.25	NULL	41.70	5550	indirect-laryngopharyngoscopy-with-biopsy	Indirect Laryngopharyngoscopy with Biopsy	Laringofaringoskopija indirektna sa biopsijom
bolnica-danilo-i-cetinje	X07029	9.75	NULL	25.02	5551	othematoma-or-retroauricular-abscess-incision	Othematoma or Retroauricular Abscess Incision	Incizija othaematoma ili retroaurikularnog abscesa
bolnica-danilo-i-cetinje	X07030	16.25	NULL	41.70	5552	direct-laryngoscopy-and-hypopharyngoscopy	Direct Laryngoscopy and Hypopharyngoscopy	Direktoskopija larinksa i hipofarinksa
bolnica-danilo-i-cetinje	X07031	26.00	NULL	66.72	5553	direct-laryngoscopy-with-foreign-body-extraction	Direct Laryngoscopy with Foreign Body Extraction	Direktna laringoskopija sa vađenjem stranog tijela
bolnica-danilo-i-cetinje	X07032	19.50	NULL	50.04	5554	hearing-aid-fitting	Hearing Aid Fitting	Određivanje slušnog aparata
bolnica-danilo-i-cetinje	X07033	9.75	NULL	25.02	5555	tympanic-membrane-paracentesis	Tympanic Membrane Paracentesis	Paracenteza bubne opne
bolnica-danilo-i-cetinje	X07034	19.50	NULL	50.04	5556	adenotomy-under-rausch-or-local-anesthesia	Adenotomy under Rausch or Local Anesthesia	Adenotomija u rauš ili lokalnoj anesteziji
bolnica-danilo-i-cetinje	X07035	32.50	NULL	83.40	5557	endonasal-surgical-rhinolith-or-foreign-body-extraction	Endonasal Surgical Rhinolith or Foreign Body Extraction	Endonazalna hirurška ekstrakcija rinolita ili stranog tijela
bolnica-danilo-i-cetinje	X07037	3.25	NULL	8.34	5558	drug-application-to-ear-and-nose	Drug Application to Ear and Nose	Aplikacija lijeka u uvo i nos
bolnica-danilo-i-cetinje	X07038	6.50	NULL	16.68	5559	direct-epipharyngoscopy	Direct Epipharyngoscopy	Epifaringoskopija direktna
bolnica-danilo-i-cetinje	X07041	11.38	NULL	29.19	5560	acoustic-reflex-test	Acoustic Reflex Test	Akustički refleks
bolnica-danilo-i-cetinje	X07044	16.25	NULL	41.70	5561	excision-of-ear-atheroma-cyst-or-small-benign-tumor	Excision of Ear Atheroma, Cyst or Small Benign Tumor	Ekstirpacija ateroma, ciste ili manjeg benignog tumora uva
bolnica-danilo-i-cetinje	X07045	16.25	NULL	41.70	5562	cervical-lymph-node-excision-biopsy	Cervical Lymph Node Excision (Biopsy)	Ekscizija (biopsija) limfnog čvora vrata
bolnica-danilo-i-cetinje	X07046	19.50	NULL	50.04	5563	nasal-synechia-lysis-unilateral-or-bilateral	Nasal Synechia Lysis (Unilateral or Bilateral)	Sinehioliza u nosnim kavumima — jednostrana ili obostrana
bolnica-danilo-i-cetinje	X07049	26.00	NULL	66.72	5564	excision-of-benign-fibrous-and-cystic-lesions	Excision of Benign, Fibrous and Cystic Lesions	Ekscizija benignih lezija, fibroznih i cističnih promjena
bolnica-danilo-i-cetinje	X07050	26.00	NULL	66.72	5565	unilateral-nasal-polyp-ablation-without-ethmoidectomy	Unilateral Nasal Polyp Ablation without Ethmoidectomy	Ablacija polipa nosa bez etmoidektomije — unilateralna
bolnica-danilo-i-cetinje	X07052	32.50	NULL	83.40	5566	surgical-foreign-body-removal-from-ear	Surgical Foreign Body Removal from Ear	Operativno odstranjenje stranog tijela iz uha
bolnica-danilo-i-cetinje	X07053	48.75	NULL	125.10	5567	mucotomy-or-conchotomy-unilateral-or-bilateral	Mucotomy or Conchotomy (Unilateral or Bilateral)	Mukotomija ili konhotomija — jednostrana ili obostrana
bolnica-danilo-i-cetinje	X07054	48.75	NULL	125.10	5568	submandibular-duct-calculus-extraction	Submandibular Duct Calculus Extraction	Ekstrakcija kalkulusa iz izvodnog kanala submandibularne žlijezde
bolnica-danilo-i-cetinje	X07055	48.75	NULL	125.10	5569	acute-mandibular-joint-luxation-reduction	Acute Mandibular Joint Luxation Reduction	Repozicija akutne luksacije viličnog zgloba
bolnica-danilo-i-cetinje	X07056	65.00	NULL	166.80	5570	laryngomicroscopy-with-biopsy-and-excision	Laryngomicroscopy with Biopsy and Excision	Laringomikroskopija sa uzimanjem isječka i ekscizijom
bolnica-danilo-i-cetinje	X07057	65.00	NULL	166.80	5571	tracheostomy-closure	Tracheostomy Closure	Zatvaranje traheostome
bolnica-danilo-i-cetinje	X07058	65.00	NULL	166.80	5572	surgical-treatment-of-lower-oral-cavity-cysts	Surgical Treatment of Lower Oral Cavity Cysts	Operativno liječenje cista donjeg zida usne šupljine
bolnica-danilo-i-cetinje	X07059	81.25	NULL	208.50	5573	foreign-body-removal-from-soft-tissues-of-face	Foreign Body Removal from Soft Tissues of Face	Uklanjanje stranog tijela iz mekih tkiva lica
bolnica-danilo-i-cetinje	X07060	81.25	NULL	208.50	5574	excision-of-benign-tongue-tumors-with-primary-plasty	Excision of Benign Tongue Tumors with Primary Plasty	Ekscizija benignih tumora jezika sa primarnom plastikom
bolnica-danilo-i-cetinje	X07061	97.50	NULL	250.20	5575	temporary-tracheostomy	Temporary Tracheostomy	Traheostomija — privremena
bolnica-danilo-i-cetinje	X07062	6.50	NULL	16.68	5576	maxillary-sinus-puncture	Maxillary Sinus Puncture	Punkcija maksilarnog sinusa
bolnica-danilo-i-cetinje	X07063	6.50	NULL	16.68	5577	ear-wick-application	Ear Wick Application	Aplikacija štrajfne u uho
bolnica-danilo-i-cetinje	X07064	6.50	NULL	16.68	5578	otomicroscopy	Otomicroscopy	Otomikroskopija
bolnica-danilo-i-cetinje	X07065	13.00	NULL	33.36	5579	intraoral-abscess-incision	Intraoral Abscess Incision	Incizija apscesa intraoralnim putem
bolnica-danilo-i-cetinje	X07066	13.00	NULL	33.36	5580	auricular-othematoma-or-ear-abscess-incision	Auricular Othematoma or Ear Abscess Incision	Incizija othaematoma auricule ili abscesa uha
bolnica-danilo-i-cetinje	X07067	13.00	NULL	33.36	5581	frenulum-resection	Frenulum Resection	Resekcija frenuluma
bolnica-danilo-i-cetinje	X07069	16.25	NULL	41.70	5582	speech-audiometry	Speech Audiometry	Audiometrija govorna
bolnica-danilo-i-cetinje	X07070	16.25	NULL	41.70	5583	epipharyngoscopy-with-biopsy	Epipharyngoscopy with Biopsy	Epifaringoskopija sa biopsijom
bolnica-danilo-i-cetinje	X07071	16.25	NULL	41.70	5584	tongue-suturing-up-to-2-cm	Tongue Suturing up to 2 cm	Sutura jezika do 2 cm
bolnica-danilo-i-cetinje	X07072	16.25	NULL	41.70	5585	open-reduction-of-fresh-nasal-bone-fracture	Open Reduction of Fresh Nasal Bone Fracture	Otvorena repozicija svježih preloma nosnih kostiju
bolnica-danilo-i-cetinje	X07073	16.25	NULL	41.70	5586	nasal-tumor-biopsy	Nasal Tumor Biopsy	Biopsija tumora nosa
bolnica-danilo-i-cetinje	X07074	19.50	NULL	50.04	5587	rhinomanometry-or-rhinoresistometry	Rhinomanometry or Rhinoresistometry	Rinomanometrija ili rinorezistometrija
bolnica-danilo-i-cetinje	X07078	26.00	NULL	66.72	5588	tongue-suturing-over-2-cm	Tongue Suturing over 2 cm	Sutura jezika preko 2 cm
bolnica-danilo-i-cetinje	X07079	32.50	NULL	83.40	5589	extraoral-abscess-incision	Extraoral Abscess Incision	Incizija apscesa ekstraoralnim putem
bolnica-danilo-i-cetinje	X07080	65.00	NULL	166.80	5590	rigid-esophagoscopy-with-foreign-body-removal-in-adults	Rigid Esophagoscopy with Foreign Body Removal in Adults	Ezofagoskopija rigidna — sa odstranjivanjem stranog tijela kod odraslih
bolnica-danilo-i-cetinje	X07081	65.00	NULL	166.80	5591	surgery-for-benign-palate-and-uvula-tumors	Surgery for Benign Palate and Uvula Tumors	Operacija benignih tumora nepca i uvule
bolnica-danilo-i-cetinje	X07082	71.50	NULL	183.48	5592	rigid-esophagoscopy-with-foreign-body-removal-in-children-up-to-10-years	Rigid Esophagoscopy with Foreign Body Removal in Children up to 10 Years	Ezofagoskopija rigidna — sa odstranjivanjem stranog tijela kod djece do 10 godina
bolnica-danilo-i-cetinje	X07083	16.25	NULL	41.70	5593	nasal-detamponade	Nasal Detamponade	Detamponada nosa
bolnica-danilo-i-cetinje	X07084	16.25	NULL	41.70	5594	cervical-parapharyngeal-abscess-incision	Cervical Parapharyngeal Abscess Incision	Incizija parafaringealnog abscesa cervikalna
bolnica-danilo-i-cetinje	X07085	16.25	NULL	41.70	5595	fiberoptic-pharyngoscopy	Fiberoptic Pharyngoscopy	Fiberoptički pregled farinksa
bolnica-danilo-i-cetinje	X07086	16.25	NULL	41.70	5596	fiberoptic-laryngoscopy	Fiberoptic Laryngoscopy	Fiberoptička laringoskopija
bolnica-danilo-i-cetinje	X07087	16.25	NULL	41.70	5597	middle-ear-lesion-biopsy	Middle Ear Lesion Biopsy	Biopsija promjena srednjeg uha
bolnica-danilo-i-cetinje	X07088	19.50	NULL	50.04	5598	bksy-audiometry	Békésy Audiometry	Audiometrija po Békésyju
bolnica-danilo-i-cetinje	X07089	19.50	NULL	50.04	5599	tone-decay-test	Tone Decay Test	Tone decay test
bolnica-danilo-i-cetinje	X07090	6.50	NULL	16.68	5600	spontaneous-and-fixation-nystagmus-test	Spontaneous and Fixation Nystagmus Test	Test spontanog i fiksacionog nistagmusa
bolnica-danilo-i-cetinje	X07091	6.50	NULL	16.68	5601	positional-test	Positional Test	Pozicioni test
bolnica-danilo-i-cetinje	X07092	6.50	NULL	16.68	5602	vestibulo-ocular-tests	Vestibulo-Ocular Tests	Vestibuloolarni testovi
bolnica-danilo-i-cetinje	X07093	9.75	NULL	25.02	5603	vestibular-function-evaluation-with-rotating-chair	Vestibular Function Evaluation with Rotating Chair	Evaluacija vestibularne funkcije rotirajućom stolicom
bolnica-danilo-i-cetinje	X07094	32.50	NULL	83.40	5604	electronystagmography	Electronystagmography	Elektronistagmografija
bolnica-danilo-i-cetinje	X07095	32.50	NULL	83.40	5605	repositioning-maneuver-for-bppv-treatment	Repositioning Maneuver for BPPV Treatment	Repozicioni manevar za liječenje benignog paroksizmalnog vertiga
bolnica-danilo-i-cetinje	X07097	9.75	NULL	25.02	5606	fistula-symptom-search	Fistula Symptom Search	Traženje simptoma fistule
bolnica-danilo-i-cetinje	X07098	9.75	NULL	25.02	5607	tympanic-membrane-drug-instillation	Tympanic Membrane Drug Instillation	Instilacija lijeka kroz bubnu opnu u bubnu duplju
bolnica-danilo-i-cetinje	X07099	32.50	NULL	83.40	5608	endonasal-foreign-body-extraction	Endonasal Foreign Body Extraction	Endonazalna ekstirpacija stranog tijela iz nosa
bolnica-danilo-i-cetinje	X07100	4.88	NULL	12.51	5609	rhinoallergological-examination	Rhinoallergological Examination	Rinoalergološki pregled
bolnica-danilo-i-cetinje	X07101	16.25	NULL	41.70	5610	rhinoallergological-testing	Rhinoallergological Testing	Rinoalergološko ispitivanje
bolnica-danilo-i-cetinje	X07102	9.75	NULL	25.02	5611	eustachian-tube-catheterization	Eustachian Tube Catheterization	Kateterizacija Eustahijeve tube
bolnica-danilo-i-cetinje	X07103	16.25	NULL	41.70	5612	fine-needle-aspiration-biopsy	Fine Needle Aspiration Biopsy	Aspiraciona biopsija tankom iglom
bolnica-danilo-i-cetinje	X07104	65.00	NULL	166.80	5613	pharyngeal-foreign-body-removal	Pharyngeal Foreign Body Removal	Vađenje stranog tijela iz ždrijela
bolnica-danilo-i-cetinje	X07105	130.00	NULL	333.60	5614	surgical-rhinolith-or-foreign-body-extraction-by-lateral-rhinotomy	Surgical Rhinolith or Foreign Body Extraction by Lateral Rhinotomy	Hirurška ekstirpacija rinolita ili stranog tijela iz nosa lateralnom rinotomijom
bolnica-danilo-i-cetinje	X07106	19.50	NULL	50.04	5615	stapedius-reflex-test	Stapedius Reflex Test	Refleks stapedijusa
bolnica-danilo-i-cetinje	X07107	81.25	NULL	208.50	5616	foreign-body-extraction-from-soft-tissues-of-head-and-neck	Foreign Body Extraction from Soft Tissues of Head and Neck	Ekstrakcija stranog tijela mekih djelova glave i vrata
bolnica-danilo-i-cetinje	X07108	97.50	NULL	250.20	5617	permanent-tracheostomy	Permanent Tracheostomy	Traheostomija — stalna
bolnica-danilo-i-cetinje	X07109	81.25	NULL	208.50	5618	cricothyrotomy	Cricothyrotomy	Krikotireostomija
bolnica-danilo-i-cetinje	X07110	8.13	NULL	20.85	5619	otomicroscopy-with-secretion-aspiration	Otomicroscopy with Secretion Aspiration	Otomikroskopija sa aspiracijom sekreta
bolnica-danilo-i-cetinje	X07111	6.50	NULL	16.68	5620	subjective-olfactometry	Subjective Olfactometry	Subjektivna olfaktometrija
bolnica-danilo-i-cetinje	X07112	26.00	NULL	66.72	5621	electrocochleography-in-adults	Electrocochleography in Adults	Elektrokohleografija odraslih
bolnica-danilo-i-cetinje	X07113	32.50	NULL	83.40	5622	electrocochleography-in-children	Electrocochleography in Children	Elektrokohleografija djece
bolnica-danilo-i-cetinje	X07114	58.50	NULL	150.12	5623	esophagoscopy-with-biopsy-tumor-removal-or-dilatation	Esophagoscopy with Biopsy, Tumor Removal or Dilatation	Ezofagoskopija sa biopsijom, odstranjenjem tumora ili dilatacijom
bolnica-danilo-i-cetinje	X07115	16.25	NULL	41.70	5624	tucker-retrograde-esophageal-dilatation	Tucker Retrograde Esophageal Dilatation	Retrogradna dilatacija jednjaka po Tuckeru
bolnica-danilo-i-cetinje	X07116	9.75	NULL	25.02	5625	initial-phoniatric-examination	Initial Phoniatric Examination	Osnovni fonijatrijski pregled
bolnica-danilo-i-cetinje	X07117	4.88	NULL	12.51	5626	follow-up-phoniatric-examination	Follow-up Phoniatric Examination	Kontrolni fonijatrijski pregled
bolnica-danilo-i-cetinje	X07118	16.25	NULL	41.70	5627	phoniatric-exercises	Phoniatric Exercises	Fonijatrijske vježbe
bolnica-danilo-i-cetinje	X07119	16.25	NULL	41.70	5628	phonation-exercises	Phonation Exercises	Vježbe fonacije
bolnica-danilo-i-cetinje	X07120	19.50	NULL	50.04	5629	articulation-exercises	Articulation Exercises	Vježbe artikulacije
bolnica-danilo-i-cetinje	X07121	16.25	NULL	41.70	5630	articulation-treatment	Articulation Treatment	Artikulacioni tretman
bolnica-danilo-i-cetinje	X07122	8.13	NULL	20.85	5631	speech-disorder-correction-treatment	Speech Disorder Correction Treatment	Korekcioni tretman poremećaja govora
bolnica-danilo-i-cetinje	X07123	9.75	NULL	25.02	5632	computer-voice-analysis	Computer Voice Analysis	Kompjuterska analiza glasa
bolnica-danilo-i-cetinje	X07124	9.75	NULL	25.02	5633	tone-equalization-exercises	Tone Equalization Exercises	Vježbe za postizanje tonične ujednačenosti
bolnica-danilo-i-cetinje	X07125	9.75	NULL	25.02	5634	esophageal-speech-training	Esophageal Speech Training	Uvježbavanje ezofagusnog govora
bolnica-danilo-i-cetinje	X08001	6.50	NULL	16.68	5636	acne-cleansing-and-comedone-extraction-per-session	Acne Cleansing and Comedone Extraction (per session)	Čišćenje akni i odstranjivanje gnojnih cista i komedona — po seansi (max. 4)
bolnica-danilo-i-cetinje	X08003	1.63	NULL	4.17	5637	photodynamic-therapy-of-skin-lesions-per-session	Photodynamic Therapy of Skin Lesions (per session)	Fotodinamska terapija lezija kože — po seansi
bolnica-danilo-i-cetinje	X08009	6.50	NULL	16.68	5638	intralesional-drug-application	Intralesional Drug Application	Intralezionalna aplikacija lijeka
bolnica-danilo-i-cetinje	X08010	3.25	NULL	8.34	5639	therapeutic-bath	Therapeutic Bath	Terapijska kupka
bolnica-danilo-i-cetinje	X08011	3.25	NULL	8.34	5640	condyloma-application-with-podophyllin-per-session	Condyloma Application with Podophyllin (per session)	Tuširanje kondiloma sa podofilinom po seansi
bolnica-danilo-i-cetinje	X08012	3.25	NULL	8.34	5641	leg-ulcer-dressing	Leg Ulcer Dressing	Previjanje ulkusa na nogama
bolnica-danilo-i-cetinje	X08014	1.63	NULL	4.17	5642	patch-test	Patch Test	Epikutano alergološko testiranje (patch test)
bolnica-danilo-i-cetinje	X08015	6.50	NULL	16.68	5643	senile-keratosis-treatment-with-liquid-nitrogen-per-session	Senile Keratosis Treatment with Liquid Nitrogen (per session)	Liječenje senilne keratoze tečnim azotom po seansi
bolnica-danilo-i-cetinje	X08016	19.50	NULL	50.04	5644	multi-session-condyloma-acuminata-excohleation	Multi-Session Condyloma Acuminata Excohleation	Ekskohleacija condyloma acuminata u više seansi
bolnica-danilo-i-cetinje	X08017	3.25	NULL	8.34	5645	dermatologic-histology-with-specific-staining-and-histochemistry	Dermatologic Histology with Specific Staining and Histochemistry	Dermatološka histologija sa specifičnim bojenjima i histohemijom
bolnica-danilo-i-cetinje	X08018	3.25	NULL	8.34	5646	verruca-vulgaris-excohleation	Verruca Vulgaris Excohleation	Ekskohleacija veruke vulgaris — jedne ili više
bolnica-danilo-i-cetinje	X08019	3.25	NULL	8.34	5647	woods-lamp-diagnostics	Wood's Lamp Diagnostics	Dijagnostika Wood-ovom lampom
bolnica-danilo-i-cetinje	X08020	7.15	NULL	18.35	5648	trichogram	Trichogram	Trihogram
bolnica-danilo-i-cetinje	X09007	13.00	NULL	33.36	5649	closed-reduction-of-habitual-or-traumatic-dislocations	Closed Reduction of Habitual or Traumatic Dislocations	Manipulativna repozicija habitualnih ili traumatskih iščašenja
bolnica-danilo-i-cetinje	X09008	19.50	NULL	50.04	5650	closed-reduction-of-wrist-joint	Closed Reduction of Wrist Joint (Radiocarpal, Radioulnar or Intercarpal)	Zatvorena manipulativna repozicija ručnog zgloba (radiokarpalnog, radioulnarnog ili interkarpalnog)
bolnica-danilo-i-cetinje	X09041	3.25	NULL	8.34	5651	plaster-cast-correction	Plaster Cast Correction	Korekcija ranije stavljenog gipsa
bolnica-danilo-i-cetinje	X09044	4.88	NULL	12.51	5652	ankle-fixation-bandage	Ankle Fixation Bandage	Fiksacioni zavoj gležnja
bolnica-danilo-i-cetinje	X09045	6.50	NULL	16.68	5653	above-elbow-plaster-immobilization	Above-Elbow Plaster Immobilization	Nadlakatna gips imobilizacija (longeta ili puni gips)
bolnica-danilo-i-cetinje	X09048	6.50	NULL	16.68	5654	below-elbow-plaster-immobilization	Below-Elbow Plaster Immobilization	Podlakatna gips imobilizacija (longeta ili puni gips)
bolnica-danilo-i-cetinje	X09049	6.50	NULL	16.68	5655	thoracic-fixation-bandage	Thoracic Fixation Bandage	Fiksacioni zavoj toraksa
bolnica-danilo-i-cetinje	X09050	6.50	NULL	16.68	5656	elbow-or-wrist-fixation-bandage	Elbow or Wrist Fixation Bandage	Fiksacioni zavoj lakta ili zgloba ručja
bolnica-danilo-i-cetinje	X09051	6.50	NULL	16.68	5657	knee-fixation-bandage	Knee Fixation Bandage	Fiksacioni zavoj koljena
bolnica-danilo-i-cetinje	X09054	8.13	NULL	20.85	5658	plaster-cast-or-splint-removal	Plaster Cast or Splint Removal	Skidanje gipsa ili longete
bolnica-danilo-i-cetinje	X09058	9.75	NULL	25.02	5659	desault-shoulder-fixation-bandage	Desault Shoulder Fixation Bandage	Fiksacioni zavoj ramena (Desault)
bolnica-danilo-i-cetinje	X09059	9.75	NULL	25.02	5660	below-knee-walking-cast	Below-Knee Walking Cast Reduction	Repozicija — gips potkoljenice za kretanje
bolnica-danilo-i-cetinje	X09060	9.75	NULL	25.02	5661	thigh-plaster-immobilization	Thigh Plaster Immobilization	Repozicija — gips natkoljenice (longeta ili puni gips)
bolnica-danilo-i-cetinje	X09062	13.00	NULL	33.36	5662	interphalangeal-joint-dislocation-reduction	Interphalangeal Joint Dislocation Reduction	Repozicija dislokacije interfalangealnog zgloba
bolnica-danilo-i-cetinje	X09063	13.00	NULL	33.36	5663	coxofemoral-circular-plaster-reduction	Coxofemoral Circular Plaster Reduction with Spreader Bar	Repozicija — koksofemoralni cirkularni gips sa prečagom
bolnica-danilo-i-cetinje	X09064	13.00	NULL	33.36	5664	hip-to-ankle-plaster-reduction	Hip-to-Ankle Plaster Reduction	Repozicija — gips kuk-gležanj
bolnica-danilo-i-cetinje	X09065	13.00	NULL	33.36	5665	below-knee-plaster-reduction	Below-Knee Plaster Reduction	Repozicija — gips imobilizacija potkoljenice (longeta ili puni gips)
bolnica-danilo-i-cetinje	X09067	16.25	NULL	41.70	5666	closed-joint-reduction-with-mobilization	Closed Joint Reduction with Immobilization	Zatvorena repozicija zgloba i primjena sredstava imobilizacije
bolnica-danilo-i-cetinje	X09076	19.50	NULL	50.04	5667	vertebral-body-fracture-or-dislocation-reduction	Cervical Vertebral Body Fracture or Dislocation Reduction with Halo Traction	Repozicija frakture ili dislokacije tijela jednog ili više pršljenova sa Halo trakcijom — vratni dio kičme
bolnica-danilo-i-cetinje	X09078	19.50	NULL	50.04	5668	distal-phalanx-fracture-manipulation-reduction	Distal Phalanx Fracture Manipulation Reduction (Finger or Thumb)	Manipulativna repozicija frakture distalne falange palca ili prsta šake
bolnica-danilo-i-cetinje	X09080	19.50	NULL	50.04	5669	big-toe-phalanx-fracture-manipulation-reduction	Big Toe Phalanx Fracture Manipulation Reduction	Manipulativna repozicija frakture falange palca stopala
bolnica-danilo-i-cetinje	X09085	26.00	NULL	66.72	5670	closed-manipulation-reduction-of-proximal-fracture	Closed Manipulation Reduction of Proximal or Middle Finger Phalanx Fracture	Zatvorena manipulativna repozicija frakture proksimalne ili srednje falange prstiju šake
bolnica-danilo-i-cetinje	X09087	32.50	NULL	83.40	5671	metacarpal-fracture-manipulation-reduction	Metacarpal Fracture Manipulation Reduction	Zatvorena manipulativna repozicija frakture metakarpalnih kostiju
bolnica-danilo-i-cetinje	X09090	32.50	NULL	83.40	5672	metatarsal-fracture-manipulation-reduction	Metatarsal Fracture Manipulation Reduction	Zatvorena manipulativna repozicija frakture metatarzalnih kostiju
bolnica-danilo-i-cetinje	X09092	39.00	NULL	100.08	5673	acromioclavicular-joint-dislocation-reduction-closed	Acromioclavicular Joint Dislocation Reduction (Closed)	Manipulativna repozicija dislokacije akromioklavikularnog zgloba — zatvorena
bolnica-danilo-i-cetinje	X09094	48.75	NULL	125.10	5674	closed-manipulation-reduction-of-clavicle-fracture	Closed Manipulation Reduction of Clavicle Fracture	Manipulativna repozicija frakture klavikule — zatvorena
bolnica-danilo-i-cetinje	X09095	48.75	NULL	125.10	5675	reduction-of-shoulder-dislocation-with-greater-tuberosity-fracture	Reduction of Shoulder Dislocation with Greater Tuberosity Fracture	Repozicija dislokacije ramena sa frakturom tuberkulum majus humerusa
bolnica-danilo-i-cetinje	X09096	48.75	NULL	125.10	5676	closed-manipulation-reduction-of-radius-head-and-neck-fracture	Closed Manipulation Reduction of Radius Head and Neck Fracture	Zatvorena manipulativna repozicija frakture glave i vrata radijusa
bolnica-danilo-i-cetinje	X09097	48.75	NULL	125.10	5677	closed-manipulation-reduction-of-proximal-end-fracture	Closed Manipulation Reduction of Proximal Ulna (Olecranon) Fracture	Zatvorena manipulativna repozicija frakture proksimalnog kraja ulne (olekranona)
bolnica-danilo-i-cetinje	X09098	48.75	NULL	125.10	5678	closed-manipulation-reduction-of-distal-tibia-fracture	Closed Manipulation Reduction of Distal Tibia or Medial/Lateral Malleolus Fracture	Zatvorena manipulativna repozicija frakture distalnog dijela potkoljenice, medijalnog ili lateralnog maleolusa
bolnica-danilo-i-cetinje	X09099	48.75	NULL	125.10	5679	closed-manipulation-reduction-of-calcaneus-fracture	Closed Manipulation Reduction of Calcaneus Fracture	Zatvorena manipulativna repozicija frakture kalkaneusa
bolnica-danilo-i-cetinje	X09100	48.75	NULL	125.10	5680	closed-manipulation-reduction-of-patellar-dislocation	Closed Manipulation Reduction of Patellar Dislocation	Zatvorena manipulativna repozicija dislokacije patele
bolnica-danilo-i-cetinje	X09101	65.00	NULL	166.80	5681	closed-reduction-of-humerus-neck-fracture	Closed Reduction of Humerus Neck Fracture (Surgical or Anatomical)	Zatvorena repozicija frakture vrata humerusa (hirurškog ili anatomskog)
bolnica-danilo-i-cetinje	X09102	65.00	NULL	166.80	5682	closed-manipulation-reduction-of-ulnar-diaphysis-fracture	Closed Manipulation Reduction of Ulnar Diaphysis Fracture	Zatvorena manipulativna repozicija frakture dijafize ulne
bolnica-danilo-i-cetinje	X09103	65.00	NULL	166.80	5683	closed-manipulation-reduction-of-radius-and-ulna-diaphysis-fracture	Closed Manipulation Reduction of Radius and Ulna Diaphysis Fracture	Zatvorena manipulativna repozicija frakture dijafize radijusa i ulne
bolnica-danilo-i-cetinje	X09111	71.50	NULL	183.48	5684	closed-manipulation-reduction-of-radial-diaphysis-fracture	Closed Manipulation Reduction of Radial Diaphysis Fracture	Zatvorena manipulativna repozicija frakture dijafize radijusa
bolnica-danilo-i-cetinje	X09113	81.25	NULL	208.50	5685	closed-manipulation-reduction-of-humerus-diaphysis-fracture	Closed Manipulation Reduction of Humerus Diaphysis Fracture	Zatvorena manipulativna repozicija frakture dijafize humerusa
bolnica-danilo-i-cetinje	X09114	81.25	NULL	208.50	5686	closed-manipulation-reduction-of-supracondylar-or-transcondylar-humerus-fracture	Closed Manipulation Reduction of Supracondylar or Transcondylar Humerus Fracture	Zatvorena manipulativna repozicija suprakondilarne ili transkondilarne frakture humerusa
bolnica-danilo-i-cetinje	X09115	81.25	NULL	208.50	5687	closed-manipulation-reduction-of-proximal-tibia-fracture	Closed Manipulation Reduction of Proximal Tibia Fracture	Zatvorena manipulativna repozicija frakture proksimalnog dijela tibije
bolnica-danilo-i-cetinje	X09116	81.25	NULL	208.50	5688	closed-manipulation-reduction-of-bimalleolar-ankle-fracture	Closed Manipulation Reduction of Bimalleolar Ankle Fracture	Zatvorena manipulativna repozicija bimaleolarne frakture gležnja
bolnica-danilo-i-cetinje	X09117	97.50	NULL	250.20	5689	closed-manipulation-reduction-of-scaphoid-fracture	Closed Manipulation Reduction of Scaphoid Fracture	Zatvorena manipulativna repozicija frakture skafoidne kosti
bolnica-danilo-i-cetinje	X09118	97.50	NULL	250.20	5690	closed-manipulation-reduction-of-tibia-and-fibula-diaphysis-fracture	Closed Manipulation Reduction of Tibia and Fibula Diaphysis Fracture	Zatvorena manipulativna repozicija frakture dijafize potkoljenice (tibije i fibule)
bolnica-danilo-i-cetinje	X09127	6.50	NULL	16.68	5691	schanz-collar-application	Schanz Collar Application	Šancov okovratnik
bolnica-danilo-i-cetinje	X09128	9.75	NULL	25.02	5692	shoulder-sling-mitella	Shoulder Sling (Mitella)	Zaštitni podizač ramena — mitela
bolnica-danilo-i-cetinje	X09138	65.00	NULL	166.80	5693	closed-reduction-of-sacroiliac-joint-dislocation	Closed Reduction of Sacroiliac Joint or Pubic Symphysis Dislocation	Zatvorena manipulativna repozicija dislokacije sakroilijačnog zgloba ili simfize pubisa
bolnica-danilo-i-cetinje	X09140	65.00	NULL	166.80	5694	open-or-closed-coccyx-fracture-reduction	Open or Closed Coccyx Fracture Reduction	Zatvorena ili otvorena manipulativna repozicija frakture kokcigeusa
bolnica-danilo-i-cetinje	X09141	22.75	NULL	58.38	5695	hanging-cast-reduction	Hanging Cast Reduction	Repozicija — viseći gips
bolnica-danilo-i-cetinje	X09142	9.75	NULL	25.02	5696	u-splint-application	U-Splint Application	U-šina
bolnica-danilo-i-cetinje	X09143	13.00	NULL	33.36	5697	tutor-plaster-cast	Tutor Plaster Cast	Tutor gips
bolnica-danilo-i-cetinje	X09144	16.25	NULL	41.70	5698	sarmiento-cast-reduction	Sarmiento Cast Reduction	Repozicija — Sarmiento gips
bolnica-danilo-i-cetinje	X09145	35.75	NULL	91.74	5699	minerva-plaster-cast-reduction	Minerva Plaster Cast Reduction	Repozicija — Minerva gips
bolnica-danilo-i-cetinje	X09146	48.75	NULL	125.10	5700	plaster-corset-reduction	Plaster Corset Reduction	Repozicija — korzet gips
bolnica-danilo-i-cetinje	X09147	27.63	NULL	70.89	5701	plaster-brace-reduction	Plaster Brace Reduction	Repozicija — mider gips
bolnica-danilo-i-cetinje	X09148	9.75	NULL	25.02	5702	closed-thoracobrachial-plaster-reduction	Closed Thoracobrachial Plaster Reduction	Repozicija — zatvoreni torakobrahijalni gips
bolnica-danilo-i-cetinje	X09149	13.00	NULL	33.36	5703	thoracobrachial-splint-reduction	Thoracobrachial Splint Reduction	Repozicija — torakobrahijalna longeta
bolnica-danilo-i-cetinje	X09150	13.00	NULL	33.36	5704	abdominal-femoral-plaster-reduction	Abdominal-Femoral Plaster Reduction	Repozicija — abdominalno-femoralni gips
bolnica-danilo-i-cetinje	X09151	13.00	NULL	33.36	5705	lorenz-cast-reduction	Lorenz Cast Reduction	Repozicija — Lorencov gips
bolnica-danilo-i-cetinje	X09152	19.50	NULL	50.04	5706	plaster-splint-for-hand-and-fingers	Hand and Finger Plaster Splint Reduction	Repozicija — gips longeta za šaku i prste
bolnica-danilo-i-cetinje	X09153	19.50	NULL	50.04	5707	beller-apparatus-application	Böhler Apparatus Application	Repozicija — aplikacija Belerovog aparata
bolnica-danilo-i-cetinje	X09154	8.13	NULL	20.85	5708	macen-bandage	Macen Bandage	Macenov zavoj
bolnica-danilo-i-cetinje	X10001	32.50	NULL	83.40	5709	excision-of-malignant-skin-lesions-with-wound-suturing	Excision of Malignant Skin Lesions with Wound Suturing	Ekscizija malignih lezija kože sa suturom rane
bolnica-danilo-i-cetinje	X10006	32.50	NULL	83.40	5710	nail-plate-and-matrix-excision	Nail Plate and Matrix Excision	Ekscizija nokatne ploče sa matriksom
bolnica-danilo-i-cetinje	X10007	48.75	NULL	125.10	5711	primary-wound-care-with-electrocauterization	Primary Wound Care with Electrocauterization	Primarna obrada rane uz primjenu elektrokauterizacije
bolnica-danilo-i-cetinje	X10008	19.50	NULL	50.04	5712	treatment-of-larger-lacerations-and-contusions	Treatment of Larger Lacerations and Contusions	Obrada većih lacerokontuznih rana
bolnica-danilo-i-cetinje	X10014	9.75	NULL	25.02	5713	superficial-papilloma-excision	Simple Superficial Papilloma Excision	Ekscizija prostog papiloma — površnog
bolnica-danilo-i-cetinje	X10015	9.75	NULL	25.02	5714	hemorrhoid-treatment-with-electric-destruction	Hemorrhoid Treatment by Electrocoagulation (per Session)	Liječenje hemoroida električnom destrukcijom (po seansi)
bolnica-danilo-i-cetinje	X10019	16.25	NULL	41.70	5715	sphincterotomy	Sphincterotomy	Sfinkterotomija
bolnica-danilo-i-cetinje	X10020	16.25	NULL	41.70	5716	simple-cryptectomy	Simple Cryptectomy	Kriptektomija — prosta
bolnica-danilo-i-cetinje	X10021	16.25	NULL	41.70	5717	external-hemorrhoid-excision	External Hemorrhoid Excision	Ekscizija spoljašnjih hemoroidalnih čvorova
bolnica-danilo-i-cetinje	X10022	16.25	NULL	41.70	5718	excision-of-external-thrombosed-hemorrhoids	Excision of External Thrombosed Hemorrhoids	Ekscizija spoljašnjih tromboziranih hemoroida
bolnica-danilo-i-cetinje	X10023	16.25	NULL	41.70	5719	enucleation-or-excision-of-external-thrombosed-hemorrhoids	Enucleation or Excision of External Thrombosed Hemorrhoids	Enukleacija ili ekscizija spoljašnjih tromboziranih hemoroida
bolnica-danilo-i-cetinje	X10024	16.25	NULL	41.70	5720	endoscopic-foreign-body-removal-from-rectum	Endoscopic Foreign Body Removal from Rectum	Vađenje stranog tijela iz rektuma endoskopskim putem
bolnica-danilo-i-cetinje	X10026	22.75	NULL	58.38	5721	multiple-unilateral-thoracocentesis	Multiple Unilateral Thoracocentesis in Severe Chest Injuries	Torakocenteza, multiple unilateralne punkcije kod težih povreda grudnog koša
bolnica-danilo-i-cetinje	X10028	26.00	NULL	66.72	5722	treatment-of-smaller-wounds-without-deep-structure-lesion-direct	Treatment of Smaller Wounds without Deep Structure Lesion by Direct Suture (Face, Eyelids, Nose, Lip, Ear, Hand)	Obrada manjih rana bez lezije dubokih struktura direktnom suturom na licu, očnim kapcima, nosu, usni, ušnoj školjci i šaci
bolnica-danilo-i-cetinje	X10029	32.50	NULL	83.40	5723	premammary-deep-breast-abscess-treatment	Premammary Deep Breast Abscess Treatment	Duboki absces dojke — premamarni
bolnica-danilo-i-cetinje	X10030	32.50	NULL	83.40	5724	multiple-bilateral-thoracocentesis	Multiple Bilateral Thoracocentesis in Severe Chest Injuries	Torakocenteza, multiple bilateralne punkcije kod težih povreda grudnog koša
bolnica-danilo-i-cetinje	X10032	32.50	NULL	83.40	5725	subcutaneous-anal-fistulotomy-or-fistulectomy	Subcutaneous Anal Fistulotomy or Fistulectomy	Fistulotomija ili fistulektomija analne regije — subkutana
bolnica-danilo-i-cetinje	X10033	32.50	NULL	83.40	5726	ischiorectal-abscess-incision-and-drainage	Ischiorectal Abscess Incision and Drainage	Incizija i drenaža išiorektalnog abscesa
bolnica-danilo-i-cetinje	X10034	32.50	NULL	83.40	5727	excision-of-irregular-scars-and-defect-closure	Excision of Irregular Scars and Defect Closure by Direct Suture	Ekscizija nepravilnih ožiljaka i zatvaranje defekta direktnom suturom
bolnica-danilo-i-cetinje	X10035	48.75	NULL	125.10	5728	pilonidal-sinus-or-cyst-excision-without-primary-suture	Pilonidal Sinus or Cyst Excision without Primary Suture	Ekscizija pilonidalnog sinusa ili ciste bez primarnog šava
bolnica-danilo-i-cetinje	X10036	48.75	NULL	125.10	5729	retromammary-deep-breast-abscess-treatment	Retromammary Deep Breast Abscess Treatment	Duboki absces dojke — retromamarni
bolnica-danilo-i-cetinje	X10037	48.75	NULL	125.10	5730	aspiration-drainage-of-empyema	Aspiration Drainage of Empyema	Aspiraciona drenaža grudnog koša kod empijema
bolnica-danilo-i-cetinje	X10038	48.75	NULL	125.10	5731	treatment-of-anal-region-injuries-or-lesions-without-suture	Treatment of Anal Region Injuries or Lesions without Suture	Terapija povreda analnog predjela ili lezija anusa bez šava
bolnica-danilo-i-cetinje	X10039	48.75	NULL	125.10	5732	treatment-of-larger-wounds-without-deep-structure-lesion	Treatment of Larger Wounds without Deep Structure Lesion	Obrada većih rana bez lezije dubokih struktura
bolnica-danilo-i-cetinje	X10040	65.00	NULL	166.80	5733	primary-or-delayed-primary-surgical-treatment-of-burns	Primary or Delayed Primary Surgical Treatment of Burns	Primarna ili primarno odložena hirurška obrada opekotine
bolnica-danilo-i-cetinje	X10041	81.25	NULL	208.50	5734	direct-suture-of-larger-wounds-without-deep-structure-lesion	Direct Suture of Larger Wounds without Deep Structure Lesion	Obrada većih rana bez lezije dubokih struktura — direktnom suturom
bolnica-danilo-i-cetinje	X10042	97.50	NULL	250.20	5735	blau-chest-drainage	Bülau Chest Drainage	Drenaža grudnog koša punkcijom — Bülau drenaža
bolnica-danilo-i-cetinje	X10043	113.75	NULL	291.90	5736	extensive-burn-surgical-treatment	Extensive Burn Surgical Treatment	Primarna ili primarno odložena hirurška obrada opekotine — opsežne
bolnica-danilo-i-cetinje	X10044	22.75	NULL	58.38	5737	excision-and-direct-suture-of-larger-benign-scarring-lesions	Excision and Direct Suture of Larger Benign Scarring Lesions	Ekscizija i direktna sutura većih benignih lezija — ožiljnih
bolnica-danilo-i-cetinje	X10045	9.75	NULL	25.02	5738	surgical-preparation-and-cannulation-of-peripheral-vein	Surgical Preparation and Cannulation of Peripheral Vein	Hirurška preparacija i kanuliranje periferne vene
bolnica-danilo-i-cetinje	X10046	19.50	NULL	50.04	5739	suture-of-smaller-blood-vessels-due-to-injury	Suture of Smaller Blood Vessels Due to Injury	Šav manjih krvnih sudova zbog povrede
bolnica-danilo-i-cetinje	X10047	81.25	NULL	208.50	5740	foreign-body-extraction-from-face	Foreign Body Extraction from Face	Ekstirpacija stranog tijela lica
bolnica-danilo-i-cetinje	X10048	26.00	NULL	66.72	5741	hemangioma-extirpation	Hemangioma Extirpation	Ekstirpacija hemangioma
bolnica-danilo-i-cetinje	X10049	65.00	NULL	166.80	5742	salivary-gland-duct-opening-dilatation	Salivary Gland Duct Opening Dilatation	Dilatacija otvora kanala pljuvačne žlijezde
bolnica-danilo-i-cetinje	X10050	65.00	NULL	166.80	5743	salivary-duct-dilatation	Salivary Duct Dilatation	Dilatacija pljuvačnog kanala
bolnica-danilo-i-cetinje	X10051	97.50	NULL	250.20	5744	salivary-gland-or-duct-incision	Salivary Gland or Duct Incision	Incizija pljuvačne žlijezde ili kanala
bolnica-danilo-i-cetinje	X10052	81.25	NULL	208.50	5745	tongue-incision-and-drainage	Tongue Incision and Drainage	Incizija i drenaža jezika
bolnica-danilo-i-cetinje	X10053	16.25	NULL	41.70	5746	sclerotherapy-of-smaller-hemangiomas	Sclerotherapy of Smaller Hemangiomas	Sklerozacija manjih hemangioma
bolnica-danilo-i-cetinje	X10054	16.25	NULL	41.70	5747	surgical-treatment-of-anal-region-condylomas	Surgical Treatment of Anal Region Condylomas	Hirurško zbrinjavanje kondiloma analne regije
bolnica-danilo-i-cetinje	X11003	16.25	NULL	41.70	5748	suprapubic-bladder-catheterization	Suprapubic Bladder Catheterization	Bešika — suprapubična kateterizacija
bolnica-danilo-i-cetinje	X11005	6.50	NULL	16.68	5749	scrotal-abscess-incision-and-drainage	Scrotal Abscess Incision and Drainage	Skrotum — incizija i drenaža abscesa
bolnica-danilo-i-cetinje	X11018	9.75	NULL	25.02	5750	meatotomy	Meatotomy	Meatotomija
bolnica-danilo-i-cetinje	X11019	32.50	NULL	83.40	5751	testicular-or-epididymal-biopsy	Testicular or Epididymal Biopsy	Biopsija testisa ili epididima
bolnica-danilo-i-cetinje	X11021	6.50	NULL	16.68	5752	aspiration-of-hydrocele-funiculocele-spermatocele-or-scrotal-abscess	Aspiration of Hydrocele, Funiculocele, Spermatocele or Scrotal Abscess	Punkcija i evakuacija sadržaja hidrocele, funikulocele, spermatocele ili abscesa skrotuma
bolnica-danilo-i-cetinje	X11022	9.75	NULL	25.02	5753	penile-induration-plastic-cocktail-injection	Penile Induration Plastic (Cocktail Injection)	Induratio penis plastica — koktel
bolnica-danilo-i-cetinje	X11023	9.75	NULL	25.02	5754	epididymal-abscess-drainage	Epididymal Abscess Drainage	Drenaža abscesa epididima
bolnica-danilo-i-cetinje	X11024	22.75	NULL	58.38	5755	ureteral-or-jj-stent-placement	Ureteral or JJ Stent Placement	Plasiranje ureteralne sonde ili JJ sonde
bolnica-danilo-i-cetinje	X11025	22.75	NULL	58.38	5756	retrograde-ureteropyelography-in-females	Retrograde Ureteropyelography in Females	Ureteropijelografija retrogradna kod žene
bolnica-danilo-i-cetinje	X11026	26.00	NULL	66.72	5757	ureteral-catheterization-in-females	Ureteral Catheterization in Females	Kateterizacija uretera kod žene
bolnica-danilo-i-cetinje	X11027	26.00	NULL	66.72	5758	ureteral-sonde-placement-for-drainage-or-pelvic-lavage	Ureteral Sonde Placement for Drainage or Pelvic Lavage	Stavljanje ureteralne sonde radi drenaže ili lavaže pelvisa
bolnica-danilo-i-cetinje	X11028	26.00	NULL	66.72	5759	retrograde-ureteropyelography-in-males-and-children	Retrograde Ureteropyelography in Males and Children	Ureteropijelografija retrogradna kod muškaraca i djece
bolnica-danilo-i-cetinje	X11029	29.25	NULL	75.06	5760	ureteral-catheterization-in-males-and-children	Ureteral Catheterization in Males and Children	Kateterizacija uretera kod muškaraca i djece
bolnica-danilo-i-cetinje	X11030	32.50	NULL	83.40	5761	external-urethrotomy-of-anterior-urethra	External Urethrotomy of Anterior Urethra	Uretrotomija eksterna — prednja uretra
bolnica-danilo-i-cetinje	X11031	32.50	NULL	83.40	5762	excision-of-small-benign-urethral-tumors	Excision of Small Benign Urethral Tumors	Ekscizija malih benignih tumora uretre (čvorića)
bolnica-danilo-i-cetinje	X11032	32.50	NULL	83.40	5763	distal-urethral-polyp-excision	Distal Urethral Polyp Excision	Ekscizija polipa uretre u distalnom dijelu
bolnica-danilo-i-cetinje	X11033	32.50	NULL	83.40	5764	urethral-stricture-dilatation	Urethral Stricture Dilatation	Dilatacija strikture uretre
bolnica-danilo-i-cetinje	X11034	32.50	NULL	83.40	5765	epididymal-exploration-with-or-without-biopsy	Epididymal Exploration with or without Biopsy	Eksploracija epididima sa ili bez biopsije
bolnica-danilo-i-cetinje	X11035	48.75	NULL	125.10	5766	drainage-and-resection-for-periurethral-phlegmon-or-penile-gangrene	Drainage and Resection for Periurethral Phlegmon or Penile Gangrene	Drenaža i resekcija kod periuretralne flegmone ili gangrene penisa
bolnica-danilo-i-cetinje	X11036	48.75	NULL	125.10	5767	drainage-of-uncomplicated-periurethral-urinary-extravasation	Drainage of Uncomplicated Periurethral Urinary Extravasation	Drenaža nekomplikovane periuretralne urinarne ekstravazacije
bolnica-danilo-i-cetinje	X11037	48.75	NULL	125.10	5768	renal-cyst-puncture	Renal Cyst Puncture	Punkcija ciste bubrega
bolnica-danilo-i-cetinje	X11038	48.75	NULL	125.10	5769	nephrostomy-change	Nephrostomy Change	Promjena nefrostomije
bolnica-danilo-i-cetinje	X11039	58.50	NULL	150.12	5770	exploratory-ureterorenoscopy-semi-rigid-or-flexible	Exploratory Ureterorenoscopy (Semi-Rigid or Flexible)	Ureterorenoskopija eksplorativa — semirigidna ili fleksibilna
bolnica-danilo-i-cetinje	X11041	65.00	NULL	166.80	5771	drainage-of-complicated-periurethral-urinary-extravasation	Drainage of Complicated Periurethral Urinary Extravasation	Drenaža komplikovane periuretralne urinarne ekstravazacije
bolnica-danilo-i-cetinje	X11042	71.50	NULL	183.48	5772	cystoscopy-with-urethral-meatotomy-in-males	Cystoscopy with Urethral Meatotomy in Males	Cistoskopija sa uretralnom meatotomijom kod muškaraca
bolnica-danilo-i-cetinje	X11043	81.25	NULL	208.50	5773	endoscopic-treatment-of-smaller-lesion-up-to-05-cm	Endoscopic Treatment of Smaller Lesion (up to 0.5 cm)	Endoskopsko tretiranje manje lezije — do 0,5 cm
bolnica-danilo-i-cetinje	X11045	113.75	NULL	291.90	5774	cystostomy-placement	Cystostomy Placement	Cistostomija i plasiranje cistostome
bolnica-danilo-i-cetinje	X11046	45.50	NULL	116.76	5775	transrectal-prostate-echosonography	Transrectal Prostate Echosonography	Transrektalna ehosonografija prostate
bolnica-danilo-i-cetinje	X11047	9.75	NULL	25.02	5776	preputial-incision-and-frenulotomy	Preputial Incision and Frenulotomy	Incizija prepucija i frenulotomija
bolnica-danilo-i-cetinje	X11048	9.75	NULL	25.02	5777	foreign-body-extraction-from-mid-urethra	Foreign Body Extraction from Mid-Urethra	Ekstrakcija stranog tijela srednje uretre
bolnica-danilo-i-cetinje	X11049	9.75	NULL	25.02	5778	penile-biopsy	Penile Biopsy	Biopsija penisa
bolnica-danilo-i-cetinje	X11050	16.25	NULL	41.70	5779	smaller-female-urethral-polyp-ablation	Smaller Female Urethral Polyp Ablation	Ablacija manjeg polipa iz uretre kod žene
bolnica-danilo-i-cetinje	X11051	16.25	NULL	41.70	5780	perirenal-insufflation	Perirenal Insufflation	Perirenalna insuflacija
bolnica-danilo-i-cetinje	X11052	19.50	NULL	50.04	5781	cystoscopy-with-biopsy-in-females	Cystoscopy with Biopsy in Females	Cistoskopija sa biopsijom kod žena
bolnica-danilo-i-cetinje	X11053	22.75	NULL	58.38	5782	cystoscopy-with-biopsy-in-males-or-children	Cystoscopy with Biopsy in Males or Children	Cistoskopija sa biopsijom kod muškarca ili djeteta
bolnica-danilo-i-cetinje	X11054	26.00	NULL	66.72	5783	bilateral-retrograde-ureteropyelography-in-females	Bilateral Retrograde Ureteropyelography in Females	Ureteropijelografija retrogradna bilateralna kod žene
bolnica-danilo-i-cetinje	X11055	26.00	NULL	66.72	5784	bladder-tumor-cauterization-in-females	Bladder Tumor Cauterization in Females	Kauterizacija tumora mokraćne bešike kod žene
bolnica-danilo-i-cetinje	X11056	29.25	NULL	75.06	5785	bilateral-retrograde-ureteropyelography-in-males-or-children	Bilateral Retrograde Ureteropyelography in Males or Children	Ureteropijelografija retrogradna bilateralna kod muškaraca ili djece
bolnica-danilo-i-cetinje	X11057	32.50	NULL	83.40	5786	intravesical-drug-instillation	Intravesical Drug Instillation	Intravezikalna instilacija medikamenata
bolnica-danilo-i-cetinje	X11058	32.50	NULL	83.40	5787	bladder-tumor-cauterization-in-males-or-children	Bladder Tumor Cauterization in Males or Children	Kauterizacija tumora mokraćne bešike kod muškarca ili djeteta
bolnica-danilo-i-cetinje	X11059	32.50	NULL	83.40	5788	papilloma-electrocoagulation	Papilloma Electrocoagulation	Elektrokoagulacija papiloma
bolnica-danilo-i-cetinje	X11060	52.00	NULL	133.44	5789	foreign-body-or-stone-extraction-from-bladderureter-procedure-a	Foreign Body or Stone Extraction from Bladder/Ureter (Procedure A)	Ekstrakcija stranog tijela iz bešike ili kamena iz uretera — procedura A
bolnica-danilo-i-cetinje	X11061	58.50	NULL	150.12	5790	foreign-body-or-stone-extraction-from-bladderureter-procedure-b	Foreign Body or Stone Extraction from Bladder/Ureter (Procedure B)	Ekstrakcija stranog tijela iz bešike ili kamena iz uretera — procedura B
bolnica-danilo-i-cetinje	X11062	65.00	NULL	166.80	5791	cystoscopy-with-ureteral-meatotomy-in-females	Cystoscopy with Ureteral Meatotomy in Females	Cistoskopija sa ureteralnom meatotomijom kod žene
bolnica-danilo-i-cetinje	X11063	78.00	NULL	200.16	5792	endoscopic-therapy-of-lower-ureter-cystic-dilatation-procedure-a	Endoscopic Therapy of Lower Ureter Cystic Dilatation (Procedure A)	Endoskopska terapija cistične dilatacije donjeg dijela uretera — procedura A
bolnica-danilo-i-cetinje	X11064	84.50	NULL	216.84	5793	endoscopic-therapy-of-lower-ureter-cystic-dilatation-procedure-b	Endoscopic Therapy of Lower Ureter Cystic Dilatation (Procedure B)	Endoskopska terapija cistične dilatacije donjeg dijela uretera — procedura B
bolnica-danilo-i-cetinje	X11065	97.50	NULL	250.20	5794	endoscopic-high-frequency-therapy-of-bladder-tumor-procedure-a	Endoscopic High-Frequency Therapy of Bladder Tumor (Procedure A)	Endoskopska terapija tumora bešike visokofrekventnim strujama — procedura A
bolnica-danilo-i-cetinje	X11066	104.00	NULL	266.88	5795	endoscopic-high-frequency-therapy-of-bladder-tumor-procedure-b	Endoscopic High-Frequency Therapy of Bladder Tumor (Procedure B)	Endoskopska terapija tumora bešike visokofrekventnim strujama — procedura B
bolnica-danilo-i-cetinje	X11067	65.00	NULL	166.80	5796	bladder-stone-lithotripsy	Bladder Stone Lithotripsy	Litotripsija kamena mokraćne bešike
bolnica-danilo-i-cetinje	X11068	65.00	NULL	166.80	5797	instrumental-bladder-stone-lithotripsy	Instrumental Bladder Stone Lithotripsy	Instrumentalna litotripsija kamena mokraćne bešike
bolnica-danilo-i-cetinje	X11069	19.50	NULL	50.04	5798	cavernosography	Cavernosography	Kavernozografija
bolnica-danilo-i-cetinje	X11070	16.25	NULL	41.70	5799	urethroscopy	Urethroscopy	Uretroskopija
bolnica-danilo-i-cetinje	X11071	19.50	NULL	50.04	5800	prosthetic-material-removal	Prosthetic Material Removal	Vađenje protetskog materijala
bolnica-danilo-i-cetinje	X12027	19.90	NULL	23.88	5802	therapeutic-venipuncture	Therapeutic Venipuncture	Terapijske venepunkcije
bolnica-danilo-i-cetinje	X12028	14.01	NULL	16.81	5803	autologous-transfusion	Autologous Transfusion	Autologna transfuzija
bolnica-danilo-i-cetinje	X12033	11.72	NULL	14.06	5804	venipuncture	Venipuncture	Venepunkcija
bolnica-danilo-i-cetinje	X12036	13.85	NULL	16.62	5805	blood-bag-issuance	Blood Bag Issuance	Izdavanje jedinice (kesa)
bolnica-danilo-i-cetinje	X12037	10.55	NULL	12.66	5806	blood-leukocyte-reduction	Blood Leukocyte Reduction	Deleukocitovanje krvi
bolnica-danilo-i-cetinje	X12038	50.40	NULL	60.48	5807	cryoprecipitate-preparation	Cryoprecipitate Preparation	Priprema krioprecipitata
bolnica-danilo-i-cetinje	X12042	33.35	NULL	40.02	5808	standard-platelet-concentrate-preparation-from-whole-blood-prp	Standard Platelet Concentrate Preparation from Whole Blood (PRP)	Priprema standardnog trombocitnog koncentrata iz jedinice cijele krvi (PRP)
bolnica-danilo-i-cetinje	X12043	26.98	NULL	32.37	5809	leuko-platelet-concentrate-bag	Leuko-Platelet Concentrate (Bag)	Leuko-trombocitni koncentrat (kesa)
bolnica-danilo-i-cetinje	X12060	33.35	NULL	40.02	5810	plasma-separation	Plasma Separation	Izdvajanje plazme
bolnica-danilo-i-cetinje	X12061	26.98	NULL	32.37	5811	pooled-platelet-preparation	Pooled Platelet Preparation	Pripremanje pula trombocita
bolnica-danilo-i-cetinje	X12062	33.35	NULL	40.02	5812	plasma-reduced-erythrocyte-preparation	Plasma-Reduced Erythrocyte Preparation	Priprema deplazmatizovanih eritrocita
bolnica-danilo-i-cetinje	X12063	33.35	NULL	40.02	5813	erythrocyte-suspension-in-oas-preparation	Erythrocyte Preparation in Additive Solution (OAS)	Priprema eritrocita u OAS-u
bolnica-danilo-i-cetinje	X12064	33.35	NULL	40.02	5814	washed-erythrocyte-preparation	Washed Erythrocyte Preparation	Priprema opranih eritrocita
bolnica-danilo-i-cetinje	X12065	33.35	NULL	40.02	5815	filtered-erythrocyte-preparation	Filtered Erythrocyte Preparation	Priprema filtriranih eritrocita
bolnica-danilo-i-cetinje	X12066	33.35	NULL	40.02	5816	pediatric-erythrocyte-dose-preparation	Pediatric Erythrocyte Dose Preparation	Priprema dječijih doza eritrocita
bolnica-danilo-i-cetinje	X13001	60.55	NULL	72.66	5817	donor-cytapheresis	Donor Cytapheresis	Donorska citafereza
bolnica-danilo-i-cetinje	X13002	93.95	NULL	112.74	5818	donor-plasmapheresis	Donor Plasmapheresis	Donorska plazmafereza
bolnica-danilo-i-cetinje	X13003	93.95	NULL	112.74	5819	therapeutic-plasmapheresis	Therapeutic Plasmapheresis	Terapijska plazmafereza
bolnica-danilo-i-cetinje	X13004	60.55	NULL	72.66	5820	therapeutic-cytapheresis	Therapeutic Cytapheresis	Terapijska citafereza
bolnica-danilo-i-cetinje	X14004	32.50	NULL	83.40	5821	ergocycle-stress-test-with-complete-ecg	Ergocycle Stress Test with Complete ECG	Test opterećenja na ergociklu sa kompletnim EKG snimkom
bolnica-danilo-i-cetinje	X14006	48.75	NULL	125.10	5822	pharmacological-test-for-ischemia-or-myocardial-viability	Pharmacological Test for Ischemia or Myocardial Viability	Farmakološki testovi za procjenu ishemije i/ili vijabilnosti miokarda
bolnica-danilo-i-cetinje	X14007	14.63	NULL	37.53	5823	cardiac-telemetry	Cardiac Telemetry	Telemetrija srca
bolnica-danilo-i-cetinje	X15001	16.25	NULL	41.70	5824	spinal-anesthesiaanalgesia	Spinal Anesthesia/Analgesia	Spinalna anestezija/analgezija
bolnica-danilo-i-cetinje	X15002	19.50	NULL	50.04	5825	central-nerve-block-for-surgical-interventions	Central Nerve Block for Surgical Interventions	Centralni nervni blokovi za izvođenje hirurških intervencija
bolnica-danilo-i-cetinje	X15005	32.50	NULL	83.40	5826	electric-cardioversion	Electric Cardioversion	Konverzija ritma elektrošokom
bolnica-danilo-i-cetinje	X15006	16.25	NULL	41.70	5827	central-venous-catheter-placement	Central Venous Catheter Placement	Plasiranje centralnog venskog katetera
bolnica-danilo-i-cetinje	X15007	9.75	NULL	25.02	5828	sedation-and-anesthesia-for-ambulatory-surgery	Sedation and Anesthesia for Ambulatory Surgery	Sedacija i anestezija za izvođenje ambulantnih hirurških intervencija
bolnica-danilo-i-cetinje	X15008	3.25	NULL	8.34	5829	single-point-pharmacopuncture	Single-Point Pharmacopuncture	Aplikacija u jednoj tački — farmakopunktura
bolnica-danilo-i-cetinje	X15009	6.50	NULL	16.68	5830	intercostal-nerve-block	Intercostal Nerve Block	Blokada interkostalnih nerava
bolnica-danilo-i-cetinje	X15010	6.50	NULL	16.68	5831	other-peripheral-nerve-block	Other Peripheral Nerve Block	Blokada drugih perifernih živaca
bolnica-danilo-i-cetinje	X15011	9.75	NULL	25.02	5832	lumbar-sacral-or-coccygeal-block	Lumbar, Sacral or Coccygeal Block	Lumbalna, sakralna i kokcigealna blokada
bolnica-danilo-i-cetinje	X15012	9.75	NULL	25.02	5833	pudendal-block	Pudendal Block	Pudendalna blokada
bolnica-danilo-i-cetinje	X15013	9.75	NULL	25.02	5834	ilioinguinal-or-iliohypogastric-block	Ilioinguinal or Iliohypogastric Block	Ilioingvinalna ili iliohipogastrična blokada
bolnica-danilo-i-cetinje	X15014	9.75	NULL	25.02	5835	sciatic-nerve-block	Sciatic Nerve Block	Blokada išijadičnog nerva
bolnica-danilo-i-cetinje	X15015	9.75	NULL	25.02	5836	brachial-plexus-block	Brachial Plexus Block	Blokada brahijalnog pleksusa
bolnica-danilo-i-cetinje	X15016	16.25	NULL	41.70	5837	vima-volatile-induction-and-maintenance-anesthesia	VIMA (Volatile Induction and Maintenance Anesthesia)	VIMA — uvod i održavanje inhalacionom anestezijom
bolnica-danilo-i-cetinje	X15017	19.50	NULL	50.04	5838	cardiopulmonary-cerebral-resuscitation	Cardiopulmonary Cerebral Resuscitation	Kardiopulmonalno-cerebralna reanimacija
bolnica-danilo-i-cetinje	X15018	26.00	NULL	66.72	5839	treatment-of-patients-with-respiratory-insufficiency	Treatment of Patients with Respiratory Insufficiency	Tretiranje bolesnika koji imaju respiratornu insuficijenciju
bolnica-danilo-i-cetinje	X15019	26.00	NULL	66.72	5840	continuous-epidural-anesthesiaanalgesia	Continuous Epidural Anesthesia/Analgesia	Kontinuirana epiduralna anestezija/analgezija
bolnica-danilo-i-cetinje	X15020	32.50	NULL	83.40	5841	laryngeal-mask-placement	Laryngeal Mask Placement	Plasiranje laringealne maske
bolnica-danilo-i-cetinje	X15021	16.25	NULL	41.70	5842	iv-regional-anesthesia	IV Regional Anesthesia	IV regionalna anestezija
bolnica-danilo-i-cetinje	X15023	19.50	NULL	50.04	5843	tiva-total-intravenous-anesthesia	TIVA (Total Intravenous Anesthesia)	TIVA — totalna intravenozna anestezija
bolnica-danilo-i-cetinje	X15025	32.50	NULL	83.40	5844	combined-spinal-and-epidural-anesthesia	Combined Spinal and Epidural Anesthesia	Kombinovana spinalna i epiduralna anestezija
bolnica-danilo-i-cetinje	X15026	13.00	NULL	33.36	5845	caudal-anesthesiaanalgesia	Caudal Anesthesia/Analgesia	Kaudalna anestezija/analgezija
bolnica-danilo-i-cetinje	X15027	19.50	NULL	50.04	5846	continuous-peripheral-nerve-block	Continuous Peripheral Nerve Block	Kontinuirani periferni blok
bolnica-danilo-i-cetinje	X15028	9.75	NULL	25.02	5847	arterial-catheter-placement	Arterial Catheter Placement	Postavljanje arterijskog katetera
bolnica-danilo-i-cetinje	X15029	9.75	NULL	25.02	5848	epidural-catheter-placement	Epidural Catheter Placement	Postavljanje epiduralnog katetera
bolnica-danilo-i-cetinje	X16001	3.25	NULL	8.34	5849	newborn-vaccination	Newborn Vaccination	Vakcinacija novorođenčeta
bolnica-danilo-i-cetinje	X16003	1.63	NULL	4.17	5850	nasal-cavity-care-with-secretion-aspiration	Nasal Cavity Care with Secretion Aspiration	Toaleta nosa i nosne duplje sa evakuacijom sekreta
bolnica-danilo-i-cetinje	X16006	1.63	NULL	4.17	5851	umbilical-granuloma-cauterization	Umbilical Granuloma Cauterization	Lapisiranje granuloma pupka
bolnica-danilo-i-cetinje	X16007	1.63	NULL	4.17	5852	newborn-skin-care	Newborn Skin Care	Obrada kože novorođenčeta
bolnica-danilo-i-cetinje	X16009	1.63	NULL	4.17	5853	secretion-aspiration-in-infants-and-young-children	Secretion Aspiration in Infants and Young Children	Aspiriranje sekreta kod dojenčadi i male djece
bolnica-danilo-i-cetinje	X17001	13.00	NULL	33.36	5854	helium-dilution-pulmonary-function-test	Helium Dilution Pulmonary Function Test	Testovi funkcije disanja — dilucijska metoda sa helijom
bolnica-danilo-i-cetinje	X17002	13.00	NULL	33.36	5855	pediatric-flow-volume-curve	Pediatric Flow-Volume Curve	Testovi funkcije disanja djeteta — krivulja protok-volumen
bolnica-danilo-i-cetinje	X17003	19.50	NULL	50.04	5856	lung-compliance-test	Lung Compliance Test	Testovi funkcije disanja — komplijansa pluća
bolnica-danilo-i-cetinje	X17004	16.25	NULL	41.70	5857	single-breath-test	Single-Breath Test	Testovi funkcije disanja — test jednokratnog udaha
bolnica-danilo-i-cetinje	X17005	16.25	NULL	41.70	5858	multiple-breath-test	Multiple-Breath Test	Testovi funkcije disanja — test višekratnog udaha
bolnica-danilo-i-cetinje	X17007	6.50	NULL	16.68	5859	arterial-alveolar-co2-gradient-test	Arterial-Alveolar CO2 Gradient Test	Test arterijsko-alveolarnog gradijenta CO2
bolnica-danilo-i-cetinje	X17008	58.50	NULL	150.12	5860	transbronchial-puncture	Transbronchial Puncture	Transbronhijalna punkcija
bolnica-danilo-i-cetinje	X18002	22.75	NULL	58.38	5861	closing-volume-test	Closing Volume Test	Volumen zatvaranja (closing volume)
bolnica-danilo-i-cetinje	X18003	26.00	NULL	66.72	5862	alveolar-ventilation-homogeneity-test	Alveolar Ventilation Homogeneity Test	Test za homogenost alveolarne ventilacije
bolnica-danilo-i-cetinje	X18005	9.75	NULL	25.02	5863	lung-transfer-factor	Lung Transfer Factor	Transfer faktor pluća
bolnica-danilo-i-cetinje	X18006	19.50	NULL	50.04	5864	pulmonary-permeability-test	Pulmonary Permeability Test	Test plućne propustljivosti
bolnica-danilo-i-cetinje	X19001	3.25	NULL	8.34	5865	dynamic-pituitary-function-tests	Dynamic Pituitary Function Tests	Izvođenje dinamskih testova hipotalamus-hipofiza
bolnica-danilo-i-cetinje	X19002	3.25	NULL	8.34	5866	dynamic-adrenal-function-tests	Dynamic Adrenal Function Tests	Izvođenje dinamskih testova za ispitivanje nadbubrežnih žlijezda
bolnica-danilo-i-cetinje	X19003	3.25	NULL	8.34	5867	female-reproductive-system-function-and-structure-assessment	Female Reproductive System Function and Structure Assessment	Ispitivanje funkcije i građe ženskog reproduktivnog sistema
bolnica-danilo-i-cetinje	X19004	3.25	NULL	8.34	5868	male-reproductive-system-function-and-structure-assessment	Male Reproductive System Function and Structure Assessment	Ispitivanje funkcije i građe muškog reproduktivnog sistema
bolnica-danilo-i-cetinje	X19005	3.25	NULL	8.34	5869	endocrine-pancreas-investigation	Endocrine Pancreas Investigation	Ispitivanje endokrinog pankreasa
bolnica-danilo-i-cetinje	X19006	16.25	NULL	41.70	5870	insulin-therapy-administration	Insulin Therapy Administration	Davanje insulinske terapije
bolnica-danilo-i-cetinje	X20001	139.20	NULL	167.04	5871	ercp-duodenoscopy-with-vater-papilla-cannulation	ERCP (Duodenoscopy with Vater Papilla Cannulation)	ERCP — duodenoskopija sa kanulacijom papile Vateri
bolnica-danilo-i-cetinje	X20002	218.13	NULL	261.75	5872	ercp-with-endoscopic-papillotomy	ERCP with Endoscopic Papillotomy	ERCP sa endoskopskom papilotomijom
bolnica-danilo-i-cetinje	X20003	261.75	NULL	314.10	5873	ercp-with-stone-extraction	ERCP with Stone Extraction	ERCP sa ekstrakcijom kalkulusa
bolnica-danilo-i-cetinje	X20004	261.75	NULL	314.10	5874	ercp-with-plastic-stent-placement	ERCP with Plastic Stent Placement	ERCP sa plasiranjem plastičnog stenta
bolnica-danilo-i-cetinje	X23001	48.75	NULL	125.10	5875	arteriovenous-fistula-for-hemodialysis	Arteriovenous Fistula for Hemodialysis	Arteriovenska fistula za hemodijalizu
bolnica-danilo-i-cetinje	X23002	26.00	NULL	66.72	5876	electron-microscopy-of-blood-vessel-with-specimen-preparation	Electron Microscopy of Blood Vessel with Specimen Preparation	Elektronska mikroskopija krvnog suda sa uzimanjem materijala, izradom preparata, fotografisanjem
bolnica-danilo-i-cetinje	X23003	26.00	NULL	66.72	5877	direct-immunofluorescence-microscopy-of-blood-vessel	Direct Immunofluorescence Microscopy of Blood Vessel	Direktna imunofluorescentna mikroskopija krvnog suda
bolnica-danilo-i-cetinje	X23004	26.00	NULL	66.72	5878	indirect-immunofluorescence-microscopy-of-blood-vessel-ana-ama	Indirect Immunofluorescence Microscopy of Blood Vessel (ANA, AMA)	Indirektna imunofluorescentna mikroskopija krvnog suda (ANA i AMA)
bolnica-danilo-i-cetinje	X24001	19.50	NULL	50.04	5879	transthoracic-lung-biopsy	Transthoracic Lung Biopsy	Transtorakalna biopsija pluća
bolnica-danilo-i-cetinje	X24002	81.25	NULL	208.50	5880	thoracoscopic-lung-biopsy	Thoracoscopic Lung Biopsy	Torakoskopska biopsija pluća
bolnica-danilo-i-cetinje	X24003	6.50	NULL	16.68	5881	chest-wall-incision-and-biopsy	Chest Wall Incision and Biopsy	Incizija i biopsija zida grudnog koša
bolnica-danilo-i-cetinje	X24004	19.50	NULL	50.04	5882	pleural-biopsy	Pleural Biopsy	Biopsija pleure
bolnica-danilo-i-cetinje	X24005	81.25	NULL	208.50	5883	endoscopic-pleural-biopsy	Endoscopic Pleural Biopsy	Endoskopska biopsija pleure
bolnica-danilo-i-cetinje	X26001	48.75	NULL	125.10	5884	electroretinography	Electroretinography	Elektroretinografija
bolnica-danilo-i-cetinje	X26002	130.00	NULL	333.60	5885	intravitreal-drug-application	Intravitreal Drug Injection	Intravitrealna aplikacija lijeka
bolnica-danilo-i-cetinje	X27001	52.00	NULL	133.44	5886	treatment-of-head-lacerations-and-minor-skull-depression-fractures	Treatment of Head Lacerations and Minor Skull Depression Fractures	Obrada laceracionih rana na glavi i manjih depresivnih fraktura kostiju glave
bolnica-danilo-i-cetinje	X27002	65.00	NULL	166.80	5887	nerve-suture-or-marking-without-operating-microscope	Nerve Suture or Marking (without Operating Microscope)	Šav ili markiranje nerava — bez upotrebe operativnog mikroskopa
bolnica-danilo-i-cetinje	X27003	55.25	NULL	141.78	5888	crutchfield-cervical-spine-traction	Crutchfield Cervical Spine Traction	Ekstenzija cervikalne kičme po Krečfildu
bolnica-danilo-i-cetinje	X27004	65.00	NULL	166.80	5889	direct-neurorrhaphy	Direct Neurorrhaphy	Direktna neurorafija
bolnica-danilo-i-cetinje	X27005	9.75	NULL	25.02	5890	muscle-biopsy	Muscle Biopsy	Biopsija mišića
bolnica-danilo-i-cetinje	X27006	26.00	NULL	66.72	5891	peripheral-nerve-biopsy	Peripheral Nerve Biopsy	Biopsija perifernog nerva
bolnica-danilo-i-cetinje	X27007	48.75	NULL	125.10	5892	epicranial-hematoma-removal	Epicranial Hematoma Removal	Uklanjanje epikranijalnog hematoma
bolnica-danilo-i-cetinje	X34001	9.75	NULL	25.02	5893	first-oncologist-examination	First Oncologist Examination	Prvi pregled — onkolog
bolnica-danilo-i-cetinje	X34002	3.25	NULL	8.34	5894	follow-up-oncologist-examination	Follow-up Oncologist Examination	Kontrolni pregled — onkolog
bolnica-danilo-i-cetinje	X34003	16.25	NULL	41.70	5895	chemotherapy-application	Chemotherapy Application	Aplikacija hemoterapije
bolnica-danilo-i-cetinje	D01001	195.00	NULL	500.40	5899	vaginal-plasty-anterior-and-posterior-repair	Vaginal Plasty (Anterior and Posterior Repair)	Korektivne operacije — vaginalna plastika (prednja i zadnja)
bolnica-danilo-i-cetinje	D01002	113.75	NULL	291.90	5900	total-unilateral-salpingectomy-open	Total Unilateral Salpingectomy (Open)	Totalna jednostrana salpingektomija — klasična
bolnica-danilo-i-cetinje	D01003	162.50	NULL	417.00	5901	total-bilateral-salpingectomy-open	Total Bilateral Salpingectomy (Open)	Totalna obostrana salpingektomija — klasična
bolnica-danilo-i-cetinje	D01004	130.00	NULL	333.60	5902	tubal-resection-stomatoplasty-unilateral	Tubal Resection (Stomatoplasty) Unilateral	Resekcija tube (stomatoplastika) — jednostrano
bolnica-danilo-i-cetinje	D01005	115.38	NULL	296.07	5903	ovarian-cyst-excision-resection	Ovarian Cyst Excision (Resection)	Ekstirpacija ciste jajnika — resekcija
bolnica-danilo-i-cetinje	D01006	162.50	NULL	417.00	5904	bilateral-adnexectomy	Bilateral Adnexectomy	Adneksektomija obostrana
bolnica-danilo-i-cetinje	D01008	422.50	NULL	1084.20	5905	total-abdominal-hysterectomy-with-adnexectomy	Total Abdominal Hysterectomy with Adnexectomy	Totalna abdominalna histerektomija sa obostranom ili jednostranom adneksektomijom
bolnica-danilo-i-cetinje	D01009	48.75	NULL	125.10	5906	sturmdorf-cervical-conization	Sturmdorf Cervical Conization	Klasična konizacija cerviksa po Sturmdorfu
bolnica-danilo-i-cetinje	D01010	48.75	NULL	125.10	5907	vaginal-myomectomy	Vaginal Myomectomy	Miomektomija vaginalnim putem
bolnica-danilo-i-cetinje	D01012	487.50	NULL	1251.00	5908	cesarean-section-with-subtotal-or-total-hysterectomy	Cesarean Section with Subtotal or Total Hysterectomy	Carski rez sa subtotalnom ili totalnom histerektomijom
bolnica-danilo-i-cetinje	D01013	390.00	NULL	1000.80	5909	postpartum-abdominal-hysterectomy-for-atonic-bleeding	Postpartum Abdominal Hysterectomy for Atonic Bleeding	Abdominalna histerektomija postpartum kod atoničnog krvavljenja
bolnica-danilo-i-cetinje	D01024	113.75	NULL	291.90	5910	colpocleisis	Colpocleisis	Kolpokleiza
bolnica-danilo-i-cetinje	D01025	97.50	NULL	250.20	5911	unilateral-oophorectomy	Unilateral Oophorectomy	Jednostrana ovariektomija
bolnica-danilo-i-cetinje	D01026	146.25	NULL	375.30	5912	bilateral-oophorectomy	Bilateral Oophorectomy	Obostrana ovariektomija
bolnica-danilo-i-cetinje	D01027	113.75	NULL	291.90	5913	unilateral-adnexectomy	Unilateral Adnexectomy	Jednostrana adneksektomija
bolnica-danilo-i-cetinje	D01028	195.00	NULL	500.40	5914	hysterorrhaphy-suturing-of-non-obstetric-uterine-ruptures	Hysterorrhaphy: Suturing of Non-Obstetric Uterine Ruptures	Histerorafija: sutura ruptura uterusa (ne akušerskih)
bolnica-danilo-i-cetinje	D01029	325.00	NULL	834.00	5915	intraligamentary-cyst-extirpation	Intraligamentary Cyst Extirpation	Ekstirpacija intraligamentarne ciste
bolnica-danilo-i-cetinje	D01032	65.00	NULL	166.80	5916	hysteroscopic-adhesiolysis	Hysteroscopic Adhesiolysis	Histeroskopska adhezioliza
bolnica-danilo-i-cetinje	D01033	97.50	NULL	250.20	5917	laparoscopic-pelvic-exploration	Laparoscopic Pelvic Exploration	Laparoskopska eksploracija male karlice
bolnica-danilo-i-cetinje	D01034	113.75	NULL	291.90	5918	abdominal-sterilization	Abdominal Sterilization	Sterilisatio abdominalis
bolnica-danilo-i-cetinje	D01038	113.75	NULL	291.90	5919	ovarian-drilling	Ovarian Drilling	Ovarijalni driling
bolnica-danilo-i-cetinje	D01040	146.25	NULL	375.30	5920	laparoscopic-ovarian-resection	Laparoscopic Ovarian Resection	Laparoskopska resekcija ovarijuma
bolnica-danilo-i-cetinje	D01041	146.25	NULL	375.30	5921	laparoscopic-unilateral-ovarian-cystectomy	Laparoscopic Unilateral Ovarian Cystectomy	Laparoskopska cistektomija ovarijuma — jednostrana
bolnica-danilo-i-cetinje	D01042	162.50	NULL	417.00	5922	laparoscopic-adnexolysis-ovary-and-tube	Laparoscopic Adnexolysis (Ovary and Tube)	Oslobađanje adhezija jajnika i tube
bolnica-danilo-i-cetinje	D01043	162.50	NULL	417.00	5923	laparoscopic-bilateral-ovarian-cystectomy	Laparoscopic Bilateral Ovarian Cystectomy	Laparoskopska cistektomija ovarijuma — obostrana
bolnica-danilo-i-cetinje	D01045	195.00	NULL	500.40	5924	marshall-marchetti-suprapubic-urethral-suspension	Marshall-Marchetti Suprapubic Urethral Suspension	Suprapubična suspenzija uretre (Marshall-Marchetti metoda)
bolnica-danilo-i-cetinje	D01046	195.00	NULL	500.40	5925	laparoscopic-tubal-corrective-surgery	Laparoscopic Tubal Corrective Surgery	Endoskopska (laparoskopska) korektivna operacija tube — salpingektomija kornu
bolnica-danilo-i-cetinje	D01048	325.00	NULL	834.00	5926	laparoscopic-myomectomy-variant	Laparoscopic Myomectomy (Variant)	Laparoskopska miomektomija — opsežna
bolnica-danilo-i-cetinje	D01051	32.50	NULL	83.40	5927	cervical-cerclage	Cervical Cerclage	Serklaž (cerclage)
bolnica-danilo-i-cetinje	D01052	162.50	NULL	417.00	5928	cesarean-section-sectio-caesarea-parva	Cesarean Section Sectio Caesarea Parva	Sectio caesarea parva
bolnica-danilo-i-cetinje	D01053	325.00	NULL	834.00	5929	low-isthmic-cesarean-section-with-delivery	Low Isthmic Cesarean Section with Delivery	Niski isthmični carski rez (sa vođenjem porođaja)
bolnica-danilo-i-cetinje	D01055	97.50	NULL	250.20	5930	trachelectomy	Trachelectomy	Trachelectomia
bolnica-danilo-i-cetinje	D01057	146.25	NULL	375.30	5931	abdominal-wall-plasty	Abdominal Wall Plasty	Plastika trbušnog zida
bolnica-danilo-i-cetinje	D01058	260.00	NULL	667.20	5932	cyst-marsupialization	Cyst Marsupialization	Marsupijalizacija ciste
bolnica-danilo-i-cetinje	D01059	260.00	NULL	667.20	5933	hysteropexy-with-round-ligament-shortening	Hysteropexy with Round Ligament Shortening	Histeropekcija sa skraćivanjem oblih veza (lig. rotunda)
bolnica-danilo-i-cetinje	D01060	357.50	NULL	917.40	5934	supracervical-or-subtotal-hysterectomy	Supracervical or Subtotal Hysterectomy	Supracervikalna histerektomija — subtotalna
bolnica-danilo-i-cetinje	D01062	195.00	NULL	500.40	5935	bilateral-tubal-resection-stomatoplasty	Bilateral Tubal Resection (Stomatoplasty)	Resekcija tube (stomatoplastika) — obostrano
bolnica-danilo-i-cetinje	D01063	260.00	NULL	667.20	5936	ovariotomy-or-salpingo-ovariotomy-with-abscess-drainage	Ovariotomy or Salpingo-Ovariotomy with Abscess Drainage	Ovariotomija, salpingo-ovariotomija, drenaža abscesa
bolnica-danilo-i-cetinje	D01064	357.50	NULL	917.40	5937	subtotal-abdominal-hysterectomy-with-adnexectomy	Subtotal Abdominal Hysterectomy with Adnexectomy	Subtotalna abdominalna histerektomija sa obostranom ili jednostranom adneksektomijom
bolnica-danilo-i-cetinje	D01065	48.75	NULL	125.10	5938	leep-excision	LEEP Excision	Loop ekscizija
bolnica-danilo-i-cetinje	D01066	97.50	NULL	250.20	5939	emmet-cervicoplasty	Emmet Cervicoplasty	Cervikoplastika po Emmetu
bolnica-danilo-i-cetinje	D01067	97.50	NULL	250.20	5940	other-cervical-operations	Other Cervical Operations	Druge operacije cerviksa
bolnica-danilo-i-cetinje	D01068	130.00	NULL	333.60	5941	open-removal-of-ectopic-pregnancy-abdominal-ovarian	Open Removal of Ectopic Pregnancy (Abdominal, Ovarian)	Odstranjenje vanmaterične trudnoće (abdominalne, ovarijalne)
bolnica-danilo-i-cetinje	D01069	130.00	NULL	333.60	5942	laparoscopic-removal-of-ectopic-pregnancy	Laparoscopic Removal of Ectopic Pregnancy	Odstranjenje vanmaterične trudnoće (abdominalne, ovarijalne) — laparoskopsko
bolnica-danilo-i-cetinje	D01070	162.50	NULL	417.00	5943	lower-midline-exploratory-laparotomy	Lower Midline Exploratory Laparotomy	Donja središnja eksplorativna laparotomija
bolnica-danilo-i-cetinje	D01071	113.75	NULL	291.90	5944	laparoscopic-abdominal-sterilization	Laparoscopic Abdominal Sterilization	Sterilisatio abdominalis — laparoskopski
bolnica-danilo-i-cetinje	D01072	113.75	NULL	291.90	5945	linear-salpingotomy-with-segmental-excision-and-fimbrial-express-open	Linear Salpingotomy with Segmental Excision and Fimbrial Express (Open)	Linearna salpingotomija, segmentna ekscizija i fimbrijalni ekspres — klasična
bolnica-danilo-i-cetinje	D01073	113.75	NULL	291.90	5946	linear-salpingotomy-with-segmental-excision-and-fimbrial-express-laparoscopic	Linear Salpingotomy with Segmental Excision and Fimbrial Express (Laparoscopic)	Linearna salpingotomija, segmentna ekscizija i fimbrijalni ekspres — laparoskopska
bolnica-danilo-i-cetinje	D01074	97.50	NULL	250.20	5947	resuture-of-dehiscent-anterior-abdominal-wall-or-vaginal-wound	Resuture of Dehiscent Anterior Abdominal Wall or Vaginal Wound	Resutura dehiscirane rane prednjeg trbušnog zida ili vagine
bolnica-danilo-i-cetinje	D01075	162.50	NULL	417.00	5948	vulval-and-perineal-repair	Vulval and Perineal Repair	Reparacija vulve i perineuma
bolnica-danilo-i-cetinje	D01076	357.50	NULL	917.40	5949	subtotal-abdominal-hysterectomy-with-adnexa-conservation	Subtotal Abdominal Hysterectomy with Adnexa Conservation	Subtotalna abdominalna histerektomija sa konzervacijom adneksa
bolnica-danilo-i-cetinje	D07001	1260.00	NULL	NULL	5950	ultra-b2-procedure	Ultra B2 Procedure	Ultra B2
bolnica-danilo-i-cetinje	D07003	7140.00	NULL	NULL	5951	keratoplasty	Keratoplasty	Keratoplastika
bolnica-danilo-i-cetinje	D07004	2730.00	NULL	NULL	5952	intacs-intracorneal-ring	INTACS Intracorneal Ring	INTACS — intraokularni prsten
bolnica-danilo-i-cetinje	D07005	700.00	NULL	840.00	5953	scleral-buckle-removal-with-conjunctival-plasty	Scleral Buckle Removal with Conjunctival Plasty	Vađenje plombe sa plastikom konjunktive
bolnica-danilo-i-cetinje	D02002	260.00	NULL	667.20	5954	partial-unilateral-thyroidectomy	Partial Unilateral Thyroidectomy	Tireoidektomija parcijalna unilateralna
bolnica-danilo-i-cetinje	D02003	113.75	NULL	291.90	5955	major-resection-of-external-saphenous-vein	Major Resection of External Saphenous Vein	Veća resekcija vene saphene externe i susjednih vena, unilateralna
bolnica-danilo-i-cetinje	D02004	325.00	NULL	834.00	5956	splenectomy-standard-or-for-traumatic-rupture	Splenectomy (Standard or for Traumatic Rupture)	Splenektomija obična ili kod traumatske rupture
bolnica-danilo-i-cetinje	D02005	113.75	NULL	291.90	5957	unilateral-inguinal-hernia-repair-without-mesh	Unilateral Inguinal Hernia Repair without Mesh	Reparacija ingvinalne hernije, bez mrežice — jednostrano
bolnica-danilo-i-cetinje	D02008	487.50	NULL	1251.00	5958	partial-gastrectomy-with-billroth-ii-gastrojejunostomy	Partial Gastrectomy with Billroth II Gastrojejunostomy	Parcijalna gastrektomija sa gastrojejunalnom anastomozom (Billroth II)
bolnica-danilo-i-cetinje	D02009	260.00	NULL	667.20	5959	suture-of-perforated-gastric-ulcer-or-lesion	Suture of Perforated Gastric Ulcer or Lesion	Sutura perforiranog ulkusa ili lezije želuca
bolnica-danilo-i-cetinje	D02010	390.00	NULL	1000.80	5960	partial-colectomy-with-anastomosis	Partial Colectomy with Anastomosis	Kolektomija parcijalna sa anastomozom
bolnica-danilo-i-cetinje	D02011	260.00	NULL	667.20	5961	external-colonic-fistulization	External Colonic Fistulization	Spoljašnja fistulizacija debelog crijeva
bolnica-danilo-i-cetinje	D02012	260.00	NULL	667.20	5962	bowel-disinvagination-without-resection	Bowel Disinvagination without Resection	Dezinvaginacija crijeva (bez resekcije)
bolnica-danilo-i-cetinje	D02016	325.00	NULL	834.00	5963	external-fistulization-of-small-and-large-bowel-for-ulcerative-colitis	External Fistulization of Small and Large Bowel for Ulcerative Colitis	Spoljašnja fistulizacija tankog i debelog crijeva zbog ulceroznog kolitisa
bolnica-danilo-i-cetinje	D02017	390.00	NULL	1000.80	5964	lysis-of-abdominal-adhesions-for-ileus	Lysis of Abdominal Adhesions for Ileus	Odvajanje abdominalnih priraslica (ileus)
bolnica-danilo-i-cetinje	D02019	130.00	NULL	333.60	5965	primary-suture-of-flexor-tendon	Primary Suture of Flexor Tendon	Primarni šav fleksorne tetive
bolnica-danilo-i-cetinje	D02020	487.50	NULL	1251.00	5966	bowel-suturing-with-colostomy	Bowel Suturing with Colostomy	Zašivanje crijeva sa kolostomijom
bolnica-danilo-i-cetinje	D02021	97.50	NULL	250.20	5967	unilateral-gynecomastia-surgery	Unilateral Gynecomastia Surgery	Ginekomastija jednostrana
bolnica-danilo-i-cetinje	D02022	195.00	NULL	500.40	5968	gastric-biopsy-via-laparotomy	Gastric Biopsy via Laparotomy	Biopsija želuca sa laparotomijom
bolnica-danilo-i-cetinje	D02026	130.00	NULL	333.60	5969	unilateral-femoral-hernia-repair-without-mesh	Unilateral Femoral Hernia Repair without Mesh	Reparacija femoralne hernije, bez mrežice — jednostrano
bolnica-danilo-i-cetinje	D02030	325.00	NULL	834.00	5970	incarcerated-hernia-surgery-with-bowel-resection	Incarcerated Hernia Surgery with Bowel Resection	Operativno liječenje uklještene hernije sa resekcijom crijeva
bolnica-danilo-i-cetinje	D02031	195.00	NULL	500.40	5971	meckel-diverticulum-surgery	Meckel Diverticulum Surgery	Operacija Meckel-divertikula
bolnica-danilo-i-cetinje	D02032	65.00	NULL	166.80	5972	evacuation-and-drainage-of-intraperitoneal-abscess	Evacuation and Drainage of Intraperitoneal Abscess	Evakuacija i drenaža intraperitonealnih abscesa
bolnica-danilo-i-cetinje	D02034	455.00	NULL	1167.60	5973	gastroduodenal-anastomosis-revision-with-reconstruction	Gastroduodenal Anastomosis Revision with Reconstruction	Revizija gastroduodenalne anastomoze sa rekonstrukcijom
bolnica-danilo-i-cetinje	D02036	487.50	NULL	1251.00	5974	noble-bowel-plication	Noble Bowel Plication	Plisiranje crijeva — Noble
bolnica-danilo-i-cetinje	D02037	227.50	NULL	583.80	5975	suture-of-small-bowel-injury	Suture of Small Bowel Injury	Sutura povrede tankog crijeva
bolnica-danilo-i-cetinje	D02038	325.00	NULL	834.00	5976	surgical-repair-of-liver-injury-suture-tamponade	Surgical Repair of Liver Injury (Suture, Tamponade)	Hirurško zbrinjavanje povrede jetre (sutura, tamponada)
bolnica-danilo-i-cetinje	D02039	390.00	NULL	1000.80	5977	evacuation-of-liver-hydatid-cyst-small-up-to-10-cm	Evacuation of Liver Hydatid Cyst (Small, up to 10 cm)	Evakuacija hidatidne ciste jetre (sutura bilijarnih komunikacija) — male (do 10 cm u prečniku)
bolnica-danilo-i-cetinje	D02040	260.00	NULL	667.20	5978	choledochotomy-with-t-drainage	Choledochotomy with T-Drainage	Holedohotomija (T-drenaža)
bolnica-danilo-i-cetinje	D02041	487.50	NULL	1251.00	5979	pancreatic-pseudocyst-drainage-with-roux-en-y-loop	Pancreatic Pseudocyst Drainage with Roux-en-Y Loop	Derivacija pseudociste pankreasa izdvojenom crijevnom vijugom
bolnica-danilo-i-cetinje	D02044	162.50	NULL	417.00	5980	whitehead-radical-hemorrhoidectomy	Whitehead Radical Hemorrhoidectomy	Hemoroidektomija radikalna (Whitehead tipa)
bolnica-danilo-i-cetinje	D02046	26.00	NULL	66.72	5981	rectal-foreign-body-removal-transrectal	Rectal Foreign Body Removal (Transrectal)	Vađenje stranog tijela iz rektuma rektalnim putem
bolnica-danilo-i-cetinje	D02047	32.50	NULL	83.40	5982	uncomplicated-phlebectomy-of-lower-limb-superficial-veins	Uncomplicated Phlebectomy of Lower Limb Superficial Veins	Nekomplikovana flebektomija površnih vena donjih ekstremiteta
bolnica-danilo-i-cetinje	D02048	48.75	NULL	125.10	5983	transrectal-drainage-of-pelvic-abscess	Transrectal Drainage of Pelvic Abscess	Transrektalna drenaža pelvičnog abscesa
bolnica-danilo-i-cetinje	D02049	65.00	NULL	166.80	5984	lower-limb-perforator-vein-ligation	Lower Limb Perforator Vein Ligation	Presjecanje i podvezivanje perforantnih vena na donjim ekstremitetima
bolnica-danilo-i-cetinje	D02050	65.00	NULL	166.80	5985	local-excision-of-small-villous-rectal-papillomas	Local Excision of Small Villous Rectal Papillomas	Lokalna ekscizija malih viloznih papiloma rektuma
bolnica-danilo-i-cetinje	D02051	65.00	NULL	166.80	5986	surgical-treatment-of-anal-fissure	Surgical Treatment of Anal Fissure	Hirurško zbrinjavanje analne fisure
bolnica-danilo-i-cetinje	D02052	65.00	NULL	166.80	5987	complex-cryptotomy	Complex Cryptotomy	Kriptotomija složena
bolnica-danilo-i-cetinje	D02054	81.25	NULL	208.50	5988	excision-of-skin-malignant-or-benign-lesions-with-closure	Excision of Skin Malignant or Benign Lesions with Closure	Ekscizija malignih i benignih lezija kože i potkože sa zatvaranjem
bolnica-danilo-i-cetinje	D02057	97.50	NULL	250.20	5989	emergency-ligation-for-major-limb-hemorrhage	Emergency Ligation for Major Limb Hemorrhage	Hitna ligatura zbog jake hemoragije glavnih krvnih sudova udova
bolnica-danilo-i-cetinje	D02058	97.50	NULL	250.20	5990	secondary-suture-of-abdominal-wall-dehiscence	Secondary Suture of Abdominal Wall Dehiscence	Sekundarna sutura abdominalnog zida zbog dehiscencije
bolnica-danilo-i-cetinje	D02059	97.50	NULL	250.20	5991	abdominal-wall-malignant-tumor-ablation	Abdominal Wall Malignant Tumor Ablation	Ablacija malignog tumora abdominalnog zida
bolnica-danilo-i-cetinje	D02060	97.50	NULL	250.20	5992	gastrotomy-for-foreign-body-removal	Gastrotomy for Foreign Body Removal	Gastrotomija radi odstranjenja stranog tjela
bolnica-danilo-i-cetinje	D02061	97.50	NULL	250.20	5993	cecostomy-revision	Cecostomy Revision	Revizija cekostomije
bolnica-danilo-i-cetinje	D02062	97.50	NULL	250.20	5994	rectal-stricture-incision	Rectal Stricture Incision	Rasjecanje strikture u rektumu
bolnica-danilo-i-cetinje	D02063	97.50	NULL	250.20	5995	submuscular-anal-fistulotomy-or-fistulectomy	Submuscular Anal Fistulotomy or Fistulectomy	Fistulotomija ili fistulektomija submuskularna
bolnica-danilo-i-cetinje	D02064	97.50	NULL	250.20	5996	primary-hand-extensor-tendon-repair	Primary Hand Extensor Tendon Repair	Tendorafija ekstenzorne tetive šake — primarna
bolnica-danilo-i-cetinje	D02066	113.75	NULL	291.90	5997	ventral-hernia-repair-without-mesh	Ventral Hernia Repair without Mesh	Reparacija ventralne hernije bez mrežice
bolnica-danilo-i-cetinje	D02067	113.75	NULL	291.90	5998	unilateral-inguinal-or-femoral-hernia-repair-with-mesh	Unilateral Inguinal or Femoral Hernia Repair with Mesh	Reparacija ingvinalne ili femoralne hernije mrežicom — jednostrano
bolnica-danilo-i-cetinje	D02068	113.75	NULL	291.90	5999	ventral-hernia-plasty-with-mesh	Ventral Hernia Plasty with Mesh	Plastika ventralne hernije sa mesh-prolen mrežicom
bolnica-danilo-i-cetinje	D02070	113.75	NULL	291.90	6000	removal-of-infected-implant-from-smaller-inguinal-hernia	Removal of Infected Implant from Smaller Inguinal Hernia	Vađenje inficiranog implantata kod manjih preponskih hernija
bolnica-danilo-i-cetinje	D02071	113.75	NULL	291.90	6001	unilateral-laparoscopic-inguinal-hernia-repair	Unilateral Laparoscopic Inguinal Hernia Repair	Laparoskopska operacija ingvinalne hernije — jednostrano
bolnica-danilo-i-cetinje	D02072	130.00	NULL	333.60	6002	inguinal-hernioplasty-with-hydrocele-excision	Inguinal Hernioplasty with Hydrocele Excision	Hernioplastika ingvinalna sa ekscizijom hidrocele
bolnica-danilo-i-cetinje	D02073	130.00	NULL	333.60	6003	evacuation-of-retroperitoneal-abscess	Evacuation of Retroperitoneal Abscess	Evakuacija retroperitonealnih abscesa
bolnica-danilo-i-cetinje	D02074	130.00	NULL	333.60	6004	colostomy-closure-with-bowel-continuity-restoration	Colostomy Closure with Bowel Continuity Restoration	Zatvaranje kolostome uspostavljanjem kontinuiteta debelog crijeva
bolnica-danilo-i-cetinje	D02075	130.00	NULL	333.60	6005	radical-unilateral-inguinal-superficial-lymph-node-dissection	Radical Unilateral Inguinal Superficial Lymph Node Dissection	Radikalna disekcija limfnih čvorova preponskih površnih — unilateralna
bolnica-danilo-i-cetinje	D02076	130.00	NULL	333.60	6006	surgical-treatment-of-internal-hemorrhoids	Surgical Treatment of Internal Hemorrhoids	Hirurško zbrinjavanje unutrašnjih hemoroida
bolnica-danilo-i-cetinje	D02077	130.00	NULL	333.60	6007	skin-lesion-excision-with-closure-variant-1	Skin Lesion Excision with Closure (Variant 1)	Ekscizija malignih i benignih lezija kože i potkože sa zatvaranjem (var.1)
bolnica-danilo-i-cetinje	D02078	130.00	NULL	333.60	6008	skin-lesion-excision-with-closure-variant-2	Skin Lesion Excision with Closure (Variant 2)	Ekscizija malignih i benignih lezija kože i potkože sa zatvaranjem (var.2)
bolnica-danilo-i-cetinje	D02080	130.00	NULL	333.60	6009	internal-hemorrhoid-rubber-band-ligation	Internal Hemorrhoid Rubber Band Ligation	Liječenje unutrašnjih hemoroida gumenim ligaturama
bolnica-danilo-i-cetinje	D02081	130.00	NULL	333.60	6010	unilateral-laparoscopic-femoral-hernia-repair	Unilateral Laparoscopic Femoral Hernia Repair	Laparoskopska reparacija femoralne hernije — jednostrano
bolnica-danilo-i-cetinje	D02082	130.00	NULL	333.60	6011	laparoscopic-incisional-or-ventral-hernia-repair	Laparoscopic Incisional or Ventral Hernia Repair	Laparoskopska operacija incizione-ventralne hernije
bolnica-danilo-i-cetinje	D02083	130.00	NULL	333.60	6012	laparoscopic-appendectomy-for-perforated-appendicitis	Laparoscopic Appendectomy for Perforated Appendicitis	Laparoskopska apendektomija kod perforisanog apendicitisa
bolnica-danilo-i-cetinje	D02084	130.00	NULL	333.60	6013	hickman-permanent-dialysis-catheter-placement	Hickman Permanent Dialysis Catheter Placement	Postavljanje trajnog katetera za dijalizu po Hickmanu
bolnica-danilo-i-cetinje	D02085	146.25	NULL	375.30	6014	cecostomy	Cecostomy	Cekostomija
bolnica-danilo-i-cetinje	D02086	162.50	NULL	417.00	6015	goiter-cyst-enucleation-or-resection	Goiter Cyst Enucleation or Resection	Enukleacija ili resekcija strume-ciste
bolnica-danilo-i-cetinje	D02088	162.50	NULL	417.00	6016	recurrent-femoral-hernia-repair	Recurrent Femoral Hernia Repair	Recidivantna femoralna hernija
bolnica-danilo-i-cetinje	D02089	162.50	NULL	417.00	6017	surgery-for-very-large-hernia-pediatric-head-size	Surgery for Very Large Hernia (Pediatric Head Size)	Operativno liječenje vrlo voluminozne hernije (veličine dječije glave)
bolnica-danilo-i-cetinje	D02090	162.50	NULL	417.00	6018	retroperitoneal-exploration	Retroperitoneal Exploration	Retroperitonealna eksploracija
bolnica-danilo-i-cetinje	D02091	162.50	NULL	417.00	6019	enterolysis	Enterolysis	Enteroliza
bolnica-danilo-i-cetinje	D02093	162.50	NULL	417.00	6020	complex-anal-fistulotomy-or-fistulectomy	Complex Anal Fistulotomy or Fistulectomy	Fistulotomija ili fistulektomija kompleksa
bolnica-danilo-i-cetinje	D02094	162.50	NULL	417.00	6021	excision-of-complicated-anal-fistula	Excision of Complicated Anal Fistula	Ekscizija komplikovane analne fistule
bolnica-danilo-i-cetinje	D02095	162.50	NULL	417.00	6022	primary-repair-of-multiple-hand-extensor-tendons	Primary Repair of Multiple Hand Extensor Tendons	Tendorafija više ekstenzornih tetiva šake — primarna
bolnica-danilo-i-cetinje	D02097	162.50	NULL	417.00	6023	laparoscopic-abdominal-cavity-exploration	Laparoscopic Abdominal Cavity Exploration	Laparoskopska eksploracija trbušne duplje
bolnica-danilo-i-cetinje	D02098	193.38	NULL	496.23	6024	bilateral-inguinal-hernioplasty	Bilateral Inguinal Hernioplasty	Hernioplastika ingvinalna bilateralna
bolnica-danilo-i-cetinje	D02099	193.38	NULL	496.23	6025	bilateral-laparoscopic-inguinal-hernia-repair	Bilateral Laparoscopic Inguinal Hernia Repair	Laparoskopska operacija ingvinalne hernije obostrana
bolnica-danilo-i-cetinje	D02100	195.00	NULL	500.40	6026	pericardiotomy	Pericardiotomy	Perikardiotomija
bolnica-danilo-i-cetinje	D02101	195.00	NULL	500.40	6027	emergency-ligation-for-major-vascular-hemorrhage-of-necktrunk	Emergency Ligation for Major Vascular Hemorrhage of Neck/Trunk	Hitna ligatura zbog jake hemoragije glavnih krvnih sudova vrata
bolnica-danilo-i-cetinje	D02103	195.00	NULL	500.40	6028	carotid-artery-ligation	Carotid Artery Ligation	Ligiranje karotidne arterije
bolnica-danilo-i-cetinje	D02105	195.00	NULL	500.40	6029	appendectomy-with-diffuse-peritonitis	Appendectomy with Diffuse Peritonitis	Apendektomija sa razvijenim difuznim peritonitisom
bolnica-danilo-i-cetinje	D02106	195.00	NULL	500.40	6030	operative-closure-of-gastrostomy	Operative Closure of Gastrostomy	Operativno zatvaranje gastrostomije
bolnica-danilo-i-cetinje	D02107	195.00	NULL	500.40	6031	radical-bilateral-inguinal-superficial-lymph-node-dissection	Radical Bilateral Inguinal Superficial Lymph Node Dissection	Radikalna disekcija limfnih čvorova preponskih površnih — bilateralna
bolnica-danilo-i-cetinje	D02108	195.00	NULL	500.40	6032	skin-lesion-excision-with-closure-variant-3	Skin Lesion Excision with Closure (Variant 3)	Ekscizija malignih i benignih lezija kože sa zatvaranjem (var.3)
bolnica-danilo-i-cetinje	D02109	211.25	NULL	542.10	6033	recurrent-inguinal-hernia-after-phs-method-no-implant-infection	Recurrent Inguinal Hernia after PHS Method (no Implant Infection)	Recidiv hernije preponskog kanala koji je rađen PHS metodom bez infekcije implanta
bolnica-danilo-i-cetinje	D02110	227.50	NULL	583.80	6034	excision-of-intraabdominal-or-retroperitoneal-tumors	Excision of Intraabdominal or Retroperitoneal Tumors	Ekscizija intraabdominalnih ili retroperitonealnih tumora
bolnica-danilo-i-cetinje	D02111	227.50	NULL	583.80	6035	mesentery-suture	Mesentery Suture	Šavovi mezenterijuma
bolnica-danilo-i-cetinje	D02112	227.50	NULL	583.80	6036	partial-gastrectomy-with-billroth-i-gastroduodenostomy	Partial Gastrectomy with Billroth I Gastroduodenostomy	Parcijalna gastrektomija sa gastroduodenalnom anastomozom (Billroth I)
bolnica-danilo-i-cetinje	D02113	227.50	NULL	583.80	6037	fecal-fistula-closure	Fecal Fistula Closure	Zatvaranje fekalne fistule
bolnica-danilo-i-cetinje	D02114	227.50	NULL	583.80	6038	pancreatic-biopsy-as-standalone-operation	Pancreatic Biopsy as Standalone Operation	Biopsija pankreasa — samostalna operacija
bolnica-danilo-i-cetinje	D02115	260.00	NULL	667.20	6039	lower-limb-arteriotomy-and-embolectomy	Lower Limb Arteriotomy and Embolectomy	Incizija (arteriotomija) i embolektomija arterija donjih ekstremiteta
bolnica-danilo-i-cetinje	D02116	260.00	NULL	667.20	6040	laparotomy-for-lumbar-or-obturator-hernia	Laparotomy for Lumbar or Obturator Hernia	Liječenje putem laparotomije lumbalnih ili obturatornih hernija
bolnica-danilo-i-cetinje	D02117	260.00	NULL	667.20	6041	nutritional-gastrostomy-creation	Nutritional Gastrostomy Creation	Kreiranje nutritivne gastrostome
bolnica-danilo-i-cetinje	D02118	260.00	NULL	667.20	6042	external-small-bowel-fistulization	External Small Bowel Fistulization	Spoljašnja fistulizacija tankog crijeva
bolnica-danilo-i-cetinje	D02120	260.00	NULL	667.20	6043	abdominal-drainage-of-pancreatitis	Abdominal Drainage of Pancreatitis	Abdominalna drenaža pankreatitisa
bolnica-danilo-i-cetinje	D02121	260.00	NULL	667.20	6044	laparoscopic-suture-of-perforated-gastric-ulcer-or-lesion	Laparoscopic Suture of Perforated Gastric Ulcer or Lesion	Laparoskopska sutura perforiranog ulkusa ili lezije želuca
bolnica-danilo-i-cetinje	D02122	292.50	NULL	750.60	6045	inferior-vena-cava-ligation	Inferior Vena Cava Ligation	Ligatura vene cave inferior
bolnica-danilo-i-cetinje	D02123	292.50	NULL	750.60	6046	cervical-esophagus-wound-or-rupture-closure	Cervical Esophagus Wound or Rupture Closure	Zatvaranje rana ili rupture ezofagusa cervikalni
bolnica-danilo-i-cetinje	D02124	325.00	NULL	834.00	6047	removal-of-infected-implant-from-large-ventral-hernia	Removal of Infected Implant from Large Ventral Hernia	Vađenje inficiranog implantata kod velikih ventralnih hernija
bolnica-danilo-i-cetinje	D02125	325.00	NULL	834.00	6048	recurrent-hernia-after-phs-method-without-infection	Recurrent Hernia After PHS Method without Infection	Recidivantna kila koja je rađena PHS metodom bez infekcije
bolnica-danilo-i-cetinje	D02126	325.00	NULL	834.00	6049	bilateral-partial-thyroidectomy-minor	Bilateral Partial Thyroidectomy (Minor)	Tireoidektomija parcijalna bilateralna manja
bolnica-danilo-i-cetinje	D02127	325.00	NULL	834.00	6050	emergency-ligation-for-major-head-vessel-hemorrhage	Emergency Ligation for Major Head Vessel Hemorrhage	Hitna ligatura zbog jake hemoragije glavnih krvnih sudova glave
bolnica-danilo-i-cetinje	D02128	325.00	NULL	834.00	6051	emergency-thoracotomy-for-hemorrhage-control	Emergency Thoracotomy for Hemorrhage Control	Hitna torakotomija zbog odstranjivanja grumena krvi i krvavljenja
bolnica-danilo-i-cetinje	D02129	325.00	NULL	834.00	6052	permagna-ventral-incisional-hernioplasty	Permagna Ventral Incisional Hernioplasty	Hernioplastika ventralna inciziona permagna
bolnica-danilo-i-cetinje	D02130	325.00	NULL	834.00	6053	diaphragmatic-hernioplasty-abdominal-approach	Diaphragmatic Hernioplasty (Abdominal Approach)	Hernioplastika dijafragmalna abdominalni pristup
bolnica-danilo-i-cetinje	D02131	325.00	NULL	834.00	6054	hernia-with-bowel-resection	Hernia with Bowel Resection	Hernija sa resekcijom crijeva
bolnica-danilo-i-cetinje	D02132	325.00	NULL	834.00	6055	local-excision-of-gastric-polyp-or-benign-tumor	Local Excision of Gastric Polyp or Benign Tumor	Lokalna ekscizija polipa i benignog tumora želuca
bolnica-danilo-i-cetinje	D02133	325.00	NULL	834.00	6056	enterotomy-for-polyp-or-foreign-body	Enterotomy for Polyp or Foreign Body	Enterotomija radi polipa ili vađenja stranog tijela
bolnica-danilo-i-cetinje	D02134	325.00	NULL	834.00	6057	mikulicz-bowel-exteriorization	Mikulicz Bowel Exteriorization	Eksteriorizacija crijeva (Mikuliczeva operacija)
bolnica-danilo-i-cetinje	D02135	325.00	NULL	834.00	6058	excision-of-one-or-more-lesions-without-anastomosis	Excision of One or More Lesions without Anastomosis	Ekscizija jedne ili više lezija bez anastomoza, fistulizacije
bolnica-danilo-i-cetinje	D02136	325.00	NULL	834.00	6059	enteroenterostomy	Enteroenterostomy	Enteroenterostomija
bolnica-danilo-i-cetinje	D02137	325.00	NULL	834.00	6060	small-bowel-resection-with-anastomosis	Small Bowel Resection with Anastomosis	Resekcija tankog crijeva sa anastomozom
bolnica-danilo-i-cetinje	D02138	325.00	NULL	834.00	6061	direct-gallbladder-gi-tract-anastomosis	Direct Gallbladder-GI Tract Anastomosis	Direktna anastomoza žučne kese sa gastrointestinalnim traktom
bolnica-danilo-i-cetinje	D02139	325.00	NULL	834.00	6062	rectal-prolapse-excision-with-perineal-anastomosis	Rectal Prolapse Excision with Perineal Anastomosis	Ekscizija rektalnog prolapsa anastomozom — perinealni pristup
bolnica-danilo-i-cetinje	D02140	325.00	NULL	834.00	6063	retrovesical-fistula-closure	Retrovesical Fistula Closure	Zatvaranje retrovezikalne fistule
bolnica-danilo-i-cetinje	D02143	390.00	NULL	1000.80	6064	large-bilateral-subtotal-thyroidectomy	Large Bilateral Subtotal Thyroidectomy	Tireoidektomija subtotalna bilateralna velika
bolnica-danilo-i-cetinje	D02144	390.00	NULL	1000.80	6065	internal-cardiac-defibrillation-via-thoracotomy	Internal Cardiac Defibrillation via Thoracotomy	Unutrašnja defibrilacija srca kroz torakotomiju
bolnica-danilo-i-cetinje	D02146	390.00	NULL	1000.80	6066	thoracic-esophagus-wound-or-rupture-closure	Thoracic Esophagus Wound or Rupture Closure	Zatvaranje rana ili rupture ezofagusa torakalni
bolnica-danilo-i-cetinje	D02147	390.00	NULL	1000.80	6067	exploratory-thoracolaparotomy	Exploratory Thoracolaparotomy	Torakolaparotomija eksplorativna
bolnica-danilo-i-cetinje	D02148	390.00	NULL	1000.80	6068	local-excision-of-gastric-polyp-or-benign-tumor-with-resection	Local Excision of Gastric Polyp or Benign Tumor with Resection	Lokalna ekscizija polipa i benignog tumora želuca (resekcija)
bolnica-danilo-i-cetinje	D02149	390.00	NULL	1000.80	6069	operative-closure-of-gastrocolic-fistula	Operative Closure of Gastrocolic Fistula	Operativno zatvaranje gastrokolične fistule
bolnica-danilo-i-cetinje	D02150	390.00	NULL	1000.80	6070	excision-of-multiple-lesions-without-anastomosis-variant	Excision of Multiple Lesions without Anastomosis (Variant)	Ekscizija jedne ili više lezija bez anastomoza, fistulizacije (var.)
bolnica-danilo-i-cetinje	D02151	390.00	NULL	1000.80	6071	small-bowel-resection-with-stoma-formation	Small Bowel Resection with Stoma Formation	Resekcija tankog crijeva sa formiranjem stome
bolnica-danilo-i-cetinje	D02152	390.00	NULL	1000.80	6072	volvulus-or-intussusception-reduction-with-resection	Volvulus or Intussusception Reduction with Resection	Redukcija volvulusa, intususcepcije putem laparotomije sa resekcijom
bolnica-danilo-i-cetinje	D02153	390.00	NULL	1000.80	6073	suture-of-large-bowel-injury	Suture of Large Bowel Injury	Sutura povrede debelog crijeva
bolnica-danilo-i-cetinje	D02155	390.00	NULL	1000.80	6074	surgical-treatment-of-liver-abscess	Surgical Treatment of Liver Abscess	Hirurško zbrinjavanje abscesa jetre
bolnica-danilo-i-cetinje	D02156	390.00	NULL	1000.80	6075	excision-of-pelvic-abdominal-retroperitoneal-lymph-nodes	Excision of Pelvic, Abdominal, Retroperitoneal Lymph Nodes	Ekscizija limfnih čvorova karlice, abdomena, retroperitoneuma
bolnica-danilo-i-cetinje	D02157	390.00	NULL	1000.80	6076	cholecystectomy-with-choledochostomy-and-drainage	Cholecystectomy with Choledochostomy and Drainage	Holecistektomija, holedohostomija sa eksploracijom, drenažom
bolnica-danilo-i-cetinje	D02158	390.00	NULL	1000.80	6077	choledochotomy-with-biliary-intestinal-anastomosis	Choledochotomy with Biliary-Intestinal Anastomosis	Holedohotomija sa kreiranjem bilijarno-intestinalne anastomoze
bolnica-danilo-i-cetinje	D02159	390.00	NULL	1000.80	6078	subtotal-pancreatectomy	Subtotal Pancreatectomy	Pankreatektomija subtotalna
bolnica-danilo-i-cetinje	D02160	390.00	NULL	1000.80	6079	laparoscopic-colectomy	Laparoscopic Colectomy	Laparoskopska kolektomija
bolnica-danilo-i-cetinje	D02161	406.25	NULL	1042.50	6080	direct-intrahepatic-bile-duct-gi-anastomosis	Direct Intrahepatic Bile Duct - GI Anastomosis	Direktna anastomoza intrahepatičnih žučnih puteva i gastrointestinalnog
bolnica-danilo-i-cetinje	D02162	422.50	NULL	1084.20	6081	cholecystectomy-with-open-choledochus-exploration	Cholecystectomy with Open Choledochus Exploration	Holecistektomija sa otvorenom eksploracijom holedokusa
bolnica-danilo-i-cetinje	D02163	455.00	NULL	1167.60	6082	evacuation-of-liver-hydatid-cyst-large	Evacuation of Liver Hydatid Cyst (Large)	Evakuacija hidatidne ciste jetre — veća
bolnica-danilo-i-cetinje	D02164	455.00	NULL	1167.60	6083	cholecystectomy-with-transduodenal-sphincterotomy	Cholecystectomy with Transduodenal Sphincterotomy	Holecistektomija sa transduodenalnom sfinkterotomijom
bolnica-danilo-i-cetinje	D02165	487.50	NULL	1251.00	6084	surgery-for-traumatic-diaphragm-rupture-with-organ-prolapse	Surgery for Traumatic Diaphragm Rupture with Organ Prolapse	Operacija zbog traumatske rupture dijafragme sa prolapsom organa
bolnica-danilo-i-cetinje	D02166	487.50	NULL	1251.00	6085	cardiac-suture-for-injury	Cardiac Suture for Injury	Sutura srca kod povrede
bolnica-danilo-i-cetinje	D02167	487.50	NULL	1251.00	6086	emergency-thoracotomy-for-hemorrhage-control-variant	Emergency Thoracotomy for Hemorrhage Control (Variant)	Hitna torakotomija zbog odstranjivanja grumena krvi (var.)
bolnica-danilo-i-cetinje	D02168	487.50	NULL	1251.00	6087	pancreaticojejunostomy	Pancreaticojejunostomy	Pankreatikojejunostomija
bolnica-danilo-i-cetinje	D02169	487.50	NULL	1251.00	6088	internal-cyst-gi-tract-anastomosis	Internal Cyst-GI Tract Anastomosis	Interna direktna anastomoza ciste gastrointestinalnog trakta
bolnica-danilo-i-cetinje	D02170	487.50	NULL	1251.00	6089	rectal-prolapse-excision-with-abdominal-perineal-anastomosis	Rectal Prolapse Excision with Abdominal-Perineal Anastomosis	Ekscizija rektalnog prolapsa anastomozom — abdominalno-perinealni pristup
bolnica-danilo-i-cetinje	D02171	487.50	NULL	1251.00	6090	laparotomy-for-analrectal-region-injury	Laparotomy for Anal/Rectal Region Injury	Terapija ozljeda analnog predjela, lezija rektuma sa laparatomijom
bolnica-danilo-i-cetinje	D02172	585.00	NULL	1501.20	6091	gastrojejunal-anastomosis-revision-with-reconstruction-ulcer	Gastrojejunal Anastomosis Revision with Reconstruction (Ulcer)	Revizija gastrojejunalne anastomoze sa rekonstrukcijom (ulkus)
bolnica-danilo-i-cetinje	D02173	585.00	NULL	1501.20	6092	bilateral-pelvic-abdominal-retroperitoneal-lymph-node-excision	Bilateral Pelvic, Abdominal, Retroperitoneal Lymph Node Excision	Ekscizija limfnih čvorova karlice, abdomena, retroperitoneuma — bilateralna
bolnica-danilo-i-cetinje	D02176	812.50	NULL	2085.00	6093	colectomy-with-total-proctectomy-and-ileostomy	Colectomy with Total Proctectomy and Ileostomy	Kolektomija sa totalnom proktektomijom i ileostomijom
bolnica-danilo-i-cetinje	D02178	325.00	NULL	834.00	6094	colotomy-for-foreign-body-polyp	Colotomy (for Foreign Body, Polyp)	Kolotomija (za strana tijela, polipe i sl.)
bolnica-danilo-i-cetinje	D02179	65.00	NULL	166.80	6095	closed-intrapleural-pneumolysis	Closed Intrapleural Pneumolysis	Zatvorena intrapleuralna pneumoliza
bolnica-danilo-i-cetinje	D02184	97.50	NULL	250.20	6096	laparoscopic-tumorectomy	Laparoscopic Tumorectomy	Tumorektomija laparoskopska
bolnica-danilo-i-cetinje	D02185	113.75	NULL	291.90	6097	direct-unilateral-tep-inguinal-hernia-repair	Direct Unilateral TEP Inguinal Hernia Repair	Hernija TEP ingvinalna direktna unilateralna
bolnica-danilo-i-cetinje	D02186	113.75	NULL	291.90	6098	indirect-unilateral-tep-inguinal-hernia-repair	Indirect Unilateral TEP Inguinal Hernia Repair	Hernija TEP ingvinalna indirektna unilateralna
bolnica-danilo-i-cetinje	D02187	113.75	NULL	291.90	6099	indirect-unilateral-tapp-inguinal-hernia-repair	Indirect Unilateral TAPP Inguinal Hernia Repair	Hernija TAPP ingvinalna indirektna unilateralna
bolnica-danilo-i-cetinje	D02188	113.75	NULL	291.90	6100	direct-unilateral-tapp-inguinal-hernia-repair	Direct Unilateral TAPP Inguinal Hernia Repair	Hernija TAPP ingvinalna direktna unilateralna
bolnica-danilo-i-cetinje	D02189	113.75	NULL	291.90	6101	epigastric-hernia-repair	Epigastric Hernia Repair	Hernija epigastrična
bolnica-danilo-i-cetinje	D02191	130.00	NULL	333.60	6102	unilateral-tep-femoral-hernia-repair	Unilateral TEP Femoral Hernia Repair	Hernija TEP femoralna unilateralna
bolnica-danilo-i-cetinje	D02192	130.00	NULL	333.60	6103	unilateral-tapp-femoral-hernia-repair	Unilateral TAPP Femoral Hernia Repair	Hernija TAPP femoralna unilateralna
bolnica-danilo-i-cetinje	D02193	130.00	NULL	333.60	6104	laparoscopic-incarcerated-inguinal-hernia-repair	Laparoscopic Incarcerated Inguinal Hernia Repair	Ukliještena ingvinalna hernija — laparoskopska operacija
bolnica-danilo-i-cetinje	D02194	162.50	NULL	417.00	6105	laparoscopic-recurrent-inguinal-hernia-repair	Laparoscopic Recurrent Inguinal Hernia Repair	Recidivantna ingvinalna hernija — laparoskopska operacija
bolnica-danilo-i-cetinje	D02195	162.50	NULL	417.00	6106	staging-laparoscopy	Staging Laparoscopy	Staging laparoskopija
bolnica-danilo-i-cetinje	D02196	162.50	NULL	417.00	6107	laparoscopic-disinvagination-without-resection	Laparoscopic Disinvagination without Resection	Laparoskopska dezinvaginacija (bez resekcije)
bolnica-danilo-i-cetinje	D02197	162.50	NULL	417.00	6108	laparoscopic-adhesiolysis-for-ileus	Laparoscopic Adhesiolysis for Ileus	Laparoskopsko odvajanje abdominalnih priraslica (ileus)
bolnica-danilo-i-cetinje	D02198	193.38	NULL	496.23	6109	direct-bilateral-tapp-inguinal-hernia-repair	Direct Bilateral TAPP Inguinal Hernia Repair	Hernija TAPP ingvinalna direktna bilateralna
bolnica-danilo-i-cetinje	D02199	193.38	NULL	496.23	6110	indirect-bilateral-tapp-inguinal-hernia-repair	Indirect Bilateral TAPP Inguinal Hernia Repair	Hernija TAPP ingvinalna indirektna bilateralna
bolnica-danilo-i-cetinje	D02200	193.38	NULL	496.23	6111	direct-bilateral-tep-inguinal-hernia-repair	Direct Bilateral TEP Inguinal Hernia Repair	Hernija TEP ingvinalna direktna bilateralna
bolnica-danilo-i-cetinje	D02201	193.38	NULL	496.23	6112	indirect-bilateral-tep-inguinal-hernia-repair	Indirect Bilateral TEP Inguinal Hernia Repair	Hernija TEP ingvinalna indirektna bilateralna
bolnica-danilo-i-cetinje	D02202	195.00	NULL	500.40	6113	laparoscopic-operation-for-perforating-gastric-ulcer-with-biopsy	Laparoscopic Operation for Perforating Gastric Ulcer with Biopsy	Perforativni ulkus želuca sa biopsijom — laparoskopska operacija
bolnica-danilo-i-cetinje	D02204	260.00	NULL	667.20	6114	bilateral-tep-femoral-hernia-repair	Bilateral TEP Femoral Hernia Repair	Hernija TEP femoralna bilateralna
bolnica-danilo-i-cetinje	D02205	260.00	NULL	667.20	6115	bilateral-tapp-femoral-hernia-repair	Bilateral TAPP Femoral Hernia Repair	Hernija TAPP femoralna bilateralna
bolnica-danilo-i-cetinje	D02206	260.00	NULL	667.20	6116	laparoscopic-operation-for-perforated-duodenal-ulcer	Laparoscopic Operation for Perforated Duodenal Ulcer	Perforacija ulkusa duodenuma — laparoskopska operacija
bolnica-danilo-i-cetinje	D02208	292.50	NULL	750.60	6117	laparoscopic-hemostasis-of-liver-injury	Laparoscopic Hemostasis of Liver Injury	Hemostaza kod povrede jetre (sutura, koagulacija) — laparoskopska
bolnica-danilo-i-cetinje	D02210	325.00	NULL	834.00	6118	laparoscopic-hiatal-hernia-repair	Laparoscopic Hiatal Hernia Repair	Hiatus hernija — laparoskopska operacija
bolnica-danilo-i-cetinje	D02211	325.00	NULL	834.00	6119	laparoscopic-suture-of-traumatic-spleen-injury	Laparoscopic Suture of Traumatic Spleen Injury	Sutura traumatske povrede slezine — laparoskopska
bolnica-danilo-i-cetinje	D02213	325.00	NULL	834.00	6120	laparoscopic-pyloroplasty	Laparoscopic Pyloroplasty	Piloroplastika — laparoskopska operacija
bolnica-danilo-i-cetinje	D02214	325.00	NULL	834.00	6121	laparoscopic-total-vagotomy	Laparoscopic Total Vagotomy	Totalna vagotomija — laparoskopska operacija
bolnica-danilo-i-cetinje	D02215	325.00	NULL	834.00	6122	laparoscopic-selective-vagotomy	Laparoscopic Selective Vagotomy	Selektivna vagotomija — laparoskopska operacija
bolnica-danilo-i-cetinje	D02216	325.00	NULL	834.00	6123	laparoscopic-highly-selective-vagotomy	Laparoscopic Highly Selective Vagotomy	Supraselektivna vagotomija — laparoskopska operacija
bolnica-danilo-i-cetinje	D02217	325.00	NULL	834.00	6124	laparoscopic-diaphragmatic-suture-for-injury-or-spontaneous-rupture	Laparoscopic Diaphragmatic Suture for Injury or Spontaneous Rupture	Sutura dijafragme kod povreda ili spontane rupture — laparoskopska
bolnica-danilo-i-cetinje	D02219	390.00	NULL	1000.80	6125	choledochotomy-with-stone-extraction-and-primary-suture	Choledochotomy with Stone Extraction and Primary Suture	Holedohotomija sa ekstrakcijom kalkusa kod holedoholitijaze sa primarnim šavom
bolnica-danilo-i-cetinje	D02220	390.00	NULL	1000.80	6126	choledochotomy-with-stone-extraction-choledocholithiasis	Choledochotomy with Stone Extraction (Choledocholithiasis)	Holedohotomija sa ekstrakcijom kalkusa kod holedoholitijaze
bolnica-danilo-i-cetinje	D02221	390.00	NULL	1000.80	6127	laparoscopic-left-hemicolectomy-with-colorectal-anastomosis	Laparoscopic Left Hemicolectomy with Colorectal Anastomosis	Hemikolektomija lijeva — laparoskopska sa kolorekto anastomozom
bolnica-danilo-i-cetinje	D02222	390.00	NULL	1000.80	6128	laparoscopic-left-hemicolectomy-with-anastomosis-variant	Laparoscopic Left Hemicolectomy with Anastomosis (Variant)	Hemikolektomija lijeva — laparoskopska sa kolorekto anastomozom (var.)
bolnica-danilo-i-cetinje	D02223	390.00	NULL	1000.80	6129	laparoscopic-atypical-liver-resection	Laparoscopic Atypical Liver Resection	Atipične resekcije jetre — laparoskopska operacija
bolnica-danilo-i-cetinje	D02224	390.00	NULL	1000.80	6130	laparoscopic-left-pancreatectomy	Laparoscopic Left Pancreatectomy	Lijeva pankreatektomija — laparoskopska operacija
bolnica-danilo-i-cetinje	D02225	390.00	NULL	1000.80	6131	laparoscopic-distal-pancreatectomy-with-splenectomy	Laparoscopic Distal Pancreatectomy with Splenectomy	Distalna pankreatektomija sa splenektomijom — laparoskopska operacija
bolnica-danilo-i-cetinje	D02226	390.00	NULL	1000.80	6132	laparoscopic-transverse-colectomy	Laparoscopic Transverse Colectomy	Transverzokolektomija laparoskopska
bolnica-danilo-i-cetinje	D02227	406.25	NULL	1042.50	6133	laparoscopic-choledochoduodenoanastomosis	Laparoscopic Choledochoduodenoanastomosis	Holedohoduodenoanastomoza — laparoskopska operacija
bolnica-danilo-i-cetinje	D02228	406.25	NULL	1042.50	6134	laparoscopic-choledochojejunostomy	Laparoscopic Choledochojejunostomy	Holedohojejunoanastomoza — laparoskopska operacija
bolnica-danilo-i-cetinje	D02231	487.50	NULL	1251.00	6135	laparoscopic-partial-gastrectomy-with-gastrojejunostomy	Laparoscopic Partial Gastrectomy with Gastrojejunostomy	Parcijalna gastrektomija sa gastrojejunalnom anastomozom — laparoskopska
bolnica-danilo-i-cetinje	D02233	487.50	NULL	1251.00	6136	laparoscopic-left-liver-lobectomy	Laparoscopic Left Liver Lobectomy	Lijeva lobektomija jetre — laparoskopska operacija
bolnica-danilo-i-cetinje	D02237	650.00	NULL	1668.00	6137	laparoscopic-total-gastrectomy-with-splenectomy-and-lymphadenectomy	Laparoscopic Total Gastrectomy with Splenectomy and Lymphadenectomy	Totalna gastrektomija sa splenektomijom, omentektomijom i proširenom disekcijom — laparoskopska
bolnica-danilo-i-cetinje	D02239	812.50	NULL	2085.00	6138	laparoscopic-total-colectomy-with-ileorectal-anastomosis	Laparoscopic Total Colectomy with Ileorectal Anastomosis	Totalna kolektomija sa ileorektalnom anastomozom — laparoskopska
bolnica-danilo-i-cetinje	D02241	812.50	NULL	2085.00	6139	laparoscopic-right-liver-lobectomy	Laparoscopic Right Liver Lobectomy	Desna lobektomija jetre — laparoskopska operacija
bolnica-danilo-i-cetinje	D02243	162.50	NULL	417.00	6140	laparoscopic-liver-metastasectomy	Laparoscopic Liver Metastasectomy	Laparoskopska metastazektomija jetre
bolnica-danilo-i-cetinje	D02244	260.00	NULL	667.20	6141	pancreatic-abscess-incision-and-drainage	Pancreatic Abscess Incision and Drainage	Incizija i drenaža abscesa pankreasa
bolnica-danilo-i-cetinje	D02245	195.00	NULL	500.40	6142	laparoscopic-meckel-diverticulum-surgery	Laparoscopic Meckel Diverticulum Surgery	Laparoskopska operacija Meckel-divertikula
bolnica-danilo-i-cetinje	D02246	65.00	NULL	166.80	6143	laparoscopic-evacuation-and-drainage-of-intraperitoneal-abscess	Laparoscopic Evacuation and Drainage of Intraperitoneal Abscess	Laparoskopska evakuacija i drenaža intraperitonealnih abscesa
bolnica-danilo-i-cetinje	D02247	390.00	NULL	1000.80	6144	evacuation-of-hydatid-cyst-of-abdominal-organs-other-than-liver	Evacuation of Hydatid Cyst of Abdominal Organs (Other than Liver)	Evakuacija hidatidne ciste abdominalnih organa izvan jetre
bolnica-danilo-i-cetinje	D02248	325.00	NULL	834.00	6145	witzel-nutritional-jejunostomy	Witzel Nutritional Jejunostomy	Kreiranje nutritivne jejunostome (Witzel)
bolnica-danilo-i-cetinje	D02249	325.00	NULL	834.00	6146	abdominal-fundoplication-with-hiatal-correction	Abdominal Fundoplication with Hiatal Correction	Fundoplikacija abdominalnim pristupom sa korekcijom dijafragmalnog hijatusa
bolnica-danilo-i-cetinje	D02250	487.50	NULL	1251.00	6147	sigmoid-and-upper-rectal-resection-with-hartmann-stoma	Sigmoid and Upper Rectal Resection with Hartmann Stoma	Resekcija sigme i gornjeg rektuma sa kreiranjem derivacione stome (Hartmann)
bolnica-danilo-i-cetinje	D02251	325.00	NULL	834.00	6148	pyloroplasty-with-selective-vagotomy	Pyloroplasty with Selective Vagotomy	Piloroplastika sa selektivnom vagotomijom
bolnica-danilo-i-cetinje	D02252	325.00	NULL	834.00	6149	colon-diverting-stoma-without-resection	Colon Diverting Stoma without Resection	Izvođenje derivacione stome kolona bez resekcije
bolnica-danilo-i-cetinje	D02254	585.00	NULL	1501.20	6150	right-hemicolectomy-extended-with-stoma-formation	Right Hemicolectomy (Extended) with Stoma Formation	Desna hemikolektomija (i proširena) sa formiranjem stome
bolnica-danilo-i-cetinje	D02257	390.00	NULL	1000.80	6151	laparoscopic-left-hemicolectomy-with-stoma-formation	Laparoscopic Left Hemicolectomy with Stoma Formation	Lijeva hemikolektomija sa formiranjem stome — laparoskopska
bolnica-danilo-i-cetinje	D02258	390.00	NULL	1000.80	6152	subtotal-colectomy-with-anastomosis-right-transverse-left-colon	Subtotal Colectomy with Anastomosis (Right, Transverse, Left Colon)	Subtotalna kolektomija sa anastomozom (desni, transverzalni, lijevi kolon)
bolnica-danilo-i-cetinje	D02259	390.00	NULL	1000.80	6153	subtotal-colectomy-with-stoma-formation	Subtotal Colectomy with Stoma Formation	Subtotalna kolektomija sa formiranjem stome
bolnica-danilo-i-cetinje	D02260	65.00	NULL	166.80	6154	lower-limb-phlebectomy-for-recurrent-varicosities	Lower Limb Phlebectomy for Recurrent Varicosities	Flebektomija površnih vena donjih ekstremiteta zbog recidivantnih varikoziteta
bolnica-danilo-i-cetinje	D02262	975.00	NULL	2502.00	6155	total-pelvic-exenteration	Total Pelvic Exenteration	Evisceracija pelvisa
bolnica-danilo-i-cetinje	D03002	325.00	NULL	834.00	6160	transvaginal-incontinence-correction-tottvt-tape	Transvaginal Incontinence Correction (TOT/TVT Tape)	Korekcija inkontinencije transvaginalnim putem (TOT i TVT trake)
bolnica-danilo-i-cetinje	D03003	260.00	NULL	667.20	6161	ureterolithotomy	Ureterolithotomy	Ureterolitotomija
bolnica-danilo-i-cetinje	D03004	390.00	NULL	1000.80	6162	partial-nephrectomy	Partial Nephrectomy	Parcijalna nefrektomija
bolnica-danilo-i-cetinje	D03005	325.00	NULL	834.00	6163	renal-cyst-resection	Renal Cyst Resection	Resekcija ciste bubrega
bolnica-danilo-i-cetinje	D03010	130.00	NULL	333.60	6164	cystolithotomy-without-bladder-neck-resection	Cystolithotomy without Bladder Neck Resection	Cistolitotomija bez resekcije vrata
bolnica-danilo-i-cetinje	D03011	260.00	NULL	667.20	6165	bladder-tumor-ablationexcision	Bladder Tumor Ablation/Excision	Mokraćna bešika — ablacija, ekscizija tumora
bolnica-danilo-i-cetinje	D03012	390.00	NULL	1000.80	6166	pyelolithotomy	Pyelolithotomy	Pijelolitotomija
bolnica-danilo-i-cetinje	D03013	65.00	NULL	166.80	6167	foreign-body-removal-from-scrotum	Foreign Body Removal from Scrotum	Skrotum — odstranjivanje stranog tijela
bolnica-danilo-i-cetinje	D03014	130.00	NULL	333.60	6168	varicocele-surgery	Varicocele Surgery	Operacija varikocele
bolnica-danilo-i-cetinje	D03015	130.00	NULL	333.60	6169	testicular-torsion-reduction-with-contralateral-fixation	Testicular Torsion Reduction with Contralateral Fixation	Redukcija torzije testisa sa fiksacijom kontralateralnog testisa
bolnica-danilo-i-cetinje	D03016	292.50	NULL	750.60	6170	lower-ureter-quarter-ureterolithotomy	Lower Ureter Quarter Ureterolithotomy	Ureterolitotomija donje četvrtine uretera
bolnica-danilo-i-cetinje	D03017	97.50	NULL	250.20	6171	bilateral-orchiectomy	Bilateral Orchiectomy	Orhiektomija bilateralna
bolnica-danilo-i-cetinje	D03018	48.75	NULL	125.10	6172	urethrorrhaphy-partial-or-total-for-injury	Urethrorrhaphy (Partial or Total) for Injury	Uretrorafija parcijalna ili totalna kod povrede
bolnica-danilo-i-cetinje	D03019	325.00	NULL	834.00	6173	diverticulectomy-single	Diverticulectomy (Single)	Ekscizija divertikula (jedan)
bolnica-danilo-i-cetinje	D03020	162.50	NULL	417.00	6174	bladder-neck-resection-with-stone-extraction	Bladder Neck Resection with Stone Extraction	Mokraćna bešika — resekcija vrata sa vađenjem kamena
bolnica-danilo-i-cetinje	D03021	390.00	NULL	1000.80	6175	pyelo-and-nephrolithotomy	Pyelo- and Nephrolithotomy	Pijelo i nefrolitotomija
bolnica-danilo-i-cetinje	D03022	487.50	NULL	1251.00	6176	renal-stone-lithoclast	Renal Stone Lithoclast	Litoklast kamena u bubregu
bolnica-danilo-i-cetinje	D03023	455.00	NULL	1167.60	6177	nephrectomy-with-total-ureterectomy	Nephrectomy with Total Ureterectomy	Nefrektomija sa totalnom ureterktomijom
bolnica-danilo-i-cetinje	D03024	162.50	NULL	417.00	6178	partial-penile-amputation	Partial Penile Amputation	Amputacija penisa parcijalna
bolnica-danilo-i-cetinje	D03025	260.00	NULL	667.20	6179	total-penile-amputation	Total Penile Amputation	Amputacija penisa totalna
bolnica-danilo-i-cetinje	D03026	48.75	NULL	125.10	6180	epididymotomy	Epididymotomy	Epididimotomija
bolnica-danilo-i-cetinje	D03027	65.00	NULL	166.80	6181	surgical-treatment-of-urethrocele	Surgical Treatment of Urethrocele	Operativno liječenje uretrokele
bolnica-danilo-i-cetinje	D03029	81.25	NULL	208.50	6182	urethral-diverticulum-surgery	Urethral Diverticulum Surgery	Divertikulum uretre
bolnica-danilo-i-cetinje	D03030	81.25	NULL	208.50	6183	anterior-urethrolithotomy	Anterior Urethrolithotomy	Uretrolitotomija prednja uretra
bolnica-danilo-i-cetinje	D03031	81.25	NULL	208.50	6184	posterior-urethrolithotomy	Posterior Urethrolithotomy	Uretrolitotomija zadnja uretra
bolnica-danilo-i-cetinje	D03032	81.25	NULL	208.50	6185	spermatocele-excision-without-epididymectomy	Spermatocele Excision without Epididymectomy	Ekscizija spermatokele bez epididimektomije
bolnica-danilo-i-cetinje	D03033	97.50	NULL	250.20	6186	perineal-external-urethrotomy	Perineal External Urethrotomy	Uretrotomija eksterna perinealna
bolnica-danilo-i-cetinje	D03034	97.50	NULL	250.20	6187	urethral-injury-closure	Urethral Injury Closure	Zatvaranje povrede uretre
bolnica-danilo-i-cetinje	D03035	97.50	NULL	250.20	6188	urethrostomy-or-urethral-fistula-closure	Urethrostomy or Urethral Fistula Closure	Zatvaranje uretrostomije ili fistule uretre
bolnica-danilo-i-cetinje	D03036	97.50	NULL	250.20	6189	drainage-of-prevesical-and-perivesical-abscess	Drainage of Prevesical and Perivesical Abscess	Drenaža prevezikalnog i perivezikalnog abscesa
bolnica-danilo-i-cetinje	D03037	97.50	NULL	250.20	6190	vesicocutaneous-fistula-closure	Vesicocutaneous Fistula Closure	Fistula vezikokutanea — zatvaranje
bolnica-danilo-i-cetinje	D03038	97.50	NULL	250.20	6191	unilateral-epididymectomy	Unilateral Epididymectomy	Epididimektomija unilateralna
bolnica-danilo-i-cetinje	D03039	97.50	NULL	250.20	6192	hematocele-surgery	Hematocele Surgery	Hematocele
bolnica-danilo-i-cetinje	D03040	97.50	NULL	250.20	6193	spermatic-duct-hydrocele-excision	Spermatic Duct Hydrocele Excision	Ductus spermaticus — ekscizija hidrokele spermatičnog duktusa
bolnica-danilo-i-cetinje	D03041	97.50	NULL	250.20	6194	laparoscopic-varicocele-surgery	Laparoscopic Varicocele Surgery	Operacija varikocele — laparoskopska
bolnica-danilo-i-cetinje	D03042	97.50	NULL	250.20	6195	scrotal-resection	Scrotal Resection	Resekcija skrotuma
bolnica-danilo-i-cetinje	D03043	97.50	NULL	250.20	6196	prostatotomy-with-external-prostatic-abscess-drainage	Prostatotomy with External Prostatic Abscess Drainage	Prostatotomija — spoljna drenaža prostatičnog abscesa
bolnica-danilo-i-cetinje	D03044	130.00	NULL	333.60	6197	internal-urethrotomy	Internal Urethrotomy	Uretrotomija interna
bolnica-danilo-i-cetinje	D03045	130.00	NULL	333.60	6198	varicocele-excision-with-hernia-repair	Varicocele Excision with Hernia Repair	Ekscizija varikokele sa reparacijom hernije
bolnica-danilo-i-cetinje	D03046	146.25	NULL	375.30	6199	bilateral-epididymectomy	Bilateral Epididymectomy	Epididimektomija bilateralna
bolnica-danilo-i-cetinje	D03047	146.25	NULL	375.30	6200	unilateral-hydrocele-resection-with-hernia-operation	Unilateral Hydrocele Resection with Hernia Operation	Resekcija hidrokele unilateralna sa operacijom hernije
bolnica-danilo-i-cetinje	D03048	162.50	NULL	417.00	6201	exploratory-lumbotomy-renal-biopsy	Exploratory Lumbotomy (Renal Biopsy)	Eksplorativna lumbotomija (biopsija bubrega)
bolnica-danilo-i-cetinje	D03049	162.50	NULL	417.00	6202	bladder-neck-electroresection	Bladder Neck Electroresection	Elektroresekcija vrata mokraćne bešike
bolnica-danilo-i-cetinje	D03050	195.00	NULL	500.40	6203	surgical-treatment-of-periurethral-gangrenephlegmonabscess	Surgical Treatment of Periurethral Gangrene/Phlegmon/Abscess	Operativno liječenje difuzne periuretralne gangrene, flegmona i abscesa
bolnica-danilo-i-cetinje	D03051	195.00	NULL	500.40	6204	cystotomy-with-tumor-excision-or-electrocoagulation	Cystotomy with Tumor Excision or Electrocoagulation	Cistotomija sa egzerezom ili elektrokoagulacijom tumora mokraćne bešike
bolnica-danilo-i-cetinje	D03052	195.00	NULL	500.40	6205	bladder-exstrophy-surgery	Bladder Exstrophy Surgery	Operativno liječenje ekstrofije bešike — uspostavljanje kontinuiteta
bolnica-danilo-i-cetinje	D03053	195.00	NULL	500.40	6206	nephropexy	Nephropexy	Nefropeksija
bolnica-danilo-i-cetinje	D03054	195.00	NULL	500.40	6207	orchiectomy-with-superficial-inguinal-lymph-node-dissection	Orchiectomy with Superficial Inguinal Lymph Node Dissection	Orhiektomija sa disekcijom površnih ingvinalnih limfnih čvorova
bolnica-danilo-i-cetinje	D03055	211.25	NULL	542.10	6208	spermatocele-excision-with-epididymectomy	Spermatocele Excision with Epididymectomy	Ekscizija spermatokele sa epididimektomijom
bolnica-danilo-i-cetinje	D03056	195.00	NULL	500.40	6209	cryptorchism-surgical-treatment	Cryptorchism Surgical Treatment	Operativno liječenje kriptorhizma
bolnica-danilo-i-cetinje	D03057	227.50	NULL	583.80	6210	transurethral-tumor-resection	Transurethral Tumor Resection	Transuretralna resekcija tumora
bolnica-danilo-i-cetinje	D03058	227.50	NULL	583.80	6211	open-drainage-of-perirenal-or-renal-abscess	Open Drainage of Perirenal or Renal Abscess	Drenaža perirenalnog ili renalnog abscesa — otvor
bolnica-danilo-i-cetinje	D03059	260.00	NULL	667.20	6212	pyelo-and-nephrostomy	Pyelo- and Nephrostomy	Pijelo i nefrostomija
bolnica-danilo-i-cetinje	D03060	325.00	NULL	834.00	6213	acquired-urethrorectal-fistula-treatment	Acquired Urethrorectal Fistula Treatment	Operativno tretiranje uretrorektalnih fistula stečenih
bolnica-danilo-i-cetinje	D03061	325.00	NULL	834.00	6214	urethrovaginal-fistula-closure	Urethrovaginal Fistula Closure	Zatvaranje uretrovaginalne fistule
bolnica-danilo-i-cetinje	D03062	325.00	NULL	834.00	6215	urethral-carcinoma-excision-urethrectomy	Urethral Carcinoma Excision (Urethrectomy)	Ekscizija karcinoma uretre (uretrektomija)
bolnica-danilo-i-cetinje	D03063	325.00	NULL	834.00	6216	drainage-of-perineal-urinary-extravasation	Drainage of Perineal Urinary Extravasation	Drenaža perinealne urinarne ekstravazacije
bolnica-danilo-i-cetinje	D03064	325.00	NULL	834.00	6217	partial-cystectomy-without-orifice-resection	Partial Cystectomy without Orifice Resection	Cistektomija parcijalna bez resekcije ušća
bolnica-danilo-i-cetinje	D03065	325.00	NULL	834.00	6218	ureterosigmoidostomy	Ureterosigmoidostomy	Ureterosigmoidostomija
bolnica-danilo-i-cetinje	D03066	325.00	NULL	834.00	6219	transurethral-resection-of-multiple-tumors	Transurethral Resection of Multiple Tumors	Transuretralna resekcija multiplih tumora
bolnica-danilo-i-cetinje	D03067	325.00	NULL	834.00	6220	suture-of-vesicovaginal-postirradiation-fistula	Suture of Vesicovaginal Postirradiation Fistula	Sutura veziko vaginalne postiradiacione fistule
bolnica-danilo-i-cetinje	D03068	325.00	NULL	834.00	6221	unilateral-ureterocutaneostomy	Unilateral Ureterocutaneostomy	Ureterokutaneostomija unilateralna
bolnica-danilo-i-cetinje	D03069	325.00	NULL	834.00	6222	lumbar-ureteral-fistula-closure	Lumbar Ureteral Fistula Closure	Zatvaranje fistule uretera (lumbalne)
bolnica-danilo-i-cetinje	D03070	325.00	NULL	834.00	6223	ureteral-injury-repair	Ureteral Injury Repair	Zbrinjavanje povrede uretera
bolnica-danilo-i-cetinje	D03071	325.00	NULL	834.00	6224	aberrant-renal-vessels-resection	Aberrant Renal Vessels Resection	Resekcija aberantnih krvnih sudova bubrega
bolnica-danilo-i-cetinje	D03072	325.00	NULL	834.00	6225	pyelotomy-with-exploration-and-tumor-ablation	Pyelotomy with Exploration and Tumor Ablation	Pijelotomija sa eksploracijom (i ablacija tu.)
bolnica-danilo-i-cetinje	D03073	325.00	NULL	834.00	6226	pyelotomy-with-drainage	Pyelotomy with Drainage	Pijelotomija sa drenažom
bolnica-danilo-i-cetinje	D03074	325.00	NULL	834.00	6227	removal-of-pararenal-retroperitoneal-tumor	Removal of Pararenal (Retroperitoneal) Tumor	Vađenje tu pararenalis (retroperitonealis)
bolnica-danilo-i-cetinje	D03075	325.00	NULL	834.00	6228	tur-of-prostate-bladder-neck-resection	TUR of Prostate / Bladder Neck Resection	Transuretralna prostatektomija — resekcija vrata mokraćnog mjehura
bolnica-danilo-i-cetinje	D03076	325.00	NULL	834.00	6229	unilateral-ureterocystoneostomy	Unilateral Ureterocystoneostomy	Ureterocistoneostomija unilateralna
bolnica-danilo-i-cetinje	D03077	390.00	NULL	1000.80	6230	cervical-resection-with-open-bladder-isolated-operation	Cervical Resection with Open Bladder (Isolated Operation)	Resekcija cerviksa sa 'otvorenom bešikom' — izolovana operacija
bolnica-danilo-i-cetinje	D03078	390.00	NULL	1000.80	6231	closure-of-bladder-and-pelvic-injuries	Closure of Bladder and Pelvic Injuries	Zatvaranje i zašivanje povrede bešike i pelvisa
bolnica-danilo-i-cetinje	D03079	390.00	NULL	1000.80	6232	bilateral-ureterocutaneostomy	Bilateral Ureterocutaneostomy	Ureterokutaneostomija bilateralna
bolnica-danilo-i-cetinje	D03080	390.00	NULL	1000.80	6233	pelvic-ureteral-fistula-closure	Pelvic Ureteral Fistula Closure	Zatvaranje fistule uretera (pelvične)
bolnica-danilo-i-cetinje	D03081	390.00	NULL	1000.80	6234	urethrectomy-stump-only	Urethrectomy (Stump Only)	Uretrektomija (samo patrljak)
bolnica-danilo-i-cetinje	D03082	390.00	NULL	1000.80	6235	suture-of-renal-wound-or-injury	Suture of Renal Wound or Injury	Sutura bubrežne rane ili povrede
bolnica-danilo-i-cetinje	D03083	390.00	NULL	1000.80	6236	closure-of-nephrostomy-or-pyelostomy	Closure of Nephrostomy or Pyelostomy	Zatvaranje nefrostomije, pijelostomije i drugih bubrežnih
bolnica-danilo-i-cetinje	D03084	390.00	NULL	1000.80	6237	unilateral-adrenalectomy	Unilateral Adrenalectomy	Adrenalektomija jednostrana
bolnica-danilo-i-cetinje	D03085	422.50	NULL	1084.20	6238	ureteroplasty	Ureteroplasty	Ureteroplastika
bolnica-danilo-i-cetinje	D03086	422.50	NULL	1084.20	6239	pyeloureteroplasty	Pyeloureteroplasty	Pijeloureteroplastika
bolnica-danilo-i-cetinje	D03087	422.50	NULL	1084.20	6240	bilateral-ureterocystoneostomy	Bilateral Ureterocystoneostomy	Ureterocistoneostomija bilateralna
bolnica-danilo-i-cetinje	D03088	455.00	NULL	1167.60	6241	bladder-diverticulectomy	Bladder Diverticulectomy	Divertikulektomija mokraćne bešike
bolnica-danilo-i-cetinje	D03089	455.00	NULL	1167.60	6242	pyeloplasty	Pyeloplasty	Pijeloplastika
bolnica-danilo-i-cetinje	D03090	455.00	NULL	1167.60	6243	renal-pelvis-plastic-surgery-with-or-without-nephrostomy	Renal Pelvis Plastic Surgery (with or without Nephrostomy)	Plastična operacija na pelvis renalisu sa ili bez nefrostome
bolnica-danilo-i-cetinje	D03091	487.50	NULL	1251.00	6244	partial-cystectomy-with-orifice-resection-and-reimplantation	Partial Cystectomy with Orifice Resection and Reimplantation	Cistektomija parcijalna sa resekcijom ušća i reimplant.
bolnica-danilo-i-cetinje	D03092	487.50	NULL	1251.00	6245	pediculated-and-tubular-ureteral-implantation	Ureteral Implantation Using a Pedicled Tubular Bladder Flap (Boari)	Ureteralna implantacija putem pedikularnog i tubularnog isječka bešike (Boari)
bolnica-danilo-i-cetinje	D03093	487.50	NULL	1251.00	6246	horseshoe-kidney-surgery	Horseshoe Kidney Surgery	Operacija potkovičastog bubrega
bolnica-danilo-i-cetinje	D03094	520.00	NULL	1334.40	6247	simple-nephrectomy	Simple Nephrectomy	Nefrektomija — simplex
bolnica-danilo-i-cetinje	D03095	552.50	NULL	1417.80	6248	partial-cystectomy-with-orifice-resection-variant	Partial Cystectomy with Orifice Resection (Variant)	Cistektomija parcijalna sa resekcijom ušća i reimpl. (var.)
bolnica-danilo-i-cetinje	D03096	585.00	NULL	1501.20	6249	radical-orchiectomy-with-retroperitoneal-dissection	Radical Orchiectomy with Retroperitoneal Dissection	Orhiektomija radikalna sa retroperitonealnom disekcijom
bolnica-danilo-i-cetinje	D03097	585.00	NULL	1501.20	6250	open-radical-prostatectomy	Open Radical Prostatectomy	Radikalna prostatektomija — otvorena
bolnica-danilo-i-cetinje	D03098	650.00	NULL	1668.00	6251	total-cystectomy-with-mainz-pouch-i-ureterosigmoidostomy	Total Cystectomy with Mainz-Pouch I Ureterosigmoidostomy	Totalna cistektomija sa ureterosigmoidoanastomozom (Mainz-Pouch I)
bolnica-danilo-i-cetinje	D03099	650.00	NULL	1668.00	6252	bladder-resection-plus-reconstruction-for-exstrophy	Bladder Resection plus Reconstruction (for Exstrophy)	Operativno liječenje ekstrofije bešike — resekcija plus
bolnica-danilo-i-cetinje	D03100	650.00	NULL	1668.00	6253	radical-nephrectomy	Radical Nephrectomy	Nefrektomija radikalna
bolnica-danilo-i-cetinje	D03101	812.50	NULL	2085.00	6254	total-cystectomy-with-ileal-conduit	Total Cystectomy with Ileal Conduit	Totalna cistektomija sa ileal konduitom
bolnica-danilo-i-cetinje	D03104	276.25	NULL	708.90	6255	ureteral-stone-lithoclast	Ureteral Stone Lithoclast	Litoklast kamena u ureteru
bolnica-danilo-i-cetinje	D03105	130.00	NULL	333.60	6256	trus-guided-prostate-biopsy	TRUS-Guided Prostate Biopsy	TRUS biopsija prostate
bolnica-danilo-i-cetinje	D03106	65.00	NULL	166.80	6257	urethral-stone-extraction	Urethral Stone Extraction	Ekstrakcija kalkulusa iz uretre
bolnica-danilo-i-cetinje	D03107	32.50	NULL	83.40	6258	unilateral-vasotomy	Unilateral Vasotomy	Vazotomija unilateralna
bolnica-danilo-i-cetinje	D03108	48.75	NULL	125.10	6259	bilateral-vasotomy	Bilateral Vasotomy	Vazotomija bilateralna
bolnica-danilo-i-cetinje	D03109	48.75	NULL	125.10	6260	partial-or-complicated-vasotomy	Partial or Complicated Vasotomy	Vazotomija parcijalna ili komplikovana
bolnica-danilo-i-cetinje	D03111	97.50	NULL	250.20	6261	scrotal-plasty	Scrotal Plasty	Plastika skrotuma
bolnica-danilo-i-cetinje	D03112	97.50	NULL	250.20	6262	perineal-incisional-prostate-biopsy	Perineal Incisional Prostate Biopsy	Biopsija prostate incizijom kroz perineum
bolnica-danilo-i-cetinje	D03113	130.00	NULL	333.60	6263	unilateral-endoscopic-spermatic-vein-ligation	Unilateral Endoscopic Spermatic Vein Ligation	Endoskopska ligatura v. spermatike — jednostrana
bolnica-danilo-i-cetinje	D03115	195.00	NULL	500.40	6264	operative-penile-induration-plastic	Operative Penile Induration Plastic	Induratio penis plastica — operativa
bolnica-danilo-i-cetinje	D03116	195.00	NULL	500.40	6265	saphenous-vein-corpus-cavernosum-shunt	Saphenous Vein - Corpus Cavernosum Shunt	Vena saphena — corpus cavernosum shunt
bolnica-danilo-i-cetinje	D03117	227.50	NULL	583.80	6266	marion-urethral-tunnelization-plus-cystostomy	Marion Urethral Tunnelization plus Cystostomy	Tunelizacija uretre po Marionu plus cistostomija
bolnica-danilo-i-cetinje	D03118	260.00	NULL	667.20	6267	renal-sympathectomy-independent-nephrolysis	Renal Sympathectomy (Independent Nephrolysis)	Renalna simpatektomija (nefroliza nezavisna)
bolnica-danilo-i-cetinje	D03119	260.00	NULL	667.20	6268	unilateral-renal-decapsulation	Unilateral Renal Decapsulation	Dekapsulacija bubrega — unilateralna
bolnica-danilo-i-cetinje	D03120	325.00	NULL	834.00	6269	female-urethral-reconstruction-complete-treatment	Female Urethral Reconstruction (Complete Treatment)	Rekonstrukcija uretre kod žene — cjelokupno liječenje
bolnica-danilo-i-cetinje	D03121	325.00	NULL	834.00	6270	lumbar-ureterotomy-with-exploration-and-drainage	Lumbar Ureterotomy with Exploration and Drainage	Ureterotomija sa eksploracijom i drenažom (lumbalna)
bolnica-danilo-i-cetinje	D03122	390.00	NULL	1000.80	6271	pelvic-ureterotomy-with-exploration-and-drainage	Pelvic Ureterotomy with Exploration and Drainage	Ureterotomija sa eksploracijom i drenažom (pelvična)
bolnica-danilo-i-cetinje	D03123	390.00	NULL	1000.80	6272	bilateral-ureteroenterostomy	Bilateral Ureteroenterostomy	Ureteroenterostomija — bilateralna
bolnica-danilo-i-cetinje	D03124	390.00	NULL	1000.80	6273	horseshoe-kidney-symphysiotomy	Horseshoe Kidney Symphysiotomy	Simfiziotomija potkovičastog bubrega
bolnica-danilo-i-cetinje	D03125	390.00	NULL	1000.80	6274	bilateral-renal-decapsulation	Bilateral Renal Decapsulation	Dekapsulacija bubrega — bilateralna
bolnica-danilo-i-cetinje	D03126	422.50	NULL	1084.20	6275	unilateral-antireflux-surgery	Unilateral Antireflux Surgery	Antirefluks operacije — unilateralna
bolnica-danilo-i-cetinje	D03127	422.50	NULL	1084.20	6276	laparoscopic-ureteral-surgery	Laparoscopic Ureteral Surgery	Laparoskopija — operacija na ureteru
bolnica-danilo-i-cetinje	D03128	455.00	NULL	1167.60	6277	laparoscopic-pyeloureteroplasty	Laparoscopic Pyeloureteroplasty	Laparoskopija — pijeloureteroplastika
bolnica-danilo-i-cetinje	D03129	487.50	NULL	1251.00	6278	ureterointestinoplasty	Ureterointestinoplasty	Ureterointestinoplastika
bolnica-danilo-i-cetinje	D03130	487.50	NULL	1251.00	6279	surgery-on-congenital-anomalous-kidneys	Surgery on Congenital Anomalous Kidneys	Operacija na urođeno anomaličnim bubrezima
bolnica-danilo-i-cetinje	D03131	487.50	NULL	1251.00	6280	corrective-procedures-on-renal-vessels	Corrective Procedures on Renal Vessels	Korektivni zahvati na krvnim sudovima bubrega
bolnica-danilo-i-cetinje	D03132	520.00	NULL	1334.40	6281	bilateral-antireflux-surgery	Bilateral Antireflux Surgery	Antirefluks operacije — bilateralna
bolnica-danilo-i-cetinje	D03133	520.00	NULL	1334.40	6282	pheochromocytoma-surgery	Pheochromocytoma Surgery	Operacija feohromocitoma
bolnica-danilo-i-cetinje	D03134	520.00	NULL	1334.40	6283	laparoscopic-simple-nephrectomy	Laparoscopic Simple Nephrectomy	Laparoskopija — simplex nefrektomija
bolnica-danilo-i-cetinje	D03135	585.00	NULL	1501.20	6284	bilateral-adrenalectomy	Bilateral Adrenalectomy	Adrenalektomija obostrana
bolnica-danilo-i-cetinje	D03136	585.00	NULL	1501.20	6285	radical-penile-amputation-with-pelvic-dissection	Radical Penile Amputation with Pelvic Dissection	Amputacija penisa radikalna sa disekcijom pelvisa
bolnica-danilo-i-cetinje	D03137	650.00	NULL	1668.00	6286	congenital-urethrorectal-fistula-treatment	Congenital Urethrorectal Fistula Treatment	Operativno liječenje uretrorektalnih fistula — kongenitalnih, cjelokupno
bolnica-danilo-i-cetinje	D03138	650.00	NULL	1668.00	6287	ureteral-replacement-with-ileum	Ureteral Replacement with Ileum	Zamjena uretera ileumom
bolnica-danilo-i-cetinje	D03139	650.00	NULL	1668.00	6288	laparoscopic-radical-nephrectomy	Laparoscopic Radical Nephrectomy	Laparoskopija — radikalna nefrektomija
bolnica-danilo-i-cetinje	D03140	812.50	NULL	2085.00	6289	total-cystectomy-with-bladder-replacement-by-intestinal-graft	Total Cystectomy with Bladder Replacement by Intestinal Graft	Cistektomija total sa zamjenjivanjem bešike intestinalnim kalemom
bolnica-danilo-i-cetinje	D03142	325.00	NULL	834.00	6290	male-incontinence-correction	Male Incontinence Correction	Korekcija inkontinencije kod muškaraca
bolnica-danilo-i-cetinje	D03143	65.00	NULL	166.80	6291	subcapsular-orchiectomy	Subcapsular Orchiectomy	Subkapsularna orhiektomija
bolnica-danilo-i-cetinje	D03144	97.50	NULL	250.20	6292	funiculocele-surgery	Funiculocele Surgery	Operacija funikocele
bolnica-danilo-i-cetinje	D03145	585.00	NULL	1501.20	6293	transvesicalretropubic-prostatectomy-with-bladder-neck-resection	Transvesical/Retropubic Prostatectomy with Bladder Neck Resection	Transvezikalna i retropubična prostatektomija sa resekcijom vrata
bolnica-danilo-i-cetinje	D03146	325.00	NULL	834.00	6294	tanagho-or-burch-colpocystourethropexy	Tanagho or Burch Colpocystourethropexy	Kolpocistouretropeksija (Tanagho ili Burch)
bolnica-danilo-i-cetinje	D03147	42.25	NULL	108.42	6295	penile-injury-repair	Penile Injury Repair	Zbrinjavanje povrede penisa
bolnica-danilo-i-cetinje	D03148	195.00	NULL	500.40	6296	epididymo-vasal-anastomosis	Epididymo-Vasal Anastomosis	Operacija na epididimu — epididimo duktalna anastomoza
bolnica-danilo-i-cetinje	D03149	260.00	NULL	667.20	6297	percutaneous-drainage-of-perinephric-or-renal-abscess	Percutaneous Drainage of Perinephric or Renal Abscess	Evakuacija i drenaža perinefričnog ili renalnog abscesa perkutano
bolnica-danilo-i-cetinje	D03150	520.00	NULL	1334.40	6298	laparoscopic-partial-nephrectomy	Laparoscopic Partial Nephrectomy	Laparoskopija — parcijalna nefrektomija
bolnica-danilo-i-cetinje	D03151	325.00	NULL	834.00	6299	laparoscopic-renal-cyst-surgery	Laparoscopic Renal Cyst Surgery	Laparoskopija — operacija ciste bubrega
bolnica-danilo-i-cetinje	D03201	715.00	NULL	1834.80	6300	total-cystectomy-with-ureterocutaneostomy	Total Cystectomy with Ureterocutaneostomy	Totalna cistektomija sa ureterokutaneostomijom
bolnica-danilo-i-cetinje	D03202	812.50	NULL	2085.00	6301	total-cystectomy-with-orthotopic-bladder	Total Cystectomy with Orthotopic Bladder	Totalna cistektomija sa ortotopskom bešikom
bolnica-danilo-i-cetinje	D03203	812.50	NULL	2085.00	6302	bladder-augmentation	Bladder Augmentation	Augmentacija mokraćne bešike
bolnica-danilo-i-cetinje	D03204	276.25	NULL	708.90	6303	anterior-urethroplasty-for-stenosis	Anterior Urethroplasty for Stenosis	Plastika prednje uretre zbog stenoze
bolnica-danilo-i-cetinje	D03205	487.50	NULL	1251.00	6304	posterior-urethroplasty-for-stenosis	Posterior Urethroplasty for Stenosis	Plastika zadnje uretre zbog stenoze
bolnica-danilo-i-cetinje	D03207	455.00	NULL	1167.60	6305	donor-nephrectomy	Donor Nephrectomy	Donor nefrektomija
bolnica-danilo-i-cetinje	D03208	812.50	NULL	2085.00	6306	kidney-transplantation-in-recipient	Kidney Transplantation in Recipient	Transplantacija bubrega kod recipijenta
bolnica-danilo-i-cetinje	D03209	276.25	NULL	708.90	6307	laparoscopic-adrenalectomy	Laparoscopic Adrenalectomy	Laparoskopija — adrenalektomija
bolnica-danilo-i-cetinje	D03210	812.50	NULL	2085.00	6308	laparoscopic-pelvic-lymphadenectomy	Laparoscopic Pelvic Lymphadenectomy	Laparoskopija — limfadenektomija pelvična
bolnica-danilo-i-cetinje	D03211	812.50	NULL	2085.00	6309	laparoscopic-total-cystectomy	Laparoscopic Total Cystectomy	Laparoskopija — cistektomija totalis
bolnica-danilo-i-cetinje	D03212	633.75	NULL	1626.30	6310	laparoscopic-cystoprostatectomy	Laparoscopic Cystoprostatectomy	Laparoskopija — cistoprostatektomija totalis
bolnica-danilo-i-cetinje	D03213	585.00	NULL	1501.20	6311	laparoscopic-radical-prostatectomy	Laparoscopic Radical Prostatectomy	Laparoskopija — prostatektomija radikalna
bolnica-danilo-i-cetinje	D04002	130.00	NULL	333.60	6312	unilateral-external-ethmoidectomy	Unilateral External Ethmoidectomy	Etmoidektomija spoljna jednostrana
bolnica-danilo-i-cetinje	D04003	260.00	NULL	667.20	6313	nasal-reconstruction-with-local-flap-or-free-graft	Nasal Reconstruction with Local Flap or Free Graft	Rekonstrukcija nosa, kolumele, kavuma nosa lokalnim režnjem ili slobodnim transplantatom
bolnica-danilo-i-cetinje	D04004	130.00	NULL	333.60	6314	septorhinoplasty	Septorhinoplasty	Septorinoplastika
bolnica-danilo-i-cetinje	D04005	97.50	NULL	250.20	6315	unilateral-nasal-polyp-ablation-with-ethmoidectomy	Unilateral Nasal Polyp Ablation with Ethmoidectomy	Ablacija polipa nosa sa etmoidektomijom — unilateralna
bolnica-danilo-i-cetinje	D04006	195.00	NULL	500.40	6316	excision-of-large-neck-cyst	Excision of Large Neck Cyst	Ablacija velikih cista vrata
bolnica-danilo-i-cetinje	D04007	146.25	NULL	375.30	6317	bilateral-otoplasty	Bilateral Otoplasty	Korektivna hirurgija uha — bilateralna
bolnica-danilo-i-cetinje	D04008	260.00	NULL	667.20	6318	cottle-nasal-septoplasty	Cottle Nasal Septoplasty	Plastika septuma nosa — Cottle
bolnica-danilo-i-cetinje	D04009	227.50	NULL	583.80	6319	corrective-rhinoplasty-with-osteotomy	Corrective Rhinoplasty with Osteotomy	Korektivna rinoplastika sa osteotomijom
bolnica-danilo-i-cetinje	D04010	325.00	NULL	834.00	6320	excision-of-nasal-malignant-tumor	Excision of Nasal Malignant Tumor	Ekscizija nazalnog malignog tumora
bolnica-danilo-i-cetinje	D04011	195.00	NULL	500.40	6321	radical-surgery-for-lip-malignant-tumor-with-soft-tissue-resection	Radical Surgery for Lip Malignant Tumor with Soft Tissue Resection	Radikalna operacija malignih tumora usne sa resekcijom mekih tkiva
bolnica-danilo-i-cetinje	D04012	195.00	NULL	500.40	6322	radical-resection-of-auricular-malignant-tumor	Radical Resection of Auricular Malignant Tumor	Radikalna resekcija zbog malignih tumora ušne školjke
bolnica-danilo-i-cetinje	D04013	65.00	NULL	166.80	6323	simple-resection-of-auricular-malignant-tumor	Simple Resection of Auricular Malignant Tumor	Maligni tumor uške — obična resekcija
bolnica-danilo-i-cetinje	D04014	81.25	NULL	208.50	6324	excision-of-external-ear-canal-osteoma-or-exostosis	Excision of External Ear Canal Osteoma or Exostosis	Ekstirpacija osteoma ili egzostoza spoljašnjeg ušnog kanala
bolnica-danilo-i-cetinje	D04015	130.00	NULL	333.60	6325	infant-antrotomy-bilateral-or-unilateral	Infant Antrotomy (Bilateral or Unilateral)	Antrotomija odojčeta — obostrano ili jednostrano
bolnica-danilo-i-cetinje	D04016	130.00	NULL	333.60	6326	mastoidectomy	Mastoidectomy	Mastoidektomija
bolnica-danilo-i-cetinje	D04018	65.00	NULL	166.80	6327	excision-of-nasal-benign-tumor	Excision of Nasal Benign Tumor	Ekscizija nazalnog benignog tumora
bolnica-danilo-i-cetinje	D04019	97.50	NULL	250.20	6328	submucosal-resection-of-nasal-septum-partial-or-extended	Submucosal Resection of Nasal Septum (Partial or Extended)	Submukozna resekcija nosnog septuma — parcijalna ili proširena
bolnica-danilo-i-cetinje	D04020	195.00	NULL	500.40	6329	bilateral-external-ethmoidectomy	Bilateral External Ethmoidectomy	Etmoidektomija spoljna obostrana
bolnica-danilo-i-cetinje	D04021	97.50	NULL	250.20	6330	unilateral-endonasal-maxillary-sinus-surgery	Unilateral Endonasal Maxillary Sinus Surgery	Endonazalna operacija maksilarnih sinusa — jednostrana
bolnica-danilo-i-cetinje	D04022	146.25	NULL	375.30	6331	bilateral-endonasal-maxillary-sinus-surgery	Bilateral Endonasal Maxillary Sinus Surgery	Endonazalna operacija maksilarnih sinusa — obostrano
bolnica-danilo-i-cetinje	D04023	195.00	NULL	500.40	6332	unilateral-riedel-frontal-sinus-radical-surgery	Unilateral Riedel Frontal Sinus Radical Surgery	Radikalna operacija čeonog sinusa (Riedel) — jednostrano
bolnica-danilo-i-cetinje	D04024	195.00	NULL	500.40	6333	frontal-sinus-revision-fracture-elevation	Frontal Sinus Revision (Fracture Elevation)	Revizija frontalnog sinusa — elevacija frakture i sl. uni- ili bilateralno
bolnica-danilo-i-cetinje	D04027	97.50	NULL	250.20	6334	unilateral-otoplasty	Unilateral Otoplasty	Korektivna hirurgija uha — unilateralna
bolnica-danilo-i-cetinje	D04028	113.75	NULL	291.90	6335	treatment-of-larger-wounds-with-skin-defect-closure	Treatment of Larger Wounds with Skin Defect Closure	Obrada većih rana sa defektom kože koje zahtjevaju zatvaranje
bolnica-danilo-i-cetinje	D04029	130.00	NULL	333.60	6336	sistrunk-operation-for-median-neck-cystfistula	Sistrunk Operation for Median Neck Cyst/Fistula	Operacija medijalnih cista i fistula vrata — Sistrunk
bolnica-danilo-i-cetinje	D04030	130.00	NULL	333.60	6337	excision-of-tongue-malignant-tumor-with-primary-plasty	Excision of Tongue Malignant Tumor with Primary Plasty	Ekscizija malignih tumora jezika i primarna plastika
bolnica-danilo-i-cetinje	D04031	195.00	NULL	500.40	6338	lateral-neck-cystfistula-operation	Lateral Neck Cyst/Fistula Operation	Operacija lateralnih cista i fistula vrata
bolnica-danilo-i-cetinje	D04032	195.00	NULL	500.40	6339	cartilage-graft-harvesting-and-modeling	Cartilage Graft Harvesting and Modeling	Uzimanje i modeliranje hrskavičavog transplantata
bolnica-danilo-i-cetinje	D04033	195.00	NULL	500.40	6340	transmeatal-myringoplasty	Transmeatal Myringoplasty	Miringoplastika — transmeatalni pristup
bolnica-danilo-i-cetinje	D04034	260.00	NULL	667.20	6341	radical-trepanationre-trepanation-of-middle-ear	Radical Trepanation/Re-trepanation of Middle Ear	Radikalna trepanacija i retrepanacija srednjeg uva
bolnica-danilo-i-cetinje	D04035	325.00	NULL	834.00	6342	unilateral-radical-neck-dissection	Unilateral Radical Neck Dissection	Radikalna disekcija vrata — jednostrana
bolnica-danilo-i-cetinje	D04036	325.00	NULL	834.00	6343	total-ear-reconstruction	Total Ear Reconstruction	Rekonstrukcija uha — totalna, nezavisna od metode
bolnica-danilo-i-cetinje	D04037	325.00	NULL	834.00	6344	facial-nerve-decompression-with-mastoidectomy-and-trepanation	Facial Nerve Decompression with Mastoidectomy and Trepanation	Dekompresija ličnog živca sa mastoidektomijom, trepanacijom
bolnica-danilo-i-cetinje	D04038	390.00	NULL	1000.80	6345	stapedovestibular-surgery-stapedoplasty-fenestration-mobilization-adhesiolysis	Stapedovestibular Surgery (Stapedoplasty, Fenestration, Mobilization, Adhesiolysis)	Stapedovestibularna operacija (stapedoplastika, fenestracija, mobilizacija, adhezioliza)
bolnica-danilo-i-cetinje	D04039	422.50	NULL	1084.20	6346	tympanoplasty-various-types-with-atticotomy	Tympanoplasty Various Types with Atticotomy	Timpanoplastika razni tipovi sa atikotomijom
bolnica-danilo-i-cetinje	D04040	585.00	NULL	1501.20	6347	cochlear-implant-implantation	Cochlear Implant Implantation	Ugradnja kohlearnog implantata
bolnica-danilo-i-cetinje	D04041	19.50	NULL	50.04	6348	unilateral-tympanostomy-tube-removal	Unilateral Tympanostomy Tube Removal	Odstranjivanje aeracionih cjevčica — jednostrano
bolnica-danilo-i-cetinje	D04042	26.00	NULL	66.72	6349	bilateral-tympanostomy-tube-removal	Bilateral Tympanostomy Tube Removal	Odstranjivanje aeracionih cjevčica — obostrano
bolnica-danilo-i-cetinje	D04043	39.00	NULL	100.08	6350	bilateral-nasal-polyp-ablation	Bilateral Nasal Polyp Ablation	Ablacija nazalnog polipa — obostrana
bolnica-danilo-i-cetinje	D04044	42.25	NULL	108.42	6351	adenotomy	Adenotomy	Adenotomija
bolnica-danilo-i-cetinje	D04045	48.75	NULL	125.10	6352	tympanic-membrane-repositioning	Tympanic Membrane Repositioning	Repozicija bubne opne
bolnica-danilo-i-cetinje	D04046	48.75	NULL	125.10	6353	external-or-middle-ear-polyp-ablation	External or Middle Ear Polyp Ablation	Ablacija polipa spoljašnjeg/srednjeg uha
bolnica-danilo-i-cetinje	D04047	53.63	NULL	137.61	6354	tonsillectomy-with-adenotomy	Tonsillectomy with Adenotomy	Tonzilektomija sa adenotomijom
bolnica-danilo-i-cetinje	D04048	65.00	NULL	166.80	6355	auricular-suture	Auricular Suture	Sutura ušne školjke
bolnica-danilo-i-cetinje	D04049	81.25	NULL	208.50	6356	surgery-for-benign-lip-and-tongue-tumors	Surgery for Benign Lip and Tongue Tumors	Operacija benignih tumora usana i jezika
bolnica-danilo-i-cetinje	D04050	97.50	NULL	250.20	6357	auricular-reconstruction-after-injury	Auricular Reconstruction After Injury	Rekonstrukcija ušne školjke nakon povrede
bolnica-danilo-i-cetinje	D04051	130.00	NULL	333.60	6358	ablation-of-external-auditory-canal-malignant-tumor	Ablation of External Auditory Canal Malignant Tumor	Ablacija malignih tumora MAE
bolnica-danilo-i-cetinje	D04052	146.25	NULL	375.30	6359	bilateral-endonasal-ethmoidectomy-with-polyp-ablation	Bilateral Endonasal Ethmoidectomy with Polyp Ablation	Endonazalna etmoidektomija sa ablacijom polipa iz nosa — obostrana
bolnica-danilo-i-cetinje	D04053	162.50	NULL	417.00	6360	unilateral-caldwell-luc-maxillary-sinus-surgery	Unilateral Caldwell-Luc Maxillary Sinus Surgery	Operacija maksilarnih sinusa (Caldwell-Luc) — jednostrano
bolnica-danilo-i-cetinje	D04054	195.00	NULL	500.40	6361	external-auditory-canal-reconstruction	External Auditory Canal Reconstruction	Rekonstrukcija spoljašnjeg slušnog kanala
bolnica-danilo-i-cetinje	D04055	227.50	NULL	583.80	6362	bilateral-caldwell-luc-maxillary-sinus-surgery	Bilateral Caldwell-Luc Maxillary Sinus Surgery	Operacija maksilarnih sinusa (Caldwell-Luc) — obostrano
bolnica-danilo-i-cetinje	D04056	13.00	NULL	33.36	6363	tympanocentesis-with-tube-placement-unilateral	Tympanocentesis with Tube Placement (Unilateral)	Paracenteza bubne opne sa postavljanjem cjevčice za aeraciju i drenažu — unilateralna
bolnica-danilo-i-cetinje	D04057	19.50	NULL	50.04	6364	tympanocentesis-with-tube-placement-bilateral	Tympanocentesis with Tube Placement (Bilateral)	Paracenteza bubne opne sa postavljanjem cjevčice za aeraciju i drenažu — obostrana
bolnica-danilo-i-cetinje	D04058	65.00	NULL	166.80	6365	excision-of-congenital-nasal-fistula	Excision of Congenital Nasal Fistula	Ekstirpacija kongenitalne fistule nosa
bolnica-danilo-i-cetinje	D04059	487.50	NULL	1251.00	6366	modified-radical-trepanation-of-temporal-bone	Modified Radical Trepanation of Temporal Bone	Modifikovana radikalna trepanacija temporalne kosti
bolnica-danilo-i-cetinje	D04060	390.00	NULL	1000.80	6367	radical-trepanation-of-temporal-bone	Radical Trepanation of Temporal Bone	Radikalna trepanacija temporalne kosti
bolnica-danilo-i-cetinje	D04061	130.00	NULL	333.60	6368	unilateral-atrophic-rhinitis-surgery	Unilateral Atrophic Rhinitis Surgery	Operacija atrofičnog rinitisa — jednostrana
bolnica-danilo-i-cetinje	D04062	195.00	NULL	500.40	6369	bilateral-atrophic-rhinitis-surgery	Bilateral Atrophic Rhinitis Surgery	Operacija atrofičnog rinitisa — obostrana
bolnica-danilo-i-cetinje	D04063	195.00	NULL	500.40	6370	unilateral-frontal-sinus-osteoplastic-surgery	Unilateral Frontal Sinus Osteoplastic Surgery	Osteoplastična operacija frontalnog sinusa — jednostrano
bolnica-danilo-i-cetinje	D04064	292.50	NULL	750.60	6371	bilateral-frontal-sinus-osteoplastic-surgery	Bilateral Frontal Sinus Osteoplastic Surgery	Osteoplastična operacija frontalnog sinusa — obostrano
bolnica-danilo-i-cetinje	D04065	110.50	NULL	283.56	6372	rttenburg-frontal-sinus-drainage	Rüttenburg Frontal Sinus Drainage	Drenaža frontalnog sinusa — Rutenburg
bolnica-danilo-i-cetinje	D04066	227.50	NULL	583.80	6373	functional-endoscopic-sinus-surgery-fess	Functional Endoscopic Sinus Surgery (FESS)	Funkcionalna endoskopska hirurgija sinusa (FESS)
bolnica-danilo-i-cetinje	D04067	65.00	NULL	166.80	6374	excision-of-congenital-ear-fistula	Excision of Congenital Ear Fistula	Ekstirpacija kongenitalne fistule uha
bolnica-danilo-i-cetinje	D04068	195.00	NULL	500.40	6375	retroauricular-myringoplasty	Retroauricular Myringoplasty	Miringoplastika — retroaurikularni pristup
bolnica-danilo-i-cetinje	D04069	390.00	NULL	1000.80	6376	myringoplasty-with-ossicular-chain-reconstruction	Myringoplasty with Ossicular Chain Reconstruction	Miringoplastika sa rekonstrukcijom lanca slušnih koščica
bolnica-danilo-i-cetinje	D04070	487.50	NULL	1251.00	6377	bilateral-radical-neck-dissection	Bilateral Radical Neck Dissection	Radikalna disekcija vrata obostrana
bolnica-danilo-i-cetinje	D04071	26.00	NULL	66.72	6378	unilateral-nasal-polyp-ablation	Unilateral Nasal Polyp Ablation	Ablacija nazalnog polipa — jednostrana
bolnica-danilo-i-cetinje	D04072	182.00	NULL	467.04	6379	surgical-closure-of-nasal-septal-perforation	Surgical Closure of Nasal Septal Perforation	Hirurško zatvaranje otvora u nosnoj pregradi
bolnica-danilo-i-cetinje	D04073	130.00	NULL	333.60	6380	closure-of-roundoval-window-fistula-of-inner-ear	Closure of Round/Oval Window Fistula of Inner Ear	Zatvaranje fistule okruglog/ovalnog otvora unutrašnjeg uha
bolnica-danilo-i-cetinje	D04074	81.25	NULL	208.50	6381	de-epithelialization-of-perforated-tympanic-membrane-edge	De-epithelialization of Perforated Tympanic Membrane Edge	Deepitelizacija ivice perforirane bubne opne
bolnica-danilo-i-cetinje	D04075	260.00	NULL	667.20	6382	middle-ear-exploration	Middle Ear Exploration	Eksploracija srednjeg uha
bolnica-danilo-i-cetinje	D04076	48.75	NULL	125.10	6383	unilateral-choanal-membranous-atresia-plasty	Unilateral Choanal Membranous Atresia Plasty	Plastika hoanalne membranozne atrezije — jednostrano
bolnica-danilo-i-cetinje	D04077	65.00	NULL	166.80	6384	bilateral-choanal-membranous-atresia-plasty	Bilateral Choanal Membranous Atresia Plasty	Plastika hoanalne membranozne atrezije — obostrano
bolnica-danilo-i-cetinje	D04078	195.00	NULL	500.40	6385	unilateral-choanal-bony-atresia-plasty	Unilateral Choanal Bony Atresia Plasty	Plastika hoanalne koštane atrezije — jednostrano
bolnica-danilo-i-cetinje	D04079	260.00	NULL	667.20	6386	bilateral-choanal-bony-atresia-plasty	Bilateral Bony Choanal Atresia Repair	Plastika hoanalne koštane atrezije — obostrano
bolnica-danilo-i-cetinje	D04080	325.00	NULL	834.00	6387	unilateral-de-lima-sinus-operation	Unilateral De Lima Sinus Operation	Operacija sinusa (De Lima) — jednostrano
bolnica-danilo-i-cetinje	D04081	455.00	NULL	1167.60	6388	bilateral-de-lima-sinus-operation	Bilateral De Lima Sinus Operation	Operacija sinusa (De Lima) — obostrano
bolnica-danilo-i-cetinje	D04082	97.50	NULL	250.20	6389	vallecular-cyst-removal	Vallecular Cyst Removal	Uklanjanje ciste valekule
bolnica-danilo-i-cetinje	D04083	81.25	NULL	208.50	6390	laryngotomy-or-laryngofissure	Laryngotomy or Laryngofissure	Laringotomija ili laringofisura
bolnica-danilo-i-cetinje	D05001	650.00	NULL	1668.00	6392	acetabulum-and-proximal-femur-arthroplasty	Acetabulum and Proximal Femur Arthroplasty (Total Hip)	Artroplastika acetabuluma i proksimalnog dijela femura (cijeli kuk)
bolnica-danilo-i-cetinje	D05002	325.00	NULL	834.00	6393	femur-fracture-reduction-closed-or-open	Femur Fracture Reduction (Closed or Open) with/without Internal Fixation	Fraktura femura — zatvorena ili otvorena (složena) repozicija sa ili bez unutrašnje fiksacije
bolnica-danilo-i-cetinje	D05003	227.50	NULL	583.80	6394	above-knee-amputation-through-femur	Above-Knee Amputation Through Femur	Amputacija noge kroz femur, bilo koje visine
bolnica-danilo-i-cetinje	D05004	162.50	NULL	417.00	6395	humerus-diaphysis-fracture-closed-or-open-reduction	Humerus Diaphysis Fracture (Open Reduction with/without Fixation)	Fraktura dijafize humerusa — zatvorena ili otvorena (složena), otvorena repozicija sa/bez fiksacije
bolnica-danilo-i-cetinje	D05005	130.00	NULL	333.60	6396	ulnar-diaphysis-fracture-open-reduction-withwithout-fixation	Ulnar Diaphysis Fracture (Open Reduction with/without Fixation)	Fraktura dijafize ulne — zatvorena ili otvorena, otvorena repozicija sa/bez fiksacije
bolnica-danilo-i-cetinje	D05006	195.00	NULL	500.40	6397	knee-arthrotomy-capsulotomy-with-exploration-and-foreign-body-removal	Knee Arthrotomy (Capsulotomy) with Exploration, Drainage and Foreign Body Removal	Artrotomija (kapsulotomija) koljena sa eksploracijom, drenažom i odstranjivanjem stranog tijela
bolnica-danilo-i-cetinje	D05007	227.50	NULL	583.80	6398	tibial-fracture-reduction-closed-or-open-withwithout-fixation	Tibial Fracture Reduction (Closed or Open) with/without Fixation	Fraktura tibije — zatvorena ili otvorena, sa ili bez unutrašnje fiksacije
bolnica-danilo-i-cetinje	D05009	195.00	NULL	500.40	6399	open-reduction-of-patellar-fracture-with-repair	Open Reduction of Patellar Fracture with Repair and/or Excision	Fraktura patele — otvorena (složena) repozicija sa reparacijom i/ili ekscizijom
bolnica-danilo-i-cetinje	D05010	178.75	NULL	458.70	6400	achilles-tendon-rupture-repair	Achilles Tendon Rupture Repair	Sutura rupturirane Ahilove tetive
bolnica-danilo-i-cetinje	D05012	195.00	NULL	500.40	6402	total-fasciotomy-for-dupuytren-contracture	Total Fasciotomy for Dupuytren Contracture	Totalna fasciotomija kod Dupuytren-ove kontrakture
bolnica-danilo-i-cetinje	D05013	146.25	NULL	375.30	6403	guillotine-hand-amputation	Guillotine Arm Amputation	Giljotinska amputacija ruke
bolnica-danilo-i-cetinje	D05014	97.50	NULL	250.20	6404	open-reduction-of-radius-and-ulna-diaphysis-fracture	Reduction of Open Radius and Ulna Diaphysis Fracture with Fixation and Soft Tissue Closure	Fraktura dijafize radiusa i ulne — otvorena (složena), sa prostim zatvaranjem mekog tkiva, manipulativna repozicija sa fiksacijom
bolnica-danilo-i-cetinje	D05016	146.25	NULL	375.30	6405	forearm-amputation-through-radius-and-ulna	Forearm Amputation Through Radius and Ulna	Amputacija podlaktice kroz radijus i ulnu
bolnica-danilo-i-cetinje	D05017	97.50	NULL	250.20	6406	open-flexor-tenotomy-of-multiple-tendons-same-incision	Open Flexor Tenotomy of Multiple Tendons (Same Incision)	Tenotomija fleksora, otvorena, više od jedne tenotomije, kroz isti rez
bolnica-danilo-i-cetinje	D05018	130.00	NULL	333.60	6407	open-flexor-tenotomy-of-multiple-fingers	Open Flexor Tenotomy of Multiple Fingers	Tenotomija fleksora, otvorena, više prstiju
bolnica-danilo-i-cetinje	D05019	113.75	NULL	291.90	6408	metacarpal-fracture-reduction	Metacarpal Fracture Reduction	Frakture metakarpusa — zatvorena ili otvorena (komplikovana) repozicija
bolnica-danilo-i-cetinje	D05020	162.50	NULL	417.00	6409	hand-amputation-through-metacarpal-joint	Hand Amputation Through Metacarpal Joint	Amputacija šake kroz metakarpalni zglob
bolnica-danilo-i-cetinje	D05021	113.75	NULL	291.90	6410	single-metacarpal-amputation-with-finger-or-thumb	Single Metacarpal Amputation with Finger or Thumb	Amputacija jednog metakarpusa sa prstom ili palcem
bolnica-danilo-i-cetinje	D05022	48.75	NULL	125.10	6411	finger-amputation-at-any-phalanx	Single Finger Amputation at Any Joint or Phalanx	Amputacija jednog prsta šake na nivou bilo kojeg zgloba ili falange
bolnica-danilo-i-cetinje	D05023	438.75	NULL	1125.90	6412	hip-disarticulation	Hip Disarticulation	Dezartikulacija kuka
bolnica-danilo-i-cetinje	D05024	81.25	NULL	208.50	6413	prepatellar-bursectomy	Prepatellar Bursectomy	Ekscizija prepatelarne burze
bolnica-danilo-i-cetinje	D05025	195.00	NULL	500.40	6414	partial-bone-excision-curettage-sequestrectomy-diaphysectomy	Partial Bone Excision for Osteomyelitis of Femur, Tibia or Fibula	Parcijalna ekscizija kosti (kiretaža, sekvestracija, dijafizektomija) kod osteomijelitisa femura, tibije ili fibule
bolnica-danilo-i-cetinje	D05026	318.50	NULL	817.32	6415	collateral-or-cruciate-ligament-repair	Collateral or Cruciate Ligament Repair	Reparacija kolateralnog ili ukrštenog ligamenta
bolnica-danilo-i-cetinje	D05029	195.00	NULL	500.40	6416	tibial-osteotomy	Tibial Osteotomy	Osteotomija tibije
bolnica-danilo-i-cetinje	D05030	195.00	NULL	500.40	6417	tibia-diaphysis-fracture-reduction-with-internalexternal-fixation	Tibia Diaphysis Fracture Reduction with Internal/External Fixation	Fraktura dijafize tibije — zatvorena ili otvorena, sa unutrašnjom ili spoljnom fiksacijom
bolnica-danilo-i-cetinje	D05032	195.00	NULL	500.40	6418	below-knee-amputation-through-tibia-and-fibula	Below-Knee Amputation Through Tibia and Fibula	Amputacija noge kroz tibiju i fibulu
bolnica-danilo-i-cetinje	D05033	39.00	NULL	100.08	6419	subcutaneous-plantar-or-toe-fasciotomy	Subcutaneous Plantar or Toe Fasciotomy	Subkutana plantarna fasciotomija i/ili fasciotomija prsta
bolnica-danilo-i-cetinje	D05034	97.50	NULL	250.20	6420	multiple-foot-flexor-tenolysis-same-incision	Multiple Foot Flexor Tenolysis (Same Incision)	Tenoliza fleksora stopala, više (kroz isti rez)
bolnica-danilo-i-cetinje	D05035	52.00	NULL	133.44	6421	multiple-foot-extensor-tenolysis-same-incision	Multiple Foot Extensor Tenolysis (Same Incision)	Tenoliza ekstenzora stopala, više (kroz isti rez)
bolnica-danilo-i-cetinje	D05036	162.50	NULL	417.00	6422	chopart-tarsal-amputation	Chopart Tarsal Amputation	Amputacija stopala kroz tarzus (Chopart tip)
bolnica-danilo-i-cetinje	D05037	162.50	NULL	417.00	6423	transmetatarsal-foot-amputation	Transmetatarsal Foot Amputation	Transmetatarzalna amputacija stopala
bolnica-danilo-i-cetinje	D05038	32.50	NULL	83.40	6424	second-phalanx-osteotomy-any-toe	Second Phalanx Osteotomy (Any Toe)	Osteotomija druge falange, bilo koji prst
bolnica-danilo-i-cetinje	D05039	32.50	NULL	83.40	6425	toe-amputation-through-interphalangeal-joint	Toe Amputation Through Interphalangeal Joint	Amputacija prsta kroz interfalangealni zglob
bolnica-danilo-i-cetinje	D05045	48.75	NULL	125.10	6426	excision-of-tendon-sheath-or-capsule-lesion-cyst-ganglion	Excision of Tendon Sheath or Capsule Lesion (Cyst, Ganglion) of Lower Leg or Foot	Ekscizija lezije tetivnog omotača ili kapsule (npr. ciste ili gangliona) potkoljenice ili stopala
bolnica-danilo-i-cetinje	D05046	48.75	NULL	125.10	6427	manipulative-reduction-of-ankle-joint-dislocation	Manipulative Reduction of Ankle Joint Dislocation	Dislokacija zgloba gležnja — manipulativna repozicija
bolnica-danilo-i-cetinje	D05048	48.75	NULL	125.10	6428	big-toe-phalanx-fracture-reduction	Big Toe Phalanx Fracture Reduction	Fraktura falange palca stopala — zatvorena ili otvorena
bolnica-danilo-i-cetinje	D05049	65.00	NULL	166.80	6429	single-fingertoe-amputation	Single Finger/Toe Amputation	Amputacija jednog prsta
bolnica-danilo-i-cetinje	D05051	65.00	NULL	166.80	6430	monteggia-elbow-fracture-proximal-end	Closed Reduction of Monteggia Elbow Fracture (Proximal Ulna with Radial Head Dislocation)	Fraktura lakta, Monteggia tip (proksimalni kraj ulne sa dislokacijom glave radiusa) — zatvorena manipulativna repozicija
bolnica-danilo-i-cetinje	D05053	65.00	NULL	166.80	6431	hand-proximal-or-middle-phalanx-fracture-reduction	Hand Proximal or Middle Phalanx Fracture Reduction	Fraktura proksimalne ili srednje falange prsta šake — zatvorena ili otvorena
bolnica-danilo-i-cetinje	D05054	65.00	NULL	166.80	6432	trochanteric-bursa-or-calcification-excision	Trochanteric Bursa or Calcification Excision	Ekscizija trohanteričnih burza ili kalcifikata
bolnica-danilo-i-cetinje	D05055	65.00	NULL	166.80	6433	primary-extensor-tendon-repair-one-or-more	Primary Extensor Tendon Repair (One or More)	Primarna reparacija tetive ekstenzora, jedne ili više
bolnica-danilo-i-cetinje	D05056	65.00	NULL	166.80	6434	metatarsal-head-ostectomy-one-or-more	Metatarsal Head Ostectomy (One or More)	Ostektomija glavice metatarzalne kosti, jedna ili više
bolnica-danilo-i-cetinje	D05057	65.00	NULL	166.80	6435	metatarsophalangeal-joint-dislocation-reduction	Metatarsophalangeal Joint Dislocation Reduction	Dislokacija metatarzo-falangealnog zgloba — zatvorena ili otvorena
bolnica-danilo-i-cetinje	D05058	65.00	NULL	166.80	6436	primary-peripheral-nerve-neurorrhaphy	Primary Peripheral Nerve Neurorrhaphy	Primarna neurorafija perifernog živca
bolnica-danilo-i-cetinje	D05059	78.00	NULL	200.16	6437	hallux-valgus-correction-with-x-ostectomy	Hallux Valgus Correction with Exostectomy	Hallux valgus, korekcija pomoću egzostektomije
bolnica-danilo-i-cetinje	D05060	81.25	NULL	208.50	6438	open-flexor-tenotomy-of-one-or-more-fingers	Open Flexor Tenotomy of One or More Fingers	Tenotomija fleksora, otvorena, jedan ili više prstiju
bolnica-danilo-i-cetinje	D05061	81.25	NULL	208.50	6439	hand-and-foot-extensor-tenotomy	Hand and Foot Extensor Tenotomy (One or More)	Tenotomija ekstenzora šake i stopala, jednog ili više
bolnica-danilo-i-cetinje	D05062	81.25	NULL	208.50	6440	clavicle-fracture-open-or-closed-manipulative-reduction	Clavicle Fracture (Open or Closed Manipulative Reduction)	Fraktura klavikule — otvorena ili zatvorena manipulativna repozicija
bolnica-danilo-i-cetinje	D05065	81.25	NULL	208.50	6441	distal-radial-epiphysis-fracture-open-or-closed-reduction	Manipulative Reduction of Distal Radial Epiphysis Fracture (Open or Closed)	Manipulativna repozicija frakture distalne epifize radijusa (otvorene ili zatvorene)
bolnica-danilo-i-cetinje	D05066	81.25	NULL	208.50	6442	subcutaneous-palmar-fasciotomy-dupuytren	Subcutaneous Palmar Fasciotomy (Dupuytren)	Subkutana palmarna fasciotomija kod Dupuytren-ove kontrakture
bolnica-danilo-i-cetinje	D05068	81.25	NULL	208.50	6443	excision-of-cyst-or-benign-tumor-iliac-crest-etc-withwithout-autograft	Excision of Cyst or Benign Tumor (Iliac Crest, etc.) with/without Autograft	Ekscizija ciste ili benignog tumora (npr. krilo bedrene kosti) sa ili bez autografta
bolnica-danilo-i-cetinje	D05069	81.25	NULL	208.50	6444	lower-leg-fasciotomy-with-decompression	Lower Leg Fasciotomy with Decompression	Fasciotomija potkoljenice dekompresijom
bolnica-danilo-i-cetinje	D05070	81.25	NULL	208.50	6445	foot-flexor-tenolysis-one-or-more	Foot Flexor Tenolysis (One or More)	Tenoliza fleksora stopala, jedna ili više
bolnica-danilo-i-cetinje	D05071	91.00	NULL	233.52	6446	metatarsal-osteotomy-one-or-more	Metatarsal Osteotomy (One or More)	Osteotomija metatarzalne kosti, jedne ili više
bolnica-danilo-i-cetinje	D05072	91.00	NULL	233.52	6447	proximal-phalanx-big-toe-osteotomy-for-shortening-or-rotation	Big Toe Proximal Phalanx Osteotomy for Shortening, Angular or Rotational Correction (Hallux Valgus)	Osteotomija proksimalne falange palca za skraćenje, ugaonu ili rotacionu korekciju (Hallux valgus)
bolnica-danilo-i-cetinje	D05073	97.50	NULL	250.20	6448	foot-flexor-tendon-repair-primary-or-secondary-one-or-more	Foot Flexor Tendon Repair (Primary or Secondary, One or More)	Reparacija/sutura fleksornih tetiva stopala, primarna ili sekundarna, jedna ili više
bolnica-danilo-i-cetinje	D05074	97.50	NULL	250.20	6449	lateral-or-medial-fasciotomy-tennis-elbow	Lateral or Medial Fasciotomy (Tennis Elbow)	Lateralna ili medijalna fasciotomija (npr. epikondilitis, teniski lakat)
bolnica-danilo-i-cetinje	D05075	97.50	NULL	250.20	6450	medial-or-lateral-epicondyle-fracture-open-with-k-wire-or-plate	Medial or Lateral Epicondyle Fracture (Open with K-wire or Plate)	Fraktura medijalnog ili lateralnog epikondila — otvorena (složena), sa Kiršnerovom iglom ili pločom
bolnica-danilo-i-cetinje	D05076	97.50	NULL	250.20	6451	carpal-bone-fracture-open-reduction-with-k-wire	Carpal Bone Fracture Open Reduction with K-wire	Fraktura karpalne kosti — zatvorena ili otvorena, otvorena repozicija sa Kiršnerovom iglom
bolnica-danilo-i-cetinje	D05078	97.50	NULL	250.20	6452	metacarpophalangeal-joint-dislocation-reduction	Metacarpophalangeal Joint Dislocation Reduction	Metakarpofalangealna dislokacija — zatvorena ili otvorena
bolnica-danilo-i-cetinje	D05079	97.50	NULL	250.20	6453	lower-leg-flexor-tendon-primary-repair-one-or-more	Lower Leg Flexor Tendon Primary Repair (One or More)	Primarna reparacija ili sutura tetive fleksora potkoljenice, jedna ili više
bolnica-danilo-i-cetinje	D05080	97.50	NULL	250.20	6454	below-knee-re-amputation-through-tibiafibula	Below-Knee Re-amputation Through Tibia/Fibula	Reamputacija noge kroz tibiju ili fibulu
bolnica-danilo-i-cetinje	D05081	97.50	NULL	250.20	6455	arthrotomy-with-exploration-and-drainage	Intertarsal or Tarsometatarsal Arthrotomy with Exploration, Drainage and Foreign Body Removal	Artrotomija (kapsulotomija) intertarzalnog ili tarzometatarzalnog zgloba sa eksploracijom, drenažom i vađenjem stranog tijela
bolnica-danilo-i-cetinje	D05082	97.50	NULL	250.20	6456	tarsal-bone-fracture-reduction-withwithout-fixation	Tarsal Bone Fracture Reduction with/without Fixation	Fraktura tarzalne kosti — zatvorena ili otvorena sa/bez unutrašnje ili spoljne fiksacije
bolnica-danilo-i-cetinje	D05083	97.50	NULL	250.20	6457	metatarsal-bone-fracture-reduction-withwithout-fixation	Metatarsal Bone Fracture Reduction with/without Fixation	Fraktura metatarzalne kosti — zatvorena ili otvorena sa/bez fiksacije
bolnica-danilo-i-cetinje	D05084	97.50	NULL	250.20	6458	tarsal-bone-dislocation-reduction-withwithout-fixation	Tarsal Bone Dislocation Reduction with/without Fixation	Dislokacija tarzalnih kosti — zatvorena ili otvorena sa/bez fiksacije
bolnica-danilo-i-cetinje	D05085	97.50	NULL	250.20	6459	tarsometatarsal-joint-dislocation-reduction	Tarsometatarsal Joint Dislocation Reduction	Dislokacija tarzometatarzalnog zgloba — zatvorena ili otvorena
bolnica-danilo-i-cetinje	D05086	97.50	NULL	250.20	6460	metatarsal-amputation-with-one-or-more-toes	Metatarsal Amputation with One or More Toes	Amputacija metatarzusa sa jednim prstom ili više
bolnica-danilo-i-cetinje	D05087	97.50	NULL	250.20	6461	partial-dupuytren-fasciectomy	Partial Dupuytren Fasciectomy	Fasciektomija Dupuytren-ove kontrakture, parcijalna
bolnica-danilo-i-cetinje	D05088	113.75	NULL	291.90	6462	metatarsal-osteotomy	Metatarsal Osteotomy	Osteotomija metatarzalne kosti
bolnica-danilo-i-cetinje	D05089	113.75	NULL	291.90	6463	excision-of-radius-or-ulna-cyst-or-benign-tumor	Excision of Radius or Ulna Cyst or Benign Tumor	Ekscizija ciste ili benignog tumora radijusa ili ulne
bolnica-danilo-i-cetinje	D05090	113.75	NULL	291.90	6464	partial-bone-excision-curettage-sequestrectomy	Partial Bone Excision for Osteomyelitis of Radius or Ulna	Parcijalna ekscizija kosti (kiretaža, sekvestracija, dijafizektomija) kod osteomijelitisa radijusa ili ulne
bolnica-danilo-i-cetinje	D05091	113.75	NULL	291.90	6465	capsulotomy-or-capsuloplasty-for-contracture	Capsulotomy or Capsuloplasty for Metacarpophalangeal Contracture (Single Joint)	Kapsulotomija ili kapsuloplastika kod kontrakture metakarpofalangealnog zgloba (jedan zglob)
bolnica-danilo-i-cetinje	D05092	113.75	NULL	291.90	6466	capsulotomycapsuloplasty-for-interphalangeal-contracture	Capsulotomy or Capsuloplasty for Interphalangeal Contracture (One or More Joints)	Kapsulotomija ili kapsuloplastika kod kontrakture interfalangealnog zgloba (jedan ili više zglobova)
bolnica-danilo-i-cetinje	D05093	130.00	NULL	333.60	6467	closed-or-open-reduction-withwithout-internalexternal-fixation	Closed or Open Reduction with/without Internal/External Fixation	Zatvorena ili otvorena repozicija sa/bez unutrašnje ili spoljne fiksacije
bolnica-danilo-i-cetinje	D05095	130.00	NULL	333.60	6468	closed-manipulative-reduction-of-acetabular-fracture-with-traction	Closed Manipulative Reduction of Acetabular Fracture with Traction	Zatvorena manipulativna repozicija frakture acetabuluma sa trakcijom
bolnica-danilo-i-cetinje	D05096	130.00	NULL	333.60	6469	baker-cyst-excision	Baker Cyst Excision	Ekscizija sinovijalne ciste poplitealne jame (Bakerova cista)
bolnica-danilo-i-cetinje	D05097	130.00	NULL	333.60	6470	radial-head-resection	Radial Head Resection	Resekcija glavice radiusa
bolnica-danilo-i-cetinje	D05098	130.00	NULL	333.60	6471	olecranon-fracture-closed-or-open-reduction	Olecranon Fracture (Closed or Open Reduction)	Fraktura proksimalnog kraja ulne (olekranona) — zatvorena ili otvorena
bolnica-danilo-i-cetinje	D05099	130.00	NULL	333.60	6472	forearm-and-wrist-joint-synovectomy	Forearm and Wrist Joint Synovectomy	Sinovektomija podlaktice i zgloba ručja
bolnica-danilo-i-cetinje	D05100	130.00	NULL	333.60	6473	radial-diaphysis-fracture-closed-or-open-withwithout-fixation	Radial Diaphysis Fracture (Closed or Open) with/without Fixation	Fraktura dijafize radiusa — zatvorena ili otvorena sa otvorenom repozicijom, sa/bez fiksacije
bolnica-danilo-i-cetinje	D05101	130.00	NULL	333.60	6474	excision-of-multiple-hand-flexor-tendons	Excision of Multiple Hand Flexor Tendons	Ekscizija tetive fleksora dlana — više ekscizija
bolnica-danilo-i-cetinje	D05102	130.00	NULL	333.60	6475	partial-bone-excision-curettage-sequestrectomy-or	Superficial Partial Bone Excision for Osteomyelitis (Curettage, Sequestrectomy or Diaphysectomy)	Parcijalna ekscizija kosti (kiretaža, sekvestracija ili dijafizektomija) kod osteomijelitisa, superficijalno
bolnica-danilo-i-cetinje	D05103	130.00	NULL	333.60	6476	fibula-fracture-reduction-withwithout-fixation	Fibula Fracture Reduction (Closed or Open) with/without Internal or External Fixation	Fraktura fibule — zatvorena ili otvorena (složena) repozicija sa ili bez unutrašnje ili spoljašnje fiksacije
bolnica-danilo-i-cetinje	D05104	130.00	NULL	333.60	6477	partial-bone-excision-for-talus-osteomyelitis	Partial Bone Excision for Talus Osteomyelitis	Parcijalna ekscizija kosti kod osteomijelitisa talusa
bolnica-danilo-i-cetinje	D05105	130.00	NULL	333.60	6478	primary-ulnar-or-median-nerve-neurorrhaphy	Primary Ulnar or Median Nerve Neurorrhaphy at Forearm Level	Primarna neurorafija ulnarisa ili medianusa u visini podlaktice
bolnica-danilo-i-cetinje	D05106	146.25	NULL	375.30	6479	calcaneal-osteotomy-with-internal-fixation	Calcaneal Osteotomy with Internal Fixation	Osteotomija kalkaneusa, uključujući unutrašnju fiksaciju
bolnica-danilo-i-cetinje	D05107	146.25	NULL	375.30	6480	talus-osteotomy	Talus Osteotomy	Osteotomija talusa
bolnica-danilo-i-cetinje	D05108	146.25	NULL	375.30	6481	clavicle-fracture-closed-or-open-withwithout-fixation	Clavicle Fracture (Closed or Open) with/without Fixation	Fraktura klavikule — zatvorena ili otvorena sa/bez unutrašnje ili spoljne fiksacije
bolnica-danilo-i-cetinje	D05109	146.25	NULL	375.30	6482	excision-of-humerus-cyst-or-benign-tumor	Excision of Humerus Cyst or Benign Tumor	Ekscizija ciste ili benignog tumora humerusa
bolnica-danilo-i-cetinje	D05110	146.25	NULL	375.30	6483	ankle-arthrotomy-capsulotomy-with-exploration	Ankle Arthrotomy (Capsulotomy) with Exploration	Artrotomija (kapsulotomija) gležnja sa eksploracijom
bolnica-danilo-i-cetinje	D05111	146.25	NULL	375.30	6484	hallux-valgus-correction-with-metatarsal-osteotomy	Hallux Valgus Correction with Metatarsal Osteotomy	Hallux valgus, korekcija sa metatarzalnom osteotomijom
bolnica-danilo-i-cetinje	D05112	156.00	NULL	400.32	6485	closed-manipulative-reduction-of-femoral-neck-fracture	Closed Manipulative Reduction of Femoral Neck Fracture	Zatvorena manipulativna repozicija frakture vrata femura
bolnica-danilo-i-cetinje	D05113	156.00	NULL	400.32	6486	intertrochanteric-or-peritrochanteric-femur-fracture-closed	Intertrochanteric or Peritrochanteric Femur Fracture (Closed)	Fraktura femura intertrohanterična ili peritrohanterična — zatvorena
bolnica-danilo-i-cetinje	D05114	162.50	NULL	417.00	6487	half-palmar-fasciectomy	Half Palmar Fasciectomy	Fasciektomija — ekscizija do jedne polovine palmarne fascije
bolnica-danilo-i-cetinje	D05115	162.50	NULL	417.00	6488	supracondylar-or-transcondylar-humerus-fracture-closed	Supracondylar or Transcondylar Humerus Fracture (Closed)	Suprakondilarna ili transkondilarna fraktura humerusa — zatvorena
bolnica-danilo-i-cetinje	D05116	162.50	NULL	417.00	6489	excision-of-tibia-or-fibula-cyst-or-benign-tumor	Excision of Tibia or Fibula Cyst or Benign Tumor	Ekscizija ciste ili benignog tumora tibije ili fibule
bolnica-danilo-i-cetinje	D05117	162.50	NULL	417.00	6490	shoulder-arthrotomy-capsulotomy-with-exploration	Shoulder Arthrotomy (Capsulotomy) with Exploration, Drainage and Foreign Body Removal	Artrotomija (kapsulotomija) ramena sa eksploracijom, drenažom i odstranjenjem stranog tijela
bolnica-danilo-i-cetinje	D05118	162.50	NULL	417.00	6491	elbow-joint-arthrotomy-capsulotomy-with-exploration	Elbow Joint Arthrotomy (Capsulotomy) with Exploration, Drainage and Foreign Body Removal	Artrotomija (kapsulotomija) lakatnog zgloba sa eksploracijom, drenažom i vađenjem stranog tijela
bolnica-danilo-i-cetinje	D05119	162.50	NULL	417.00	6492	metacarpal-fracture-reduction-closed-or-open-withwithout-fixation	Metacarpal Fracture Reduction (Closed or Open) with/without Fixation	Fraktura metakarpusa — zatvorena ili otvorena sa/bez fiksacije
bolnica-danilo-i-cetinje	D05120	162.50	NULL	417.00	6493	carpometacarpal-thumb-joint-dislocation-reduction	Carpometacarpal Thumb Joint Dislocation Reduction	Karpo-metakarpalna dislokacija palca — zatvorena ili otvorena
bolnica-danilo-i-cetinje	D05121	162.50	NULL	417.00	6494	re-amputation-through-femur	Re-amputation Through Femur	Reamputacija noge kroz femur
bolnica-danilo-i-cetinje	D05122	162.50	NULL	417.00	6495	primary-suture-of-ruptured-collateral-ligament	Primary Suture of Ruptured Ankle Collateral Ligament	Primarna sutura rupturiranog ili prekinutog kolateralnog ligamenta gležnja
bolnica-danilo-i-cetinje	D05123	162.50	NULL	417.00	6496	calcaneus-fracture-open-or-closed	Calcaneus Fracture (Open or Closed)	Fraktura kalkaneusa — zatvorena ili otvorena (složena)
bolnica-danilo-i-cetinje	D05124	178.75	NULL	458.70	6497	excision-of-femur-cyst-or-benign-tumor	Excision of Femur Cyst or Benign Tumor	Ekscizija ciste ili benignog tumora femura
bolnica-danilo-i-cetinje	D05125	178.75	NULL	458.70	6498	infrapatellar-tendon-suture	Infrapatellar Tendon Suture	Sutura infrapatelarne tetive
bolnica-danilo-i-cetinje	D05126	195.00	NULL	500.40	6499	patellar-dislocation-closed-or-open-reduction	Patellar Dislocation (Closed or Open Reduction)	Dislokacija patele — zatvorena ili otvorena
bolnica-danilo-i-cetinje	D05127	195.00	NULL	500.40	6500	bimalleolar-ankle-fracture-open-or-closed-withwithout-fixation	Bimalleolar Ankle Fracture (Open or Closed) with/without Fixation	Bimaleolarna fraktura gležnja — zatvorena ili otvorena sa/bez fiksacije
bolnica-danilo-i-cetinje	D05128	195.00	NULL	500.40	6501	acromioclavicular-joint-dislocation-open-or-closed	Acromioclavicular Joint Dislocation (Open or Closed)	Dislokacija akromioklavikularnog zgloba — zatvorena ili otvorena
bolnica-danilo-i-cetinje	D05129	195.00	NULL	500.40	6502	surgical-neck-of-scapula-fracture-closed-or-open	Surgical Neck of Scapula Fracture (Closed or Open)	Fraktura hirurškog vrata skapule — zatvorena ili otvorena
bolnica-danilo-i-cetinje	D05130	195.00	NULL	500.40	6503	shoulder-dislocation-open-or-closed	Shoulder Dislocation (Open or Closed)	Dislokacija ramena — zatvorena ili otvorena (složena)
bolnica-danilo-i-cetinje	D05131	195.00	NULL	500.40	6504	medial-or-lateral-epicondyle-fracture-closed	Medial or Lateral Epicondyle Fracture (Closed)	Fraktura epikondila, medijalnog ili lateralnog — zatvorena
bolnica-danilo-i-cetinje	D05132	195.00	NULL	500.40	6505	elbow-fracture-proximal-ulna-with-radial-head-dislocation	Elbow Fracture (Proximal Ulna with Radial Head Dislocation)	Fraktura lakta (fraktura proksimalnog kraja ulne sa dislokacijom glave radiusa)
bolnica-danilo-i-cetinje	D05133	195.00	NULL	500.40	6506	above-elbow-amputation-through-humerus	Above-Elbow Amputation Through Humerus	Amputacija ruke kroz humerus
bolnica-danilo-i-cetinje	D05134	195.00	NULL	500.40	6507	transnavicular-perilunate-fracture-open-or-closed	Transnavicular Perilunate Fracture (Open or Closed)	Transnavikularna perilunarna fraktura — zatvorena ili otvorena
bolnica-danilo-i-cetinje	D05135	195.00	NULL	500.40	6508	ankle-synovectomy	Ankle Synovectomy	Sinovektomija gležnja
bolnica-danilo-i-cetinje	D05136	195.00	NULL	500.40	6509	ankle-joint-dislocation-closed-or-open	Ankle Joint Dislocation (Closed or Open)	Dislokacija zgloba gležnja — zatvorena ili otvorena (složena)
bolnica-danilo-i-cetinje	D05137	211.25	NULL	542.10	6510	quadriceps-rupture-suture	Quadriceps Rupture Suture	Sutura kod rupture m. quadricepsa
bolnica-danilo-i-cetinje	D05138	227.50	NULL	583.80	6511	crus-both-bones-fracture-reduction-withwithout-fixation	Crus (Both Bones) Fracture Reduction with/without Fixation	Fraktura cruris — zatvorena ili otvorena sa/bez unutrašnje ili spoljne fiksacije
bolnica-danilo-i-cetinje	D05139	227.50	NULL	583.80	6512	supraspinatus-or-other-rotator-cuff-tendon-repair	Supraspinatus or Other Rotator Cuff Tendon Repair	Reparacija rupturirane tetive supraspinatusa ili drugih
bolnica-danilo-i-cetinje	D05140	227.50	NULL	583.80	6513	navicular-pseudarthrosis-repair-withwithout-bone-graft	Navicular Pseudarthrosis Repair with/without Radial Styloidectomy, Including Bone Graft and Fixation	Reparacija pseudoartroze navikularne kosti sa ili bez stiloidektomije radiusa, uključujući koštani kalem i fiksaciju
bolnica-danilo-i-cetinje	D05141	227.50	NULL	583.80	6514	complete-fasciectomy	Complete Fasciectomy	Kompletna fasciektomija
bolnica-danilo-i-cetinje	D05143	227.50	NULL	583.80	6515	trimalleolar-ankle-fracture-open-or-closed-withwithout-fixation	Trimalleolar Ankle Fracture (Open or Closed) with/without Fixation	Trimaleolarna fraktura gležnja — zatvorena ili otvorena, sa ili bez fiksacije
bolnica-danilo-i-cetinje	D05144	227.50	NULL	583.80	6516	primary-multi-tendon-flexor-repair-with-excision	Primary Multi-Tendon Flexor Repair with Excision of Flexor Digitorum Superficialis	Primarna tendorafija više fleksornih tetiva uz ekstirpaciju sublimisa
bolnica-danilo-i-cetinje	D05146	243.75	NULL	625.50	6517	anterior-capsulorrhaphy-for-recurrent-shoulder-dislocation	Anterior Capsulorrhaphy for Recurrent Shoulder Dislocation	Prednja kapsulorafija kod povratnih dislokacija ramena
bolnica-danilo-i-cetinje	D05147	243.75	NULL	625.50	6518	knee-dislocation-closed-or-open-reduction-withwithout-fixation	Knee Dislocation (Closed or Open Reduction with/without Fixation)	Dislokacija koljena — zatvorena ili otvorena sa/bez unutrašnje fiksacije
bolnica-danilo-i-cetinje	D05148	308.75	NULL	792.30	6519	secondary-repair-of-medial-ligament-and-capsule	Secondary Repair of Medial Ligament and Capsule	Sekundarna reparacija medijalnog ligamenta i kapsule
bolnica-danilo-i-cetinje	D05149	325.00	NULL	834.00	6520	traumatic-hip-dislocation-closed-or-open	Open Reduction of Traumatic Hip Dislocation (Closed or Open)	Traumatska dislokacija zgloba kuka — zatvorena ili otvorena, otvorena repozicija
bolnica-danilo-i-cetinje	D05150	325.00	NULL	834.00	6521	medial-or-lateral-femoral-condyle-fracture-open-reduction	Medial or Lateral Femoral Condyle Fracture (Open Reduction with/without Fixation)	Fraktura medijalnog ili lateralnog kondila femura — zatvorena ili otvorena, otvorena repozicija sa/bez fiksacije
bolnica-danilo-i-cetinje	D05151	487.50	NULL	1251.00	6522	intertrochanteric-or-peritrochanteric-fracture	Intertrochanteric or Peritrochanteric Fracture (Open Reduction with Internal Fixation)	Intertrohanterična ili peritrohanterična fraktura — otvorena repozicija sa unutrašnjom fiksacijom
bolnica-danilo-i-cetinje	D05152	585.00	NULL	1501.20	6523	acetabular-cup-arthroplasty-prosthesis	Acetabular Cup Arthroplasty / Prosthesis	Artroplastika čašice ili proteza
bolnica-danilo-i-cetinje	D05153	113.75	NULL	291.90	6524	osteosynthetic-material-removal	Osteosynthetic Material Removal	Vađenje osteosintetskog materijala
bolnica-danilo-i-cetinje	D05154	162.50	NULL	417.00	6525	removal-of-subtotal-hip-prosthesis-with-reintervention-prep	Removal of Subtotal Hip Prosthesis with Reintervention Prep	Vađenje subtotalne proteze kuka i priprema za reintervenciju proteze
bolnica-danilo-i-cetinje	D05155	162.50	NULL	417.00	6526	removal-of-total-hip-prosthesis-with-reintervention-prep	Removal of Total Hip Prosthesis with Reintervention Prep	Vađenje totalne proteze kuka i priprema za reintervenciju proteze
bolnica-danilo-i-cetinje	D05156	455.00	NULL	1167.60	6527	total-knee-replacement	Total Knee Replacement	Implantacija totalne proteze koljena
bolnica-danilo-i-cetinje	D05157	19.50	NULL	50.04	6528	manipulative-hip-joint-reduction-under-general-anesthesia	Manipulative Hip Joint Reduction Under General Anesthesia	Manipulativna repozicija zgloba kuka u opštoj anesteziji
bolnica-danilo-i-cetinje	D05158	65.00	NULL	166.80	6529	manipulative-reduction-of-open-iliacpubic-fracture	Manipulative Reduction of Open Iliac, Pubic or Ischial Fracture	Manipulativna repozicija otvorene frakture ilijačne, pubične i sjedalne kosti
bolnica-danilo-i-cetinje	D05159	65.00	NULL	166.80	6530	manipulative-reduction-of-open-distal-fracture	Manipulative Reduction of Open Distal Tibia (Medial Malleolus) Fracture	Manipulativna repozicija otvorene frakture distalnog dijela potkoljenice (medijalnog maleolusa)
bolnica-danilo-i-cetinje	D05160	65.00	NULL	166.80	6531	manipulative-reduction-of-open-fibula-fracture	Manipulative Reduction of Open Fibula Fracture (Shaft or Proximal)	Manipulativna repozicija otvorene frakture fibule (dijafiza ili proksimalni dio)
bolnica-danilo-i-cetinje	D05161	65.00	NULL	166.80	6532	manipulative-reduction-of-open-distal-fracture-variant	Manipulative Reduction of Open Distal Fibula Fracture	Manipulativna repozicija otvorene frakture distalnog dijela fibule
bolnica-danilo-i-cetinje	D05162	65.00	NULL	166.80	6533	manipulative-reduction-of-open-calcaneus-fracture	Manipulative Reduction of Open Calcaneus Fracture	Manipulativna repozicija otvorene frakture kalkaneusa
bolnica-danilo-i-cetinje	D05163	78.00	NULL	200.16	6534	olecranon-bursectomy	Olecranon Bursectomy	Ekscizija burze olekranona
bolnica-danilo-i-cetinje	D05164	357.50	NULL	917.40	6535	open-reduction-of-acetabular-fracture-withwithout-fixation	Open Reduction of Acetabular Fracture with/without Fixation	Otvorena repozicija frakture acetabuluma sa ili bez fiksacije
bolnica-danilo-i-cetinje	D05165	130.00	NULL	333.60	6536	closed-manipulative-reduction-of-femoral-condyle-fracture	Closed Manipulative Reduction of Femoral Condyle Fracture	Zatvorena manipulativna repozicija frakture kondila femura
bolnica-danilo-i-cetinje	D05166	146.25	NULL	375.30	6537	distal-tibiofibular-joint-dislocation	Distal Tibiofibular Joint Dislocation (Closed or Open) with Open Reduction or Fixation	Dislokacija distalnog tibiofibularnog zgloba — zatvorena ili otvorena, sa otvorenom repozicijom ili fiksacijom
bolnica-danilo-i-cetinje	D06002	48.75	NULL	125.10	6540	surgical-treatment-of-xanthelasma-molluscum-or-verruca-unilateral	Surgical Treatment of Xanthelasma, Molluscum or Verruca (Unilateral)	Hirurški tretman ksantelazme, moluske ili veruke — jednostrano
bolnica-danilo-i-cetinje	D06003	81.25	NULL	208.50	6541	surgical-treatment-of-xanthelasma-molluscum-or-verruca-bilateral	Surgical Treatment of Xanthelasma, Molluscum or Verruca (Bilateral)	Hirurški tretman ksantelazme, moluske ili veruke — obostrano
bolnica-danilo-i-cetinje	D06005	227.50	NULL	583.80	6542	senile-cataract-lens-extraction	Senile Cataract Lens Extraction	Ekstrakcija sočiva kod senilne katarakte
bolnica-danilo-i-cetinje	D06006	227.50	NULL	583.80	6543	glaucoma-filtering-surgery	Glaucoma Filtering Surgery	Fistulizirajuća operacija glaukoma
bolnica-danilo-i-cetinje	D06007	227.50	NULL	583.80	6544	intracapsular-lens-extraction	Intracapsular Lens Extraction	Intrakapsularna ekstrakcija sočiva
bolnica-danilo-i-cetinje	D06008	227.50	NULL	583.80	6545	capsulectomy-with-lens-mass-aspiration-soft-cataract	Capsulectomy with Lens Mass Aspiration (Soft Cataract)	Kapsulektomija sa aspiracijom sočivnih masa (operacija meke mrene)
bolnica-danilo-i-cetinje	D06009	292.50	NULL	750.60	6546	cataract-extraction-with-anterior-vitrectomy	Cataract Extraction with Anterior Vitrectomy	Ekstrakcija katarakte sa prednjom vitrektomijom
bolnica-danilo-i-cetinje	D06010	81.25	NULL	208.50	6547	eyelid-tumor-surgery	Eyelid Tumor Surgery	Operacija tumora na očnom kapku
bolnica-danilo-i-cetinje	D06011	130.00	NULL	333.60	6548	eyelid-tumor-excision-with-skin-flap	Eyelid Tumor Excision with Skin Flap	Ekscizija tumora na očnom kapku sa kožnim režnjem
bolnica-danilo-i-cetinje	D06012	195.00	NULL	500.40	6549	conjunctival-tumor-surgery	Conjunctival Tumor Surgery	Operacija tumora vežnjače
bolnica-danilo-i-cetinje	D06015	195.00	NULL	500.40	6550	conjunctival-sac-adhesions-surgery	Conjunctival Sac Adhesions Surgery	Operacija prirastica u konjunktivalnoj vrećici
bolnica-danilo-i-cetinje	D06016	195.00	NULL	500.40	6551	conjunctival-sac-reconstruction-with-skin-graft	Conjunctival Sac Reconstruction with Skin Graft	Rekonstrukcija konjunktivalne vrećice kožnim transplantatom
bolnica-danilo-i-cetinje	D06017	162.50	NULL	417.00	6552	conjunctival-closure-of-damaged-cornea-kunth-plasty	Conjunctival Closure of Damaged Cornea (Kunth Plasty)	Zatvaranje konjunktivom lediranog rožnjača (Kunth plastika konjunktive)
bolnica-danilo-i-cetinje	D06018	32.50	NULL	83.40	6553	cryoapplication-diathermy-or-tattooing	Cryoapplication, Diathermy or Tattooing	Krioaplikacija, dijatermija, tetovaža
bolnica-danilo-i-cetinje	D06019	260.00	NULL	667.20	6554	conjunctivoplasty-with-graft-harvesting-and-implantation	Conjunctivoplasty with Graft Harvesting and Implantation	Konjunktivo-plastika — uzimanje i ugrađivanje transplantata
bolnica-danilo-i-cetinje	D06020	97.50	NULL	250.20	6555	lacrimal-sac-and-gland-excision	Lacrimal Sac and Gland Excision	Ekstirpacija suzne kese i suzne žlijezde
bolnica-danilo-i-cetinje	D06021	195.00	NULL	500.40	6556	perforating-eye-injury-repair-without-internal-structure-damage	Perforating Eye Injury Repair without Internal Structure Damage	Operacija perforativne povrede oka bez povrede unutrašnjih struktura
bolnica-danilo-i-cetinje	D06022	357.50	NULL	917.40	6557	other-iris-ciliary-body-and-anterior-chamber-operations	Other Iris, Ciliary Body and Anterior Chamber Operations	Druge operacije irisa, cilijarnog tijela i prednje komore
bolnica-danilo-i-cetinje	D06023	390.00	NULL	1000.80	6558	iridoplasty-iridectomy-iridotomy-sphincterotomy	Iridoplasty, Iridectomy, Iridotomy, Sphincterotomy	Iridoplastika, iridektomija, iridotomija, sfinkterotomija
bolnica-danilo-i-cetinje	D06024	130.00	NULL	333.60	6559	eye-evisceration	Eye Evisceration	Evisceracija bulbusa oka (evakuacija očnog sadržaja)
bolnica-danilo-i-cetinje	D06025	26.00	NULL	66.72	6560	anterior-chamber-puncture-and-lavage	Anterior Chamber Puncture and Lavage	Punkcija prednje očne komore — ispiranje
bolnica-danilo-i-cetinje	D06028	195.00	NULL	500.40	6561	eyelid-injury-surgery	Eyelid Injury Surgery	Operacija kod povrede očnih kapaka
bolnica-danilo-i-cetinje	D06029	325.00	NULL	834.00	6562	eyelid-deformity-surgery	Eyelid Deformity Surgery	Operacija deformiteta očnih kapaka
bolnica-danilo-i-cetinje	D06101	97.50	NULL	250.20	6563	orbital-surgery-for-inflammation-or-hemorrhage	Orbital Surgery for Inflammation or Hemorrhage	Operacija orbite kod upale ili krvarenja
bolnica-danilo-i-cetinje	D06102	195.00	NULL	500.40	6564	orbitotomy-orbital-decompression	Orbitotomy (Orbital Decompression)	Orbitotomija — dekompresija orbite
bolnica-danilo-i-cetinje	D06103	195.00	NULL	500.40	6565	orbital-implant-removal	Orbital Implant Removal	Odstranjenje orbitalnog uloška
bolnica-danilo-i-cetinje	D06104	195.00	NULL	500.40	6566	orbital-implant-insertion	Orbital Implant Insertion	Ulaganje orbitalnog uloška
bolnica-danilo-i-cetinje	D06105	195.00	NULL	500.40	6567	orbital-content-excision-and-reconstruction	Orbital Content Excision and Reconstruction	Ekscizija i rekonstrukcija orbitalnog sadržaja
bolnica-danilo-i-cetinje	D06106	48.75	NULL	125.10	6568	removal-of-non-penetrating-foreign-bodies	Removal of Non-Penetrating Foreign Bodies	Odstranjivanje nepenetrirajućih stranih tijela
bolnica-danilo-i-cetinje	D06107	390.00	NULL	1000.80	6569	orbital-reparation	Orbital Reparation	Reparacija orbite
bolnica-danilo-i-cetinje	D06108	390.00	NULL	1000.80	6570	intraorbital-tumor-removal	Intraorbital Tumor Removal	Odstranjivanje intraorbitalnog tumora
bolnica-danilo-i-cetinje	D06110	81.25	NULL	208.50	6571	excision-of-corneal-destruction-or-lesion	Excision of Corneal Destruction or Lesion	Ekscizija destrukcije i lezije rožnjače
bolnica-danilo-i-cetinje	D06111	292.50	NULL	750.60	6572	other-corneal-surgery-keratoprosthesis-implantation	Other Corneal Surgery, Keratoprosthesis Implantation	Druge operacije rožnjače, ugradnja keratoproteze
bolnica-danilo-i-cetinje	D06112	585.00	NULL	1501.20	6573	corneal-transplantation-keratoplasty	Corneal Transplantation - Keratoplasty	Transplantacija rožnjače — keratoplastika
bolnica-danilo-i-cetinje	D06113	325.00	NULL	834.00	6574	posterior-segment-foreign-body-removal-with-ablation-prevention	Posterior Segment Foreign Body Removal with Ablation Prevention	Operacija odstranjenja stranog tijela iz zadnjeg segmenta oka sa prevencijom ablacije
bolnica-danilo-i-cetinje	D06114	97.50	NULL	250.20	6575	non-magnetic-foreign-body-extraction-from-anterior-segment	Non-Magnetic Foreign Body Extraction from Anterior Segment	Ekstrakcija stranog tijela nemagnetne prirode iz prednjeg segmenta oka
bolnica-danilo-i-cetinje	D06115	162.50	NULL	417.00	6576	magnetic-foreign-body-extraction-from-posterior-segment	Magnetic Foreign Body Extraction from Posterior Segment	Ekstrakcija stranog tijela magnetne prirode iz zadnjeg segmenta oka
bolnica-danilo-i-cetinje	D06116	227.50	NULL	583.80	6577	trepanotrabeculotomy-goniotomy-goniopuncture-for-glaucoma	Trepanotrabeculotomy, Goniotomy, Goniopuncture for Glaucoma	Trepanotrabekulotomija, goniotomija, goniopunkcija i druge operacije protiv glaukoma
bolnica-danilo-i-cetinje	D06117	276.25	NULL	708.90	6578	antiglaucoma-surgery-with-implant	Antiglaucoma Surgery with Implant	Antiglaukomatozne operacije sa ugrađivanjem implantata
bolnica-danilo-i-cetinje	D06118	390.00	NULL	1000.80	6579	retinal-and-choroidal-surgery-detachment-with-puncture-cautery	Retinal and Choroidal Surgery (Detachment with Puncture, Cautery)	Operacija mrežnjače i sudovnjače (ablacija sa punkcijom, kauterom)
bolnica-danilo-i-cetinje	D06119	65.00	NULL	166.80	6580	cyclodialysis-or-cryoapplication-or-posterior-sclerectomy	Cyclodialysis or Cryoapplication or Posterior Sclerectomy	Ciklodijaliza ili krioaplikacija ili sklerektomija posterior — smanjenje očnog pritiska
bolnica-danilo-i-cetinje	D06120	520.00	NULL	1334.40	6581	glaucoma-surgery-combined-with-cataract	Glaucoma Surgery Combined with Cataract	Operacija glaukoma sa kataraktom
bolnica-danilo-i-cetinje	D06121	48.75	NULL	125.10	6582	scleral-staphyloma-surgery	Scleral Staphyloma Surgery	Operacija stafiloma sklere
bolnica-danilo-i-cetinje	D06123	195.00	NULL	500.40	6583	other-scleral-buckling	Other Scleral Buckling	Drugi skleralni bukling
bolnica-danilo-i-cetinje	D06124	292.50	NULL	750.60	6584	artificial-intraocular-lens-removal	Artificial Intraocular Lens Removal	Odstranjenje vještačkog intraokularnog sočiva
bolnica-danilo-i-cetinje	D06125	390.00	NULL	1000.80	6585	other-retinal-repair	Other Retinal Repair	Druge reparacije mrežnjače
bolnica-danilo-i-cetinje	D06126	487.50	NULL	1251.00	6586	reconstruction-of-retinal-and-choroidal-lesions	Reconstruction of Retinal and Choroidal Lesions	Rekonstrukcija lezija mrežnjače i horoideje
bolnica-danilo-i-cetinje	D06127	552.50	NULL	1417.80	6587	retinal-detachment-surgery-with-vitrectomy-and-silicone-oil	Retinal Detachment Surgery with Vitrectomy and Silicone Oil	Operacija ablacije mrežnjače sa vitrektomijom i tamponadom silikonskim uljem
bolnica-danilo-i-cetinje	D06128	406.25	NULL	1042.50	6588	phacoemulsification-cataract-surgery-with-iol-implantation	Phacoemulsification Cataract Surgery with IOL Implantation	Operacija katarakte pomoću UZ-fakoemulzifikacije sa ugradnjom intraokularnog sočiva
bolnica-danilo-i-cetinje	D06131	130.00	NULL	333.60	6589	faden-operation-myopexy-for-strabismus	Faden Operation Myopexy for Strabismus	Miopeksija (Faden operacija) kod strabizma
bolnica-danilo-i-cetinje	D06132	130.00	NULL	333.60	6590	retropositions-or-myectomies-for-strabismus	Retropositions or Myectomies for Strabismus	Retropozicije ili miektomije kod strabizma
bolnica-danilo-i-cetinje	D06133	325.00	NULL	834.00	6591	dacryocystorhinostomy	Dacryocystorhinostomy	Dakriocistorinostomija
bolnica-danilo-i-cetinje	D06134	390.00	NULL	1000.80	6592	dacryocystorhinostomy-with-silicone-tube-lacrimal-repair	Dacryocystorhinostomy with Silicone Tube Lacrimal Repair	Dakriocistorinostomija sa reparacijom suznog kanala silikonskom cjevčicom
bolnica-danilo-i-cetinje	D06135	260.00	NULL	667.20	6593	perforating-eye-injury-surgery-with-internal-structure-lesion	Perforating Eye Injury Surgery with Internal Structure Lesion	Operacija perforativnih povreda oka sa lezijom unutrašnjih struktura
bolnica-danilo-i-cetinje	D06136	130.00	NULL	333.60	6594	lacrimal-canaliculus-and-punctum-repair	Lacrimal Canaliculus and Punctum Repair	Reparacija kanalikula i punktuma lakrimale
bolnica-danilo-i-cetinje	D06137	130.00	NULL	333.60	6595	eye-enucleation-with-muscle-suturing	Eye Enucleation with Muscle Suturing	Enukleacija bulbusa sa vezivanjem mišića
bolnica-danilo-i-cetinje	D06138	260.00	NULL	667.20	6596	jensen-operation-for-paralytic-strabismus	Jensen Operation for Paralytic Strabismus	Operativno liječenje paralitične razrokosti (Jensen operacija)
bolnica-danilo-i-cetinje	D06139	211.25	NULL	542.10	6597	conjunctivorhinostomy-and-cantocystostomy	Conjunctivorhinostomy and Cantocystostomy	Konjunktivo-rinostomija i kanto-cistostomija
bolnica-danilo-i-cetinje	D06141	162.50	NULL	417.00	6598	eye-enucleation-with-magnetic-prosthesis-implantation	Eye Enucleation with Magnetic Prosthesis Implantation	Enukleacija bulbusa sa implantacijom magnetne proteze
bolnica-danilo-i-cetinje	D06142	58.50	NULL	150.12	6599	indocyanine-green-angiography	Indocyanine Green Angiography	'Indocyanine Green' angiografija
bolnica-danilo-i-cetinje	D06143	406.25	NULL	1042.50	6600	congenital-cataract-surgery-with-iol-implantation	Congenital Cataract Surgery with IOL Implantation	Operacija kongenitalne katarakte sa implantacijom intraokularnog sočiva
bolnica-danilo-i-cetinje	D06144	195.00	NULL	500.40	6601	orbit-exenteration	Orbit Exenteration	Egzenteracija orbite
bolnica-danilo-i-cetinje	D06145	65.00	NULL	166.80	6602	810-nm-diode-laser	810 nm Diode Laser	Laser dioda 810 nm
bolnica-danilo-i-cetinje	D26001	195.00	NULL	500.40	6604	ligation-of-extracranial-cerebral-vessels-cervical	Ligation of Extracranial Cerebral Vessels (Cervical)	Ligatura ekstrakranijalnih krvnih sudova mozga (vratni dio)
bolnica-danilo-i-cetinje	D26002	260.00	NULL	667.20	6605	ligation-of-extracranial-cerebral-vessels-thoracic	Ligation of Extracranial Cerebral Vessels (Thoracic)	Ligatura ekstrakranijalnih krvnih sudova mozga (torakalni dio)
bolnica-danilo-i-cetinje	D26003	260.00	NULL	667.20	6606	subclavian-artery-or-vein-ligation-thoracic	Subclavian Artery or Vein Ligation (Thoracic)	Ligatura podključne arterije ili vene u torakalnom dijelu
bolnica-danilo-i-cetinje	D26004	195.00	NULL	500.40	6607	subclavian-artery-ligation-subclavian-region	Subclavian Artery Ligation (Subclavian Region)	Ligatura arterije subklavije u podključnom dijelu
bolnica-danilo-i-cetinje	D26005	97.50	NULL	250.20	6608	axillary-artery-or-vein-ligation	Axillary Artery or Vein Ligation	Ligatura arterije ili vene aksilaris
bolnica-danilo-i-cetinje	D26006	325.00	NULL	834.00	6609	thoracic-aorta-ligation	Thoracic Aorta Ligation	Ligatura grudne aorte
bolnica-danilo-i-cetinje	D26007	292.50	NULL	750.60	6610	superior-vena-cava-ligation	Superior Vena Cava Ligation	Ligatura vene cave superior
bolnica-danilo-i-cetinje	D26008	325.00	NULL	834.00	6611	abdominal-aorta-ligation	Abdominal Aorta Ligation	Ligatura aorte abdominalis
bolnica-danilo-i-cetinje	D26009	585.00	NULL	1501.20	6612	ductus-botalli-ligation	Ductus Botalli Ligation	Ligatura ductus Botalli
bolnica-danilo-i-cetinje	D26010	260.00	NULL	667.20	6613	visceral-artery-or-vein-ligation	Visceral Artery or Vein Ligation	Ligatura visceralne arterije ili vene
bolnica-danilo-i-cetinje	D26011	487.50	NULL	1251.00	6614	arteriovenous-fistula-exclusion-withwithout-reconstruction	Arteriovenous Fistula Exclusion (with/without Reconstruction)	Ekskluzija arteriovenske fistule (sa ili bez rekonstrukcije)
bolnica-danilo-i-cetinje	D26012	260.00	NULL	667.20	6615	suture-of-intracranial-vessel-surface	Suture of Intracranial Vessel (Surface)	Sutura intrakranijalnog krvnog suda (na površini)
bolnica-danilo-i-cetinje	D26013	260.00	NULL	667.20	6616	suture-of-extracranial-cerebral-vessel-cervical	Suture of Extracranial Cerebral Vessel (Cervical)	Sutura ekstrakranijalnog dijela krvnog suda mozga (vratni dio)
bolnica-danilo-i-cetinje	D26014	260.00	NULL	667.20	6617	suture-of-extracranial-cerebral-vessel-thoracic	Suture of Extracranial Cerebral Vessel (Thoracic)	Sutura ekstrakranijalnog dijela krvnog suda mozga (torakalni dio)
bolnica-danilo-i-cetinje	D26015	260.00	NULL	667.20	6618	subclavian-artery-or-vein-suture-thoracic	Subclavian Artery or Vein Suture (Thoracic)	Sutura arterije ili vene subklavije (torakalni dio)
bolnica-danilo-i-cetinje	D26016	260.00	NULL	667.20	6619	subclavian-artery-or-vein-suture-subclavian-region	Subclavian Artery or Vein Suture (Subclavian Region)	Sutura arterije ili vene subklavije (podključni dio)
bolnica-danilo-i-cetinje	D26017	487.50	NULL	1251.00	6620	pulmonary-artery-or-vein-suture	Pulmonary Artery or Vein Suture	Sutura arterije ili vene pulmonalis
bolnica-danilo-i-cetinje	D26018	487.50	NULL	1251.00	6621	superior-vena-cava-suture	Superior Vena Cava Suture	Sutura vene cave superior
bolnica-danilo-i-cetinje	D26019	487.50	NULL	1251.00	6622	thoracic-aorta-suture	Thoracic Aorta Suture	Sutura grudne aorte
bolnica-danilo-i-cetinje	D26020	487.50	NULL	1251.00	6623	abdominal-aorta-suture	Abdominal Aorta Suture	Sutura aorte abdominalis
bolnica-danilo-i-cetinje	D26021	422.50	NULL	1084.20	6624	visceral-vessels-suture	Visceral Vessels Suture	Sutura visceralnih krvnih sudova
bolnica-danilo-i-cetinje	D26022	487.50	NULL	1251.00	6625	inferior-vena-cava-suture	Inferior Vena Cava Suture	Sutura vene cave inferior
bolnica-danilo-i-cetinje	D26023	422.50	NULL	1084.20	6626	renal-artery-or-vein-suture	Renal Artery or Vein Suture	Sutura arterije ili vene renalis
bolnica-danilo-i-cetinje	D26024	487.50	NULL	1251.00	6627	vena-cava-plication	Vena Cava Plication	Plikacija vene cave
bolnica-danilo-i-cetinje	D26025	487.50	NULL	1251.00	6628	antiembolic-filter-placement	Antiembolic Filter Placement	Postavljanje antiembolijskog filtera
bolnica-danilo-i-cetinje	D26026	195.00	NULL	500.40	6629	crossectomy-gsv-ligation-stripping-and-phlebectomy-of-lower-limb	Crossectomy, GSV Ligation, Stripping and Phlebectomy of Lower Limb	Cross, lig. VSM, strip. VSM i flebektomija površnih vena donjih ekstremiteta
bolnica-danilo-i-cetinje	D26027	292.50	NULL	750.60	6630	cervical-artery-arteriotomy-and-embolectomy	Cervical Artery Arteriotomy and Embolectomy	Incizija (arteriotomija) i embolektomija arterija vrata
bolnica-danilo-i-cetinje	D26028	520.00	NULL	1334.40	6631	pulmonary-artery-arteriotomy-and-embolectomy	Pulmonary Artery Arteriotomy and Embolectomy	Incizija (arteriotomija) i embolektomija plućne arterije
bolnica-danilo-i-cetinje	D26029	520.00	NULL	1334.40	6632	abdominal-aorta-arteriotomy-and-embolectomy	Abdominal Aorta Arteriotomy and Embolectomy	Incizija (arteriotomija) i embolektomija abdominalne aorte
bolnica-danilo-i-cetinje	D26030	390.00	NULL	1000.80	6633	visceral-artery-arteriotomy-and-embolectomy	Visceral Artery Arteriotomy and Embolectomy	Incizija (arteriotomija) i embolektomija visceralne arterije
bolnica-danilo-i-cetinje	D26031	390.00	NULL	1000.80	6634	renal-artery-arteriotomy-and-embolectomy	Renal Artery Arteriotomy and Embolectomy	Incizija (arteriotomija) i embolektomija arterije renalis
bolnica-danilo-i-cetinje	D26032	292.50	NULL	750.60	6635	cervical-vein-thrombectomy	Cervical Vein Thrombectomy	Trombektomija vratne vene
bolnica-danilo-i-cetinje	D26033	195.00	NULL	500.40	6636	upper-limb-vein-thrombectomy	Upper Limb Vein Thrombectomy	Trombektomija vena gornjih ekstremiteta
bolnica-danilo-i-cetinje	D26034	520.00	NULL	1334.40	6637	superior-vena-cava-thrombectomy	Superior Vena Cava Thrombectomy	Trombektomija vene cave superior
bolnica-danilo-i-cetinje	D26035	390.00	NULL	1000.80	6638	visceral-vein-thrombectomy	Visceral Vein Thrombectomy	Trombektomija visceralne vene
bolnica-danilo-i-cetinje	D26036	292.50	NULL	750.60	6639	pelvic-vein-thrombectomy	Pelvic Vein Thrombectomy	Trombektomija pelvične vene
bolnica-danilo-i-cetinje	D26037	195.00	NULL	500.40	6640	lower-limb-vein-thrombectomy	Lower Limb Vein Thrombectomy	Trombektomija vena donjih ekstremiteta
bolnica-danilo-i-cetinje	D26038	650.00	NULL	1668.00	6641	extracranial-artery-thrombendarterectomy-cervical	Extracranial Artery Thrombendarterectomy (Cervical)	Trombendarterektomija ekstrakranijalnih arterija (vratni dio)
bolnica-danilo-i-cetinje	D26039	650.00	NULL	1668.00	6642	extracranial-artery-thrombendarterectomy-thoracic	Extracranial Artery Thrombendarterectomy (Thoracic)	Trombendarterektomija ekstrakranijalnih arterija (torakalni dio)
bolnica-danilo-i-cetinje	D26040	650.00	NULL	1668.00	6643	subclavian-artery-thrombendarterectomy-thoracic	Subclavian Artery Thrombendarterectomy (Thoracic)	Trombendarterektomija arterije subklavije (torakalni dio)
bolnica-danilo-i-cetinje	D26041	325.00	NULL	834.00	6644	axillary-artery-thrombendarterectomy	Axillary Artery Thrombendarterectomy	Trombendarterektomija arterije aksilaris
bolnica-danilo-i-cetinje	D26042	520.00	NULL	1334.40	6645	visceral-artery-thrombendarterectomy	Visceral Artery Thrombendarterectomy	Trombendarterektomija visceralne arterije
bolnica-danilo-i-cetinje	D26043	520.00	NULL	1334.40	6646	renal-artery-thrombendarterectomy	Renal Artery Thrombendarterectomy	Trombendarterektomija renalnih arterija
bolnica-danilo-i-cetinje	D26044	585.00	NULL	1501.20	6647	iliac-artery-thrombendarterectomy	Iliac Artery Thrombendarterectomy	Trombendarterektomija ilijačnih arterija
bolnica-danilo-i-cetinje	D26045	390.00	NULL	1000.80	6648	popliteal-artery-thrombendarterectomy	Popliteal Artery Thrombendarterectomy	Trombendarterektomija arterije popliteae
bolnica-danilo-i-cetinje	D26046	617.50	NULL	1584.60	6649	extracranial-artery-thrombendarterectomy-with-patch	Extracranial Artery Thrombendarterectomy with Patch	Trombendarterektomija sa patch plastikom ekstrakranijalnih arterija
bolnica-danilo-i-cetinje	D26047	812.50	NULL	2085.00	6650	subclavian-artery-thrombendarterectomy-with-patch	Subclavian Artery Thrombendarterectomy with Patch	Trombendarterektomija sa patch-plastikom arterije subklavije
bolnica-danilo-i-cetinje	D26048	812.50	NULL	2085.00	6651	subclavian-artery-thrombendarterectomy-with-patch-subclavian	Subclavian Artery Thrombendarterectomy with Patch (Subclavian)	Trombendarterektomija sa patch-plastikom arterije subklavije (podključni dio)
bolnica-danilo-i-cetinje	D26049	520.00	NULL	1334.40	6652	axillary-artery-thrombendarterectomy-with-patch	Axillary Artery Thrombendarterectomy with Patch	Trombendarterektomija sa patch plastikom arterije aksilaris
bolnica-danilo-i-cetinje	D26050	520.00	NULL	1334.40	6653	other-arm-arteries-thrombendarterectomy-with-patch	Other Arm Arteries Thrombendarterectomy with Patch	Trombendarterektomija sa patch plastikom ostalih arterija ruku
bolnica-danilo-i-cetinje	D26051	812.50	NULL	2085.00	6654	abdominal-aorta-thrombendarterectomy-with-patch	Abdominal Aorta Thrombendarterectomy with Patch	Trombendarterektomija sa patch plastikom aorte abdominalis
bolnica-danilo-i-cetinje	D26052	650.00	NULL	1668.00	6655	visceral-artery-thrombendarterectomy-with-patch	Visceral Artery Thrombendarterectomy with Patch	Trombendarterektomija sa patch-plastikom visceralne arterije
bolnica-danilo-i-cetinje	D26053	650.00	NULL	1668.00	6656	renal-artery-thrombendarterectomy-with-patch	Renal Artery Thrombendarterectomy with Patch	Trombendarterektomija sa patch-plastikom arterije renalis
bolnica-danilo-i-cetinje	D26054	747.50	NULL	1918.20	6657	iliac-artery-thrombendarterectomy-with-patch	Iliac Artery Thrombendarterectomy with Patch	Trombendarterektomija sa patch-plastikom ilijačnih arterija
bolnica-danilo-i-cetinje	D26055	617.50	NULL	1584.60	6658	femoral-artery-thrombendarterectomy-with-patch	Femoral Artery Thrombendarterectomy with Patch	Trombendarterektomija sa patch-plastikom femoralne arterije
bolnica-danilo-i-cetinje	D26056	617.50	NULL	1584.60	6659	popliteal-artery-thrombendarterectomy-with-patch	Popliteal Artery Thrombendarterectomy with Patch	Trombendarterektomija sa patch-plastikom arterije popliteae
bolnica-danilo-i-cetinje	D26057	617.50	NULL	1584.60	6660	other-leg-arteries-thrombendarterectomy-with-patch	Other Leg Arteries Thrombendarterectomy with Patch	Trombendarterektomija sa patch-plastikom ostalih arterija nogu
bolnica-danilo-i-cetinje	D26058	585.00	NULL	1501.20	6661	resection-and-direct-anastomosis-of-cranial-surface-artery	Resection and Direct Anastomosis of Cranial Surface Artery	Resekcija i direktna anastomoza kranijalne površne arterije
bolnica-danilo-i-cetinje	D26059	585.00	NULL	1501.20	6662	resection-and-anastomosis-of-extraintracranial-arteries-cervical	Resection and Anastomosis of Extra/Intracranial Arteries (Cervical)	Resekcija i anastomoza ekstra- i intrakranijalnih arterija (vratni dio)
bolnica-danilo-i-cetinje	D26060	617.50	NULL	1584.60	6663	resection-and-anastomosis-of-intracranial-arteries-thoracic	Resection and Anastomosis of Intracranial Arteries (Thoracic)	Resekcija i anastomoza intrakranijalnih arterija (torakalni dio)
bolnica-danilo-i-cetinje	D26061	617.50	NULL	1584.60	6664	resection-and-anastomosis-of-subclavian-artery-thoracic	Resection and Anastomosis of Subclavian Artery (Thoracic)	Resekcija i anastomoza arterije subklavije (torakalni dio)
bolnica-danilo-i-cetinje	D26062	617.50	NULL	1584.60	6665	resection-and-anastomosis-of-subclavian-artery-subclavian	Resection and Anastomosis of Subclavian Artery (Subclavian)	Resekcija i anastomoza arterije subklavije (podključni dio)
bolnica-danilo-i-cetinje	D26063	617.50	NULL	1584.60	6666	resection-and-anastomosis-of-axillary-artery	Resection and Anastomosis of Axillary Artery	Resekcija i anastomoza arterije aksilaris
bolnica-danilo-i-cetinje	D26064	617.50	NULL	1584.60	6667	resection-and-anastomosis-of-other-arm-arteries	Resection and Anastomosis of Other Arm Arteries	Resekcija i anastomoza drugih arterija ruke
bolnica-danilo-i-cetinje	D26065	812.50	NULL	2085.00	6668	resection-and-anastomosis-of-thoracic-aorta	Resection and Anastomosis of Thoracic Aorta	Resekcija i anastomoza grudne aorte
bolnica-danilo-i-cetinje	D26066	2919.00	NULL	NULL	6669	resection-and-anastomosis-of-thoracic-aorta-ecc	Resection and Anastomosis of Thoracic Aorta (ECC)	Resekcija i anastomoza grudne aorte (EKC)
bolnica-danilo-i-cetinje	D26067	650.00	NULL	1668.00	6670	resection-and-anastomosis-of-pulmonary-vessels	Resection and Anastomosis of Pulmonary Vessels	Resekcija i anastomoza plućnih krvnih sudova
bolnica-danilo-i-cetinje	D26068	715.00	NULL	1834.80	6671	resection-and-ligation-of-ductus-botalli	Resection and Ligation of Ductus Botalli	Resekcija i ligatura ductus Botalli
bolnica-danilo-i-cetinje	D26069	812.50	NULL	2085.00	6672	resection-and-anastomosis-of-abdominal-aorta	Resection and Anastomosis of Abdominal Aorta	Resekcija i anastomoza aorte abdominalis
bolnica-danilo-i-cetinje	D26070	812.50	NULL	2085.00	6673	resection-and-anastomosis-of-visceral-arteries	Resection and Anastomosis of Visceral Arteries	Resekcija i anastomoza visceralnih arterija
bolnica-danilo-i-cetinje	D26071	650.00	NULL	1668.00	6674	resection-and-anastomosis-of-renal-artery-or-vein	Resection and Anastomosis of Renal Artery or Vein	Resekcija i anastomoza arterija ili vena renalis
bolnica-danilo-i-cetinje	D26072	715.00	NULL	1834.80	6675	resection-and-anastomosis-of-iliac-artery-or-vein	Resection and Anastomosis of Iliac Artery or Vein	Resekcija i anastomoza arterija ili vena iliaca
bolnica-danilo-i-cetinje	D26073	520.00	NULL	1334.40	6676	resection-and-anastomosis-of-popliteal-artery-or-vein	Resection and Anastomosis of Popliteal Artery or Vein	Resekcija i anastomoza arterije ili vene popliteae
bolnica-danilo-i-cetinje	D26074	812.50	NULL	2085.00	6677	portocaval-shunt	Portocaval Shunt	Porto-kavalni šant
bolnica-danilo-i-cetinje	D26075	812.50	NULL	2085.00	6678	porto-systemic-shunt-with-or-without-splenectomy	Porto-Systemic Shunt with or without Splenectomy	Porto-sistemski šant sa ili bez resekcije slezine
bolnica-danilo-i-cetinje	D26076	812.50	NULL	2085.00	6679	splenorenal-shunt	Splenorenal Shunt	Spleno-renalni šant
bolnica-danilo-i-cetinje	D26077	910.00	NULL	2335.20	6680	mesentericocaval-shunt	Mesentericocaval Shunt	Mezenteriko-kavalni šant
bolnica-danilo-i-cetinje	D26078	650.00	NULL	1668.00	6681	systemic-pulmonary-arteriovenous-anastomoses	Systemic-Pulmonary Arteriovenous Anastomoses	Sistemsko-pulmonalne arteriovenske anastomoze
bolnica-danilo-i-cetinje	D26079	113.75	NULL	291.90	6682	arteriovenous-anastomosis-of-peripheral-vessels-for-dialysis-access	Arteriovenous Anastomosis of Peripheral Vessels for Dialysis Access	Arterio-venske anastomoze perifernih krvnih sudova — vaskularni pristup za dijalizu
bolnica-danilo-i-cetinje	D26080	812.50	NULL	2085.00	6683	epigastric-cavernous-anastomosis	Epigastric-Cavernous Anastomosis	Epigastrico-kavernozna anastomoza
bolnica-danilo-i-cetinje	D26081	585.00	NULL	1501.20	6684	cavernous-venous-anastomoses	Cavernous-Venous Anastomoses	Kavernozno-venske anastomoze
bolnica-danilo-i-cetinje	D26082	520.00	NULL	1334.40	6685	synthetic-graft-resection-of-cervical-vessels	Synthetic Graft Resection of Cervical Vessels	Resekcija i sintetski graft krvnih sudova vrata
bolnica-danilo-i-cetinje	D26083	520.00	NULL	1334.40	6686	autovenous-graft-resection-of-cervical-vessels	Autovenous Graft Resection of Cervical Vessels	Resekcija i autovenski graft krvnih sudova vrata
bolnica-danilo-i-cetinje	D26084	520.00	NULL	1334.40	6687	synthetic-graft-of-extracranial-arteries-thoracic	Synthetic Graft of Extracranial Arteries (Thoracic)	Resekcija i sintetski graft ekstrakranijalnih arterija (torakalni dio)
bolnica-danilo-i-cetinje	D26085	520.00	NULL	1334.40	6688	autovenous-graft-of-extracranial-arteries-thoracic	Autovenous Graft of Extracranial Arteries (Thoracic)	Resekcija i autovenski graft ekstrakranijalnih arterija (torakalni dio)
bolnica-danilo-i-cetinje	D26086	633.75	NULL	1626.30	6689	synthetic-graft-of-subclavian-artery-thoracic	Synthetic Graft of Subclavian Artery (Thoracic)	Resekcija i sintetski graft arterije subklavije u grudnom dijelu
bolnica-danilo-i-cetinje	D26087	633.75	NULL	1626.30	6690	synthetic-graft-of-subclavian-artery-subclavian	Synthetic Graft of Subclavian Artery (Subclavian)	Resekcija i sintetski graft arterije subklavije u podključnom dijelu
bolnica-danilo-i-cetinje	D26088	633.75	NULL	1626.30	6691	autovenous-graft-of-subclavian-artery-thoracic-or-subclavian	Autovenous Graft of Subclavian Artery (Thoracic or Subclavian)	Resekcija i autovenski graft arterije subklavije u grudnom ili podključnom dijelu
bolnica-danilo-i-cetinje	D26089	520.00	NULL	1334.40	6692	synthetic-graft-of-axillary-artery-or-vein	Synthetic Graft of Axillary Artery or Vein	Resekcija i sintetski graft arterije axillaris ili vene aksilaris
bolnica-danilo-i-cetinje	D26090	520.00	NULL	1334.40	6693	autovenous-graft-of-axillary-artery-or-vein	Autovenous Graft of Axillary Artery or Vein	Resekcija i autovenski graft arterije ili vene aksilaris
bolnica-danilo-i-cetinje	D26091	975.00	NULL	2502.00	6694	synthetic-prosthesis-of-thoracic-aorta	Synthetic Prosthesis of Thoracic Aorta	Resekcija i sintetska proteza grudne aorte
bolnica-danilo-i-cetinje	D26092	812.50	NULL	2085.00	6695	synthetic-prosthesis-of-superior-vena-cava	Synthetic Prosthesis of Superior Vena Cava	Resekcija i sintetska proteza gornje šuplje vene
bolnica-danilo-i-cetinje	D26093	812.50	NULL	2085.00	6696	synthetic-prosthesis-of-abdominal-aorta	Synthetic Prosthesis of Abdominal Aorta	Resekcija i sintetska proteza aorte abdominalis
bolnica-danilo-i-cetinje	D26094	633.75	NULL	1626.30	6697	synthetic-prosthesis-of-visceral-artery	Synthetic Prosthesis of Visceral Artery	Resekcija i sintetska proteza visceralne arterije
bolnica-danilo-i-cetinje	D26095	633.75	NULL	1626.30	6698	autovenous-graft-of-visceral-artery	Autovenous Graft of Visceral Artery	Resekcija i autovenski graft visceralne arterije
bolnica-danilo-i-cetinje	D26096	520.00	NULL	1334.40	6699	autovenous-or-synthetic-graft-of-renal-artery	Autovenous or Synthetic Graft of Renal Artery	Resekcija i autovenski ili sintetski graft arterije renalis
bolnica-danilo-i-cetinje	D26097	812.50	NULL	2085.00	6700	autovenous-graft-of-inferior-vena-cava	Autovenous Graft of Inferior Vena Cava	Resekcija i autovenski graft vene cave inferior
bolnica-danilo-i-cetinje	D26098	633.75	NULL	1626.30	6701	synthetic-graft-of-iliac-artery-or-vein	Synthetic Graft of Iliac Artery or Vein	Resekcija i sintetski graft arterija ili vena iliaca
bolnica-danilo-i-cetinje	D26099	520.00	NULL	1334.40	6702	autovenous-or-synthetic-graft-of-popliteal-artery-or-vein	Autovenous or Synthetic Graft of Popliteal Artery or Vein	Resekcija i autovenski ili sintetski graft arterije ili vena popliteae
bolnica-danilo-i-cetinje	D26100	715.00	NULL	1834.80	6703	cervical-vessel-reconstruction-by-autovenous-bypass-carotidvertebral	Cervical Vessel Reconstruction by Autovenous Bypass (Carotid/Vertebral)	Rekonstrukcija krvnih sudova vrata by-pass postupkom (karotidno/vertebralna) autovenskim graftom
bolnica-danilo-i-cetinje	D26101	715.00	NULL	1834.80	6704	cervical-vessel-reconstruction-by-synthetic-bypass	Cervical Vessel Reconstruction by Synthetic Bypass	Rekonstrukcija krvnih sudova vrata by-pass postupkom (karot./vert.) sintetskim graftom
bolnica-danilo-i-cetinje	D26102	715.00	NULL	1834.80	6705	reconstruction-of-brain-vessels-in-thoracic-region-with-synthetic-prosthesis-bypass	Reconstruction of Brain Vessels in Thoracic Region with Synthetic Prosthesis Bypass	Rekonstrukcija krvnih sudova mozga u torakalnom dijelu sa sintetskom protezom by-pass
bolnica-danilo-i-cetinje	D26103	650.00	NULL	1668.00	6706	subclavian-carotid-transposition	Subclavian-Carotid Transposition	Transpozicija velikih krvnih sudova — subklavio-karotidna transpozicija
bolnica-danilo-i-cetinje	D26104	650.00	NULL	1668.00	6707	carotid-subclavian-transposition	Carotid-Subclavian Transposition	Transpozicija velikih krvnih sudova — karotidno-subklavijalna transpozicija
bolnica-danilo-i-cetinje	D26105	715.00	NULL	1834.80	6708	subclavian-artery-or-vein-bypass-with-venous-or-synthetic-graft	Subclavian Artery or Vein Bypass with Venous or Synthetic Graft	Rekonstrukcija arterije ili vene subklavije by-pass postupkom venskim ili sintetskim graftom
bolnica-danilo-i-cetinje	D26106	406.25	NULL	1042.50	6709	axillary-artery-or-vein-reconstruction-with-synthetic-or-autovenous-graft	Axillary Artery or Vein Reconstruction with Synthetic or Autovenous Graft	Rekonstrukcija arterije ili vene aksilaris sintetskom protezom ili autovenskim graftom
bolnica-danilo-i-cetinje	D26107	975.00	NULL	2502.00	6710	thoracic-aorta-bypass-reconstruction-synthetic-prosthesis	Thoracic Aorta Bypass Reconstruction (Synthetic Prosthesis)	Rekonstrukcija grudne aorte by-pass postupkom (sintetska proteza)
bolnica-danilo-i-cetinje	D26108	812.50	NULL	2085.00	6711	superior-vena-cava-bypass-reconstruction-synthetic-graft	Superior Vena Cava Bypass Reconstruction (Synthetic Graft)	Rekonstrukcija vene cave superior by-pass postupkom (sintetski graft)
bolnica-danilo-i-cetinje	D26109	812.50	NULL	2085.00	6712	abdominal-aorta-bypass-reconstruction-synthetic-graft	Abdominal Aorta Bypass Reconstruction (Synthetic Graft)	Rekonstrukcija aorte abdominalis by-pass postupkom (sintetski graft)
bolnica-danilo-i-cetinje	D26110	633.75	NULL	1626.30	6713	visceral-artery-bypass-reconstruction-autovenoussynthetic	Visceral Artery Bypass Reconstruction (Autovenous/Synthetic)	Rekonstrukcija visceralne arterije by-pass postupkom (autoveni/sintetski graft)
bolnica-danilo-i-cetinje	D26111	633.75	NULL	1626.30	6714	renal-artery-bypass-reconstruction-autovenoussynthetic	Renal Artery Bypass Reconstruction (Autovenous/Synthetic)	Rekonstrukcija arterije renalis by-pass postupkom (autoveni/sintetski graft)
bolnica-danilo-i-cetinje	D26112	812.50	NULL	2085.00	6715	inferior-vena-cava-bypass-reconstruction	Inferior Vena Cava Bypass Reconstruction	Rekonstrukcija vene cave inferior by-pass postupkom
bolnica-danilo-i-cetinje	D26113	633.75	NULL	1626.30	6716	iliac-vessels-bypass-reconstruction	Iliac Vessels Bypass Reconstruction	Rekonstrukcija arterija ili vena iliaca by-pass postupkom
bolnica-danilo-i-cetinje	D26114	406.25	NULL	1042.50	6717	popliteal-vessels-bypass-reconstruction	Popliteal Vessels Bypass Reconstruction	Rekonstrukcija arterija ili vena poplitea by-pass postupkom
bolnica-danilo-i-cetinje	D26115	585.00	NULL	1501.20	6718	extra-anatomical-axillo-bifemoral-bypass	Extra-Anatomical Axillo-(Bi)Femoral Bypass	Extraanatomski aksilo (bi)femoralni by-pass
bolnica-danilo-i-cetinje	D26116	585.00	NULL	1501.20	6719	extra-anatomical-iliaco-femoral-cross-over-bypass	Extra-Anatomical Iliaco-Femoral Cross-Over Bypass	Extraanatomski iliaco-femoralni (cross over) by-pass
bolnica-danilo-i-cetinje	D26117	585.00	NULL	1501.20	6720	extra-anatomical-femoro-femoral-cross-over-bypass	Extra-Anatomical Femoro-Femoral Cross-Over Bypass	Extraanatomski femoro-femoralni (cross over) by-pass
bolnica-danilo-i-cetinje	D26118	585.00	NULL	1501.20	6721	other-extra-anatomical-bypass	Other Extra-Anatomical Bypass	Ostali extraanatomski by-pass
bolnica-danilo-i-cetinje	D26119	585.00	NULL	1501.20	6722	prosthesis-removal-thrombosis-or-infection	Prosthesis Removal (Thrombosis or Infection)	Ekstirpacija proteze (zbog tromboze ili infekcije)
bolnica-danilo-i-cetinje	D26120	390.00	NULL	1000.80	6723	arteriovenous-shunt-special-cases	Arteriovenous Shunt (Special Cases)	Arteriovenski šant (u posebnim slučajevima)
bolnica-danilo-i-cetinje	D26121	390.00	NULL	1000.80	6724	arteriovenous-bypass	Arteriovenous Bypass	Arteriovenski by-pass
bolnica-danilo-i-cetinje	D26122	585.00	NULL	1501.20	6725	carotid-aneurysmectomy-and-reconstruction	Carotid Aneurysmectomy and Reconstruction	Aneurizmektomija i rekonstrukcija karotidne arterije
bolnica-danilo-i-cetinje	D26123	585.00	NULL	1501.20	6726	vertebral-aneurysmectomy-and-reconstruction	Vertebral Aneurysmectomy and Reconstruction	Aneurizmektomija i rekonstrukcija vertebralne arterije
bolnica-danilo-i-cetinje	D26124	520.00	NULL	1334.40	6727	subclavian-aneurysmectomy-and-reconstruction	Subclavian Aneurysmectomy and Reconstruction	Aneurizmektomija i rekonstrukcija arterije subklavije
bolnica-danilo-i-cetinje	D26125	325.00	NULL	834.00	6728	axillary-aneurysmectomy-and-reconstruction	Axillary Aneurysmectomy and Reconstruction	Aneurizmektomija i rekonstrukcija arterije aksilaris
bolnica-danilo-i-cetinje	D26126	325.00	NULL	834.00	6729	other-arm-arteries-aneurysmectomy-and-reconstruction	Other Arm Arteries Aneurysmectomy and Reconstruction	Aneurizmektomija i rekonstrukcija ostalih arterija ruke
bolnica-danilo-i-cetinje	D26127	5004.00	NULL	NULL	6730	aortic-arch-aneurysmectomy-and-reconstruction	Aortic Arch Aneurysmectomy and Reconstruction	Aneurizmektomija i rekonstrukcija luka aorte
bolnica-danilo-i-cetinje	D26128	975.00	NULL	2502.00	6731	thoracic-aorta-aneurysmectomy-and-reconstruction	Thoracic Aorta Aneurysmectomy and Reconstruction	Aneurizmektomija i rekonstrukcija grudne aorte
bolnica-danilo-i-cetinje	D26129	812.50	NULL	2085.00	6732	abdominal-aorta-aneurysmectomy-and-reconstruction	Abdominal Aorta Aneurysmectomy and Reconstruction	Aneurizmektomija i rekonstrukcija abdominalne aorte
bolnica-danilo-i-cetinje	D26130	715.00	NULL	1834.80	6733	visceral-arteries-aneurysmectomy-and-reconstruction	Visceral Arteries Aneurysmectomy and Reconstruction	Aneurizmektomija i rekonstrukcija visceralnih arterija
bolnica-danilo-i-cetinje	D26131	520.00	NULL	1334.40	6734	iliac-arteries-aneurysmectomy-and-reconstruction	Iliac Arteries Aneurysmectomy and Reconstruction	Aneurizmektomija i rekonstrukcija arterija iliaca
bolnica-danilo-i-cetinje	D26132	520.00	NULL	1334.40	6735	femoral-artery-aneurysmectomy-and-reconstruction	Femoral Artery Aneurysmectomy and Reconstruction	Aneurizmektomija i rekonstrukcija femoralne arterije
bolnica-danilo-i-cetinje	D26133	520.00	NULL	1334.40	6736	popliteal-and-other-leg-arteries-aneurysmectomy-and-reconstruction	Popliteal and Other Leg Arteries Aneurysmectomy and Reconstruction	Aneurizmektomija i rekonstrukcija arterije popliteae i ostalih arterija nogu
bolnica-danilo-i-cetinje	D26134	325.00	NULL	834.00	6737	upper-thoracic-sympathectomy	Upper Thoracic Sympathectomy	Gornja grudna simpatektomija
bolnica-danilo-i-cetinje	D26135	260.00	NULL	667.20	6738	lumbar-sympathectomy	Lumbar Sympathectomy	Lumbalna simpatektomija
bolnica-danilo-i-cetinje	D26136	292.50	NULL	750.60	6739	cervical-artery-or-vein-exploration	Cervical Artery or Vein Exploration	Eksploracija arterije ili vene vrata
bolnica-danilo-i-cetinje	D26137	162.50	NULL	417.00	6740	arm-vessels-exploration	Arm Vessels Exploration	Eksploracija krvnih sudova ruke
bolnica-danilo-i-cetinje	D26138	292.50	NULL	750.60	6741	abdominal-aorta-visceral-or-renal-vessels-exploration	Abdominal Aorta, Visceral or Renal Vessels Exploration	Eksploracija abdominalne aorte, visceralnih arterija ili vena ili renalnih arterija i vena
bolnica-danilo-i-cetinje	D26139	162.50	NULL	417.00	6742	leg-vessels-exploration	Leg Vessels Exploration	Eksploracija krvnih sudova nogu
bolnica-danilo-i-cetinje	D26140	585.00	NULL	1501.20	6743	endovascular-stent-graft-in-thoracic-aorta	Endovascular Stent Graft in Thoracic Aorta	Endovaskularna procedura — plasiranje stent grafta u grudnu (torakalnu) aortu
bolnica-danilo-i-cetinje	D26141	373.75	NULL	959.10	6744	endovascular-stent-graft-in-abdominal-aorta	Endovascular Stent Graft in Abdominal Aorta	Endovaskularna procedura — plasiranje stent grafta u abdominalnu aortu
bolnica-danilo-i-cetinje	D26142	373.75	NULL	959.10	6745	endovascular-stent-graft-in-iliac-arteries	Endovascular Stent Graft in Iliac Arteries	Endovaskularna procedura — plasiranje stent grafta u ilijačne arterije
bolnica-danilo-i-cetinje	D26143	373.75	NULL	959.10	6746	endovascular-stent-graft-in-femoral-artery	Endovascular Stent Graft in Femoral Artery	Endovaskularna procedura — plasiranje stent grafta u femoralnu arteriju
bolnica-danilo-i-cetinje	D26144	373.75	NULL	959.10	6747	endovascular-stent-graft-in-poplitealcrural-arteries	Endovascular Stent Graft in Popliteal/Crural Arteries	Endovaskularna procedura — plasiranje stent grafta u poplitealnu i/ili kruralne arterije
bolnica-danilo-i-cetinje	D26145	260.00	NULL	667.20	6748	cervical-thoracic-duct-suture-or-ligation	Cervical Thoracic Duct Suture or Ligation	Sutura ili ligatura ductus thoracicus na vratu
bolnica-danilo-i-cetinje	D27001	325.00	NULL	834.00	6749	acute-episubdural-hematoma-removal-by-osteoplastic-craniotomy	Acute Epi/Subdural Hematoma Removal by Osteoplastic Craniotomy	Odstranjenje akutnog epi- ili subduralnog hematoma osteoplastičnom kraniotomijom
bolnica-danilo-i-cetinje	D27002	487.50	NULL	1251.00	6750	chronic-subdural-hematoma-removal	Chronic Subdural Hematoma Removal	Odstranjenje hroničnog subduralnog hematoma
bolnica-danilo-i-cetinje	D27003	536.25	NULL	1376.10	6751	exploratory-supratentorial-or-infratentorial-trepanation	Exploratory Supratentorial or Infratentorial Trepanation	Eksplorativna supra- ili infratentorijalna trepanacija
bolnica-danilo-i-cetinje	D27004	390.00	NULL	1000.80	6752	epidural-abscess-puncture-and-drainage	Epidural Abscess Puncture and Drainage	Punkcija i drenaža epiduralnog abscesa
bolnica-danilo-i-cetinje	D27005	130.00	NULL	333.60	6753	neuroma-removal-for-phantom-pain	Neuroma Removal for Phantom Pain	Odstranjenje neuroma kod fantomske boli
bolnica-danilo-i-cetinje	D27006	373.75	NULL	959.10	6754	trigeminal-nerve-branch-sectioning	Trigeminal Nerve Branch Sectioning	Presijecanje grane n. trigeminusa
bolnica-danilo-i-cetinje	D27007	97.50	NULL	250.20	6755	extensive-scalp-soft-tissue-tumor-removal-with-bone-destruction	Extensive Scalp Soft Tissue Tumor Removal with Bone Destruction	Odstranjenje opsežnog tumora mekih tkiva poglavine sa destrukcijom kosti
bolnica-danilo-i-cetinje	D27008	97.50	NULL	250.20	6756	cranial-osteomyelitis	Cranial Osteomyelitis Treatment	Osteomijelitis kranijuma
bolnica-danilo-i-cetinje	D27009	97.50	NULL	250.20	6757	skull-bone-tumor-removal	Skull Bone Tumor Removal	Odstranjenje tumora lobanjskih kostiju
bolnica-danilo-i-cetinje	D27010	390.00	NULL	1000.80	6758	depressed-skull-fracture-withwithout-dural-injury	Treatment of Depressed Skull Fracture (with/without Dural Injury)	Depresivna fraktura kosti lobanje (sa ili bez povrede dura mater)
bolnica-danilo-i-cetinje	D27011	650.00	NULL	1668.00	6759	depressed-fracture-with-dural-and-major-venous-injury	Treatment of Depressed Fracture with Dural and Major Venous Injury	Depresivna fraktura sa ozljedom dura matris i velikih venskih krvnih sudova
bolnica-danilo-i-cetinje	D27012	97.50	NULL	250.20	6760	fixation-transducer-for-icp-monitoring-in-various-etiologies	ICP Transducer Placement for Continuous Monitoring in Raised ICP of Various Etiologies	Fiksiranje transdjusera za kontinuirano mjerenje povećanog intrakranijalnog pritiska različite etiologije
bolnica-danilo-i-cetinje	D27013	260.00	NULL	667.20	6761	acute-supratentorial-epidural-hematoma	Acute Supratentorial Epidural Hematoma Treatment	Akutni epiduralni hematom supratentorijalne lokalizacije
bolnica-danilo-i-cetinje	D27014	260.00	NULL	667.20	6762	acute-infratentorial-epidural-hematoma	Acute Infratentorial Epidural Hematoma Treatment	Akutni epiduralni hematom infratentorijalne lokalizacije
bolnica-danilo-i-cetinje	D27015	260.00	NULL	667.20	6763	acute-supratentorial-subdural-hematoma	Acute Supratentorial Subdural Hematoma Treatment	Akutni subduralni hematom supratentorijalne lokalizacije
bolnica-danilo-i-cetinje	D27016	341.25	NULL	875.70	6764	acute-infratentorial-subdural-hematoma	Acute Infratentorial Subdural Hematoma Treatment	Akutni subduralni hematom infratentorijalne lokalizacije
bolnica-danilo-i-cetinje	D27017	585.00	NULL	1501.20	6765	surgical-treatment-of-extensive-cranio-cerebral-injuries	Surgical Treatment of Extensive Cranio-Cerebral Injuries	Operativno zbrinjavanje opsežnih kranio-cerebralnih povreda
bolnica-danilo-i-cetinje	D27018	487.50	NULL	1251.00	6766	surgery-for-frontobasal-injuries	Surgery for Frontobasal Injuries	Operacije kod frontobazilarnih povreda
bolnica-danilo-i-cetinje	D27019	390.00	NULL	1000.80	6767	csf-fistula-plasty	CSF Fistula Plasty	Plastika likvor fistule
bolnica-danilo-i-cetinje	D27020	292.50	NULL	750.60	6768	epidural-and-subdural-hematoma-removal	Epidural and Subdural Hematoma Removal	Odstranjenje epiduralnog i subduralnog hematoma
bolnica-danilo-i-cetinje	D27021	390.00	NULL	1000.80	6769	puncture-and-drainage-of-episubdural-or-brain-abscess	Puncture and Drainage of Epi/Subdural or Brain Abscess	Punkcija i drenaža epiduralnog ili subduralnog ili moždanog abscesa
bolnica-danilo-i-cetinje	D27022	292.50	NULL	750.60	6770	cranial-bone-defect-plasty	Cranial Bone Defect Plasty	Plastika koštanog defekta kranijuma
bolnica-danilo-i-cetinje	D27023	487.50	NULL	1251.00	6771	acute-intracerebral-hematoma-removal	Acute Intracerebral Hematoma Removal	Odstranjenje akutnog intracerebralnog hematoma
bolnica-danilo-i-cetinje	D27024	585.00	NULL	1501.20	6772	chronic-subdural-hematoma-evacuation	Chronic Subdural Hematoma Evacuation	Evakuacija hroničnog subduralnog hematoma
bolnica-danilo-i-cetinje	D27025	650.00	NULL	1668.00	6773	cerebral-hemisphere-tumor-or-abscess-removal	Cerebral Hemisphere Tumor or Abscess Removal	Odstranjenje tumora, abscesa i sl. iz hemisfere velikog mozga
bolnica-danilo-i-cetinje	D27026	715.00	NULL	1834.80	6774	cerebellar-hemisphere-tumor-or-abscess-removal	Cerebellar Hemisphere Tumor or Abscess Removal	Odstranjenje tumora, abscesa i sl. iz hemisfere malog mozga
bolnica-danilo-i-cetinje	D27027	585.00	NULL	1501.20	6775	convexity-meningioma-removal	Convexity Meningioma Removal	Odstranjenje meningeoma na konveksitetu mozga
bolnica-danilo-i-cetinje	D27028	585.00	NULL	1501.20	6776	falx-meningioma-removal	Falx Meningioma Removal	Odstranjenje falks-meningeoma
bolnica-danilo-i-cetinje	D27029	812.50	NULL	2085.00	6777	skull-base-meningioma-removal	Skull Base Meningioma Removal	Odstranjenje meningeoma na bazi lobanje
bolnica-danilo-i-cetinje	D27030	650.00	NULL	1668.00	6778	suprasellar-or-parasellar-tumor-removal	Suprasellar or Parasellar Tumor Removal	Odstranjenje supraselarnih ili paraselarnih tumora
bolnica-danilo-i-cetinje	D27031	260.00	NULL	667.20	6779	revision-of-previous-suprainfratentorial-operation	Revision of Previous Supra/Infratentorial Operation	Revizija ranije urađene operacije supra- ili infratentorijalne
bolnica-danilo-i-cetinje	D27032	390.00	NULL	1000.80	6780	craniostenosis-surgery	Craniostenosis Surgery	Operacija kod kraniostenoze
bolnica-danilo-i-cetinje	D27033	520.00	NULL	1334.40	6781	ventriculoatrial-or-ventriculoperitoneal-shunt	Ventriculoatrial or Ventriculoperitoneal Shunt	Ventrikuloatrijalna ili ventrikuloperitonealna drenaža
bolnica-danilo-i-cetinje	D27034	97.50	NULL	250.20	6782	ventricular-system-puncture	Ventricular System Puncture	Punkcija ventrikularnog sistema
bolnica-danilo-i-cetinje	D27035	97.50	NULL	250.20	6783	temporary-ventricular-drainage	Temporary Ventricular Drainage	Privremena drenaža ventrikularnog sistema
bolnica-danilo-i-cetinje	D27036	292.50	NULL	750.60	6784	atrial-or-peritoneoventricular-drainage-revision	Atrial or Peritoneoventricular Drainage Revision	Revizija atrio- ili peritoneoventrikularne drenaže
bolnica-danilo-i-cetinje	D27037	260.00	NULL	667.20	6785	decompressive-laminectomy-for-cord-or-cauda-equina-compression	Decompressive Laminectomy for Cord or Cauda Equina Compression	Dekompresivna laminektomija kod traumatske kompresije medule ili caude equinae
bolnica-danilo-i-cetinje	D27038	390.00	NULL	1000.80	6786	single-level-disc-herniation-removal-with-flavectomy-or-fenestration	Single Level Disc Herniation Removal with Flavectomy or Fenestration	Odstranjenje hernijacije intervertebralnog diska uz prethodnu flavektomiju ili fenestraciju na jednom nivou
bolnica-danilo-i-cetinje	D27039	487.50	NULL	1251.00	6787	disc-herniation-removal-with-spinal-stenosis-or-multi-level	Disc Herniation Removal with Spinal Stenosis or Multi-Level	Odstranjenje hernijacije intervertebralnog diska kod istovremene stenoze spinalnog kanala ili hernijacije u više nivoa
bolnica-danilo-i-cetinje	D27040	390.00	NULL	1000.80	6788	intraextradural-spinal-canal-tumor-removal	Intra/Extradural Spinal Canal Tumor Removal	Odstranjenje intra- ili ekstraduralnog tumora spinalnog kanala
bolnica-danilo-i-cetinje	D27041	650.00	NULL	1668.00	6789	giant-cauda-equina-tumor-removal	Giant Cauda Equina Tumor Removal	Odstranjenje gigantskog tumora caudae equinae
bolnica-danilo-i-cetinje	D27042	390.00	NULL	1000.80	6790	spinal-adhesions-lysis	Spinal Adhesions Lysis	Razdvajanje spinalnih adhezija
bolnica-danilo-i-cetinje	D27043	520.00	NULL	1334.40	6791	head-injury-gunshot-or-other-penetrating-skull-injury	Head Injury - Gunshot or Other Penetrating Skull Injury	Povrede glave — povrede vatrenim oružjem ili druge penetrirajuće povrede lobanje
bolnica-danilo-i-cetinje	D27044	487.50	NULL	1251.00	6792	cranioplasty	Cranioplasty	Plastika lobanje
bolnica-danilo-i-cetinje	D27045	325.00	NULL	834.00	6793	decompressive-craniotomy	Decompressive Craniotomy	Dekompresivna kraniotomija
bolnica-danilo-i-cetinje	D27046	325.00	NULL	834.00	6794	subdural-empyema	Subdural Empyema	Infekcije — subduralni empijem
bolnica-danilo-i-cetinje	D27047	650.00	NULL	1668.00	6795	cavernous-hemangioma-surgery	Cavernous Hemangioma Surgery	Vaskularna patologija — kranijalna operacija kavernoznog hemangioma
bolnica-danilo-i-cetinje	D27048	195.00	NULL	500.40	6796	spontaneous-intracerebral-hematoma-evacuation	Spontaneous Intracerebral Hematoma Evacuation	Evakuacija spontanog intracerebralnog hematoma
bolnica-danilo-i-cetinje	D27049	520.00	NULL	1334.40	6797	hydrocephalus-external-ventricular-drainage-adults	Hydrocephalus External Ventricular Drainage (Adults)	Hidrocefalus (kod starijih od 16 godina) — eksterna ventrikularna drenaža
bolnica-danilo-i-cetinje	D27050	520.00	NULL	1334.40	6798	shunt-implantation	Shunt Implantation	Implantacija šanta
bolnica-danilo-i-cetinje	D27051	325.00	NULL	834.00	6799	shunt-revision	Shunt Revision	Revizija šanta
bolnica-danilo-i-cetinje	D27052	156.00	NULL	400.32	6800	peripheral-nerve-decompressiontransposition-for-compression-neuropathy	Peripheral Nerve Decompression/Transposition for Compression Neuropathy	Dekompresija/transpozicija perifernog nerva kod kompresivnih neuropatija
bolnica-danilo-i-cetinje	D27053	260.00	NULL	667.20	6801	peripheral-nerve-transplantation	Peripheral Nerve Transplantation	Transplantacija perifernog nerva
bolnica-danilo-i-cetinje	D27054	325.00	NULL	834.00	6802	external-lumbar-drainage-placement	External Lumbar Drainage Placement	Plasiranje eksterne lumbalne drenaže
bolnica-danilo-i-cetinje	D27055	520.00	NULL	1334.40	6803	pediatric-neurosurgery-hydrocephalus-and-congenital-malformations	Pediatric Neurosurgery - Hydrocephalus and Congenital Malformations	Neurohirurgija djece — hidrocefalus i kongenitalne malformacije
bolnica-danilo-i-cetinje	D27056	260.00	NULL	667.20	6804	external-ventricular-drainage	External Ventricular Drainage	Spoljašnja ventrikularna drenaža
bolnica-danilo-i-cetinje	D27057	390.00	NULL	1000.80	6805	suturectomy-of-single-cranial-suture-for-craniostenosis	Suturectomy of Single Cranial Suture for Craniostenosis	Suturektomija jedne kranijalne suture kod kraniostenoze
bolnica-danilo-i-cetinje	D27058	325.00	NULL	834.00	6806	pediatric-neurosurgery-head-injuries	Pediatric Neurosurgery - Head Injuries	Neurohirurgija djece — povrede glave
bolnica-danilo-i-cetinje	D27059	520.00	NULL	1334.40	6807	craniectomy-with-icp-monitoring-or-reservoir	Craniectomy with ICP Monitor, Drain or Reservoir Placement	Kranijektomija (implantacija ICP monitoringa, drenaža, rezervoar)
bolnica-danilo-i-cetinje	D27060	357.50	NULL	917.40	6808	chronic-subdural-hematoma-hygroma	Chronic Subdural Hematoma / Hygroma	Hronični subduralni hematom / higrom
bolnica-danilo-i-cetinje	D27061	325.00	NULL	834.00	6809	extradural-hematoma	Extradural Hematoma	Ekstraduralni hematom
bolnica-danilo-i-cetinje	D27062	487.50	NULL	1251.00	6810	intracerebral-hematoma	Treatment of Intracerebral Hematoma	Intracerebralni hematom
bolnica-danilo-i-cetinje	D27063	243.75	NULL	625.50	6811	impressed-skull-fracture	Impressed Skull Fracture	Impresivni prelom lobanje
bolnica-danilo-i-cetinje	D27064	650.00	NULL	1668.00	6812	pediatric-neurosurgery-supratentorial-brain-hemisphere-tumors	Pediatric Neurosurgery - Supratentorial Brain Hemisphere Tumors	Neurohirurgija djece — tumori mozga supratentorijalni — tumori hemisfera mozga
bolnica-danilo-i-cetinje	D27065	97.50	NULL	250.20	6813	epicranial-tumor	Epicranial Tumor	Epikranijalni tumor
bolnica-danilo-i-cetinje	D28001	97.50	NULL	250.20	6814	collar-mediastinotomy	Collar Mediastinotomy	Kolarna medijastinotomija
bolnica-danilo-i-cetinje	D28002	97.50	NULL	250.20	6815	pleural-cavity-drainage-with-rib-resection	Pleural Cavity Drainage with Rib Resection	Drenaža pleuralnog kavuma sa resekcijom rebra
bolnica-danilo-i-cetinje	D28003	260.00	NULL	667.20	6816	surgical-treatment-of-chest-and-lungs	Surgical Treatment of Chest and Lungs	Operativno liječenje grudnog koša i pluća
bolnica-danilo-i-cetinje	D28004	422.50	NULL	1084.20	6817	transthoracic-esophagotomy-for-ruptureperforation	Transthoracic Esophagotomy for Rupture/Perforation	Transtorakalna ezofagotomija sa zbrinjavanjem rupture ili perforacije
bolnica-danilo-i-cetinje	D28005	253.50	NULL	650.52	6818	mediastinal-drainage-exploration-foreign-body-removal	Mediastinal Drainage, Exploration, Foreign Body Removal	Drenaža medijastinuma, eksploracija, odstranjenje stranog tijela
bolnica-danilo-i-cetinje	D28006	390.00	NULL	1000.80	6819	transthoracic-esophagotomy-for-perforation-or-foreign-body	Transthoracic Esophagotomy for Perforation or Foreign Body	Ezofagotomija — transtorakalna, zbrinjavanje perforacije, odstranjenje stranog tijela jednjaka
bolnica-danilo-i-cetinje	D28007	390.00	NULL	1000.80	6820	transthoracic-surgery-of-incarcerated-diaphragmatic-hernia-with-resection	Transthoracic Surgery of Incarcerated Diaphragmatic Hernia with Resection	Operacija ukliještene dijafragmalne kile sa resekcijom transtorakalnim putem
bolnica-danilo-i-cetinje	D28008	260.00	NULL	667.20	6821	removal-of-material-used-for-chest-wall-reconstruction	Removal of Material Used for Chest Wall Reconstruction	Odstranjenje materijala koji je služio kod plastike i korekcije zida grudnog koša
bolnica-danilo-i-cetinje	D28009	260.00	NULL	667.20	6822	endoscopic-tracheal-stent-application	Endoscopic Tracheal Stent Application	Endoskopska aplikacija trahealnog stenta (obloženi ili neobloženi stent)
bolnica-danilo-i-cetinje	D28010	292.50	NULL	750.60	6823	tracheal-suture-collar-approach	Tracheal Suture - Collar Approach	Sutura traheje — kolarni pristup
bolnica-danilo-i-cetinje	D28011	292.50	NULL	750.60	6824	tracheal-suture-thoracic-approach	Tracheal Suture - Thoracic Approach	Sutura traheje — torakalni pristup
bolnica-danilo-i-cetinje	D28012	552.50	NULL	1417.80	6825	partial-tracheal-resection	Partial Tracheal Resection	Parcijalna resekcija traheje
bolnica-danilo-i-cetinje	D28014	552.50	NULL	1417.80	6826	tracheal-carina-resection-and-reconstruction	Tracheal Carina Resection and Reconstruction	Resekcija i rekonstrukcija karine traheje
bolnica-danilo-i-cetinje	D28015	292.50	NULL	750.60	6827	suture-and-reconstruction-of-tracheal-or-bronchial-injury	Suture and Reconstruction of Tracheal or Bronchial Injury	Sutura i rekonstrukcija povrede traheje ili bronha
bolnica-danilo-i-cetinje	D28016	552.50	NULL	1417.80	6828	bronchial-sleeve-resection	Bronchial Sleeve Resection	Sleeve resekcija bronha
bolnica-danilo-i-cetinje	D28017	487.50	NULL	1251.00	6829	partial-bronchial-wall-resection	Partial Bronchial Wall Resection	Parcijalna resekcija zida bronha
bolnica-danilo-i-cetinje	D28018	487.50	NULL	1251.00	6830	bronchopleural-fistula-closure	Bronchopleural Fistula Closure	Zatvaranje bronhopleuralne fistule
bolnica-danilo-i-cetinje	D28019	292.50	NULL	750.60	6831	pulmonary-bullae-resection	Pulmonary Bullae Resection	Resekcija bula na plućima
bolnica-danilo-i-cetinje	D28020	292.50	NULL	750.60	6832	thoracoscopic-pulmonary-bullae-resection	Thoracoscopic Pulmonary Bullae Resection	Torakoskopska resekcija bula na plućima
bolnica-danilo-i-cetinje	D28021	325.00	NULL	834.00	6833	pulmonary-wedge-resection	Pulmonary Wedge Resection	Wedge resekcija pluća
bolnica-danilo-i-cetinje	D28022	325.00	NULL	834.00	6834	thoracoscopic-pulmonary-wedge-resection	Thoracoscopic Pulmonary Wedge Resection	Torakoskopska wedge resekcija pluća
bolnica-danilo-i-cetinje	D28023	390.00	NULL	1000.80	6835	lung-segmentectomy	Lung Segmentectomy	Segmentektomija pluća
bolnica-danilo-i-cetinje	D28024	390.00	NULL	1000.80	6836	thoracoscopic-lung-segmentectomy	Thoracoscopic Lung Segmentectomy	Torakoskopska segmentektomija
bolnica-danilo-i-cetinje	D28025	487.50	NULL	1251.00	6837	lung-lobectomy	Lung Lobectomy	Lobektomija pluća
bolnica-danilo-i-cetinje	D28026	487.50	NULL	1251.00	6838	thoracoscopic-lung-lobectomy	Thoracoscopic Lung Lobectomy	Torakoskopska lobektomija pluća
bolnica-danilo-i-cetinje	D28027	812.50	NULL	2085.00	6839	lung-bilobectomy	Lung Bilobectomy	Bilobektomija pluća
bolnica-danilo-i-cetinje	D28028	812.50	NULL	2085.00	6840	thoracoscopic-lung-bilobectomy	Thoracoscopic Lung Bilobectomy	Torakoskopska bilobektomija pluća
bolnica-danilo-i-cetinje	D28029	650.00	NULL	1668.00	6841	extensive-lobectomy-or-bilobectomy	Extensive Lobectomy or Bilobectomy	Ekstenzivna lobektomija ili bilobektomija pluća
bolnica-danilo-i-cetinje	D28030	552.50	NULL	1417.80	6842	pneumonectomy	Pneumonectomy	Pneumonektomija
bolnica-danilo-i-cetinje	D28031	552.50	NULL	1417.80	6843	thoracoscopic-pneumonectomy	Thoracoscopic Pneumonectomy	Torakoskopska pneumonektomija
bolnica-danilo-i-cetinje	D28032	650.00	NULL	1668.00	6844	pleuropneumonectomy	Pleuropneumonectomy	Pleuropneumonektomija
bolnica-danilo-i-cetinje	D28033	650.00	NULL	1668.00	6845	extensive-pneumonectomy	Extensive Pneumonectomy	Ekstenzivna pneumonektomija
bolnica-danilo-i-cetinje	D28034	552.50	NULL	1417.80	6846	pneumonectomy-with-carinal-resection	Pneumonectomy with Carinal Resection	Pneumonektomija sa resekcijom karine traheje
bolnica-danilo-i-cetinje	D28035	5954.76	NULL	NULL	6847	unilateral-lung-transplantation	Unilateral Lung Transplantation	Transplantacija pluća — jednostrana
bolnica-danilo-i-cetinje	D28036	8340.00	NULL	NULL	6848	bilateral-lung-transplantation	Bilateral Lung Transplantation	Bilateralna transplantacija pluća
bolnica-danilo-i-cetinje	D28037	97.50	NULL	250.20	6849	mediastinoscopy	Mediastinoscopy	Medijastinoskopija
bolnica-danilo-i-cetinje	D28038	455.00	NULL	1167.60	6850	transsternal-thymectomy	Transsternal Thymectomy	Transsternalna timektomija
bolnica-danilo-i-cetinje	D28039	455.00	NULL	1167.60	6851	cervical-thymectomy	Cervical Thymectomy	Cervikalna timektomija
bolnica-danilo-i-cetinje	D28040	455.00	NULL	1167.60	6852	thoracoscopic-thymectomy	Thoracoscopic Thymectomy	Torakoskopska timektomija
bolnica-danilo-i-cetinje	D28041	487.50	NULL	1251.00	6853	mediastinal-lesion-excision-via-thoracotomy-or-sternotomy	Mediastinal Lesion Excision via Thoracotomy or Sternotomy	Ekscizija medijastinalne lezije sa torakotomijom ili sternotomijom
bolnica-danilo-i-cetinje	D28042	487.50	NULL	1251.00	6854	chest-wall-suture	Chest Wall Suture	Sutura zida grudnog koša
bolnica-danilo-i-cetinje	D28043	325.00	NULL	834.00	6855	chest-wall-lesion-excision-with-rib-resection	Chest Wall Lesion Excision with Rib Resection	Ekscizija lezije grudnog koša sa resekcijom rebara
bolnica-danilo-i-cetinje	D28044	211.25	NULL	542.10	6856	chest-wall-fenestration	Chest Wall Fenestration	Fenestracija zida grudnog koša
bolnica-danilo-i-cetinje	D28045	260.00	NULL	667.20	6857	chest-wall-fenestration-closure	Chest Wall Fenestration Closure	Zatvaranje fenestracije zida grudnog koša
bolnica-danilo-i-cetinje	D28046	195.00	NULL	500.40	6858	rib-resection-for-thoracic-outlet-syndrome	Rib Resection for Thoracic Outlet Syndrome	Resekcija rebra kod thoracic outlet syndroma
bolnica-danilo-i-cetinje	D28047	455.00	NULL	1167.60	6859	open-pectus-excavatum-correction	Open Pectus Excavatum Correction	Otvorena korekcija pectusa excavatum
bolnica-danilo-i-cetinje	D28048	455.00	NULL	1167.60	6860	open-pectus-carinatum-correction	Open Pectus Carinatum Correction	Otvorena korekcija pectusa carinatum
bolnica-danilo-i-cetinje	D28049	195.00	NULL	500.40	6861	minimally-invasive-pectus-excavatum-correction	Minimally Invasive Pectus Excavatum Correction	Minimalno invazivna korekcija pectusa excavatum
bolnica-danilo-i-cetinje	D28050	195.00	NULL	500.40	6862	minimally-invasive-pectus-carinatum-correction	Minimally Invasive Pectus Carinatum Correction	Minimalno invazivna korekcija pectusa carinatum
bolnica-danilo-i-cetinje	D28051	260.00	NULL	667.20	6863	pleurectomy-and-pleural-lesion-excision	Pleurectomy and Pleural Lesion Excision	Pleurektomija, ekscizija lezija pleure
bolnica-danilo-i-cetinje	D28052	260.00	NULL	667.20	6864	thoracoscopic-pleurectomy-partial-or-total	Thoracoscopic Pleurectomy (Partial or Total)	Torakoskopska pleurektomija — parcijalna ili totalna
bolnica-danilo-i-cetinje	D28053	162.50	NULL	417.00	6865	pleural-scarification	Pleural Scarification	Skarifikacija pleure
bolnica-danilo-i-cetinje	D28054	65.00	NULL	166.80	6866	thoracoscopic-pleurodesis	Thoracoscopic Pleurodesis	Pleurodeza torakoskopska
bolnica-danilo-i-cetinje	D28055	520.00	NULL	1334.40	6867	open-lung-decortication	Open Lung Decortication	Otvorena dekortikacija pluća
bolnica-danilo-i-cetinje	D28056	520.00	NULL	1334.40	6868	thoracoscopic-lung-decortication	Thoracoscopic Lung Decortication	Torakoskopska dekortikacija pluća
bolnica-danilo-i-cetinje	D28057	390.00	NULL	1000.80	6869	diaphragm-surgery-lesion-excision-resection-suturing	Diaphragm Surgery (Lesion Excision, Resection, Suturing)	Operacija dijafragme — ekscizija lezija, resekcija i šivenje
bolnica-danilo-i-cetinje	D28058	390.00	NULL	1000.80	6870	thoracoscopic-diaphragmatic-lesion-excision	Thoracoscopic Diaphragmatic Lesion Excision	Torakoskopska ekscizija lezije sa dijafragme
bolnica-danilo-i-cetinje	D28059	390.00	NULL	1000.80	6871	transthoracic-diaphragmatic-rupture-repair	Transthoracic Diaphragmatic Rupture Repair	Transtorakalna reparacija rupture dijafragme
bolnica-danilo-i-cetinje	D28060	487.50	NULL	1251.00	6872	thoracoscopic-diaphragmatic-rupture-repair	Thoracoscopic Diaphragmatic Rupture Repair	Torakoskopska reparacija rupture dijafragme
bolnica-danilo-i-cetinje	D28061	325.00	NULL	834.00	6873	transthoracic-diaphragm-resection	Transthoracic Diaphragm Resection	Transtorakalna resekcija dijafragme
bolnica-danilo-i-cetinje	D28062	325.00	NULL	834.00	6874	transthoracic-diaphragm-plication	Transthoracic Diaphragm Plication	Transtorakalna operacija relaksacije dijafragme
bolnica-danilo-i-cetinje	D28063	487.50	NULL	1251.00	6875	thoracoscopic-diaphragm-plication	Thoracoscopic Diaphragm Plication	Torakoskopska operacija relaksacije dijafragme
bolnica-danilo-i-cetinje	D28064	390.00	NULL	1000.80	6876	transthoracic-thoracic-duct-surgery	Transthoracic Thoracic Duct Surgery	Operacija na ductus thoracicus-u — transtorakalno
bolnica-danilo-i-cetinje	D28065	390.00	NULL	1000.80	6877	thoracoscopic-thoracic-duct-surgery	Thoracoscopic Thoracic Duct Surgery	Torakoskopska operacija ductusa thoracicusa
bolnica-danilo-i-cetinje	D28066	390.00	NULL	1000.80	6878	laparoscopic-diaphragmatic-rupture-repair	Laparoscopic Diaphragmatic Rupture Repair	Laparoskopska reparacija rupture dijafragme
bolnica-danilo-i-cetinje	D28067	487.50	NULL	1251.00	6879	transabdominal-diaphragmatic-rupture-repair	Transabdominal Diaphragmatic Rupture Repair	Transabdominalna reparacija rupture dijafragme
bolnica-danilo-i-cetinje	D28068	390.00	NULL	1000.80	6880	thoracoscopic-paraesophageal-hernia-repair	Thoracoscopic Paraesophageal Hernia Repair	Torakoskopska reparacija paraezofagealne hernije
bolnica-danilo-i-cetinje	D28069	390.00	NULL	1000.80	6881	transthoracic-paraesophageal-hernia-repair	Transthoracic Paraesophageal Hernia Repair	Transtorakalna reparacija paraezofagealne hernije
bolnica-danilo-i-cetinje	D28070	390.00	NULL	1000.80	6882	laparoscopic-paraesophageal-hernia-repair	Laparoscopic Paraesophageal Hernia Repair	Laparoskopska reparacija paraezofagealne hernije
bolnica-danilo-i-cetinje	D28071	406.25	NULL	1042.50	6883	congenital-diaphragmatic-hernia-repair	Congenital Diaphragmatic Hernia Repair	Reparacija kongenitalne dijafragmalne hernije
bolnica-danilo-i-cetinje	D28072	406.25	NULL	1042.50	6884	laparoscopic-congenital-diaphragmatic-hernia-repair	Laparoscopic Congenital Diaphragmatic Hernia Repair	Laparoskopska reparacija kongenitalne dijafragmalne hernije
bolnica-danilo-i-cetinje	D28073	341.25	NULL	875.70	6885	gastroesophageal-antireflux-surgery	Gastroesophageal Antireflux Surgery	Gastro-ezofagealne antirefluksne operacije
bolnica-danilo-i-cetinje	D28074	341.25	NULL	875.70	6886	laparoscopic-gastroesophageal-antireflux-surgery	Laparoscopic Gastroesophageal Antireflux Surgery	Laparoskopske gastroezofagelane antirefluksne operacije
bolnica-danilo-i-cetinje	D28075	292.50	NULL	750.60	6887	cervical-esophagotomy	Cervical Esophagotomy	Ezofagotomija na vratu
bolnica-danilo-i-cetinje	D28076	390.00	NULL	1000.80	6888	surgical-treatment-of-spontaneous-esophageal-perforation	Surgical Treatment of Spontaneous Esophageal Perforation	Operativno zbrinjavanje spontane perforacije jednjaka
bolnica-danilo-i-cetinje	D28077	260.00	NULL	667.20	6889	cervical-esophagostomy	Cervical Esophagostomy	Ezofagostomija na vratu
bolnica-danilo-i-cetinje	D28078	260.00	NULL	667.20	6890	esophageal-lesion-excision-with-suture	Esophageal Lesion Excision with Suture	Ekscizija lezije jednjaka sa šavom
bolnica-danilo-i-cetinje	D28079	585.00	NULL	1501.20	6891	esophagus-resection-with-end-to-end-anastomosis-atresia-surgery	Esophagus Resection with End-to-End Anastomosis (Atresia Surgery)	Resekcija ezofagusa sa termino-terminalnom anastomozom, operacija atrezije
bolnica-danilo-i-cetinje	D28080	260.00	NULL	667.20	6892	cervical-esophagectomy-with-esophagostomy-and-gastrostomy	Cervical Esophagectomy with Esophagostomy and Gastrostomy	Cervikalna ezofagektomija, ezofagostoma i gastrostoma
bolnica-danilo-i-cetinje	D28081	812.50	NULL	2085.00	6893	transthoracic-esophagogastrectomy-with-primary-anastomosis	Transthoracic Esophagogastrectomy with Primary Anastomosis	Ezofagogastrektomija sa primarnom anastomozom transtorakalno
bolnica-danilo-i-cetinje	D28082	812.50	NULL	2085.00	6894	esophagogastrectomy-with-laparotomy-separate-thoracotomy-intrathoracic-anastomosis	Esophagogastrectomy with Laparotomy, Separate Thoracotomy, Intrathoracic Anastomosis	Ezofagogastrektomija s laparotomijom i odvojenom torakotomijom sa primarnom intratorakalnom anastomozom
bolnica-danilo-i-cetinje	D28083	975.00	NULL	2502.00	6895	esophagogastrectomy-with-laparotomy-thoracotomy-cervical-esophagostomy	Esophagogastrectomy with Laparotomy, Thoracotomy and Cervical Esophagogastrostomy	Ezofagogastrektomija s laparotomijom, torakotomijom i ezofagogastrostomijom na vratu
bolnica-danilo-i-cetinje	D28084	422.50	NULL	1084.20	6896	intrathoracic-esophageal-anastomosis-with-stomach-or-bowel-without-resection	Intrathoracic Esophageal Anastomosis with Stomach or Bowel without Resection	Intratorakalna anastomoza ezofagusa s želucem ili crijevom bez resekcije
bolnica-danilo-i-cetinje	D28085	422.50	NULL	1084.20	6897	jejunum-or-colon-interposition-for-intrathoracic-esophageal-anastomosis	Jejunum or Colon Interposition for Intrathoracic Esophageal Anastomosis	Interpozicija jejunuma i kolona kod intratorakalne anastomoze ezofagusa
bolnica-danilo-i-cetinje	D28086	487.50	NULL	1251.00	6898	transthoracic-esophagocardiomyotomy-with-hiatus-repair	Transthoracic Esophagocardiomyotomy with Hiatus Repair	Transtorakalna ezofago-kardiomiotomija sa eventualnom reparacijom hijatusa
bolnica-danilo-i-cetinje	D28087	390.00	NULL	1000.80	6899	other-esophageal-repair-cardioplasty-fistula-closure-diverticulum-resection-transthoracic	Other Esophageal Repair, Cardioplasty, Fistula Closure, Diverticulum Resection (Transthoracic)	Druge reparacije jednjaka, kardioplastika, zbrinjavanje fistule, resekcija divertikuluma transtorakalno
bolnica-danilo-i-cetinje	D28088	390.00	NULL	1000.80	6900	zenker-diverticulum-resection	Zenker Diverticulum Resection	Resekcija Zenkerovog divertikuluma
bolnica-danilo-i-cetinje	D28089	390.00	NULL	1000.80	6901	endoscopic-esophageal-stent-application	Endoscopic Esophageal Stent Application	Endoskopska aplikacija ezofagealnog stenta
bolnica-danilo-i-cetinje	D28090	390.00	NULL	1000.80	6902	endoscopic-esophageal-dilatation	Endoscopic Esophageal Dilatation	Endoskopska dilatacija jednjaka
bolnica-danilo-i-cetinje	D28101	325.00	NULL	834.00	6903	palliative-mastectomy-for-malignancy	Palliative Mastectomy for Malignancy	Palijativna ablacija dojke zbog malignog procesa
bolnica-danilo-i-cetinje	D28102	390.00	NULL	1000.80	6904	radical-mastectomy-with-axillary-evacuation	Radical Mastectomy with Axillary Evacuation	Radikalna ablacija dojke zbog malignog procesa sa evakuacijom aksile
bolnica-danilo-i-cetinje	D28103	455.00	NULL	1167.60	6905	madden-patey-modified-mastectomy-for-malignancy	Madden-Patey Modified Mastectomy for Malignancy	Ablacija dojke zbog malignog procesa modifikovanom Madden-Patey metodom
bolnica-danilo-i-cetinje	D28104	260.00	NULL	667.20	6906	breast-alloplasty	Breast Alloplasty	Aloplastika dojke
bolnica-danilo-i-cetinje	G06001	190.55	NULL	NULL	6908	whole-blood-unit-rh-positive	Whole Blood Unit Rh Positive	Jedinica cijele krvi - Rh pozitivna
bolnica-danilo-i-cetinje	G06002	206.00	NULL	NULL	6909	whole-blood-unit-rh-negative	Whole Blood Unit Rh Negative	Jedinica cijele krvi - Rh negativna
bolnica-danilo-i-cetinje	G06003	190.55	NULL	NULL	6910	packed-red-blood-cells-unit-rh-positive	Packed Red Blood Cells Unit Rh Positive	Jedinica deplazmatisanih eritrocita - Rh pozitivna
bolnica-danilo-i-cetinje	G06004	206.00	NULL	NULL	6911	packed-red-blood-cells-unit-rh-negative	Packed Red Blood Cells Unit Rh Negative	Jedinica deplazmatisanih eritrocita - Rh negativna
bolnica-danilo-i-cetinje	G06005	119.10	NULL	NULL	6912	plasma-unit-rh-positive	Plasma Unit Rh Positive	Jedinica plazme - Rh pozitivna
bolnica-danilo-i-cetinje	G06006	126.05	NULL	NULL	6913	plasma-unit-rh-negative	Plasma Unit Rh Negative	Jedinica plazme - Rh negativna
bolnica-danilo-i-cetinje	G06007	90.53	NULL	NULL	6914	standard-platelet-concentrate-unit-rh-positive	Standard Platelet Concentrate Unit Rh Positive	Jedinica standardnog trombocitnog koncentrata - Rh pozitivna
bolnica-danilo-i-cetinje	G06008	95.15	NULL	NULL	6915	standard-platelet-concentrate-unit-rh-negative	Standard Platelet Concentrate Unit Rh Negative	Jedinica standardnog trombocitnog koncentrata - Rh negativna
bolnica-danilo-i-cetinje	G06009	107.58	NULL	NULL	6916	cryoprecipitate-unit-rh-positive	Cryoprecipitate Unit Rh Positive	Jedinica krioprecipitata - Rh pozitivna
bolnica-danilo-i-cetinje	G06010	112.20	NULL	NULL	6917	cryoprecipitate-unit-rh-negative	Cryoprecipitate Unit Rh Negative	Jedinica krioprecipitata - Rh negativna
bolnica-danilo-i-cetinje	Y01001	6.50	NULL	NULL	6918	initial-hospital-workup	Initial Hospital Workup	Početna bolnička obrada
bolnica-danilo-i-cetinje	Y01002	3.25	NULL	NULL	6919	follow-up-hospital-round	Follow-up Hospital Round	Dalja bolnička obrada (vizita)
bolnica-danilo-i-cetinje	Y01003	19.50	NULL	NULL	6920	hospital-discharge-letter	Hospital Discharge Letter	Otpusno pismo
bolnica-danilo-i-cetinje	Y01004	6.50	NULL	NULL	6921	specialist-consultative-examination	Specialist Consultative Examination	Konsultativni pregled specijaliste
bolnica-danilo-i-cetinje	Y01005	19.50	NULL	NULL	6922	professor-consultative-examination	Professor Consultative Examination	Konsultativni pregled profesora
bolnica-danilo-i-cetinje	Y01006	13.00	NULL	NULL	6923	nursing-care-discharge-letter	Nursing Care Discharge Letter	Otpusno pismo zdravstvene njege
bolnica-danilo-i-cetinje	Y01007	9.75	NULL	NULL	6924	newborn-discharge	Newborn Discharge	Otpust novorođenčeta
bolnica-danilo-i-cetinje	Y01019	6.50	NULL	NULL	6925	newborn-initial-hospital-workup	Newborn Initial Hospital Workup	Početna bolnička obrada novorođenčeta
bolnica-danilo-i-cetinje	Y01020	6.50	NULL	NULL	6926	infant-initial-hospital-workup	Infant Initial Hospital Workup	Početna bolnička obrada odojčeta
bolnica-danilo-i-cetinje	Y01021	6.50	NULL	NULL	6927	child-initial-hospital-workup	Child Initial Hospital Workup	Početna bolnička obrada djeteta
bolnica-danilo-i-cetinje	Y01022	6.50	NULL	NULL	6928	initial-hospital-workup-of-involuntarily-hospitalized-patient	Initial Hospital Workup of Involuntarily Hospitalized Patient	Početna bolnička obrada prisilno hospitalizovanog pacijenta
bolnica-danilo-i-cetinje	Y01023	3.25	NULL	NULL	6929	newborn-follow-up-hospital-round	Newborn Follow-up Hospital Round	Dalja bolnička obrada novorođenčeta
bolnica-danilo-i-cetinje	Y01024	3.25	NULL	NULL	6930	infant-follow-up-hospital-round	Infant Follow-up Hospital Round	Dalja bolnička obrada odojčeta
bolnica-danilo-i-cetinje	Y01025	3.25	NULL	NULL	6931	child-follow-up-hospital-round	Child Follow-up Hospital Round	Dalja bolnička obrada djeteta
bolnica-danilo-i-cetinje	Y01026	3.25	NULL	NULL	6932	hospital-care-for-involuntarily-hospitalized-patient	Hospital Care for Involuntarily Hospitalized Patients and Patients under Compulsory Treatment Order	Bolnička obrada prisilno hospitalizovanih pacijenata i pacijenata sa mjerom obaveznog liječenja i čuvanja
bolnica-danilo-i-cetinje	Y01027	19.50	NULL	NULL	6933	consilium-medical-examination	Consilium Medical Examination	Konzilijarni pregled
bolnica-danilo-i-cetinje	Y02001	114.87	NULL	NULL	6934	intensive-nursing-care-for-children-1-month-to-7-years	Intensive Nursing Care for Children 1 Month to 7 Years	Intenzivna njega za dijete od 1 mjeseca do 7 godina
bolnica-danilo-i-cetinje	Y02002	76.58	NULL	NULL	6935	intensive-nursing-care-for-patients-over-7-years	Intensive Nursing Care for Patients Over 7 Years	Intenzivna njega za starije od 7 godina
bolnica-danilo-i-cetinje	Y02003	35.32	NULL	NULL	6936	semi-intensive-nursing-care-for-children-1-month-to-7-years	Semi-Intensive Nursing Care for Children 1 Month to 7 Years	Poluintenzivna njega za dijete od 1 mjeseca do 7 godina
bolnica-danilo-i-cetinje	Y02004	26.41	NULL	NULL	6937	semi-intensive-nursing-care-for-patients-over-7-years	Semi-Intensive Nursing Care for Patients Over 7 Years	Poluintenzivna njega za starije od 7 godina
bolnica-danilo-i-cetinje	Y02005	12.11	NULL	NULL	6938	standard-nursing-care-for-patients-over-7-years	Standard Nursing Care for Patients Over 7 Years	Obična njega za starije od 7 godina
bolnica-danilo-i-cetinje	Y02009	35.32	NULL	NULL	6939	newborn-standard-nursing-care	Newborn Standard Nursing Care	Obična njega novorođenčeta
bolnica-danilo-i-cetinje	Y02010	76.58	NULL	NULL	6940	newborn-incubator-semi-intensive-care	Newborn Incubator Semi-Intensive Care	Njega novorođenčeta - inkubator - poluintenzivna njega
bolnica-danilo-i-cetinje	Y02012	7.45	NULL	NULL	6941	chronic-patient-nursing-care	Chronic Patient Nursing Care	Njega hroničara
bolnica-danilo-i-cetinje	Y03001	26.63	NULL	NULL	6942	delivery-room-usage-per-birth	Delivery Room Usage Per Birth	Upotreba porođajne sale po porođaju
bolnica-danilo-i-cetinje	Y04001	2.88	NULL	NULL	6943	food-costs-for-children-under-1-year	Food Costs for Children Under 1 Year	Troškovi ishrane djece do 1 godine
bolnica-danilo-i-cetinje	Y04002	5.75	NULL	NULL	6944	food-costs-for-patients-over-1-year	Food Costs for Patients Over 1 Year	Troškovi ishrane za starije od 1 godine
bolnica-danilo-i-cetinje	Y04003	26.18	NULL	NULL	6945	non-medical-bed-day-cost-general-and-special-hospitals	Non-Medical Bed-Day Costs in General and Special Hospitals	Nemedicinski dio bolničkog dana - opšte i specijalne bolnice
bolnica-danilo-i-cetinje	Y04004	52.36	NULL	NULL	6946	non-medical-bed-day-cost-intensive-coronary-and-neonatal	Non-Medical Bed-Day Costs in Intensive Care, Coronary Care and Neonatal Units	Nemedicinski dio bolničkog dana u intenzivnoj njezi, koronarnoj jedinici i neonatologiji
bolnica-danilo-i-cetinje	Y04005	31.93	NULL	NULL	6947	companion-boarding-general-and-special-hospitals	Companion Boarding General and Special Hospitals	Pansion pratioca - opšte i specijalne bolnice
bolnica-danilo-i-cetinje	Y05001	13.35	NULL	NULL	6948	operating-theatre-costs-tier-i-5-to-20-points	Operating Theatre Costs in General Hospitals (Operations of 5 to 20 Points)	Troškovi operacione sale u opštim bolnicama (operacije od 5 do 20 bodova)
bolnica-danilo-i-cetinje	Y05002	26.63	NULL	NULL	6949	operating-theatre-costs-tier-i-21-to-50-points	Operating Theatre Costs in General Hospitals (Operations of 21 to 50 Points)	Troškovi operacione sale u opštim bolnicama (operacije od 21 do 50 bodova)
bolnica-danilo-i-cetinje	Y05003	53.33	NULL	NULL	6950	operating-theatre-costs-tier-i-51-to-120-points	Operating Theatre Costs in General Hospitals (Operations of 51 to 120 Points)	Troškovi operacione sale u opštim bolnicama (operacije od 51 do 120 bodova)
bolnica-danilo-i-cetinje	Y05004	79.95	NULL	NULL	6951	operating-theatre-costs-tier-i-121-to-180-points	Operating Theatre Costs in General Hospitals (Operations of 121 to 180 Points)	Troškovi operacione sale u opštim bolnicama (operacije od 121 do 180 bodova)
bolnica-danilo-i-cetinje	Y05005	106.63	NULL	NULL	6952	operating-theatre-costs-tier-i-over-180-points	Operating Theatre Costs in General Hospitals (Operations of More than 180 Points)	Troškovi operacione sale u opštim bolnicama (operacije preko 180 bodova)
bolnica-danilo-i-cetinje	Y05006	14.25	NULL	NULL	6953	operating-theatre-costs-tier-ii-5-to-20-points	Operating Theatre Costs in Clinical Centre and Special Hospitals (Operations of 5 to 20 Points)	Troškovi operacionog bloka Kliničkog centra i specijalnih bolnica (operacije od 5 do 20 bodova)
bolnica-danilo-i-cetinje	Y05007	28.48	NULL	NULL	6954	operating-theatre-costs-tier-ii-21-to-50-points	Operating Theatre Costs in Clinical Centre and Special Hospitals (Operations of 21 to 50 Points)	Troškovi operacionog bloka Kliničkog centra i specijalnih bolnica (operacije od 21 do 50 bodova)
bolnica-danilo-i-cetinje	Y05008	56.95	NULL	NULL	6955	operating-theatre-costs-tier-ii-51-to-120-points	Operating Theatre Costs in Clinical Centre and Special Hospitals (Operations of 51 to 120 Points)	Troškovi operacionog bloka Kliničkog centra i specijalnih bolnica (operacije od 51 do 120 bodova)
bolnica-danilo-i-cetinje	Y05009	85.45	NULL	NULL	6956	operating-theatre-costs-tier-ii-121-to-180-points	Operating Theatre Costs in Clinical Centre and Special Hospitals (Operations of 121 to 180 Points)	Troškovi operacionog bloka Kliničkog centra i specijalnih bolnica (operacije od 121 do 180 bodova)
bolnica-danilo-i-cetinje	Y05010	157.30	NULL	NULL	6957	operating-theatre-costs-tier-ii-over-180-points	Operating Theatre Costs in Clinical Centre and Special Hospitals (Operations of More than 180 Points)	Troškovi operacionog bloka Kliničkog centra i specijalnih bolnica (operacije preko 180 bodova)
bolnica-danilo-i-cetinje	Y06001	NULL	NULL	NULL	6958	maternity-ward-stay-first-6-days-after-birth	Maternity Ward Stay First 6 Days After Birth	Boravak u porodilištu - prvih 6 dana poslije porođaja
bolnica-danilo-i-cetinje	Y06002	NULL	NULL	NULL	6959	newborn-box-stay-first-6-days	Newborn Box Stay First 6 Days	Boravak u boksu za novorođenčad - prvih 6 dana
bolnica-danilo-i-cetinje	Y06003	NULL	NULL	NULL	6960	intensive-care-bed-day	Intensive Care Bed-Day	Boravak u intenzivnoj njezi
bolnica-danilo-i-cetinje	Y06004	NULL	NULL	NULL	6961	semi-intensive-care-bed-day	Semi-Intensive Care Bed-Day	Jedan dan boravka u poluintenzivnoj njezi
bolnica-danilo-i-cetinje	Y06005	NULL	NULL	NULL	6962	standard-care-bed-day	Standard Care Bed-Day	Boravak u običnoj njezi
bolnica-danilo-i-cetinje	Y06006	NULL	NULL	NULL	6963	inpatient-abortion-procedure	Inpatient Abortion Procedure	Abortus na odjeljenju
bolnica-danilo-i-cetinje	Y07001	NULL	NULL	NULL	6964	operation-small-dressing-i	Small Surgical Dressing I	Mali zavoj I (operativni)
bolnica-danilo-i-cetinje	Y07002	NULL	NULL	NULL	6965	operation-small-dressing-ii	Small Surgical Dressing II	Mali zavoj II (operativni)
bolnica-danilo-i-cetinje	Y07003	NULL	NULL	NULL	6966	operation-medium-dressing-i	Medium Surgical Dressing I	Srednji zavoj I (operativni)
bolnica-danilo-i-cetinje	Y07004	NULL	NULL	NULL	6967	operation-medium-dressing-ii	Medium Surgical Dressing II	Srednji zavoj II (operativni)
bolnica-danilo-i-cetinje	Y07005	NULL	NULL	NULL	6968	operation-large-dressing	Large Surgical Dressing	Veliki zavoj (operativni)
bolnica-danilo-i-cetinje	Y08001	NULL	NULL	NULL	6969	injection-materials-consumption	Consumables for Injections	Utrošak materijala kod davanja injekcija
bolnica-danilo-i-cetinje	Y09001	NULL	NULL	NULL	6970	ambulatory-small-dressing	Small Outpatient Dressing	Mali zavoj (ambulantni)
bolnica-danilo-i-cetinje	Y09002	NULL	NULL	NULL	6971	ambulatory-medium-dressing	Medium Outpatient Dressing	Srednji zavoj (ambulantni)
bolnica-danilo-i-cetinje	Y09003	NULL	NULL	NULL	6972	ambulatory-large-dressing	Large Outpatient Dressing	Veliki zavoj (ambulantni)
bolnica-danilo-i-cetinje	Y10001	NULL	NULL	NULL	6973	plaster-body-jacket-including-head	Plaster Body Jacket Including Head	Gipsani žaket za tijelo uključujući glavu
bolnica-danilo-i-cetinje	Y10002	NULL	NULL	NULL	6974	shoulder-plaster-cast-under-10-years	Shoulder Plaster Cast Under 10 Years	Gipsani zavoj ramena ispod 10 godina
bolnica-danilo-i-cetinje	Y10003	NULL	NULL	NULL	6975	shoulder-plaster-cast-over-10-years	Shoulder Plaster Cast Over 10 Years	Gipsani zavoj ramena iznad 10 godina
bolnica-danilo-i-cetinje	Y10004	NULL	NULL	NULL	6976	shoulder-to-fingers-plaster-cast-under-10-years	Shoulder to Fingers Plaster Cast Under 10 Years	Gipsani zavoj od ramena do prstiju ispod 10 godina
bolnica-danilo-i-cetinje	Y10005	NULL	NULL	NULL	6977	shoulder-to-fingers-plaster-cast-over-10-years	Shoulder to Fingers Plaster Cast Over 10 Years	Gipsani zavoj od ramena do prstiju iznad 10 godina
bolnica-danilo-i-cetinje	Y10006	NULL	NULL	NULL	6978	elbow-plaster-cast-under-10-years	Elbow Plaster Cast Under 10 Years	Gipsani zavoj lakta ispod 10 godina
bolnica-danilo-i-cetinje	Y10007	NULL	NULL	NULL	6979	elbow-plaster-cast-over-10-years	Elbow Plaster Cast Over 10 Years	Gipsani zavoj lakta iznad 10 godina
bolnica-danilo-i-cetinje	Y10008	NULL	NULL	NULL	6980	forearm-and-hand-plaster-cast-under-10-years	Forearm and Hand Plaster Cast Under 10 Years	Gipsani zavoj podlaktice i šake ispod 10 godina
bolnica-danilo-i-cetinje	Y10009	NULL	NULL	NULL	6981	forearm-and-hand-plaster-cast-over-10-years	Forearm and Hand Plaster Cast Over 10 Years	Gipsani zavoj podlaktice i šake iznad 10 godina
bolnica-danilo-i-cetinje	Y10010	NULL	NULL	NULL	6982	arm-splint-shoulder-to-hand-under-10-years	Arm Splint Shoulder to Hand Under 10 Years	Longeta ruke od ramena do šake ispod 10 godina
bolnica-danilo-i-cetinje	Y10011	NULL	NULL	NULL	6983	arm-splint-shoulder-to-hand-over-10-years	Arm Splint Shoulder to Hand Over 10 Years	Longeta ruke od ramena do šake iznad 10 godina
bolnica-danilo-i-cetinje	Y10012	NULL	NULL	NULL	6984	forearm-and-hand-splint-under-10-years	Forearm and Hand Splint Under 10 Years	Longeta podlaktice i šake ispod 10 godina
bolnica-danilo-i-cetinje	Y10013	NULL	NULL	NULL	6985	forearm-and-hand-splint-over-10-years	Forearm and Hand Splint Over 10 Years	Longeta podlaktice i šake iznad 10 godina
bolnica-danilo-i-cetinje	Y10014	NULL	NULL	NULL	6986	thorax-fixation-cast	Thorax Fixation Bandage (Plaster Material)	Fiksacioni zavoj toraksa (utrošak gipsanog zavoja)
bolnica-danilo-i-cetinje	Y10015	NULL	NULL	NULL	6987	pelvis-fixation-cast	Pelvis Fixation Cast	Fiksacioni zavoj karlice
bolnica-danilo-i-cetinje	Y10016	NULL	NULL	NULL	6988	shoulder-velpeau-fixation-cast	Shoulder Velpeau Fixation Cast	Fiksacioni zavoj ramena (Velpov)
bolnica-danilo-i-cetinje	Y10017	NULL	NULL	NULL	6989	elbow-or-wrist-joint-fixation-cast	Elbow or Wrist Fixation Bandage (Plaster Material)	Fiksacioni zavoj lakta ili zgloba ručja (utrošak gipsanog zavoja)
bolnica-danilo-i-cetinje	Y10018	NULL	NULL	NULL	6990	hip-fixation-cast	Hip Fixation Cast	Fiksacioni zavoj kuka
bolnica-danilo-i-cetinje	Y10019	NULL	NULL	NULL	6991	knee-fixation-cast	Knee Fixation Bandage (Plaster Material)	Fiksacioni zavoj koljena (utrošak gipsanog zavoja)
bolnica-danilo-i-cetinje	Y10020	NULL	NULL	NULL	6992	ankle-fixation-cast	Ankle Fixation Bandage (Plaster Material)	Fiksacioni zavoj gležnja (utrošak gipsanog zavoja)
bolnica-danilo-i-cetinje	Y10021	NULL	NULL	NULL	6993	unilateral-hip-plaster-cast-under-10-years	Unilateral Hip Plaster Cast Under 10 Years	Gipsani zavoj kuka unilateralni ispod 10 godina
bolnica-danilo-i-cetinje	Y10022	NULL	NULL	NULL	6994	unilateral-hip-plaster-cast-over-10-years	Unilateral Hip Plaster Cast Over 10 Years	Gipsani zavoj kuka unilateralni iznad 10 godina
bolnica-danilo-i-cetinje	Y10023	NULL	NULL	NULL	6995	bilateral-hip-plaster-cast-under-10-years	Bilateral Hip Plaster Cast Under 10 Years	Gipsani zavoj kuka bilateralni ispod 10 godina
bolnica-danilo-i-cetinje	Y10024	NULL	NULL	NULL	6996	bilateral-hip-plaster-cast-over-10-years	Bilateral Hip Plaster Cast Over 10 Years	Gipsani zavoj kuka bilateralni iznad 10 godina
bolnica-danilo-i-cetinje	Y10025	NULL	NULL	NULL	6997	leg-plaster-cast-hip-to-toes-under-10-years	Leg Plaster Cast Hip to Toes Under 10 Years	Gipsani zavoj noge od kuka do prstiju ispod 10 godina
bolnica-danilo-i-cetinje	Y10026	NULL	NULL	NULL	6998	leg-plaster-cast-hip-to-toes-over-10-years	Leg Plaster Cast Hip to Toes Over 10 Years	Gipsani zavoj noge od kuka do prstiju iznad 10 godina
bolnica-danilo-i-cetinje	Y10027	NULL	NULL	NULL	6999	plaster-cylinder-hip-to-ankle-under-10-years	Plaster Cylinder Hip to Ankle Under 10 Years	Gipsani cilindar od kuka do gležnja ispod 10 godina
bolnica-danilo-i-cetinje	Y10028	NULL	NULL	NULL	7000	plaster-cylinder-hip-to-ankle-over-10-years	Plaster Cylinder Hip to Ankle Over 10 Years	Gipsani cilindar od kuka do gležnja iznad 10 godina
bolnica-danilo-i-cetinje	Y10029	NULL	NULL	NULL	7001	lower-leg-plaster-knee-to-toes-under-10-years	Lower Leg Plaster Knee to Toes Under 10 Years	Gips potkoljenice od koljena do prstiju ispod 10 godina
bolnica-danilo-i-cetinje	Y10030	NULL	NULL	NULL	7002	lower-leg-plaster-knee-to-toes-over-10-years	Lower Leg Plaster Knee to Toes Over 10 Years	Gips potkoljenice od koljena do prstiju iznad 10 godina
bolnica-danilo-i-cetinje	Y10031	NULL	NULL	NULL	7003	walking-or-ambulatory-plaster-cast-under-10-years	Walking or Ambulatory Plaster Cast Under 10 Years	Gips za kretanje ili ambulantni gips ispod 10 godina
bolnica-danilo-i-cetinje	Y10032	NULL	NULL	NULL	7004	walking-or-ambulatory-plaster-cast-over-10-years	Walking or Ambulatory Plaster Cast Over 10 Years	Gips za kretanje ili ambulantni gips iznad 10 godina
bolnica-danilo-i-cetinje	Y10033	NULL	NULL	NULL	7005	plaster-splint-hip-to-ankle-and-toes-under-10-years	Plaster Splint Hip to Ankle and Toes Under 10 Years	Gipsane longete od kuka do gležnja i prstiju ispod 10 godina
bolnica-danilo-i-cetinje	Y10034	NULL	NULL	NULL	7006	plaster-splint-hip-to-ankle-and-toes-over-10-years	Plaster Splint Hip to Ankle and Toes Over 10 Years	Gipsane longete od kuka do gležnja i prstiju iznad 10 godina
bolnica-danilo-i-cetinje	Y10035	NULL	NULL	NULL	7007	lower-leg-to-foot-plaster-splint-under-10-years	Lower Leg to Foot Plaster Splint Under 10 Years	Gipsana longeta potkoljenice do stopala ispod 10 godina
bolnica-danilo-i-cetinje	Y10036	NULL	NULL	NULL	7008	lower-leg-to-foot-plaster-splint-over-10-years	Lower Leg to Foot Plaster Splint Over 10 Years	Gipsana longeta potkoljenice do stopala iznad 10 godina
bolnica-danilo-i-cetinje	Y10037	NULL	NULL	NULL	7009	plaster-body-jacket	Plaster Body Jacket	Gipsani žaket za tijelo
bolnica-danilo-i-cetinje	Y10038	NULL	NULL	NULL	7010	shoulder-to-hip-plaster-cast	Shoulder to Hip Plaster Cast	Gipsani zavoj od ramena do kuka
bolnica-danilo-i-cetinje	Y11001	4.88	NULL	NULL	7011	on-call-doctor-specialist-examination	On-Call Specialist Examination	Specijalistički pregled dežurnog ljekara
bolnica-danilo-i-cetinje	Y12001	85.75	NULL	NULL	7012	cardiac-rehabilitation-bed-day	Cardiac Rehabilitation Bed-Day	Bolnički dan kardiološke rehabilitacije
bolnica-danilo-i-cetinje	J11001	2.85	NULL	3.42	7227	panoramic-dental-radiography	Panoramic Dental Radiography	Panoramska dentalna radiografija
bolnica-danilo-i-cetinje	J06010	6.25	NULL	7.50	7864	heart-teleradiography	Heart Teleradiography	Teleradiografija srca
opsta-bolnica-niksic	X07004	1.63	1.63	NULL	1469	nasal-irrigation	Nasal Irrigation	Ispiranje nosa
opsta-bolnica-niksic	X07047	19.50	19.50	NULL	1470	tympanometry	Tympanometry	Timpanometrija
opsta-bolnica-niksic	X07021	26.00	26.00	NULL	1471	audiometry	Audiometry	Audiometrija
opsta-bolnica-niksic	M02002	3.25	3.25	NULL	1489	lymphatic-drainage-complete	Complete Lymphatic Drainage	Limfna drenaža kompletna
opsta-bolnica-niksic	H05001	9.75	9.75	NULL	1490	first-neurologist-examination	First Neurologist Examination	Prvi pregled neurologa
opsta-bolnica-niksic	H05002	3.25	3.25	NULL	1491	follow-up-neurologist-examination	Follow-up Neurologist Examination	Kontrolni pregled neurologa
opsta-bolnica-niksic	H13001	19.50	19.50	NULL	1492	electroencephalography	Electroencephalography	Elektroencefalografija
opsta-bolnica-niksic	S07001	9.75	9.75	NULL	1495	first-neurosurgeon-examination	First Neurosurgeon Examination	Prvi pregled neurohirurga
opsta-bolnica-niksic	S07002	3.25	3.25	NULL	1496	follow-up-neurosurgeon-examination	Follow-up Neurosurgeon Examination	Kontrolni pregled neurohirurga
opsta-bolnica-niksic	O01001	9.75	9.75	NULL	1510	first-ent-examination	First ENT Examination	Prvi pregled ORL specijaliste
opsta-bolnica-niksic	O01002	3.25	3.25	NULL	1511	follow-up-ent-examination	Follow-up ENT Examination	Kontrolni pregled ORL specijaliste
opsta-bolnica-niksic	X01005	3.25	3.25	NULL	1513	cerumen-ear-irrigation	Cerumen Ear Irrigation	Ispiranje uha od cerumena
opsta-bolnica-niksic	E10001	9.75	9.75	NULL	1533	first-gastroenterologist-examination	First Gastroenterologist Examination	Prvi pregled gastroenterologa
opsta-bolnica-niksic	E10002	3.25	3.25	NULL	1534	follow-up-gastroenterologist-examination	Follow-up Gastroenterologist Examination	Kontrolni pregled gastroenterologa
opsta-bolnica-niksic	M03001	9.75	9.75	NULL	1537	first-physiatrist-examination	First Physiatrist Examination	Prvi pregled fizijatra
opsta-bolnica-niksic	M03002	3.25	3.25	NULL	1538	follow-up-physiatrist-examination	Follow-up Physiatrist Examination	Kontrolni pregled fizijatra
opsta-bolnica-niksic	J07001	26.83	26.83	NULL	1540	upper-abdomen-ultrasound	Upper Abdomen Ultrasound	Ultrazvuk gornjeg dijela abdomena
opsta-bolnica-niksic	J07002	26.83	26.83	NULL	1541	lower-abdomen-ultrasound	Lower Abdomen Ultrasound	Ultrazvuk donjeg dijela abdomena
opsta-bolnica-niksic	J07016	26.83	26.83	NULL	1548	lung-base-ultrasound	Lung Base Ultrasound	Ultrazvuk baze pluća
opsta-bolnica-niksic	J07009	26.83	26.83	NULL	1551	doppler-neck-blood-vessels	Doppler Neck Blood Vessels	Dopler krvnih sudova vrata
opsta-bolnica-niksic	J07010	26.83	26.83	NULL	1552	doppler-upper-extremity-blood-vessels	Doppler Upper Extremity Blood Vessels	Dopler krvnih sudova gornjih ekstremiteta
opsta-bolnica-niksic	J07011	26.83	26.83	NULL	1553	doppler-lower-extremity-blood-vessels	Doppler Lower Extremity Blood Vessels	Dopler krvnih sudova donjih ekstremiteta
opsta-bolnica-niksic	X01040	6.50	6.50	NULL	1616	ecg	ECG	EKG
opsta-bolnica-niksic	X02011	13.00	13.00	NULL	1617	spirometry	Spirometry	Spirometrija
opsta-bolnica-niksic	E08001	9.75	9.75	NULL	1618	first-endocrinologist-examination	First Endocrinologist Examination	Prvi pregled endokrinologa
opsta-bolnica-niksic	E08002	3.25	3.25	NULL	1619	follow-up-endocrinologist-examination	Follow-up Endocrinologist Examination	Kontrolni pregled endokrinologa
opsta-bolnica-niksic	N01001	9.75	9.75	NULL	1623	first-ophthalmologist-examination	First Ophthalmologist Examination	Prvi pregled oftalmologa
opsta-bolnica-niksic	N01002	3.25	3.25	NULL	1624	follow-up-ophthalmologist-examination	Follow-up Ophthalmologist Examination	Kontrolni pregled oftalmologa
opsta-bolnica-niksic	X06047	3.25	3.25	NULL	1626	intraocular-pressure-determination	Intraocular Pressure Determination	Određivanje intraokularnog pritiska
opsta-bolnica-niksic	X06006	3.25	3.25	NULL	1627	foreign-body-removal-eye	Eye Foreign Body Removal	Uklanjanje stranog tijela iz oka
opsta-bolnica-niksic	X06062	16.25	16.25	NULL	1628	lacrimal-duct-irrigation	Lacrimal Duct Irrigation	Ispiranje suznog kanala
opsta-bolnica-niksic	M02021	3.25	3.25	NULL	1631	electrophoresis	Electrophoresis	Elektroforeza
opsta-bolnica-niksic	J06062	2.85	2.85	NULL	1652	intraoral-x-ray	Intraoral X-Ray	Intraoralni RTG snimak
opsta-bolnica-niksic	J11003	22.80	22.80	NULL	1678	panoramic-x-ray	Panoramic X-Ray	Ortopan snimak
opsta-bolnica-niksic	B01002	3.25	3.25	NULL	1929	follow-up-pediatric-examination	Follow-up Pediatric Examination	Kontrolni pedijatrijski pregled
opsta-bolnica-niksic	X14003	19.50	19.50	NULL	1945	ergometry-stress-test	Ergometry Stress Test	Ergometrija - test fizičkog opterećenja
opsta-bolnica-niksic	X14005	48.75	48.75	NULL	1951	stress-echocardiography	Stress Echocardiography	Stres EHO srca - test fizičkog i/ili farmakološkog opterećenja
opsta-bolnica-niksic	X01033	3.25	3.25	NULL	1979	iv-cannula-application	IV Cannula Application	Aplikacija intravenske kanile (braunile)
opsta-bolnica-niksic	X01028	0.65	0.65	NULL	1980	intravenous-medication-application	Intravenous Medication Application	Aplikacija lijeka intravenski
opsta-bolnica-niksic	X01010	1.63	1.63	NULL	1985	inhalation-therapy	Inhalation Therapy	Inhalaciona terapija
opsta-bolnica-niksic	X02012	9.75	9.75	NULL	1989	bronchodilator-test	Bronchodilator Test	Bronhodilatatorni test - spirometrija sa lijekom
opsta-bolnica-niksic	X17006	13.00	13.00	NULL	1990	body-plethysmography	Body Plethysmography	Bodipletizmografija - mjerenje zapremine pluća
opsta-bolnica-niksic	X14002	32.50	32.50	NULL	1991	echocardiography-heart-ultrasound	Echocardiography (Heart Ultrasound)	Ehokardiografija (ultrazvuk srca)
opsta-bolnica-niksic	X14001	48.75	48.75	NULL	1992	holter-ecg-24h	Holter ECG 24h	Holter EKG-a - 24h snimanje srčane aktivnosti
opsta-bolnica-niksic	X14008	32.50	32.50	NULL	1993	holter-blood-pressure-24h	Holter Blood Pressure 24h	Holter krvnog pritiska - 24h praćenje vrijednosti
opsta-bolnica-niksic	X02001	16.25	16.25	NULL	1995	prick-test-inhalation-allergens	Prick Test for Inhalant Allergens	Prick test na inhalacione alergene
opsta-bolnica-niksic	J07005	26.83	26.83	NULL	1998	soft-tissue-ultrasound	Soft Tissue Ultrasound	Ultrazvuk mekih tkiva
opsta-bolnica-niksic	J07008	26.83	26.83	NULL	2000	breast-ultrasound	Breast Ultrasound	Ultrazvuk dojki
opsta-bolnica-niksic	J06002	6.25	6.25	NULL	2022	x-ray-lumbar-spine-and-sacrum	X-Ray Lumbar Spine and Sacrum	Rendgen lumbalnog dijela kičme i sakruma
opsta-bolnica-niksic	J06051/J06052	6.25	6.25	12.53	2035	x-ray-chest-heart	X-Ray Lungs and Heart	RTG pluća i srca
opsta-bolnica-niksic	J06015	6.25	6.25	NULL	2037	x-ray-abdomen-native	Plain X-Ray of the Abdomen	Rendgen abdomena – nativni snimak
opsta-bolnica-niksic	J06012	6.25	6.25	NULL	2038	x-ray-urinary-tract	X-Ray Urinary Tract	Rendgen urotrakta
opsta-bolnica-niksic	J06003	6.25	6.25	NULL	2039	x-ray-pelvis	X-Ray Pelvis	Rendgen karlice
opsta-bolnica-niksic	X01015	1.63	1.63	NULL	2054	suture-removal	Suture Removal	Skidanje konaca
opsta-bolnica-niksic	X01023	3.25	3.25	NULL	2089	nasogastric-tube-placement	Nasogastric Tube Placement	Plasiranje nazogastrične sonde
opsta-bolnica-niksic	J07012	26.83	26.83	NULL	2104	blood-vessels-doppler	Blood Vessels Doppler	Dopler krvnih sudova
opsta-bolnica-niksic	D02023	81.25	81.25	NULL	2130	pilonidal-cyst-surgery-classic	Classic Pilonidal Cyst Surgery	Operacija pilonidalne ciste, klasična
opsta-bolnica-niksic	D02056	97.50	97.50	NULL	2131	pleural-drainage	Pleural Drainage	Drenaža pleure
opsta-bolnica-niksic	X02028	9.75	9.75	NULL	2134	rectoscopy	Rectoscopy	Rektoskopija
opsta-bolnica-niksic	D03008	65.00	65.00	NULL	2151	hydrocele-surgery	Hydrocele Surgery	Operacija hidrocele
opsta-bolnica-niksic	D03110	48.75	48.75	NULL	2152	circumcision-local-anesthesia	Circumcision under Local Anesthesia	Cirkumcizija (lokalna anestezija)
opsta-bolnica-niksic	D03007	65.00	65.00	NULL	2154	subcapsular-orchiectomy-local-anesthesia	Subcapsular Orchiectomy under Local Anesthesia	Subkapsularna orhiektomija (lokalna anestezija)
opsta-bolnica-niksic	X01050	6.50	6.50	NULL	2162	joint-puncture	Joint Puncture	Punkcija zgloba
opsta-bolnica-niksic	S01002	3.25	3.25	NULL	2190	follow-up-surgical-examination	Follow-up Surgical Examination	Kontrolni hirurški pregled
opsta-bolnica-niksic	X03015	22.75	22.75	NULL	2200	cystoscopy-male	Cystoscopy (Male)	Cistoskopija (muškarci)
opsta-bolnica-niksic	X03014	19.50	19.50	NULL	2201	cystoscopy-female	Cystoscopy (Female)	Cistoskopija (žene)
opsta-bolnica-niksic	D05011	195.00	195.00	NULL	2209	carpal-tunnel-surgery	Carpal Tunnel Surgery	Operacija sindroma karpalnog tunela
opsta-bolnica-niksic	X02040	16.25	16.25	NULL	2220	liver-biopsy-local-anesthesia	Liver Biopsy under Local Anesthesia	Biopsija jetre u lokalnoj anesteziji
opsta-bolnica-niksic	X04023	9.75	9.75	NULL	2232	colposcopy	Colposcopy	Kolposkopija (pregled grlića materice)
opsta-bolnica-niksic	X04042	19.50	19.50	NULL	2233	gynecological-ultrasound	Gynecological Ultrasound	Ginekološki ultrazvuk
opsta-bolnica-niksic	X04063	39.00	39.00	NULL	2234	expert-pregnancy-ultrasound	Expert Pregnancy Ultrasound	Ekspertski ultrazvuk u trudnoći
opsta-bolnica-niksic	X04057	16.25	16.25	NULL	2235	iud-insertion	IUD Insertion	Postavljanje intrauterinog uloška (IUD)
opsta-bolnica-niksic	X04058	16.25	16.25	NULL	2236	iud-removal	IUD Removal	Uklanjanje intrauterinog uloška (IUD)
opsta-bolnica-niksic	X04060	9.75	9.75	NULL	2259	pap-test-with-smear-collection	PAP Test with Smear Collection	PAPA test sa uzimanjem brisa
opsta-bolnica-niksic	X06022	6.50	6.50	NULL	2273	dry-eye-test-schirmer	Schirmer Test for Dry Eye	Test za suvo oko (Schirmer test)
opsta-bolnica-niksic	X06045	9.75	9.75	NULL	2279	daily-intraocular-pressure-profile	Daily Intraocular Pressure Profile	Dnevni profil očnog pritiska (IOP)
opsta-bolnica-niksic	X06073	32.50	32.50	NULL	2280	chalazion-removal-children-general-anesthesia	Chalazion Removal in Children under General Anesthesia	Uklanjanje halaciona kod djece u opštoj anesteziji
opsta-bolnica-niksic	X06072	26.00	26.00	NULL	2281	chalazion-removal-local-anesthesia	Chalazion Removal under Local Anesthesia	Uklanjanje halaciona kod djece i odraslih u lokalnoj anesteziji
opsta-bolnica-niksic	D06026	97.50	97.50	NULL	2283	ectropion-surgery	Ectropion Surgery	Operacija izvrnutog kapka (ectropium)
opsta-bolnica-niksic	D06027	97.50	97.50	NULL	2284	entropion-surgery	Entropion Surgery	Operacija uvrnutog kapka (entropium)
opsta-bolnica-niksic	X06065	48.75	48.75	NULL	2286	lacrimal-duct-probing-children-general-anesthesia	Lacrimal Duct Irrigation and Probing in Children under General Anesthesia	Propiranje i sondiranje suznih puteva kod djece u opštoj anesteziji
opsta-bolnica-niksic	X06064	32.50	32.50	NULL	2287	lacrimal-duct-probing-adults	Lacrimal Duct Probing Adults	Propiranje suznih puteva u ambulantnim uslovima za odrasle
opsta-bolnica-niksic	J06008	6.25	6.25	NULL	2297	x-ray-chest	X-Ray Chest	RTG grudnog koša
opsta-bolnica-niksic	P01002	3.25	3.25	NULL	2298	follow-up-dermatologist-examination	Follow-up Dermatologist Examination	Kontrolni pregled dermatologa
opsta-bolnica-niksic	X01036	3.25	3.25	NULL	2310	thyroid-biopsy	Thyroid Biopsy	Biopsija štitaste žlijezde
opsta-bolnica-niksic	J09002	117.00	117.00	NULL	3141	mri-brain	MRI Brain	MR pregled mozga
opsta-bolnica-niksic	J09019	117.00	117.00	NULL	3145	mri-pituitary-gland-sella-turcica	MRI Pituitary Gland (Sella Turcica)	MR pregled hipofize (turskog sedla)
opsta-bolnica-niksic	J09020	90.00	90.00	NULL	3151	mri-soft-tissue-neck	MRI Soft Tissue Neck	MR pregled mekih tkiva vrata
opsta-bolnica-niksic	J09003	90.00	90.00	NULL	3152	mri-cervical-spine	MRI Cervical Spine	MR pregled vratnog dijela kičme
opsta-bolnica-niksic	J09005	90.00	90.00	NULL	3153	mri-thoracic-spine	MRI Thoracic Spine	MR pregled torakalnog dijela kičme
opsta-bolnica-niksic	J09007	90.00	90.00	NULL	3154	mri-lumbosacral-spine	MRI Lumbosacral Spine	MR pregled lumbosakralnog dijela kičme
opsta-bolnica-niksic	J09024	135.00	135.00	NULL	3156	mri-breast	MRI Breast	MR pregled dojke
opsta-bolnica-niksic	J09022	90.00	90.00	NULL	3157	mri-cholangiography-mrcp	MRI Cholangiography (MRCP)	MR holangiografija (MRCP)
opsta-bolnica-niksic	J09015	90.00	90.00	NULL	3161	mri-abdomen	MRI Abdomen	MR pregled abdomena
opsta-bolnica-niksic	J09017/J09018	90.00	90.00	117.00	3171	mri-pelvic-organs	MRI Pelvic Organs	MR pregled karličnih organa
opsta-bolnica-niksic	J09009	90.00	90.00	NULL	3172	mri-hip-joints-in-pelvis	MRI Hip Joints in Pelvis	MR pregled kukova u karlici
opsta-bolnica-niksic	J08006	155.73	155.73	NULL	3188	msct-angiography-head-and-neck-vessels	MSCT Angiography Head and Neck Vessels	MSCT angiografija krvnih sudova glave i vrata
opsta-bolnica-niksic	J08007	103.80	103.80	NULL	3190	msct-angiography-aorta	MSCT Angiography Aorta	MSCT angiografija aorte
opsta-bolnica-niksic	J06001	6.25	6.25	NULL	3198	x-ray-head-craniogram	X-Ray Head (Craniogram)	Rendgen glave (Kraniogram)
opsta-bolnica-niksic	J06040	10.45	10.45	NULL	3202	x-ray-paranasal-sinuses	X-Ray Paranasal Sinuses	Rendgen sinusa (paranazalnih šupljina)
opsta-bolnica-niksic	J06006	2.08	2.08	NULL	3207	x-ray-sternum	X-Ray Sternum	Rendgen sternuma (prsne kosti)
opsta-bolnica-niksic	J06013	4.15	4.15	NULL	3218	x-ray-urinary-tract-native	Plain X-Ray of the Urinary Tract	Rendgen urotrakta – nativni snimak
opsta-bolnica-niksic	J07015	26.83	26.83	NULL	3245	ultrasound-neck-glands-and-soft-tissue	Ultrasound Neck Glands and Soft Tissue	Ultrazvuk vrata (žlijezde i meka tkiva)
opsta-bolnica-niksic	J07007	26.83	26.83	NULL	3246	ultrasound-thyroid-and-parathyroid-glands	Ultrasound Thyroid and Parathyroid Glands	Ultrazvuk štitne i paraštitne žlijezde
opsta-bolnica-niksic	M02022	3.25	3.25	NULL	3258	diadynamic-currents	Diadynamic Currents	Dijadinamske struje
opsta-bolnica-niksic	M02046	4.32	4.32	NULL	3259	interferential-currents	Interferential Currents	Interferentne struje
opsta-bolnica-niksic	M02009	3.25	3.25	NULL	3262	ultrasound-therapy	Ultrasound Therapy	Ultrazvučna terapija
opsta-bolnica-niksic	M02011	4.88	4.88	NULL	3263	laser-therapy	Laser Therapy	Laseroterapija
opsta-bolnica-niksic	M02023	4.32	4.32	NULL	3264	tens-therapy	TENS Therapy	TENS terapija
opsta-bolnica-niksic	M02008	4.88	4.88	NULL	3265	magnetic-therapy	Magnetic Therapy	Magnetoterapija
opsta-bolnica-niksic	W04001	278.80	278.80	NULL	3291	folliculometry	Folliculometry	Folikulometrija
opsta-bolnica-niksic	X04026	9.75	9.75	NULL	3292	hymenotomy	Hymenotomy	Himenotomija
opsta-bolnica-niksic	E04002	3.25	3.25	NULL	3293	follow-up-cardiologist-examination	Follow-up Cardiologist Examination	Kontrolni pregled kardiologa
opsta-bolnica-niksic	X18004	19.50	19.50	NULL	3294	ergospirometry	Ergospirometry	Ergospirometrija
opsta-bolnica-niksic	R01002	3.25	3.25	NULL	3298	follow-up-orthopedist-examination	Follow-up Orthopedist Examination	Kontrolni pregled ortopeda
opsta-bolnica-niksic	X07023	6.50	6.50	NULL	3333	vestibulometry	Vestibulometry	Vestibulometrija
opsta-bolnica-niksic	E07002	3.25	3.25	NULL	3339	follow-up-pulmonologist-examination	Follow-up Pulmonologist Examination	Kontrolni pregled subspecijaliste pulmologa
opsta-bolnica-niksic	X01062	9.75	9.75	NULL	3345	tick-removal	Tick Removal	Vađenje krpelja
opsta-bolnica-niksic	X10011	6.50	6.50	NULL	3351	perianal-abscess-incision-and-drainage	Perianal Abscess Incision and Drainage	Incizija i drenaža perianalnog apscesa
opsta-bolnica-niksic	X02013	9.75	9.75	NULL	3354	pleural-puncture	Pleural Puncture	Punkcija pleure
opsta-bolnica-niksic	D02001	48.75	48.75	NULL	3368	pilonidal-sinus-surgical-treatment	Pilonidal Sinus Surgical Treatment	Hirurško liječenje pilonidalnog sinusa
opsta-bolnica-niksic	D01037	113.75	113.75	NULL	3377	laparoscopic-myomectomy	Laparoscopic Myomectomy	Laparoskopska miomektomija
opsta-bolnica-niksic	D01035	113.75	113.75	NULL	3379	laparoscopic-salpingectomy	Laparoscopic Salpingectomy	Laparoskopska salpingektomija
opsta-bolnica-niksic	D01056	130.00	130.00	NULL	3380	vulvectomy	Vulvectomy	Vulvektomija
opsta-bolnica-niksic	D01044	162.50	162.50	NULL	3383	laparoscopic-salpingo-oophorectomy	Laparoscopic Salpingo-oophorectomy	Laparoskopska salpingo-ooforektomija
opsta-bolnica-niksic	D01007	325.00	325.00	NULL	3389	abdominal-hysterectomy	Abdominal Hysterectomy	Abdominalna histerektomija
opsta-bolnica-niksic	D01050	390.00	390.00	NULL	3390	vaginal-hysterectomy	Vaginal Hysterectomy	Vaginalna histerektomija
opsta-bolnica-niksic	D01054	84.50	84.50	NULL	3392	cervical-amputation	Cervical Amputation	Amputacija grlića materice
opsta-bolnica-niksic	D01061	650.00	650.00	NULL	3405	total-laparoscopic-abdominal-hysterectomy	Total Laparoscopic Abdominal Hysterectomy	Totalna laparoskopska abdominalna histerektomija
opsta-bolnica-niksic	D01030	32.50	32.50	NULL	3407	hysteroscopy-asherman-syndrome	Hysteroscopy for Asherman Syndrome	Histeroskopija (Ašermanov sindrom)
opsta-bolnica-niksic	D01036	113.75	113.75	NULL	3408	uterine-septum-resection-hysteroscopy	Hysteroscopic Uterine Septum Resection	Resekcija septuma uterusa histeroskopijom
opsta-bolnica-niksic	D01031	65.00	65.00	NULL	3409	uterine-polypectomy-hysteroscopy	Hysteroscopic Uterine Polypectomy	Polipektomija materice histeroskopijom
opsta-bolnica-niksic	D01077	422.50	422.50	NULL	3410	abdominal-hysterectomy-with-conservation	Abdominal Hysterectomy with Preservation of Adnexa	Abdominalna histerektomija sa konzervacijom adneksa
opsta-bolnica-niksic	D02065	97.50	97.50	NULL	3412	laparoscopic-appendectomy	Laparoscopic Appendectomy	Laparoskopska operacija slijepog crijeva (apendektomija)
opsta-bolnica-niksic	D02006	97.50	97.50	NULL	3413	open-appendectomy	Open Appendectomy	Otvorena operacija slijepog crijeva (apendektomija)
opsta-bolnica-niksic	D02141	325.00	325.00	NULL	3414	laparoscopic-cholecystectomy	Laparoscopic Cholecystectomy	Laparoskopska operacija žučne kese (holecistektomija)
opsta-bolnica-niksic	D02013	325.00	325.00	NULL	3416	cholecystectomy-with-t-tube-drainage	Cholecystectomy with T-tube Drainage	Holecistektomija sa T-drenažom
opsta-bolnica-niksic	D02028	130.00	130.00	NULL	3418	epigastric-hernia-operation	Epigastric Hernia Operation	Operacija epigastrične kile
opsta-bolnica-niksic	D02029	130.00	130.00	NULL	3419	incarcerated-hernia-operation	Incarcerated Hernia Operation	Operacija uklještene kile
opsta-bolnica-niksic	D02154	390.00	390.00	NULL	3421	liver-resection	Liver Resection	Resekcija jetre
opsta-bolnica-niksic	D02177	812.50	812.50	NULL	3423	pancreatic-head-carcinoma-whipple	Whipple Procedure for Pancreatic Head Carcinoma	Duodenopankreatektomija (Whipple) kod karcinoma glave pankreasa
opsta-bolnica-niksic	D02007	162.50	162.50	NULL	3425	exploratory-laparotomy	Exploratory Laparotomy	Eksplorativna laparotomija
opsta-bolnica-niksic	D02043	650.00	650.00	NULL	3436	miles-rectal-amputation	Miles Rectal Amputation	Amputacija rektuma po Milesu
opsta-bolnica-niksic	D02256	390.00	390.00	NULL	3439	left-hemicolectomy-with-colostomy	Left Hemicolectomy with Colostomy	Lijeva hemikolektomija sa izvođenjem kolostome
opsta-bolnica-niksic	D02255	390.00	390.00	NULL	3440	left-hemicolectomy-with-colo-colo-anastomosis	Left Hemicolectomy with Colo-colo Anastomosis	Lijeva hemikolektomija sa kolo-kolo anastomozom
opsta-bolnica-niksic	D02253	585.00	585.00	NULL	3442	right-hemicolectomy-with-anastomosis	Right Hemicolectomy with Anastomosis	Desna hemikolektomija i anastomoza crijeva
opsta-bolnica-niksic	D02236	585.00	585.00	NULL	3443	laparoscopic-right-hemicolectomy	Laparoscopic Right Hemicolectomy	Laparoskopska desna hemikolektomija
opsta-bolnica-niksic	D02230	487.50	487.50	NULL	3445	hartmann-reconstruction	Reconstruction after Hartmann Procedure	Rekonstrukcija nakon Hartmanove operacije
opsta-bolnica-niksic	D02035	585.00	585.00	NULL	3447	total-colectomy-with-ileo-rectal-anastomosis	Total Colectomy with Ileo-rectal Anastomosis	Totalna kolektomija sa ileorektalnom anastomozom
opsta-bolnica-niksic	D02212	325.00	325.00	NULL	3456	laparoscopic-subtotal-gastrectomy	Laparoscopic Subtotal Gastrectomy	Laparoskopska subtotalna gastrektomija
opsta-bolnica-niksic	D02175	650.00	650.00	NULL	3460	total-gastrectomy-with-d2-lymphadenectomy	Total Gastrectomy with D2 Lymphadenectomy	Totalna gastrektomija sa D2 limfadenektomijom
opsta-bolnica-niksic	D02015	325.00	325.00	NULL	3461	gastro-entero-and-entero-entero-anastomosis	Gastroenterostomy and Enteroenterostomy	Gastroenteroanastomoza i enteroenteroanastomoza
opsta-bolnica-niksic	D02261	812.50	812.50	NULL	3470	hepatectomy	Hepatectomy	Hepatektomija
opsta-bolnica-niksic	D03206	243.75	243.75	NULL	3502	penile-prosthesis-implantation	Penile Prosthesis Implantation	Ugradnja penilne proteze
opsta-bolnica-niksic	X01032	1.63	1.63	NULL	3567	urinary-catheter-placement	Urinary Catheter Placement	Plasiranje urinarnog katetera
opsta-bolnica-niksic	X01046	6.50	6.50	NULL	3603	abdominal-paracentesis	Abdominal Paracentesis	Punkcija abdomena
opsta-bolnica-niksic	X02014	9.75	9.75	NULL	3604	thoracentesis	Thoracentesis	Torakocenteza
opsta-bolnica-niksic	J06035	31.38	31.38	NULL	3605	ultrasound-guided-biopsy	Ultrasound-Guided Biopsy	Biopsija pod kontrolom ultrazvuka
opsta-bolnica-niksic	X06080	35.75	35.75	NULL	3611	optical-coherence-tomography-oct	Optical Coherence Tomography (OCT)	Optička koherentna tomografija OCT
opsta-bolnica-niksic	X06055	58.50	58.50	NULL	3614	fluorescein-angiography	Fluorescein Angiography	Fluoresceinska angiografija
opsta-bolnica-niksic	X06071	16.25	16.25	NULL	3615	fundus-photography	Fundus Photography	Fotografija fundusa
opsta-bolnica-niksic	D06109	406.25	406.25	NULL	3642	cataract-surgery-with-standard-iol	Cataract Surgery with Standard IOL	Uklanjanje katarakte sa ugradnjom standardnog sočiva
opsta-bolnica-niksic	D07002	453.00	453.00	NULL	3647	secondary-iol-implantation	Secondary IOL Implantation	Sekundarna implantacija IOL-a
opsta-bolnica-niksic	D07007	575.00	575.00	NULL	3657	silicone-oil-exchange	Silicone Oil Exchange	Zamjena silikonskog ulja
opsta-bolnica-niksic	D07006	401.00	401.00	NULL	3658	silicone-oil-removal	Silicone Oil Removal	Evakuacija silikonskog ulja
opsta-bolnica-niksic	D06001	48.75	48.75	NULL	3661	pterygium-removal	Pterygium Removal	Uklanjanje pterigijuma
opsta-bolnica-niksic	D06004	162.50	162.50	NULL	3662	pterygium-removal-with-conjunctival-graft	Pterygium Removal with Conjunctival Graft	Uklanjanje pterigijuma sa kalemom konjunktive
opsta-bolnica-niksic	D06130	130.00	130.00	NULL	3665	strabismus-surgery	Strabismus Surgery	Operacija strabizma
opsta-bolnica-niksic	H13011	6.50	6.50	NULL	3734	neuromuscular-transmission-test	Neuromuscular Transmission Test	Test neuromišićne transmisije
opsta-bolnica-niksic	H13012	6.50	6.50	NULL	3735	prostigmin-test	Prostigmin Test	Prostigminski test
opsta-bolnica-niksic	J07004	26.83	26.83	NULL	3738	pediatric-hip-ultrasound	Pediatric Hip Ultrasound	Ultrazvuk kukova kod djece
opsta-bolnica-niksic	X02029	16.25	16.25	NULL	3753	rectosigmoidoscopy	Rectosigmoidoscopy	Rektosigmoidoskopija
opsta-bolnica-niksic	J08005	103.80	103.80	NULL	3863	msct-head-and-neck-native	MSCT Head and Neck without Contrast	CT glave i vrata nativno
opsta-bolnica-niksic	J08004	155.73	155.73	NULL	3879	msct-coronary-angiography	MSCT Coronary Angiography	CT koronarografija
opsta-bolnica-niksic	J08003	103.80	103.80	NULL	3880	msct-calcium-score	MSCT Calcium Score	CT Ca score
opsta-bolnica-niksic	J08011	103.80	103.80	NULL	3881	msct-colonography	MSCT Colonography	CT kolonografija
opsta-bolnica-niksic	J08001	103.80	103.80	NULL	3886	msct-single-region-native	MSCT Single Region without Contrast	CT jedne regije nativno
opsta-bolnica-niksic	J08002	155.73	155.73	NULL	3887	msct-single-region-with-contrast	MSCT Single Region with Contrast	CT jedne regije sa kontrastom
opsta-bolnica-niksic	E02002	3.25	3.25	NULL	3904	follow-up-internist-examination	Follow-up Internist Examination	Kontrolni internistički pregled
opsta-bolnica-niksic	D02024	487.50	487.50	NULL	3951	thyroidectomy	Thyroidectomy	Operacija štitne žlijezde
opsta-bolnica-niksic	X01034	1.63	1.63	NULL	3955	rapid-blood-glucose-test	Rapid Blood Glucose Test	Brzi test glukoze u krvi
opsta-bolnica-niksic	X07019	6.50	6.50	NULL	3992	eustachian-tube-function-test	Eustachian Tube Function Test	Test funkcije Eustahijeve tube
opsta-bolnica-niksic	X07039	6.50	6.50	NULL	3993	acumetric-hearing-tests	Acumetric Hearing Tests	Akumetrijski testovi
opsta-bolnica-niksic	X07077	26.00	26.00	NULL	3995	otoacoustic-emissions-teoae	Otoacoustic Emissions (TEOAE)	Otoakustična emisija (TEOAE)
opsta-bolnica-niksic	X07076	26.00	26.00	NULL	3996	objective-audiometry-bera	Objective Audiometry (BERA)	Objektivna audiometrija (BERA)
opsta-bolnica-niksic	D22010	9.30	9.30	NULL	3998	dental-first-aid	Dental First Aid	Stomatološka prva pomoć
opsta-bolnica-niksic	R01001	9.75	9.75	NULL	4062	first-orthopedist-examination	First Orthopedist Examination	Prvi pregled ortopeda
opsta-bolnica-niksic	M02013	3.25	3.25	NULL	4066	hydrotherapy-underwater-massage	Hydrotherapy: Underwater Massage	Hidroterapija: podvodna masaža
opsta-bolnica-niksic	M02015	6.50	6.50	NULL	4067	hydrotherapy-galvanic-four-cell-bath	Hydrotherapy: Galvanic Four-Cell Bath	Hidroterapija: galvanska četvoroćelijska kupka
opsta-bolnica-niksic	M02019	2.18	2.18	NULL	4069	thermotherapy-parafango	Thermotherapy: Parafango	Termoterapija: parafango
opsta-bolnica-niksic	M02004	3.25	3.25	NULL	4071	thermotherapy-cryotherapy	Thermotherapy: Cryotherapy	Termoterapija: krioterapija
opsta-bolnica-niksic	X18001	78.00	78.00	NULL	4115	polysomnography	Polysomnography	Polisomnografija
opsta-bolnica-niksic	J07003	26.83	26.83	NULL	4117	testicular-ultrasound	Testicular Ultrasound	Ultrazvuk testisa
opsta-bolnica-niksic	X03067	19.50	19.50	NULL	4118	capillaroscopy	Capillaroscopy	Kapilaroskopija
opsta-bolnica-niksic	T01002	3.25	3.25	NULL	4140	follow-up-urologist-examination	Follow-up Urologist Examination	Kontrolni pregled urologa
opsta-bolnica-niksic	E03002	3.25	3.25	NULL	4142	follow-up-rheumatologist-examination	Follow-up Rheumatologist Examination	Kontrolni pregled reumatologa
opsta-bolnica-niksic	G09003	40.00	40.00	NULL	4145	hyperbaric-oxygen-therapy-session	Hyperbaric Oxygen Therapy Session	Hiperbarična oksigenoterapija – jedan tretman u komori
opsta-bolnica-niksic	X06070	3.25	3.25	NULL	4237	autokeratorefractometry	Autokeratorefractometry	Autokeratorefraktometrija
opsta-bolnica-niksic	X06043	9.75	9.75	NULL	4238	gonioscopy	Gonioscopy	Gonioskopija
opsta-bolnica-niksic	X06049	19.50	19.50	NULL	4241	contact-lens-fitting-and-care-training	Contact Lens Wear and Care Training	Obuka za nošenje i održavanje kontaktnih sočiva
opsta-bolnica-niksic	X06035	6.50	6.50	NULL	4247	exophthalmometry-hertel	Hertel Exophthalmometry	Egzoftalmometrija po Hertelu
opsta-bolnica-niksic	X06023	0.65	0.65	NULL	4252	topical-eye-medication-application	Topical Eye Medication Application (Drops and Ointments)	Primjena lokalne terapije kapi i masti
opsta-bolnica-niksic	X06063	26.00	26.00	NULL	4254	lacrimal-duct-irrigation-children	Lacrimal Duct Irrigation in Children	Ispiranje suznih kanala kod djece
opsta-bolnica-niksic	X06004	4.88	4.88	NULL	4256	subconjunctival-injection	Subconjunctival Injection	Subkonjunktivalna injekcija
opsta-bolnica-niksic	D06014	130.00	130.00	NULL	4273	ptosis-correction-with-frontal-suspension	Ptosis Correction with Frontal Suspension	Korekcija ptoze frontalnom suspenzijom
opsta-bolnica-niksic	D06122	195.00	195.00	NULL	4302	scleral-buckle-with-vitrectomy	Scleral Buckle with Vitrectomy	Serklaž uz vitrektomiju
opsta-bolnica-niksic	B01008	3.25	3.25	NULL	4324	follow-up-neonatologist-examination	Follow-up Neonatologist Examination	Kontrolni pregled neonatologa
opsta-bolnica-niksic	X04069	65.00	65.00	NULL	4395	amniocentesis	Amniocentesis	Amniocenteza
opsta-bolnica-niksic	X02005	16.25	16.25	NULL	4607	anterior-nasal-packing	Anterior Nasal Packing	Prednja tamponada nosa
opsta-bolnica-niksic	D04017	45.50	45.50	NULL	4666	tonsillectomy	Tonsillectomy	Tonzilektomija
opsta-bolnica-niksic	D06013	58.50	58.50	NULL	4734	tarsorrhaphy	Tarsorrhaphy	Tarzorafija
opsta-bolnica-niksic	S04002	3.25	3.25	NULL	4745	follow-up-thoracic-surgeon-examination	Follow-up Thoracic Surgeon Examination	Kontrolni pregled — grudni hirurg
opsta-bolnica-niksic	D28013	650.00	650.00	NULL	4752	tracheal-resection	Tracheal Resection	Resekcija traheje
opsta-bolnica-niksic	D02104	195.00	195.00	NULL	4761	recurrent-ventral-hernia-repair	Recurrent Ventral Hernia Repair	Plastika recidivantne ventralne hernije
opsta-bolnica-niksic	D02087	162.50	162.50	NULL	4764	recurrent-inguinal-hernia-repair	Recurrent Inguinal Hernia Repair	Operacija recidivantne ingvinalne kile
opsta-bolnica-niksic	D02190	130.00	130.00	NULL	4765	laparoscopic-umbilical-hernia-repair	Laparoscopic Umbilical Hernia Repair	Umbilikalna hernija – laparoskopska operacija
opsta-bolnica-niksic	D02092	162.50	162.50	NULL	4769	laparoscopic-liver-biopsy	Laparoscopic Liver Biopsy	Biopsija jetre – laparoskopska
opsta-bolnica-niksic	X01009	1.63	1.63	NULL	4834	pulse-oximetry	Pulse Oximetry	Pulsna oksimetrija
opsta-bolnica-niksic	A01001	9.75	9.75	NULL	4861	first-anesthesiologist-examination	First Anesthesiologist Examination	Prvi pregled - anesteziolog
opsta-bolnica-niksic	B01001	9.75	9.75	NULL	4862	first-pediatric-examination	First Pediatric Examination	Prvi pregled djeteta - pedijatar
opsta-bolnica-niksic	B01005	9.75	9.75	NULL	4863	first-infant-examination	First Infant Examination	Prvi pregled odojčeta - pedijatar
opsta-bolnica-niksic	B01006	9.75	9.75	NULL	4864	first-neonatologist-examination	First Neonatologist Examination	Prvi pregled novorođenčeta - neonatolog
opsta-bolnica-niksic	B01007	3.25	3.25	NULL	4865	follow-up-infant-examination	Follow-up Infant Examination	Ponovni pregled odojčeta - pedijatar
opsta-bolnica-niksic	C03001	9.75	9.75	NULL	4866	first-gynecologist-obstetrician-examination	First Gynecologist-Obstetrician Examination	Prvi pregled - ginekolog-akušer
opsta-bolnica-niksic	C03002	3.25	3.25	NULL	4867	follow-up-gynecologist-obstetrician-examination	Follow-up Gynecologist-Obstetrician Examination	Ponovni pregled - ginekolog-akušer
opsta-bolnica-niksic	C03003	9.75	9.75	NULL	4868	first-pediatric-and-adolescent-gynecology-examination	First Pediatric and Adolescent Gynecology Examination	Prvi specijalistički pregled u dječijoj i adolescentnoj dobi
opsta-bolnica-niksic	C03004	3.25	3.25	NULL	4869	follow-up-pediatric-and-adolescent-gynecology-examination	Follow-up Pediatric and Adolescent Gynecology Examination	Ponovni specijalistički pregled u dječijoj i adolescentnoj dobi
opsta-bolnica-niksic	E02001	9.75	9.75	NULL	4870	first-internist-examination	First Internist Examination	Prvi pregled - internista
opsta-bolnica-niksic	E03001	9.75	9.75	NULL	4871	first-rheumatologist-examination	First Rheumatologist Examination	Prvi pregled - reumatolog
opsta-bolnica-niksic	E04001	9.75	9.75	NULL	4872	first-cardiologist-examination	First Cardiologist Examination	Prvi pregled - kardiolog
opsta-bolnica-niksic	E07001	9.75	9.75	NULL	4873	first-pulmonologist-examination	First Pulmonologist Examination	Prvi pregled - pulmolog
opsta-bolnica-niksic	E07003	9.75	9.75	NULL	4874	first-phthisiopneumologist-examination	First Phthisiopneumologist Examination	Prvi pregled - pneumoftiziolog
opsta-bolnica-niksic	E07004	3.25	3.25	NULL	4875	follow-up-phthisiopneumologist-examination	Follow-up Phthisiopneumologist Examination	Ponovni pregled - pneumoftiziolog
opsta-bolnica-niksic	E08003	9.75	9.75	NULL	4876	first-pediatric-endocrinologist-examination-infant	First Pediatric Endocrinologist Examination (Infant)	Prvi pregled odojčeta - dječiji endokrinolog
opsta-bolnica-niksic	E08004	9.75	9.75	NULL	4877	first-pediatric-endocrinologist-examination	First Pediatric Endocrinologist Examination	Prvi pregled djeteta - dječiji endokrinolog
opsta-bolnica-niksic	E08005	3.25	3.25	NULL	4878	follow-up-pediatric-endocrinologist-examination-infant	Follow-up Pediatric Endocrinologist Examination (Infant)	Ponovni pregled odojčeta - dječiji endokrinolog
opsta-bolnica-niksic	E08006	3.25	3.25	NULL	4879	follow-up-pediatric-endocrinologist-examination	Follow-up Pediatric Endocrinologist Examination	Ponovni pregled djeteta - dječiji endokrinolog
opsta-bolnica-niksic	E09001	9.75	9.75	NULL	4880	first-nephrologist-examination	First Nephrologist Examination	Prvi pregled - nefrolog
opsta-bolnica-niksic	E09002	3.25	3.25	NULL	4881	follow-up-nephrologist-examination	Follow-up Nephrologist Examination	Ponovni pregled - nefrolog
opsta-bolnica-niksic	E09003	9.75	9.75	NULL	4882	first-pediatric-nephrologist-examination-infant	First Pediatric Nephrologist Examination (Infant)	Prvi pregled odojčeta - dječiji nefrolog
opsta-bolnica-niksic	E09004	9.75	9.75	NULL	4883	first-pediatric-nephrologist-examination	First Pediatric Nephrologist Examination	Prvi pregled djeteta - dječiji nefrolog
opsta-bolnica-niksic	E09005	3.25	3.25	NULL	4884	follow-up-pediatric-nephrologist-examination-infant	Follow-up Pediatric Nephrologist Examination (Infant)	Ponovni pregled odojčeta - dječiji nefrolog
opsta-bolnica-niksic	E09006	3.25	3.25	NULL	4885	follow-up-pediatric-nephrologist-examination	Follow-up Pediatric Nephrologist Examination	Ponovni pregled djeteta - dječiji nefrolog
opsta-bolnica-niksic	I01001	9.75	9.75	NULL	4886	first-infectious-disease-specialist-examination	First Infectious Disease Specialist Examination	Prvi pregled - infektolog
opsta-bolnica-niksic	I01002	3.25	3.25	NULL	4887	follow-up-infectious-disease-specialist-examination	Follow-up Infectious Disease Specialist Examination	Ponovni pregled - infektolog
opsta-bolnica-niksic	P01001	9.75	9.75	NULL	4888	first-dermatologist-examination	First Dermatologist Examination	Prvi pregled - dermatovenerolog
opsta-bolnica-niksic	S01001	9.75	9.75	NULL	4889	first-surgical-examination	First Surgical Examination	Prvi pregled - hirurg
opsta-bolnica-niksic	T01001	9.75	9.75	NULL	4890	first-urologist-examination	First Urologist Examination	Prvi pregled urologa
opsta-bolnica-niksic	J07006	26.83	26.83	NULL	4891	abdominal-vessels-and-lymph-nodes-ultrasound	Abdominal Vessels and Lymph Nodes Ultrasound	Ultrazvuk abdominalnih krvnih sudova i limfnih žlijezda
opsta-bolnica-niksic	J07013	26.83	26.83	NULL	4892	transcranial-doppler-sonography	Transcranial Doppler Sonography	Transkranijalna doppler sonografija
opsta-bolnica-niksic	J07017	26.83	26.83	NULL	4893	sinus-ultrasound	Sinus Ultrasound	Ultrazvuk sinusa
opsta-bolnica-niksic	J07018	26.83	26.83	NULL	4894	ankle-brachial-index-by-doppler-ultrasound	Ankle-Brachial Index by Doppler Ultrasound	Mjerenje gležanjsko-brahijalnog indeksa dopler ultrazvukom
opsta-bolnica-niksic	J08009	103.80	103.80	NULL	4895	msct-angiography-extremities	MSCT Angiography Extremities	MSCT angiografija ekstremiteta
opsta-bolnica-niksic	J08013	103.80	103.80	NULL	4896	msct-virtual-bronchoscopy	MSCT Virtual Bronchoscopy	MSCT virtuelna bronhoskopija
opsta-bolnica-niksic	J08017	108.15	108.15	NULL	4897	percutaneous-aspiration-biopsy-under-ct-guidance	Percutaneous Aspiration Biopsy under CT Guidance	Perkutana aspiraciona biopsija pod kontrolom CT-a
opsta-bolnica-niksic	J08018	278.38	278.38	NULL	4898	biliary-system-drainage-under-ct-guidance	Biliary System Drainage under CT Guidance	Drenaža bilijarnog sistema pod kontrolom CT-a
opsta-bolnica-niksic	J08019	417.58	417.58	NULL	4899	percutaneous-transhepatic-bile-stone-removal-dormia-basket	Percutaneous Transhepatic Bile Stone Removal (Dormia Basket)	Perkutano-transhepatalno odstranjivanje žučnih konkremenata (Dormia košaricom)
opsta-bolnica-niksic	J08020	417.58	417.58	NULL	4900	t-drain-replacement-under-ct-guidance	Replacement of Dislodged T-Drain under CT Guidance	Nadomještanje ispalog T-drena pod kontrolom CT-a
opsta-bolnica-niksic	J08021	417.58	417.58	NULL	4901	removal-of-obstructions-in-blocked-t-drain	Removal of Obstructions in Blocked T-Drain	Uklanjanje barijera u začepljenom T-drenu
opsta-bolnica-niksic	J08022	417.58	417.58	NULL	4902	bile-duct-stricture-dilatation	Bile Duct Stricture Dilatation	Dilatacija striktura žučnih puteva
opsta-bolnica-niksic	J08023	417.58	417.58	NULL	4903	postoperative-biopsy-of-extrahepatic-bile-ducts	Postoperative Biopsy of Extrahepatic Bile Ducts	Postoperativna biopsija ekstrahepatalnih žučnih vodova
opsta-bolnica-niksic	J08024	210.25	210.25	NULL	4904	percutaneous-renal-cyst-aspiration-under-ct-guidance	Percutaneous Renal Cyst Aspiration under CT Guidance	Punkcija i evakuacija bubrežnih cista pod kontrolom CT-a
opsta-bolnica-niksic	J08025	245.05	245.05	NULL	4905	percutaneous-nephrostomy-under-ct-guidance	Percutaneous Nephrostomy under CT Guidance	Perkutana nefrostomija pod kontrolom CT-a
opsta-bolnica-niksic	J08026	591.58	591.58	NULL	4906	percutaneous-ureter-recanalization	Percutaneous Ureter Recanalization	Perkutana rekanalizacija uretera
opsta-bolnica-niksic	J08027	417.58	417.58	NULL	4907	percutaneous-ureter-occlusion	Percutaneous Ureter Occlusion	Perkutano začepljenje uretera
opsta-bolnica-niksic	J08028	417.58	417.58	NULL	4908	percutaneous-liver-abscess-drainage-under-ct-guidance	Percutaneous Liver Abscess Drainage under CT Guidance	Perkutana drenaža jetrenog apscesa pod kontrolom CT-a
opsta-bolnica-niksic	J08029	417.58	417.58	NULL	4909	pericardiocentesis-with-catheter-drainage-under-ct-guidance	Pericardiocentesis with Catheter Drainage under CT Guidance	Perikardiocenteza i drenaža kateterom pod kontrolom CT-a
opsta-bolnica-niksic	J08030	347.98	347.98	NULL	4910	selective-arterial-vasopressin-infusion-for-hemorrhage-control	Selective Arterial Vasopressin Infusion for Hemorrhage Control	Selektivna arterijska infuzija vazopresina za zaustavljanje krvarenja
opsta-bolnica-niksic	J08031	347.98	347.98	NULL	4911	selective-arterial-vasopressin-and-prostaglandin-infusion-in-mesenteric-arteries	Selective Arterial Vasopressin and Prostaglandin Infusion in Mesenteric Arteries	Selektivna arterijska infuzija vazopresina i prostaglandina u crijevne arterije
opsta-bolnica-niksic	J08032	591.58	591.58	NULL	4912	transcatheter-therapeutic-embolization	Transcatheter Therapeutic Embolization	Transkateterska terapijska embolizacija (TTE)
opsta-bolnica-niksic	J08033	591.58	591.58	NULL	4913	catheter-organ-resection-by-feeding-artery-embolization	Transcatheter Organ Ablation by Feeding Artery Embolization	Kateterska ektomija organa (embolizacija dovodne arterije)
opsta-bolnica-niksic	J08034	591.58	591.58	NULL	4914	transcatheter-electrocoagulation-of-tumor-vessels	Transcatheter Electrocoagulation of Tumor Vessels	Transkateterska elektrokoagulacija krvnih sudova tumora
opsta-bolnica-niksic	J08035	241.78	241.78	NULL	4915	intracranial-aneurysm-occlusion-with-balloon-catheter	Intracranial Aneurysm Occlusion with Balloon Catheter	Okluzija intrakranijalnih aneurizmi sa balonskim kateterom ili drugim okluzionim materijalom
opsta-bolnica-niksic	J08036	626.38	626.38	NULL	4916	balloon-atrial-septostomy-rashkind-procedure	Balloon Atrial Septostomy (Rashkind Procedure)	Atrioseptostomija sa balonskim kateterom (po Rashkindu)
opsta-bolnica-niksic	J08037	626.38	626.38	NULL	4917	patent-ductus-arteriosus-closure-portsmann-method	Patent Ductus Arteriosus Closure (Porstmann Method)	Zatvaranje otvorenog ductus Botalli (po Porstmannu)
opsta-bolnica-niksic	J08038	583.88	583.88	NULL	4918	percutaneous-transluminal-angioplasty	Percutaneous Transluminal Angioplasty	Perkutana transluminalna angioplastika (PTA) - dilatacija krvnih sudova
opsta-bolnica-niksic	J08039	583.88	583.88	NULL	4919	foreign-body-removal-from-blood-vessels	Foreign Body Removal from Blood Vessels	Odstranjivanje stranih tijela iz krvnih sudova
opsta-bolnica-niksic	J08040	46.65	46.65	NULL	4920	myelography	Myelography	Mijelografija
opsta-bolnica-niksic	J09011	90.00	90.00	NULL	4921	mri-musculoskeletal-system	MRI Musculoskeletal System	MR pregled osteomuskularnog sistema
opsta-bolnica-niksic	J09013	108.00	108.00	NULL	4922	mri-angiography-brain-and-neck-vessels	MRI Angiography Brain and Neck Vessels	MR angiografija krvnih sudova vrata i mozga
opsta-bolnica-niksic	J09026	117.00	117.00	NULL	4923	mri-thorax-and-mediastinum	MRI Thorax and Mediastinum	MR pregled toraksa i medijastinuma
opsta-bolnica-niksic	J01001	8.33	8.33	NULL	4924	first-radiologist-examination	First Radiologist Examination	Prvi specijalistički pregled - radiolog
opsta-bolnica-niksic	J06004	6.25	6.25	NULL	4925	foreign-body-localization-x-ray-except-eye	Foreign Body Localization X-Ray (Except Eye)	Lokalizacija stranog tijela u bilo kojem organu (osim oka)
opsta-bolnica-niksic	J06005	6.25	6.25	NULL	4926	pharynx-and-larynx-x-ray	Pharynx and Larynx X-Ray	Snimanje ždrijela i grkljana
opsta-bolnica-niksic	J06007	4.15	4.15	NULL	4927	lung-fluorography	Lung Fluorography	Fluorografija pluća
opsta-bolnica-niksic	J06009	6.25	6.25	NULL	4928	mediastinum-x-ray	Mediastinum X-Ray	Snimak medijastinuma
opsta-bolnica-niksic	J06011	6.25	6.25	NULL	4929	hepatobiliary-tract-x-ray	Hepatobiliary Tract X-Ray	Snimanje hepatobilijarnog trakta
opsta-bolnica-niksic	J06014	6.25	6.25	NULL	4930	mammography	Mammography	Mamografija
opsta-bolnica-niksic	J06016	35.93	35.93	NULL	4931	hysterosalpingography	Hysterosalpingography	Histerosalpingografija
opsta-bolnica-niksic	J06017	25.00	25.00	NULL	4932	intravenous-cholangiocholecystography	Intravenous Cholangiocholecystography	Intravenska holangioholecistografija
opsta-bolnica-niksic	J06018	18.75	18.75	NULL	4933	barium-enema	Barium Enema	Irigoskopija i irigografija
opsta-bolnica-niksic	J06019	3.13	3.13	NULL	4934	double-contrast-barium-enema-fischer-method	Double Contrast Barium Enema (Fischer Method)	Irigoskopija i irigografija sa duplim kontrastom po Fišeru
opsta-bolnica-niksic	J06020	3.13	3.13	NULL	4935	targeted-upper-gi-tract-x-ray	Targeted X-Ray of Esophagus, Stomach, Duodenum and Intestine (per Image)	Ciljano snimanje jednjaka, želuca, duodenuma i crijeva (za svaki snimak)
opsta-bolnica-niksic	J06021	18.75	18.75	NULL	4936	intestinal-barium-passage	Intestinal Barium Passage	Pasaža crijeva
opsta-bolnica-niksic	J06022	12.33	12.33	NULL	4937	intravenous-urography	Intravenous Urography	Intravenska urografija
opsta-bolnica-niksic	J06023	14.85	14.85	NULL	4938	voiding-cystourethrography	Voiding Cystourethrography	Mikciona cistografija
opsta-bolnica-niksic	J06024	20.33	20.33	NULL	4939	infusion-urography-with-descending-cystography	Infusion Urography with Descending Cystography	Infuziona urografija sa descendentnom cistografijom
opsta-bolnica-niksic	J06025	9.40	9.40	NULL	4940	eye-bulb-x-ray-vogt-method	Eye Bulb X-Ray (Vogt Method)	Snimanje očnog bulbusa po Vogtu
opsta-bolnica-niksic	J06026	12.53	12.53	NULL	4941	foreign-body-localization-in-eye-with-fluoroscopy	Foreign Body Localization in Eye with Fluoroscopy	Lokalizacija stranog tijela u oku uz RTG kontrolu
opsta-bolnica-niksic	J06027	12.53	12.53	NULL	4942	foreign-body-fluoroscopy-and-x-ray	Foreign Body Fluoroscopy and X-Ray	Radioskopija i snimanje stranog tijela
opsta-bolnica-niksic	J06028	18.75	18.75	NULL	4943	intravenous-cholangiography-through-t-drain	Intravenous Cholangiography through T-Drain	Intravenska holangiografija kroz T-dren
opsta-bolnica-niksic	J06029	14.85	14.85	NULL	4944	standard-cystourethrography	Standard Cystourethrography	Standardna cistografija (uretrocistografija)
opsta-bolnica-niksic	J06030	126.15	126.15	NULL	4945	percutaneous-urography	Percutaneous Urography	Perkutana urografija
opsta-bolnica-niksic	J06031	210.25	210.25	NULL	4946	percutaneous-renal-cyst-sclerotherapy	Percutaneous Renal Cyst Sclerotherapy	Perkutana sklerotizacija ciste bubrega
opsta-bolnica-niksic	J06032	31.68	31.68	NULL	4947	pathological-fluid-collection-and-biliary-drainage-control	Drainage Check of Pathological Fluid Collections, Biliary Tract and Nephrostomy	Kontrola drenaže patoloških tečnih kolekcija, bilijarnih puteva i nefrostome
opsta-bolnica-niksic	J06033	210.25	210.25	NULL	4948	antegrade-urography	Antegrade Urography	Anterogradna urografija
opsta-bolnica-niksic	J06034	210.25	210.25	NULL	4949	cyst-puncture-under-ultrasound-guidance	Cyst Puncture under Ultrasound Guidance	Punkcija ciste pod kontrolom ultrazvuka
opsta-bolnica-niksic	J06036	62.78	62.78	NULL	4950	thoracic-fluid-drainage-under-ultrasound-guidance	Thoracic Fluid Drainage under Ultrasound Guidance	Drenaža tečnih kolekcija iz torakalne šupljine pod kontrolom ultrazvuka
opsta-bolnica-niksic	J06037	62.78	62.78	NULL	4951	abdominal-fluid-drainage-under-ultrasound-guidance	Abdominal Fluid Drainage under Ultrasound Guidance	Drenaža tečnih kolekcija iz abdominalne šupljine pod kontrolom ultrazvuka
opsta-bolnica-niksic	J06038	245.05	245.05	NULL	4952	percutaneous-nephrostomy-under-ultrasound-guidance	Percutaneous Nephrostomy under Ultrasound Guidance	Perkutana nefrostomija pod kontrolom ultrazvuka
opsta-bolnica-niksic	J06039	14.85	14.85	NULL	4953	fistulography	Fistulography	Fistulografija
opsta-bolnica-niksic	J06042	25.00	25.00	NULL	4954	oral-cholecystography	Oral Cholecystography	Peroralna holecistografija
opsta-bolnica-niksic	J06043	25.00	25.00	NULL	4955	infusion-cholecystography	Infusion Cholecystography	Infuziona holecistografija
opsta-bolnica-niksic	J06044	12.33	12.33	NULL	4956	minute-urography	Minute Urography	Minutna urografija
opsta-bolnica-niksic	J06045	18.75	18.75	NULL	4957	colon-x-ray-through-stoma	Colon X-Ray through Stoma	RTG pregled debelog crijeva kroz stomu
opsta-bolnica-niksic	J06046	35.93	35.93	NULL	4958	retrograde-urography	Retrograde Urography	Retrogradna urografija
opsta-bolnica-niksic	J06047	12.53	12.53	NULL	4959	pharynx-and-larynx-x-ray-with-fluoroscopy	Pharynx and Larynx X-Ray with Fluoroscopy	Snimanje ždrijela i grkljana uz rentgenoskopiju
opsta-bolnica-niksic	J06048	6.25	6.25	NULL	4960	soft-tissue-neck-x-ray	Soft Tissue Neck X-Ray	Snimanje mekog tkiva vrata
opsta-bolnica-niksic	J06049	6.25	6.25	NULL	4961	lung-fluoroscopy	Lung Fluoroscopy	Radioskopija pluća
opsta-bolnica-niksic	J06050	6.25	6.25	NULL	4962	heart-fluoroscopy	Heart Fluoroscopy	Radioskopija srca
opsta-bolnica-niksic	J06053	12.53	12.53	NULL	4963	esophagus-stomach-and-duodenum-fluoroscopy	Esophagus, Stomach and Duodenum Fluoroscopy	Radioskopija jednjaka, želuca i duodenuma
opsta-bolnica-niksic	J06054	12.53	12.53	NULL	4964	stomach-and-duodenum-fluoroscopy-with-double-contrast	Stomach and Duodenum Fluoroscopy with Double Contrast	Radioskopija želuca i duodenuma sa dvostrukim kontrastom
opsta-bolnica-niksic	J06055	12.53	12.53	NULL	4965	hypotonic-duodenography	Hypotonic Duodenography	Hipotona duodenografija
opsta-bolnica-niksic	J06056	12.53	12.53	NULL	4966	stomach-stump-x-ray-with-catheter	Stomach Stump X-Ray with Catheter	RTG pregled batrljka želuca sa kateterom
opsta-bolnica-niksic	J06057	18.75	18.75	NULL	4967	gastroduodenum-x-ray-through-stoma	Gastroduodenum X-Ray through Stoma	RTG pregled gastroduodenuma kroz stomu
opsta-bolnica-niksic	J06058	12.53	12.53	NULL	4968	small-bowel-standard-fluoroscopic-passage	Standard Fluoroscopic Small Bowel Follow-Through	Standardna rentgenoskopska pasaža tankog crijeva
opsta-bolnica-niksic	J06059	12.33	12.33	NULL	4969	intravenous-cystography	Intravenous Cystography	Intravenska cistografija
opsta-bolnica-niksic	J06061	4.15	4.15	NULL	4970	x-ray-abdomen-and-pelvis-native	X-Ray Abdomen and Pelvis Native	Pregledni snimak abdomena nativno sa karlicom
opsta-bolnica-niksic	J06063	15.83	15.83	NULL	4971	unilateral-sialography	Unilateral Sialography	Sijalografija jedne pljuvačne žlijezde na jednoj strani
opsta-bolnica-niksic	J06064	21.10	21.10	NULL	4972	bilateral-sialography	Bilateral Sialography	Sijalografija pljuvačnih žlijezda na obje strane
opsta-bolnica-niksic	J06065	21.10	21.10	NULL	4973	temporomandibular-joint-arthrography	Temporomandibular Joint Arthrography	Artrografija temporomandibularnog zgloba
opsta-bolnica-niksic	J06066	69.50	69.50	NULL	4974	bronchography	Bronchography	Bronhografija
opsta-bolnica-niksic	J11004	4.28	4.28	NULL	4975	cephalometric-x-ray	Cephalometric X-Ray	Telerentgenski snimak glave
opsta-bolnica-niksic	Z04001	2.50	2.50	NULL	4979	venous-blood-draw	Venous Blood Draw	Uzimanje krvi iz vene
opsta-bolnica-niksic	Z04002	2.50	2.50	NULL	4980	capillary-blood-draw	Capillary Blood Draw	Uzimanje krvi iz prsta
opsta-bolnica-niksic	Z04003	2.50	2.50	NULL	4981	serum-separation	Serum Separation	Odvajanje seruma
opsta-bolnica-niksic	K01001	7.93	7.93	NULL	4982	first-microbiologist-examination	First Microbiologist Examination	Prvi specijalistički pregled - mikrobiolog
opsta-bolnica-niksic	K01002	1.20	1.20	NULL	4983	sample-reception-and-sterile-container-distribution	Sample Reception and Sterile Container Distribution	Prijem materijala i davanje sterilnih posuda
opsta-bolnica-niksic	K01003	1.98	1.98	NULL	4984	microbiology-sample-collection	Microbiology Sample Collection	Uzimanje uzoraka za mikrobiologiju
opsta-bolnica-niksic	L01001	13.00	13.00	NULL	4985	histopathology-of-appendectomy-specimen	Histopathology of Appendectomy Specimen	Pregled amputiranog apendiksa
opsta-bolnica-niksic	L01002	13.00	13.00	NULL	4986	histopathology-of-colon-endoscopic-biopsy	Histopathology of Colon Endoscopic Biopsy	Pregled endoskopske biopsije kolona
opsta-bolnica-niksic	L01003	13.00	13.00	NULL	4987	histopathology-of-lip-biopsy	Histopathology of Lip Biopsy	Pregled biopsije usne (labium oris)
opsta-bolnica-niksic	L01004	13.00	13.00	NULL	4988	histopathology-of-gastric-mucosa-endoscopic-biopsy	Histopathology of Gastric Mucosa Endoscopic Biopsy	Pregled endoskopske biopsije sluznice želuca
opsta-bolnica-niksic	L01005	13.00	13.00	NULL	4989	histopathology-of-dentogenic-cyst	Histopathology of Dentogenic Cyst	Pregled dentogene ciste
opsta-bolnica-niksic	L01006	13.00	13.00	NULL	4990	histopathology-of-esophageal-endoscopic-biopsy	Histopathology of Esophageal Endoscopic Biopsy	Pregled endoskopske biopsije jednjaka
opsta-bolnica-niksic	L01007	13.00	13.00	NULL	4991	histopathology-of-hemorrhoidectomy-specimen	Histopathology of Hemorrhoidectomy Specimen	Pregled hemoroidektomije
opsta-bolnica-niksic	L01008	13.00	13.00	NULL	4992	histopathology-of-colon-polyp-endoscopic-resection	Histopathology of Colon Polyp Endoscopic Resection	Pregled endoskopski reseciranog polipa kolona
opsta-bolnica-niksic	L01009	13.00	13.00	NULL	4993	histopathology-of-partial-gastrectomy-with-ulcer	Histopathology of Partial Gastrectomy with Ulcer	Pregled parcijalne resekcije želuca sa ulkusom
opsta-bolnica-niksic	L01010	13.00	13.00	NULL	4994	histopathology-of-small-intestine-resection	Histopathology of Small Intestine Resection	Pregled resekovanog tankog crijeva
opsta-bolnica-niksic	L01011	13.00	13.00	NULL	4995	histopathology-of-labial-cyst	Histopathology of Labial Cyst	Pregled labijalne ciste
opsta-bolnica-niksic	L01012	13.00	13.00	NULL	4996	histopathology-of-myoma	Histopathology of Myoma	Pregled mioma
opsta-bolnica-niksic	L01013	13.00	13.00	NULL	4997	histopathology-of-cervical-polyp	Histopathology of Cervical Polyp	Pregled polipa cerviksa
opsta-bolnica-niksic	L01014	13.00	13.00	NULL	4998	histopathology-of-partial-ovarian-resection	Histopathology of Partial Ovarian Resection	Pregled parcijalne resekcije jajnika
opsta-bolnica-niksic	L01015	13.00	13.00	NULL	4999	histopathology-of-fallopian-tube	Histopathology of Fallopian Tube	Pregled jajovoda
opsta-bolnica-niksic	L01016	13.00	13.00	NULL	5000	histopathology-of-vaginal-biopsy	Histopathology of Vaginal Biopsy	Pregled biopsije vagine
opsta-bolnica-niksic	L01017	13.00	13.00	NULL	5001	histopathology-of-salivary-and-lacrimal-glands	Histopathology of Salivary and Lacrimal Glands	Pregled pljuvačnih i suznih žlijezda
opsta-bolnica-niksic	L01018	13.00	13.00	NULL	5002	histopathology-of-liver-echinococcus-cyst	Histopathology of Liver Echinococcus Cyst	Pregled ehinokoka jetre
opsta-bolnica-niksic	L01019	13.00	13.00	NULL	5003	histopathology-of-conjunctival-biopsy	Histopathology of Conjunctival Biopsy	Pregled biopsije konjunktive
opsta-bolnica-niksic	L01020	13.00	13.00	NULL	5004	histopathology-of-ear-canal-lesion	Histopathology of Ear Canal Lesion	Pregled promjene iz ušnog kanala
opsta-bolnica-niksic	L01021	13.00	13.00	NULL	5005	histopathology-of-skin-biopsy	Histopathology of Skin Biopsy	Pregled biopsije kože
opsta-bolnica-niksic	L01022	13.00	13.00	NULL	5006	histopathology-of-oral-and-pharyngeal-mucosa-biopsy	Histopathology of Oral and Pharyngeal Mucosa Biopsy	Pregled biopsije mukoze usta i farinksa
opsta-bolnica-niksic	L01023	13.00	13.00	NULL	5007	histopathology-of-small-intestine-partial-resection-fissures-and-fistulas	Histopathology of Small Intestine Partial Resection (Fissures and Fistulas)	Pregled parcijalne resekcije tankog crijeva (fisure i fistule)
opsta-bolnica-niksic	L01024	13.00	13.00	NULL	5008	histopathology-of-vaginal-tumor	Histopathology of Vaginal Tumor	Pregled tumora vagine (extirpatio tumoris vaginae)
opsta-bolnica-niksic	L01025	13.00	13.00	NULL	5009	histopathology-of-cholecystectomy-specimen	Histopathology of Cholecystectomy Specimen	Pregled odstranjene žučne kese
opsta-bolnica-niksic	L01026	13.00	13.00	NULL	5010	histopathology-of-salivary-gland-tumor	Histopathology of Salivary Gland Tumor	Pregled tumora pljuvačne žlijezde
opsta-bolnica-niksic	L01027	13.00	13.00	NULL	5011	histopathology-of-pilonidal-sinus	Histopathology of Pilonidal Sinus	Pregled pilonidalnog sinusa
opsta-bolnica-niksic	L01028	13.00	13.00	NULL	5012	histopathology-of-muscle-biopsy	Histopathology of Muscle Biopsy	Pregled biopsije mišića
opsta-bolnica-niksic	L01029	13.00	13.00	NULL	5013	histopathology-of-subcutaneous-tumor	Histopathology of Subcutaneous Tumor	Pregled tumora subkutisa
opsta-bolnica-niksic	L01030	13.00	13.00	NULL	5014	histopathology-of-laryngeal-biopsy	Histopathology of Laryngeal Biopsy	Pregled biopsije larinksa
opsta-bolnica-niksic	L01031	13.00	13.00	NULL	5015	histopathology-of-tracheal-or-bronchial-biopsy	Histopathology of Tracheal or Bronchial Biopsy	Pregled biopsije traheje ili bronha
opsta-bolnica-niksic	L01032	13.00	13.00	NULL	5016	cytological-analysis-of-pleural-and-abdominal-punctate	Cytological Analysis of Pleural and Abdominal Punctate	Citološka analiza pleuralnog i abdominalnog punktata
opsta-bolnica-niksic	L01033	13.00	13.00	NULL	5017	histopathology-of-pharyngeal-tumor	Histopathology of Pharyngeal Tumor	Pregled tumora faringsa
opsta-bolnica-niksic	L01034	13.00	13.00	NULL	5018	histopathology-of-total-laryngectomy	Histopathology of Total Laryngectomy	Pregled totalne resekcije larinksa
opsta-bolnica-niksic	L01035	13.00	13.00	NULL	5019	histopathology-of-laryngeal-polyp	Histopathology of Laryngeal Polyp	Pregled polipa larinksa
opsta-bolnica-niksic	L01036	13.00	13.00	NULL	5020	cytological-examination-of-sputum	Cytological Examination of Sputum	Citološki pregled sputuma
opsta-bolnica-niksic	L01037	13.00	13.00	NULL	5021	histopathology-of-subtotal-thyroidectomy	Histopathology of Subtotal Thyroidectomy	Pregled subtotalne resekcije štitne žlijezde
opsta-bolnica-niksic	L01038	13.00	13.00	NULL	5022	histopathology-of-penile-biopsy	Histopathology of Penile Biopsy	Pregled biopsije penisa
opsta-bolnica-niksic	L01039	16.25	16.25	NULL	5023	histopathology-of-peritoneal-biopsy	Histopathology of Peritoneal Biopsy	Pregled biopsije peritoneuma (trbušne maramice)
opsta-bolnica-niksic	L01040	16.25	16.25	NULL	5024	histopathology-of-teeth	Histopathology of Teeth	Pregled zuba (dentes)
opsta-bolnica-niksic	L01041	16.25	16.25	NULL	5025	histopathology-of-oral-cavity-tumor	Histopathology of Oral Cavity Tumor	Pregled tumora iz usne duplje
opsta-bolnica-niksic	L01042	16.25	16.25	NULL	5026	histopathology-of-middle-ear-surgery-specimen	Histopathology of Middle Ear Surgery Specimen	Pregled operativnog materijala iz srednjeg uva (granulacije, polipi)
opsta-bolnica-niksic	L01043	16.25	16.25	NULL	5027	histopathology-of-cervical-biopsy-with-endocervical-curettage	Histopathology of Cervical Biopsy with Endocervical Curettage	Pregled biopsije cerviksa uterusa sa endocervikalnom kiretažom
opsta-bolnica-niksic	L01044	16.25	16.25	NULL	5028	histopathology-of-lymph-node-biopsy	Histopathology of Lymph Node Biopsy	Pregled biopsije limfnog čvora
opsta-bolnica-niksic	L01046	16.25	16.25	NULL	5030	histopathology-of-aortic-aneurysm	Histopathology of Aortic Aneurysm	Pregled aneurizme aorte
opsta-bolnica-niksic	L01047	16.25	16.25	NULL	5031	histopathology-of-esophageal-resection	Histopathology of Esophageal Resection	Pregled resektata jednjaka
opsta-bolnica-niksic	L01048	16.25	16.25	NULL	5032	histopathology-of-ovary-with-fallopian-tube	Histopathology of Ovary with Fallopian Tube	Pregled jajnika sa jajovodom
opsta-bolnica-niksic	L01050	16.25	16.25	NULL	5033	histopathology-of-neck-cyst	Histopathology of Neck Cyst	Pregled ciste vrata
opsta-bolnica-niksic	L01051	16.25	16.25	NULL	5034	histopathology-of-nevus	Histopathology of Nevus	Pregled nevusa
opsta-bolnica-niksic	L01052	16.25	16.25	NULL	5035	histopathology-of-bone-curettage	Histopathology of Bone Curettage	Pregled kiretaže kosti
opsta-bolnica-niksic	L01053	16.25	16.25	NULL	5036	histopathology-of-nasal-polyp	Histopathology of Nasal Polyp	Pregled polipa iz nosa
opsta-bolnica-niksic	L01054	16.25	16.25	NULL	5037	histopathology-of-tonsillectomy-specimen	Histopathology of Tonsillectomy Specimen	Pregled tonzilektomije
opsta-bolnica-niksic	L01055	16.25	16.25	NULL	5038	histopathology-of-transurethral-bladder-tumor-resection	Histopathology of Transurethral Bladder Tumor Resection	Pregled transuretralne resekcije tumora mokraćne bešike
opsta-bolnica-niksic	L01056	16.25	16.25	NULL	5039	histopathology-of-nerve-biopsy	Histopathology of Nerve Biopsy	Pregled biopsije nerva
opsta-bolnica-niksic	L01057	19.50	19.50	NULL	5040	histopathology-of-partial-colectomy	Histopathology of Partial Colectomy	Pregled parcijalne resekcije debelog crijeva
opsta-bolnica-niksic	L01058	19.50	19.50	NULL	5041	histopathology-of-testicular-biopsy	Histopathology of Testicular Biopsy	Pregled biopsije testisa
opsta-bolnica-niksic	L01060	22.75	22.75	NULL	5042	histopathology-of-amputated-rectum	Histopathology of Amputated Rectum	Pregled amputiranog rektuma
opsta-bolnica-niksic	L01061	22.75	22.75	NULL	5043	histopathology-of-breast-tumor	Histopathology of Breast Tumor	Pregled tumora dojke
opsta-bolnica-niksic	L01062	22.75	22.75	NULL	5044	histopathology-of-ovarian-cyst-or-tumor	Histopathology of Ovarian Cyst or Tumor	Pregled ciste ili tumora jajnika
opsta-bolnica-niksic	L01063	22.75	22.75	NULL	5045	histopathology-of-spleen	Histopathology of Spleen	Pregled slezine
opsta-bolnica-niksic	L01064	22.75	22.75	NULL	5046	histopathology-of-mandible-or-maxilla-resection	Histopathology of Mandible or Maxilla Resection	Pregled resektata mandibule ili maksile
opsta-bolnica-niksic	L01065	22.75	22.75	NULL	5047	histopathology-of-total-gastrectomy	Histopathology of Total Gastrectomy	Pregled totalne gastrektomije
opsta-bolnica-niksic	L01066	22.75	22.75	NULL	5048	histopathology-of-lymph-node-group	Histopathology of Lymph Node Group	Pregled grupe limfnih čvorova
opsta-bolnica-niksic	L01067	22.75	22.75	NULL	5049	histopathology-of-bone-tumor	Histopathology of Bone Tumor	Pregled tumora kosti
opsta-bolnica-niksic	L01068	22.75	22.75	NULL	5050	histopathology-of-total-thyroidectomy	Histopathology of Total Thyroidectomy	Pregled totalne resekcije štitne žlijezde
opsta-bolnica-niksic	L01069	26.00	26.00	NULL	5051	histopathology-of-cervical-conization	Histopathology of Cervical Conization	Pregled konizata cerviksa uterusa
opsta-bolnica-niksic	L01070	26.00	26.00	NULL	5052	histopathology-of-uterus-with-unilateral-adnexa	Histopathology of Uterus with Unilateral Adnexa	Pregled uterusa sa jednim jajovodom i jajnikom
opsta-bolnica-niksic	L01071	26.00	26.00	NULL	5053	histopathology-of-uterus	Histopathology of Uterus	Pregled uterusa
opsta-bolnica-niksic	L01072	26.00	26.00	NULL	5054	histopathology-of-bone-marrow-biopsy	Histopathology of Bone Marrow Biopsy	Pregled biopsije koštane srži
opsta-bolnica-niksic	L01073	32.50	32.50	NULL	5055	histopathology-of-uterus-with-bilateral-adnexa	Histopathology of Uterus with Bilateral Adnexa	Pregled uterusa sa adneksima
opsta-bolnica-niksic	L01074	32.50	32.50	NULL	5056	frozen-section-histopathology-ex-tempore	Frozen Section Histopathology (Ex Tempore)	Histopatološka dijagnostika ex tempore (smrznuti rez)
opsta-bolnica-niksic	L01075	32.50	32.50	NULL	5057	histopathology-of-esophagogastrectomy	Histopathology of Esophagogastrectomy	Pregled ezofagogastrektomije
opsta-bolnica-niksic	L01076	32.50	32.50	NULL	5058	histopathology-of-eye-globe	Histopathology of Eye Globe	Pregled očne jabučice (bulbus oculi)
opsta-bolnica-niksic	L01077	32.50	32.50	NULL	5059	histopathology-of-lung-tumor	Histopathology of Lung Tumor	Pregled tumora pluća
opsta-bolnica-niksic	L01078	32.50	32.50	NULL	5060	histopathology-of-nephrectomy	Histopathology of Nephrectomy	Pregled totalne resekcije bubrega
opsta-bolnica-niksic	L01079	32.50	32.50	NULL	5061	histopathology-of-total-cystectomy	Histopathology of Total Cystectomy	Pregled totalne ekstirpacije mokraćne bešike
opsta-bolnica-niksic	L01080	32.50	32.50	NULL	5062	histopathology-of-total-prostatectomy	Histopathology of Total Prostatectomy	Pregled totalne resekcije prostate
opsta-bolnica-niksic	L01081	39.00	39.00	NULL	5063	histopathology-of-total-gastric-resection	Histopathology of Total Gastric Resection	Pregled totalne resekcije želuca
opsta-bolnica-niksic	L01082	39.00	39.00	NULL	5064	histopathology-of-total-gastrectomy-with-splenectomy	Histopathology of Total Gastrectomy with Splenectomy	Pregled totalne resekcije želuca sa slezinom
opsta-bolnica-niksic	L01083	48.75	48.75	NULL	5065	histopathology-of-radical-mastectomy	Histopathology of Radical Mastectomy	Pregled radikalne mastektomije
opsta-bolnica-niksic	L01084	48.75	48.75	NULL	5066	histopathology-of-benign-skin-lesions-atheroma-wart-papilloma-condyloma-xanthelasma	Histopathology of Benign Skin Lesions (Atheroma, Wart, Papilloma, Condyloma, Xanthelasma)	Pregled benignih lezija kože (ateromi, veruke, papilomi, kondilomi, ksantelazme)
opsta-bolnica-niksic	L01085	48.75	48.75	NULL	5067	histopathology-of-total-colectomy	Histopathology of Total Colectomy	Pregled totalne resekcije debelog crijeva
opsta-bolnica-niksic	L01086	48.75	48.75	NULL	5068	histopathology-of-intestinal-resection-in-whipples-disease	Histopathology of Intestinal Resection in Whipple's Disease	Pregled resekovanog crijeva kod Whipple-ove bolesti
opsta-bolnica-niksic	L01088	48.75	48.75	NULL	5069	histopathology-of-neck-block-dissection	Histopathology of Neck Block Dissection	Pregled blok resekcije vrata
opsta-bolnica-niksic	L01089	520.00	520.00	NULL	5070	clinical-autopsy	Clinical Autopsy	Klinička obdukcija
opsta-bolnica-niksic	L01091	13.00	13.00	NULL	5071	histopathology-of-gastric-polyp-endoscopic-resection	Histopathology of Gastric Polyp Endoscopic Resection	Pregled endoskopske resekcije polipa želuca
opsta-bolnica-niksic	L01092	13.00	13.00	NULL	5072	histopathology-of-partial-gastrectomy-with-tumor	Histopathology of Partial Gastrectomy with Tumor	Pregled parcijalne resekcije želuca sa tumorom
opsta-bolnica-niksic	L01093	13.00	13.00	NULL	5073	histopathology-of-salivary-gland-biopsy	Histopathology of Salivary Gland Biopsy	Pregled biopsije pljuvačne žlijezde
opsta-bolnica-niksic	L01094	26.00	26.00	NULL	5074	histopathology-of-penile-resection	Histopathology of Penile Resection	Pregled resekcije penisa
opsta-bolnica-niksic	L01095	13.00	13.00	NULL	5075	histopathology-of-prostate-biopsy	Histopathology of Prostate Biopsy	Pregled biopsije prostate
opsta-bolnica-niksic	L01096	16.25	16.25	NULL	5076	histopathology-of-endometrial-curettage	Histopathology of Endometrial Curettage	Pregled kiretaže endometrijuma
opsta-bolnica-niksic	L01097	16.25	16.25	NULL	5077	histopathology-of-fractional-uterine-curettage	Histopathology of Fractional Uterine Curettage	Pregled frakcione kiretaže uterusa
opsta-bolnica-niksic	L01098	16.25	16.25	NULL	5078	histopathology-of-partial-hepatectomy	Histopathology of Partial Hepatectomy	Pregled parcijalne resekcije jetre
opsta-bolnica-niksic	L01099	13.00	13.00	NULL	5079	histopathology-of-ovarian-biopsy	Histopathology of Ovarian Biopsy	Pregled biopsije jajnika
opsta-bolnica-niksic	L01100	13.00	13.00	NULL	5080	histopathology-of-tonsil-biopsy	Histopathology of Tonsil Biopsy	Pregled biopsije tonzile
opsta-bolnica-niksic	L01101	22.75	22.75	NULL	5081	histopathology-of-transurethral-bladder-or-prostate-mucosa-resection	Histopathology of Transurethral Bladder or Prostate Mucosa Resection	Pregled transuretralne resekcije sluznice mokraćne bešike ili prostate
opsta-bolnica-niksic	L01102	13.00	13.00	NULL	5082	histopathology-of-orchiectomy-specimen	Histopathology of Orchiectomy Specimen	Pregled preparata orhiektomije
opsta-bolnica-niksic	L01103	13.00	13.00	NULL	5083	cytology-of-breast-punctate	Cytology of Breast Punctate	Citologija punktata dojke
opsta-bolnica-niksic	L01104	13.00	13.00	NULL	5084	cytology-of-thyroid-punctate	Cytology of Thyroid Punctate	Citologija punktata štitne žlijezde
opsta-bolnica-niksic	L01105	13.00	13.00	NULL	5085	cytology-of-lymph-node-punctate	Cytology of Lymph Node Punctate	Citologija punktata limfnog čvora
opsta-bolnica-niksic	L01106	13.00	13.00	NULL	5086	cytology-of-salivary-gland-punctate	Cytology of Salivary Gland Punctate	Citologija punktata pljuvačne žlijezde
opsta-bolnica-niksic	L01107	13.00	13.00	NULL	5087	cytology-of-bronchial-lavage	Cytology of Bronchial Lavage	Citološki pregled bronhijalnog lavata
opsta-bolnica-niksic	L01108	13.00	13.00	NULL	5088	cytology-of-aspirate	Cytology of Aspirate	Citološki pregled aspirata
opsta-bolnica-niksic	L01109	13.00	13.00	NULL	5089	cytology-of-tumor-punctate	Cytology of Tumor Punctate	Citologija punktata tumora
opsta-bolnica-niksic	L01110	13.00	13.00	NULL	5090	histopathology-of-renal-biopsy	Histopathology of Renal Biopsy	Pregled biopsije bubrega
opsta-bolnica-niksic	L01111	22.75	22.75	NULL	5091	histopathology-of-partial-nephrectomy	Histopathology of Partial Nephrectomy	Pregled parcijalne resekcije bubrega
opsta-bolnica-niksic	L01112	19.50	19.50	NULL	5092	histopathology-of-adrenal-gland	Histopathology of Adrenal Gland	Pregled nadbubrežne žlijezde
opsta-bolnica-niksic	L01113	39.00	39.00	NULL	5093	histopathology-of-total-gastrectomy-with-omentum-and-spleen	Histopathology of Total Gastrectomy with Omentum and Spleen	Pregled totalne resekcije želuca sa omentumom i slezinom
opsta-bolnica-niksic	L01114	520.00	520.00	NULL	5094	clinical-autopsy-with-embalming	Clinical Autopsy with Embalming	Klinička obdukcija sa balsamacijom
opsta-bolnica-niksic	L01115	16.25	16.25	NULL	5095	histopathology-of-blood-vessel-biopsy	Histopathology of Blood Vessel Biopsy	Pregled biopsije krvnog suda
opsta-bolnica-niksic	L01116	16.25	16.25	NULL	5096	histopathology-of-myocardial-biopsy	Histopathology of Myocardial Biopsy	Pregled biopsije miokarda
opsta-bolnica-niksic	L01117	16.25	16.25	NULL	5097	histopathology-of-cardiac-tumor	Histopathology of Cardiac Tumor	Pregled tumora srca
opsta-bolnica-niksic	L01118	16.25	16.25	NULL	5098	histopathology-of-cardiac-valve	Histopathology of Cardiac Valve	Pregled srčanog zaliska
opsta-bolnica-niksic	L01119	22.75	22.75	NULL	5099	histopathology-of-anal-resection	Histopathology of Anal Resection	Pregled resekcije anusa
opsta-bolnica-niksic	L01120	26.00	26.00	NULL	5100	histopathology-of-duodenal-and-small-intestine-endoscopic-biopsy	Histopathology of Duodenal and Small Intestine Endoscopic Biopsy	Pregled endoskopske biopsije duodenuma i tankog crijeva
opsta-bolnica-niksic	L01121	13.00	13.00	NULL	5101	histopathology-of-duodenal-resection	Histopathology of Duodenal Resection	Pregled resektata duodenuma
opsta-bolnica-niksic	L01122	22.75	22.75	NULL	5102	histopathology-of-duodenum-and-pancreas-resection	Histopathology of Duodenum and Pancreas Resection	Pregled resektata duodenuma i pankreasa
opsta-bolnica-niksic	L01123	13.00	13.00	NULL	5103	histopathology-of-pancreatic-biopsy	Histopathology of Pancreatic Biopsy	Pregled biopsije pankreasa
opsta-bolnica-niksic	L01124	22.75	22.75	NULL	5104	histopathology-of-pancreatic-resection	Histopathology of Pancreatic Resection	Pregled resektata pankreasa
opsta-bolnica-niksic	L01125	16.25	16.25	NULL	5105	histopathology-of-liver-needle-biopsy	Histopathology of Liver Needle Biopsy	Pregled iglene biopsije jetre
opsta-bolnica-niksic	L01127	16.25	16.25	NULL	5107	histopathology-of-endometrial-polyp	Histopathology of Endometrial Polyp	Pregled polipa endometrijuma
opsta-bolnica-niksic	L01128	48.75	48.75	NULL	5108	histopathology-of-uterus-with-adnexa-and-regional-lymph-nodes	Histopathology of Uterus with Adnexa and Regional Lymph Nodes	Pregled uterusa sa adneksima i regionalnim limfnim čvorovima
opsta-bolnica-niksic	L01130	13.00	13.00	NULL	5110	histopathology-of-vulvectomy	Histopathology of Vulvectomy	Pregled vulvektomije
opsta-bolnica-niksic	L01131	13.00	13.00	NULL	5111	histopathology-of-placenta	Histopathology of Placenta	Pregled posteljice
opsta-bolnica-niksic	L01132	13.00	13.00	NULL	5112	histopathology-of-breast-needle-biopsy	Histopathology of Breast Needle Biopsy	Pregled iglene biopsije dojke
opsta-bolnica-niksic	L01133	13.00	13.00	NULL	5113	histopathology-of-breast-biopsy	Histopathology of Breast Biopsy	Pregled biopsije dojke
opsta-bolnica-niksic	L01134	22.75	22.75	NULL	5114	histopathology-of-breast-quadrantectomy	Histopathology of Breast Quadrantectomy	Pregled kvadrantektomije dojke
opsta-bolnica-niksic	L01135	22.75	22.75	NULL	5115	histopathology-of-partial-mastectomy	Histopathology of Partial Mastectomy	Pregled parcijalne mastektomije
opsta-bolnica-niksic	L01136	13.00	13.00	NULL	5116	histopathology-of-lung-biopsy	Histopathology of Lung Biopsy	Pregled biopsije pluća
opsta-bolnica-niksic	L01137	22.75	22.75	NULL	5117	histopathology-of-lung-lobectomy	Histopathology of Lung Lobectomy	Pregled resekcije lobusa pluća (lobektomija)
opsta-bolnica-niksic	L01138	32.50	32.50	NULL	5118	histopathology-of-lung-bilobectomy	Histopathology of Lung Bilobectomy	Pregled bilobektomije pluća
opsta-bolnica-niksic	L01139	32.50	32.50	NULL	5119	histopathology-of-pneumonectomy-specimen	Histopathology of Pneumonectomy Specimen	Pregled pulmonektomije (plućnog krila)
opsta-bolnica-niksic	L01140	13.00	13.00	NULL	5120	histopathology-of-pleural-biopsy	Histopathology of Pleural Biopsy	Pregled biopsije pleure
opsta-bolnica-niksic	L01141	16.25	16.25	NULL	5121	histopathology-of-lung-echinococcus-cyst	Histopathology of Lung Echinococcus Cyst	Pregled ehinokoka pluća
opsta-bolnica-niksic	L01142	22.75	22.75	NULL	5122	histopathology-of-thymic-tumor-or-cyst	Histopathology of Thymic Tumor or Cyst	Pregled tumora i cisti timusa
opsta-bolnica-niksic	L01143	22.75	22.75	NULL	5123	histopathology-of-mediastinal-tumor	Histopathology of Mediastinal Tumor	Pregled tumora medijastinuma
opsta-bolnica-niksic	L01144	13.00	13.00	NULL	5124	histopathology-of-pharyngeal-biopsy	Histopathology of Pharyngeal Biopsy	Pregled biopsije farinksa
opsta-bolnica-niksic	L01145	13.00	13.00	NULL	5125	histopathology-of-sinus-biopsy	Histopathology of Sinus Biopsy	Pregled biopsije sinusa
opsta-bolnica-niksic	L01146	13.00	13.00	NULL	5126	histopathology-of-partial-laryngectomy	Histopathology of Partial Laryngectomy	Pregled parcijalne resekcije larinksa
opsta-bolnica-niksic	L01147	48.75	48.75	NULL	5127	histopathology-of-skin-tumor	Histopathology of Skin Tumor	Pregled tumora kože
opsta-bolnica-niksic	L01148	16.25	16.25	NULL	5128	histopathology-of-brain-tumor	Histopathology of Brain Tumor	Pregled tumora mozga
opsta-bolnica-niksic	L01149	16.25	16.25	NULL	5129	histopathology-of-brain-lobe-resection	Histopathology of Brain Lobe Resection	Pregled resekovanog režnja mozga
opsta-bolnica-niksic	L01150	16.25	16.25	NULL	5130	histopathology-of-retroperitoneal-tumor	Histopathology of Retroperitoneal Tumor	Pregled tumora retroperitoneuma
opsta-bolnica-niksic	L01151	16.25	16.25	NULL	5131	histopathology-of-soft-tissue-tumor	Histopathology of Soft Tissue Tumor	Pregled tumora mekog tkiva
opsta-bolnica-niksic	L01152	65.00	65.00	NULL	5132	histopathology-of-amputated-extremity	Histopathology of Amputated Extremity	Pregled amputiranog ekstremiteta
opsta-bolnica-niksic	L01153	16.25	16.25	NULL	5133	histochemical-staining-methods	Histochemical Staining Methods	Histohemijske metode bojenja
opsta-bolnica-niksic	L01154	32.50	32.50	NULL	5134	immunohistochemistry-analysis	Immunohistochemistry Analysis	Imunohistohemijska analiza
opsta-bolnica-niksic	L01155	32.50	32.50	NULL	5135	chromogenic-in-situ-hybridization	Chromogenic In Situ Hybridization	In situ hibridizacija (hromogena)
opsta-bolnica-niksic	L01156	32.50	32.50	NULL	5136	immunofluorescence-analysis	Immunofluorescence Analysis	Imunofluorescentna analiza
opsta-bolnica-niksic	L01157	97.50	97.50	NULL	5137	kras-mutation-analysis	KRAS Mutation Analysis	KRAS analiza (mutacija)
opsta-bolnica-niksic	L01158	97.50	97.50	NULL	5138	pathology-pcr-analysis	Pathology PCR Analysis	PCR analiza (patologija)
opsta-bolnica-niksic	M02001	3.25	3.25	NULL	5139	manual-segmental-massage	Manual Segmental Massage	Manuelna segmentna masaža
opsta-bolnica-niksic	M02003	2.18	2.18	NULL	5140	apparatus-assisted-massage	Apparatus-Assisted Massage	Aparaturna masaža
opsta-bolnica-niksic	M02005	4.88	4.88	NULL	5141	high-frequency-current-therapy	High-Frequency Current Therapy	Visokofrekventne struje
opsta-bolnica-niksic	M02010	3.90	3.90	NULL	5142	underwater-ultrasound-therapy	Underwater Ultrasound Therapy	Terapija ultrazvukom u vodi
opsta-bolnica-niksic	M02014	6.50	6.50	NULL	5143	pearl-bath-therapy	Pearl Bath Therapy	Terapija bisernim kupkama
opsta-bolnica-niksic	M02017	2.18	2.18	NULL	5144	manual-muscle-test-per-extremity	Manual Muscle Test per Extremity	Manuelni mišićni test po ekstremitetu
opsta-bolnica-niksic	M02018	3.25	3.25	NULL	5145	infrared-ultraviolet-and-bioptron-lamp-irradiation	Infrared, Ultraviolet and Bioptron Lamp Irradiation	Zračenje infracrvenom, ultravioletnom i bioptron lampom
opsta-bolnica-niksic	M02020	1.63	1.63	NULL	5146	galvanic-current-therapy-in-water	Galvanic Current Therapy in Water	Terapija galvanskom strujom u vodi
opsta-bolnica-niksic	M02024	4.32	4.32	NULL	5147	short-wave-diathermy	Short-Wave Diathermy	KTD (kratkotalasna dijatermija)
opsta-bolnica-niksic	M02025	3.25	3.25	NULL	5148	microwave-diathermy	Microwave Diathermy	Mikrotalasna dijatermija
opsta-bolnica-niksic	M02026	3.25	3.25	NULL	5149	sonophoresis	Sonophoresis	Sonoforeza
opsta-bolnica-niksic	M02027	6.50	6.50	NULL	5150	electrical-excitability-test-of-nerves-and-muscles-with-faradic-and-galvanic-currents	Electrical Excitability Test of Nerves and Muscles with Faradic and Galvanic Currents	Ispitivanje električne podražljivosti živaca i mišića primjenom faradskih i galvanskih struja
opsta-bolnica-niksic	M02028	4.32	4.32	NULL	5151	activities-of-daily-living-training	Condition-Specific Activities of Daily Living Training	Uvježbavanje aktivnosti svakodnevnog života prema patološkim stanjima
opsta-bolnica-niksic	M02029	3.25	3.25	NULL	5152	gait-exercises	Gait Exercises	Vježbe hoda
opsta-bolnica-niksic	M02030	4.32	4.32	NULL	5153	gait-training-with-walking-aid	Gait Training with Walking Aid	Obuka hoda sa pomagalom
opsta-bolnica-niksic	M02031	4.32	4.32	NULL	5154	gait-coordination-correction-and-balance-automation-exercises	Gait Coordination, Correction and Balance Automation Exercises	Vježbe koordinacije, korekcije i automatizacije balansa hoda
opsta-bolnica-niksic	M02032	3.25	3.25	NULL	5155	breathing-exercises	Breathing Exercises	Vježbe disanja
opsta-bolnica-niksic	M02033	1.63	1.63	NULL	5156	group-exercises-in-corrective-cast-for-scoliosis-or-milwaukee-brace	Group Exercises in Corrective Cast for Scoliosis or Milwaukee Brace (Per Person)	Grupne vježbe po osobi u korektivnom gipsu za skoliozu ili u Milwaukee mideru
opsta-bolnica-niksic	M02034	9.75	9.75	NULL	5157	stimulative-exercises-for-at-risk-infants	Stimulative Exercises for At-Risk Infants	Stimulativne vježbe kod rizično rođene djece
opsta-bolnica-niksic	M02036	4.32	4.32	NULL	5158	passive-and-assisted-exercises	Passive and Assisted Exercises	Pasivne i potpomognute vježbe
opsta-bolnica-niksic	M02038	4.32	4.32	NULL	5159	active-and-resistance-exercises	Active and Resistance Exercises	Aktivne vježbe i vježbe protiv otpora
opsta-bolnica-niksic	M02039	3.25	3.25	NULL	5160	exercises-on-equipment-pulley-ergocycle-cpm-suspension	Exercises on Equipment (Pulley, Ergocycle, CPM, Suspension)	Vježbe na spravama: puli aparat ili ergobicikl, kinetička šina, suspenzija
opsta-bolnica-niksic	M02040	6.50	6.50	NULL	5161	joint-range-of-motion-measurement-per-pair-of-extremities	Joint Range of Motion Measurement per Pair of Extremities	Mjerenje obima pokreta pojedinih zglobova po jednom paru ekstremiteta
opsta-bolnica-niksic	M02041	3.25	3.25	NULL	5162	segmental-isometric-exercises	Segmental Isometric Exercises	Izometrijske vježbe — segmentne
opsta-bolnica-niksic	M02042	3.25	3.25	NULL	5163	mechanical-spinal-traction	Mechanical Spinal Traction	Trakcija kičmenog stuba na aparatu
opsta-bolnica-niksic	M02044	6.50	6.50	NULL	5164	activities-of-daily-living-test	Activities of Daily Living Test	Test aktivnosti svakodnevnog života
opsta-bolnica-niksic	M02045	6.50	6.50	NULL	5165	patient-training-in-specific-protective-body-positions	Patient Training in Specific Protective Body Positions	Obuka pacijenta specifičnim zaštitnim položajima tijela
opsta-bolnica-niksic	M02047	1.63	1.63	NULL	5166	vacuum-massage	Vacuum Massage	Vakum masaža
opsta-bolnica-niksic	M02048	1.63	1.63	NULL	5167	postural-drainage-in-bed	Postural Drainage in Bed	Posturalna drenaža u postelji
opsta-bolnica-niksic	M02049	3.25	3.25	NULL	5168	sitting-or-standing-balance-exercises	Sitting or Standing Balance Exercises	Vježbe ravnoteže sjedećeg ili stojećeg stava
opsta-bolnica-niksic	M02053	3.25	3.25	NULL	5169	upper-extremity-coordination-exercises	Upper Extremity Coordination Exercises	Vježbe koordinacije gornjih ekstremiteta
opsta-bolnica-niksic	M02054	3.25	3.25	NULL	5170	lower-extremity-coordination-exercises	Lower Extremity Coordination Exercises	Vježbe koordinacije donjih ekstremiteta
opsta-bolnica-niksic	M02055	3.25	3.25	NULL	5171	extremity-coordination-and-gait-balance-exercises	Extremity Coordination and Gait Balance Exercises	Vježbe koordinacije pokreta ekstremiteta i balansa hoda
opsta-bolnica-niksic	M02056	3.25	3.25	NULL	5172	assisted-segmental-exercises	Assisted Segmental Exercises	Potpomognute segmentne vježbe
opsta-bolnica-niksic	M02057	3.25	3.25	NULL	5173	progressive-resistance-exercises	Progressive Resistance Exercises	Progresivne vježbe sa otporom
opsta-bolnica-niksic	M02058	3.25	3.25	NULL	5174	active-segmental-exercises-with-graded-loading	Active Segmental Exercises with Graded Loading	Aktivne segmentne vježbe sa doziranim opterećenjem
opsta-bolnica-niksic	M02061	3.25	3.25	NULL	5175	upper-and-lower-extremity-deformity-correction-exercises	Upper and Lower Extremity Deformity Correction Exercises	Vježbe za korekciju deformiteta gornjih i donjih ekstremiteta
opsta-bolnica-niksic	M02062	6.50	6.50	NULL	5176	postural-exercises	Postural Exercises	Posturalne vježbe
opsta-bolnica-niksic	M02063	3.25	3.25	NULL	5177	extremity-dynamometry	Extremity Dynamometry	Dinamometrija ekstremiteta
opsta-bolnica-niksic	M02064	4.88	4.88	NULL	5178	ultra-short-wave-therapy	Ultra-Short Wave Therapy	Terapija ultrakratkim talasima
opsta-bolnica-niksic	M02065	6.50	6.50	NULL	5179	chronaximetry-of-sensory-and-motor-nerves	Chronaximetry of Sensory and Motor Nerves	Hronaksimetrija senzitivnih i motornih živaca
opsta-bolnica-niksic	M02066	13.00	13.00	NULL	5180	strength-duration-curve-determination	Strength-Duration Curve Determination	Određivanje I/T (intenzitet–vrijeme) krive
opsta-bolnica-niksic	M02067	6.50	6.50	NULL	5181	contact-and-non-contact-dermatothermometry	Contact and Non-Contact Dermatothermometry	Kontaktna i beskontaktna dermatotermometrija
opsta-bolnica-niksic	M02068	3.25	3.25	NULL	5182	active-assisted-exercises-in-water	Active-Assisted Exercises in Water	Aktivno potpomognute vježbe u vodi
opsta-bolnica-niksic	M02069	3.25	3.25	NULL	5183	progressive-quadriceps-resistance-exercises	Progressive Resistance Exercises on a Quadriceps Machine	Progresivne vježbe sa otporom na kvadriceps aparatu
opsta-bolnica-niksic	M02070	3.25	3.25	NULL	5184	mechanotherapy-on-equipment	Mechanotherapy on Equipment	Mehanoterapija na aparatu
opsta-bolnica-niksic	M02071	3.25	3.25	NULL	5185	sympathetic-ganglion-block-with-diadynamic-currents	Sympathetic Ganglion Block with Diadynamic Currents	Blokada simpatičnih ganglija DD strujama
opsta-bolnica-niksic	M02072	6.50	6.50	NULL	5186	bladder-electrical-stimulation	Bladder Electrical Stimulation	Elektrostimulacija mokraćnog mjehura
opsta-bolnica-niksic	M02073	1.63	1.63	NULL	5187	stable-faradization	Stable Faradization	Stabilna faradizacija
opsta-bolnica-niksic	M02074	3.25	3.25	NULL	5188	phonophoresis	Phonophoresis	Fonoforeza
opsta-bolnica-niksic	M02075	6.50	6.50	NULL	5189	co2-bath-therapy	CO2 Bath Therapy	Terapija sa CO2 kupkama
opsta-bolnica-niksic	M02076	1.63	1.63	NULL	5190	hydrocollator-therapy	Hydrocollator Therapy	Terapija hidrokolatorom
opsta-bolnica-niksic	M03003	9.75	9.75	NULL	5191	first-physiatrist-examination-for-children-with-special-needs	First Physiatrist Examination for Children with Special Needs	Prvi pregled fizijatra za djecu sa posebnim potrebama
opsta-bolnica-niksic	M03004	4.88	4.88	NULL	5192	follow-up-physiatrist-examination-for-children-with-special-needs	Follow-up Physiatrist Examination for Children with Special Needs	Kontrolni pregled fizijatra za djecu sa posebnim potrebama
opsta-bolnica-niksic	H01001	9.75	9.75	NULL	5193	first-psychiatrist-examination	First Psychiatrist Examination	Prvi pregled — psihijatar
opsta-bolnica-niksic	H01002	6.50	6.50	NULL	5194	follow-up-psychiatrist-examination	Follow-up Psychiatrist Examination	Kontrolni pregled — psihijatar
opsta-bolnica-niksic	H01004	9.75	9.75	NULL	5195	individual-supportive-psychotherapy-and-counseling	Individual Supportive Psychotherapy and Counseling	Površna individualna psihoterapija, savjetovanje
opsta-bolnica-niksic	H01005	26.00	26.00	NULL	5196	individual-cognitive-or-behavioral-psychotherapy-session	Individual Cognitive or Behavioral Psychotherapy Session	Individualna seansa kognitivno ili bihejvioralno baziranih psihoterapijskih tehnika
opsta-bolnica-niksic	H01006	26.00	26.00	NULL	5197	group-psychotherapy-session-for-anxiety-depression-or-psychotic-disorders	Group Psychotherapy Session for Anxiety, Depression or Psychotic Disorders	Dnevna seansa grupne psihoterapije pacijenata sa anksioznim, depresivnim ili psihotičnim poremećajem
opsta-bolnica-niksic	H01007	26.00	26.00	NULL	5198	group-psychotherapy-session-for-addictions	Group Psychotherapy Session for Addictions	Seansa grupne psihoterapije zavisnika
opsta-bolnica-niksic	H01008	19.50	19.50	NULL	5199	family-psychotherapy-session	Family Psychotherapy Session	Seansa porodične psihoterapije
opsta-bolnica-niksic	H01009	13.00	13.00	NULL	5200	analytically-oriented-depth-psychotherapy-session	Analytically-Oriented Depth Psychotherapy Session	Seansa dubinske (analitički orijentisane) psihoterapije
opsta-bolnica-niksic	H01010	13.00	13.00	NULL	5201	behavioral-psychotherapy	Behavioral Psychotherapy	Psihoterapija ponašanja
opsta-bolnica-niksic	H01011	9.75	9.75	NULL	5202	relaxation-technique	Relaxation Technique	Tehnika relaksacije
opsta-bolnica-niksic	H01015	8.13	8.13	NULL	5203	clinical-intellectual-status-assessment	Clinical Intellectual Status Assessment	Kliničko ispitivanje procjene intelektualnog statusa
opsta-bolnica-niksic	H01017	39.00	39.00	NULL	5204	personality-structure-assessment-for-adults	Personality Structure Assessment for Adults	Procjena strukture ličnosti (eksploracija) za odrasle
opsta-bolnica-niksic	H01019	13.00	13.00	NULL	5205	neuropsychological-examination-with-cognitive-assessment-for-adults	Neuropsychological Examination with Cognitive Assessment for Adults	Neuropsihološki pregled sa procjenom kognitivnih funkcija za odrasle
opsta-bolnica-niksic	H01021	4.88	4.88	NULL	5206	heteroanamnesis	Heteroanamnesis	Heteroanamneza
opsta-bolnica-niksic	H01025	13.00	13.00	NULL	5207	electroconvulsive-therapy-under-general-anesthesia	Electroconvulsive Therapy under General Anesthesia	Elektrošok u opštoj anesteziji i miorelaksaciji (bilateralni ili unilateralni)
opsta-bolnica-niksic	H01026	13.00	13.00	NULL	5208	daily-occupational-therapy-session-in-hospital	Daily Occupational Therapy Session in Hospital	Dnevna seansa okupaciono-radne terapije u bolnici
opsta-bolnica-niksic	H01028	26.00	26.00	NULL	5209	therapeutic-community-meeting-in-hospital	Therapeutic Community Meeting in Hospital	Sastanak terapeutske zajednice u bolnici
opsta-bolnica-niksic	H01029	26.00	26.00	NULL	5210	family-intervention-for-patients-with-chronic-psychotic-disorders-day-treatment	Family Intervention for Patients with Chronic Psychotic Disorders (Day Treatment)	Porodična intervencija kod pacijenata sa hroničnim psihotičnim poremećajem — dnevna
opsta-bolnica-niksic	H01030	26.00	26.00	NULL	5211	group-social-skills-training-and-behavioral-modules	Group Social Skills Training and Behavioral Modules	Grupni trening socijalnih vještina i drugi bihejvioralno bazirani moduli
opsta-bolnica-niksic	H02001	6.50	6.50	NULL	5212	psychologist-interview	Psychologist Interview	Intervju psihologa
opsta-bolnica-niksic	H02002	6.50	6.50	NULL	5213	psychological-testing-category-a	Psychological Testing Category A	Prikupljanje podataka sa psihološkim testovima i metodama — kategorija A
opsta-bolnica-niksic	H02003	8.13	8.13	NULL	5214	psychological-testing-category-b	Psychological Testing Category B	Prikupljanje podataka sa psihološkim testovima i metodama — kategorija B
opsta-bolnica-niksic	H02004	11.38	11.38	NULL	5215	psychological-testing-category-c	Psychological Testing Category C	Prikupljanje podataka sa psihološkim testovima i metodama — kategorija C
opsta-bolnica-niksic	H02005	16.25	16.25	NULL	5216	psychological-testing-category-d	Psychological Testing Category D	Prikupljanje podataka sa psihološkim testovima i metodama — kategorija D
opsta-bolnica-niksic	H02025	9.75	9.75	NULL	5217	individual-supportive-therapy	Individual Supportive Therapy	Individualna površna terapija
opsta-bolnica-niksic	H02026	13.00	13.00	NULL	5218	analytically-oriented-psychotherapy	Analytically-Oriented Psychotherapy	Analitički usmjerena psihoterapija
opsta-bolnica-niksic	H02027	26.00	26.00	NULL	5219	family-psychological-treatment	Family Psychological Treatment	Psihološki tretman porodice
opsta-bolnica-niksic	H02029	42.25	42.25	NULL	5220	psychological-assessment-for-children-with-special-needs	Psychological Assessment for Children with Special Needs	Ekspertiza psihološkog stanja kod djece sa posebnim potrebama
opsta-bolnica-niksic	H04001	13.55	13.55	NULL	5221	social-worker-expert-assessment	Social Worker Expert Assessment	Ekspertiza socijalnog radnika
opsta-bolnica-niksic	H04002	13.55	13.55	NULL	5222	social-worker-interview-social-history	Social Worker Interview — Social History	Intervju socijalnog radnika — socijalna anamneza
opsta-bolnica-niksic	H13003	26.00	26.00	NULL	5223	24-hour-or-overnight-eeg-recording	24-Hour or Overnight EEG Recording	Cjelodnevno ili noćno snimanje EEG-a
opsta-bolnica-niksic	H13004	22.75	22.75	NULL	5224	electroneurography-of-a-single-nerve-trunk	Electroneurography of a Single Nerve Trunk	Elektroneurografija jednog nervnog stabla
opsta-bolnica-niksic	H13005	16.25	16.25	NULL	5225	electromyoneurography-emng	Electromyoneurography (EMNG)	Elektromioneurografija (EMNG)
opsta-bolnica-niksic	H13006	6.50	6.50	NULL	5226	motor-conduction-velocity-of-peripheral-nerve	Motor Conduction Velocity of Peripheral Nerve	Određivanje MBP (motorne brzine provodljivosti) perifernog živca
opsta-bolnica-niksic	H13007	6.50	6.50	NULL	5227	sensory-conduction-velocity-of-peripheral-nerve	Sensory Conduction Velocity of Peripheral Nerve	Određivanje SBP (senzitivne brzine provodljivosti) perifernog živca
opsta-bolnica-niksic	H13008	6.50	6.50	NULL	5228	polysegmental-conduction-velocity-test-of-mixed-nerve	Polysegmental Conduction Velocity Test of Mixed Nerve	Polisegmentno ispitivanje brzine provodljivosti mješovitog živca
opsta-bolnica-niksic	H13010	16.25	16.25	NULL	5229	blink-reflex-test	Blink Reflex Test	Blink refleks
opsta-bolnica-niksic	H13013	6.50	6.50	NULL	5230	tetany-test	Tetany Test	Test za tetaniju
opsta-bolnica-niksic	H13014	6.50	6.50	NULL	5231	paravertebral-muscle-infiltration	Paravertebral Muscle Infiltration	Paravertebralna infiltracija mišića
opsta-bolnica-niksic	H13015	6.50	6.50	NULL	5232	botulinum-toxin-injection-for-torticollis-or-blepharospasm	Botulinum Toxin Injection for Torticollis or Blepharospasm	Injiciranje botulinus toksina (tortikolis i blefarospazam)
opsta-bolnica-niksic	H13016	4.88	4.88	NULL	5233	mini-mental-state-examination-mmse	Mini-Mental State Examination (MMSE)	MMS testiranje
opsta-bolnica-niksic	H13017	16.25	16.25	NULL	5234	lumbar-puncture-with-manometry	Lumbar Puncture with Manometry	Lumbalna punkcija sa manometrijom
opsta-bolnica-niksic	H13018	4.88	4.88	NULL	5235	single-fiber-emg-sfemg	Single Fiber EMG (SFEMG)	Single fiber EMG — SFEMG (EMG jednog vlakna)
opsta-bolnica-niksic	F01001	65.00	65.00	NULL	5236	vaginal-delivery-anterior-occiput-presentation	Vaginal Delivery (Anterior Occiput Presentation)	Vođenje porođaja (prednji potiljačni stav)
opsta-bolnica-niksic	F01002	97.50	97.50	NULL	5237	vaginal-delivery-deflection-abnormal-rotation-breech	Vaginal Delivery (Deflection, Abnormal Rotation, Breech)	Vođenje porođaja (defleksioni stavovi, nepravilne rotacije, karlični)
opsta-bolnica-niksic	F01004	32.50	32.50	NULL	5238	induced-labor-management	Induced Labor Management	Vođenje indukovanog porođaja
opsta-bolnica-niksic	F01005	32.50	32.50	NULL	5239	episiotomy-and-suturing	Episiotomy and Suturing	Epiziotomija i šav
opsta-bolnica-niksic	F01006	48.75	48.75	NULL	5240	manual-uterine-cavity-revision	Manual Uterine Cavity Revision	Revizija šupljine materice — manuelna
opsta-bolnica-niksic	F01007	48.75	48.75	NULL	5241	manual-placenta-extraction	Manual Placenta Extraction	Manuelna ekstrakcija posteljice
opsta-bolnica-niksic	F01009	16.25	16.25	NULL	5242	repair-of-first-degree-perineal-tear	Repair of First-Degree Perineal Tear	Zbrinjavanje rupture međice I stepena
opsta-bolnica-niksic	F01010	48.75	48.75	NULL	5243	repair-of-second-degree-perineal-tear	Repair of Second-Degree Perineal Tear	Zbrinjavanje rupture međice II stepena
opsta-bolnica-niksic	F01011	48.75	48.75	NULL	5244	repair-of-vaginal-wall-tear	Repair of Vaginal Wall Tear	Zbrinjavanje rupture vaginalnih zidova
opsta-bolnica-niksic	F01012	32.50	32.50	NULL	5245	repair-of-cervical-tear	Repair of Cervical Tear	Zbrinjavanje rupture grlića materice
opsta-bolnica-niksic	F01013	32.50	32.50	NULL	5246	symphyseal-diastasis-immobilization	Symphyseal Diastasis Immobilization	Imobilizacija dijastaze simfize
opsta-bolnica-niksic	F01014	32.50	32.50	NULL	5247	management-of-hemorrhage-and-shock-during-childbirth	Management of Hemorrhage and Shock During Childbirth	Zbrinjavanje krvavljenja i šoka u porođaju
opsta-bolnica-niksic	F01015	9.75	9.75	NULL	5248	other-obstetric-operations-vulvar-hematoma-evacuation-cervical-incision-uterine-tamponade	Other Obstetric Operations (Vulvar Hematoma Evacuation, Cervical Incision, Uterine Tamponade)	Druge porođajne operacije (evakuacija hematoma vulve, incizije cerviksa, tamponada uterusa u toku porođaja)
opsta-bolnica-niksic	F01017	39.00	39.00	NULL	5249	continuous-ctg-monitoring-during-labor	Continuous CTG Monitoring During Labor	CTG kontinuirano u porođaju
opsta-bolnica-niksic	F01019	81.25	81.25	NULL	5250	late-term-pregnancy-termination-by-intra-amniotic-instillation	Late-Term Pregnancy Termination by Intra-Amniotic Instillation	Prekid visoke trudnoće (preko 12 nedjelja) — intraamnijalna instilacija
opsta-bolnica-niksic	F01020	113.75	113.75	NULL	5251	vacuum-extraction-delivery	Vacuum Extraction Delivery	Aplikacija vakuma u porođaju
opsta-bolnica-niksic	F01022	113.75	113.75	NULL	5252	forceps-delivery-outlet	Forceps Delivery (Outlet)	Aplikacija forcepsa na izlazu karlice i ekstrakcija ploda
opsta-bolnica-niksic	F01023	130.00	130.00	NULL	5253	internal-podalic-version-with-fetal-extraction	Internal Podalic Version with Fetal Extraction	Unutrašnji okret sa ekstrakcijom ploda
opsta-bolnica-niksic	F01025	130.00	130.00	NULL	5254	bracht-maneuver-assisted-breech-delivery	Bracht Maneuver Assisted Breech Delivery	Ručna pomoć po Bracht-u (sa vođenjem porođaja)
opsta-bolnica-niksic	F01026	130.00	130.00	NULL	5255	smellie-veit-maneuver-assisted-breech-delivery	Smellie-Veit Maneuver Assisted Breech Delivery	Ručna pomoć po Smellie-Veit-u (sa vođenjem porođaja)
opsta-bolnica-niksic	F01027	130.00	130.00	NULL	5256	uterine-rupture-repair	Uterine Rupture Repair	Zbrinjavanje rupture uterusa
opsta-bolnica-niksic	F01028	162.50	162.50	NULL	5257	repair-of-third-degree-perineal-tear	Repair of Third-Degree Perineal Tear	Zbrinjavanje rupture međice III stepena
opsta-bolnica-niksic	F01031	32.50	32.50	NULL	5258	instrumental-uterine-cavity-revision	Instrumental Uterine Cavity Revision	Revisio cavi uteri instrumentalis
opsta-bolnica-niksic	F01032	162.50	162.50	NULL	5259	fetal-operations-to-facilitate-delivery	Fetal Operations to Facilitate Delivery	Operacije na plodu radi olakšanja porođaja
opsta-bolnica-niksic	G05001	10.43	10.43	NULL	5260	first-transfusiologist-examination	First Transfusiologist Examination	Prvi pregled — transfuziolog
opsta-bolnica-niksic	G05002	6.95	6.95	NULL	5261	follow-up-transfusiologist-examination	Follow-up Transfusiologist Examination	Kontrolni pregled — transfuziolog
opsta-bolnica-niksic	G05003	3.15	3.15	NULL	5262	blood-donor-registration	Blood Donor Registration	Prijem davaoca (otvaranje kartona i administracija)
opsta-bolnica-niksic	G05004	10.65	10.65	NULL	5263	pregnant-woman-registration-with-venipuncture	Pregnant Woman Registration with Venipuncture	Prijem trudnica, administracija, venepunkcija
opsta-bolnica-niksic	G05005	14.58	14.58	NULL	5264	donor-or-pregnant-woman-collapse-management	Donor or Pregnant Woman Collapse Management	Zbrinjavanje kolapsa kod davaoca ili trudnice
opsta-bolnica-niksic	G05006	6.73	6.73	NULL	5265	donor-monitoring	Donor Monitoring	Nadzor davaoca
opsta-bolnica-niksic	V01001	89.43	89.43	NULL	5266	chronic-hemodialysis-session	Chronic Hemodialysis Session	Hronična hemodijaliza — intermitentna zamjena bubrežne funkcije
opsta-bolnica-niksic	V01002	13.90	13.90	NULL	5267	functional-renal-test	Functional Renal Test	Funkcionalno ispitivanje bubrežne funkcije
opsta-bolnica-niksic	V01003	13.90	13.90	NULL	5268	tubular-function-test	Tubular Function Test	Ispitivanje tubulskih funkcija
opsta-bolnica-niksic	V01004	13.90	13.90	NULL	5269	loading-tests-for-suspected-renal-tubular-acidosis	Loading Tests for Suspected Renal Tubular Acidosis	Testovi opterećenja kod sumnje na renalnu tubulsku acidozu
opsta-bolnica-niksic	V01005	13.90	13.90	NULL	5270	renal-concentration-test	Renal Concentration Test	Test koncentracione sposobnosti bubrega
opsta-bolnica-niksic	V01006	89.43	89.43	NULL	5271	continuous-renal-replacement-therapy-crrt	Continuous Renal Replacement Therapy (CRRT)	Kontinuirana zamjena bubrežne funkcije (CRRT)
opsta-bolnica-niksic	V01007	89.43	89.43	NULL	5272	urgent-hemodialysis	Urgent Hemodialysis	Urgentna hemodijaliza — intermitentna zamjena bubrežne funkcije
opsta-bolnica-niksic	V01008	89.43	89.43	NULL	5273	peritoneal-dialysis	Peritoneal Dialysis	Peritoneumska dijaliza — intermitentna zamjena bubrežne funkcije
opsta-bolnica-niksic	W04002	339.13	339.13	NULL	5274	follicle-aspiration	Follicle Aspiration	Aspiracija folikula
opsta-bolnica-niksic	W04003	123.25	123.25	NULL	5275	ivf-anesthesia	IVF Anesthesia	Anestezija u IVF postupku
opsta-bolnica-niksic	W04006	183.65	183.65	NULL	5278	embryo-transfer	Embryo Transfer	Embriotransfer
opsta-bolnica-niksic	W04007	228.10	228.10	NULL	5279	intrauterine-insemination-iui	Intrauterine Insemination (IUI)	Intrauterina inseminacija — IUI
opsta-bolnica-niksic	D22001	9.30	9.30	NULL	5280	first-dental-specialist-examination	First Dental Specialist Examination	Prvi specijalistički pregled — stomatologija
opsta-bolnica-niksic	S03001	9.75	9.75	NULL	5281	first-vascular-surgeon-examination	First Vascular Surgeon Examination	Prvi pregled — vaskularni hirurg
opsta-bolnica-niksic	S03002	3.25	3.25	NULL	5282	follow-up-vascular-surgeon-examination	Follow-up Vascular Surgeon Examination	Kontrolni pregled — vaskularni hirurg
opsta-bolnica-niksic	S04001	9.75	9.75	NULL	5283	first-thoracic-surgeon-examination	First Thoracic Surgeon Examination	Prvi pregled — grudni hirurg
opsta-bolnica-niksic	D09001	812.50	812.50	NULL	5284	biliary-tract-reconstruction-t-t-anastomosis	Biliary Tract Reconstruction (T-T Anastomosis)	Rekonstrukcija bilijarnih puteva (T-T anastomoza)
opsta-bolnica-niksic	D09002	390.00	390.00	NULL	5285	left-hepatic-duct-bypass-with-roux-en-y-loop	Left Hepatic Duct Bypass with Roux-en-Y Loop	Bajpas lijevog jetrenog žučnog voda uz pomoć Roux-en-Y vijuge
opsta-bolnica-niksic	D09016	487.50	487.50	NULL	5286	transanal-rectal-tumor-excision	Transanal Rectal Tumor Excision	Transanalna ekstirpacija tumora rektuma
opsta-bolnica-niksic	D09020	422.50	422.50	NULL	5287	low-anterior-rectal-resection-anastomosis-below-10-cm	Low Anterior Rectal Resection (Anastomosis below 10 cm)	Niska prednja resekcija rektuma (anastomoza ispod 10 cm od analne ivice)
opsta-bolnica-niksic	D09021	585.00	585.00	NULL	5288	high-anterior-rectal-resection-anastomosis-above-10-cm	High Anterior Rectal Resection (Anastomosis above 10 cm)	Visoka prednja resekcija rektuma (anastomoza preko 10 cm od analne ivice)
opsta-bolnica-niksic	X01004	3.25	3.25	NULL	5290	topical-local-anesthesia	Topical Local Anesthesia	Lokalna anestezija — površinska
opsta-bolnica-niksic	X01006	3.25	3.25	NULL	5291	oxygen-administration	Oxygen Administration	Davanje kiseonika
opsta-bolnica-niksic	X01007	0.65	0.65	NULL	5292	swab-collection-for-laboratory-analysis	Swab Collection for Laboratory Analysis	Uzimanje briseva sa slanjem na analizu
opsta-bolnica-niksic	X01008	0.65	0.65	NULL	5293	sputum-collection-for-bacterial-and-fungal-analysis	Sputum Collection for Bacterial and Fungal Analysis	Uzimanje sputuma za analizu na bakterije i gljivice
opsta-bolnica-niksic	X01011	4.88	4.88	NULL	5294	aspiration-puncture-of-abscess-or-hematoma	Aspiration Puncture of Abscess or Hematoma	Aspiraciona punkcija apscesa ili hematoma
opsta-bolnica-niksic	X01012	1.63	1.63	NULL	5295	stoma-care	Stoma Care	Toaleta i održavanje stoma
opsta-bolnica-niksic	X01013	1.63	1.63	NULL	5296	artificial-anus-care	Colostomy Care	Toaleta vještačkog anusa
opsta-bolnica-niksic	X01014	3.25	3.25	NULL	5297	primary-wound-care-without-sutures	Primary Wound Care without Sutures	Primarna obrada rane (bez šavova)
opsta-bolnica-niksic	X01021	0.33	0.33	NULL	5298	subcutaneous-or-intramuscular-injection	Subcutaneous or Intramuscular Injection	Davanje subkutanih i intramuskularnih injekcija
opsta-bolnica-niksic	X01024	3.25	3.25	NULL	5299	uncomplicated-wound-examination-and-dressing	Uncomplicated Wound Examination and Dressing	Pregled, kontrola i previjanje nekomplikovane rane
opsta-bolnica-niksic	X01025	3.25	3.25	NULL	5300	lymph-node-biopsy-or-excision	Lymph Node Biopsy or Excision	Ekstirpacija ili biopsija limfne žlijezde
opsta-bolnica-niksic	X01029	0.65	0.65	NULL	5301	sputum-collection-for-cytology	Sputum Collection for Cytology	Uzimanje sputuma za citološku analizu
opsta-bolnica-niksic	X01039	3.25	3.25	NULL	5302	cleansing-enema	Cleansing Enema	Provođenje klizme za čišćenje
opsta-bolnica-niksic	X01047	6.50	6.50	NULL	5303	endotracheal-intubation	Endotracheal Intubation	Endotrahealna intubacija
opsta-bolnica-niksic	X01048	6.50	6.50	NULL	5304	surgical-treatment-of-diseased-nail	Surgical Treatment of Diseased Nail	Hirurško zbrinjavanje oboljelog nokta
opsta-bolnica-niksic	X01049	6.50	6.50	NULL	5305	incision-and-drainage-of-furuncle-carbuncle-or-abscessed-cyst	Incision and Drainage of Furuncle, Carbuncle, Abscessed Cyst, Smaller Skin or Subcutaneous Abscess, Paronychia or Hematoma	Incizija i drenaža furunkula, karbunkula, zagnojenih cista, manjeg kožnog ili potkožnog apscesa, paronihije ili hematoma
opsta-bolnica-niksic	X01051	6.50	6.50	NULL	5306	blood-and-blood-derivatives-transfusion	Blood and Blood Derivatives Transfusion	Transfuzija krvi i krvnih derivata
opsta-bolnica-niksic	X01052	6.50	6.50	NULL	5307	complicated-wound-examination-and-dressing	Complicated Wound Examination and Dressing	Pregled, kontrola i previjanje komplikovane rane
opsta-bolnica-niksic	X01053	6.50	6.50	NULL	5308	tracheostomy-cannula-care	Tracheostomy Cannula Care	Toaleta kanile nakon traheotomije
opsta-bolnica-niksic	X01054	6.50	6.50	NULL	5309	nasogastric-or-orogastric-tube-placement-with-lavage	Nasogastric or Orogastric Tube Placement with Lavage	Plasiranje/evakuacija nazogastrične ili orogastrične sonde sa lavažom
opsta-bolnica-niksic	X01055	6.50	6.50	NULL	5310	tube-feeding-per-meal	Tube Feeding (per meal)	Ishrana bolesnika preko sonde — jedan obrok
opsta-bolnica-niksic	X01058	6.50	6.50	NULL	5311	minor-local-anesthesia	Minor Local Anesthesia	Lokalna anestezija — manja
opsta-bolnica-niksic	X01059	9.75	9.75	NULL	5312	foreign-body-removal-from-ear-nose-or-oropharynx	Foreign Body Removal from Ear, Nose or Oropharynx	Odstranjivanje stranog tijela iz slušnog kanala, nosne šupljine i orofarinksa
opsta-bolnica-niksic	X01060	3.25	3.25	NULL	5313	tuberculin-skin-test	Tuberculin Skin Test	Tuberkulinsko testiranje
opsta-bolnica-niksic	X01061	6.50	6.50	NULL	5314	thick-drop-and-peripheral-blood-smear-collection	Thick Drop and Peripheral Blood Smear Collection	Uzimanje guste kapi i perifernog razmaza
opsta-bolnica-niksic	X01063	4.88	4.88	NULL	5315	thermography	Thermography	Termografija
opsta-bolnica-niksic	X01064	13.00	13.00	NULL	5316	occlusive-plethysmography-of-arterial-or-venous-flow	Occlusive Plethysmography of Arterial or Venous Flow	Okluzivna pletizmografija arterijskog ili venskog protoka
opsta-bolnica-niksic	X01065	13.00	13.00	NULL	5317	photoplethysmography	Photoplethysmography	Fotopletizmografija
opsta-bolnica-niksic	X01066	13.00	13.00	NULL	5318	rheography-of-upper-or-lower-extremities	Rheography of Upper or Lower Extremities	Reografija gornjih ili donjih ekstremiteta
opsta-bolnica-niksic	X01067	4.88	4.88	NULL	5319	superficial-vein-pressure-measurement	Superficial Vein Pressure Measurement	Mjerenje pritiska površinskih vena
opsta-bolnica-niksic	X01068	6.50	6.50	NULL	5320	intra-arterial-therapy-via-perfusor	Intra-arterial Therapy via Perfusor	Intraarterijalna aplikacija terapije perfuzorom
opsta-bolnica-niksic	X01069	3.25	3.25	NULL	5321	pyrotherapy	Pyrotherapy	Piroterapija
opsta-bolnica-niksic	X01070	4.88	4.88	NULL	5322	phlebomat-apparatus-therapy	Phlebomat Apparatus Therapy	Terapija Flebomat aparatom
opsta-bolnica-niksic	X01071	4.88	4.88	NULL	5323	fluotron-apparatus-therapy	Fluotron Apparatus Therapy	Terapija Fluotron aparatom
opsta-bolnica-niksic	X02003	9.75	9.75	NULL	5324	incision-and-drainage-of-larger-skin-or-subcutaneous-abscess-carbuncle-or-hematoma	Incision and Drainage of Larger Skin or Subcutaneous Abscess, Carbuncle, Phlegmon or Hematoma	Incizija i drenaža većeg kožnog ili potkožnog apscesa, karbunkula, flegmone ili hematoma
opsta-bolnica-niksic	X02015	13.00	13.00	NULL	5325	pleural-puncture-with-lavage	Pleural Puncture with Lavage	Evakuaciona punkcija pleure sa lavažom
opsta-bolnica-niksic	X02019	9.75	9.75	NULL	5326	paraphimosis-reduction	Paraphimosis Reduction	Repozicija parafimoze
opsta-bolnica-niksic	X02020	9.75	9.75	NULL	5327	incarcerated-hernia-reduction	Incarcerated Hernia Reduction	Repozicija uklještene kile
opsta-bolnica-niksic	X02021	16.25	16.25	NULL	5328	atheroma-cyst-xanthoma-or-small-benign-tumor-excision	Atheroma, Cyst, Xanthoma or Small Benign Tumor Excision	Ekstirpacija ateroma, ciste, ksantoma ili manjeg benignog tumora
opsta-bolnica-niksic	X02026	9.75	9.75	NULL	5329	lumbar-puncture	Lumbar Puncture	Lumbalna punkcija
opsta-bolnica-niksic	X02027	9.75	9.75	NULL	5330	rectoscopy-with-biopsy	Rectoscopy with Biopsy	Rektoskopija sa uzimanjem isječka
opsta-bolnica-niksic	X02030	8.13	8.13	NULL	5331	sternal-puncture	Sternal Puncture	Sternalna punkcija
opsta-bolnica-niksic	X02031	9.75	9.75	NULL	5332	cauterization-electrocauterization-or-cryocauterization-of-benign-skin-lesions-small	Cauterization, Electrocauterization or Cryocauterization of Benign or Premalignant Skin and Mucosal Lesions (1 Lesion)	Kauterizacija, elektrokauterizacija ili kriokauterizacija benignih ili premalignih lezija kože i sluznica (1 lezija)
opsta-bolnica-niksic	X02032	14.63	14.63	NULL	5333	cauterization-electrocauterization-or-cryocauterization-of-benign-skin-lesions-medium	Cauterization, Electrocauterization or Cryocauterization of Benign or Premalignant Skin and Mucosal Lesions (2 Lesions)	Kauterizacija, elektrokauterizacija ili kriokauterizacija benignih ili premalignih lezija kože i sluznica (2 lezije)
opsta-bolnica-niksic	X02033	9.75	9.75	NULL	5334	foreign-body-removal-from-skin-and-subcutaneous-tissue	Foreign Body Removal from Skin and Subcutaneous Tissue	Odstranjivanje stranog tijela iz kože i potkožnog tkiva
opsta-bolnica-niksic	X02034	9.75	9.75	NULL	5335	excisional-biopsy-of-skin-subcutaneous-tissue-or-mucosa	Excisional Biopsy of Skin, Subcutaneous Tissue or Mucosa with Direct Suture	Ekscizijska biopsija kože, potkožnog tkiva i sluznice sa direktnim šavom
opsta-bolnica-niksic	X02035	9.75	9.75	NULL	5336	microscopic-gastric-juice-analysis	Microscopic Gastric Juice Analysis	Obrada stomačnog soka — mikroskopska
opsta-bolnica-niksic	X02036	13.00	13.00	NULL	5337	primary-wound-care-with-sutures	Primary Wound Care with Sutures	Primarna obrada rane (sa šavovima)
opsta-bolnica-niksic	X02037	13.00	13.00	NULL	5338	arterial-blood-ph-measurement	Arterial Blood pH Measurement	Uzimanje krvi i određivanje pH arterijske krvi
opsta-bolnica-niksic	X02038	16.25	16.25	NULL	5339	excision-of-small-benign-tumor-scars-fibromas-or-cysts	Excision of Small Benign Tumor-Like Scars, Fibromas or Cysts	Ekscizija manjih benignih tumoroznih ožiljaka, fibroznih, cističnih promjena
opsta-bolnica-niksic	X02039	16.25	16.25	NULL	5340	secondary-wound-care	Secondary Wound Care	Sekundarna obrada rane
opsta-bolnica-niksic	X02041	13.00	13.00	NULL	5341	major-local-anesthesia	Major Local Anesthesia	Lokalna anestezija — veća
opsta-bolnica-niksic	X02042	6.50	6.50	NULL	5342	gastric-lavage	Gastric Lavage	Ispiranje želuca
opsta-bolnica-niksic	X02043	19.50	19.50	NULL	5343	cauterization-electrocauterization-or-cryocauterization-of-benign-skin-lesions-larger	Cauterization, Electrocauterization or Cryocauterization of Benign or Premalignant Skin and Mucosal Lesions (3 Lesions)	Kauterizacija, elektrokauterizacija ili kriokauterizacija benignih ili premalignih lezija kože i sluznica (3 lezije)
opsta-bolnica-niksic	X02044	24.38	24.38	NULL	5344	cauterization-electrocauterization-or-cryocauterization-of-benign-skin-lesions-extensive	Cauterization, Electrocauterization or Cryocauterization of Benign or Premalignant Skin and Mucosal Lesions (4 Lesions)	Kauterizacija, elektrokauterizacija ili kriokauterizacija benignih ili premalignih lezija kože i sluznica (4 lezije)
opsta-bolnica-niksic	X02045	26.00	26.00	NULL	5345	cauterization-electrocauterization-or-cryocauterization-of-benign-skin-lesions-multiple	Cauterization, Electrocauterization or Cryocauterization of Benign or Premalignant Skin and Mucosal Lesions (5 or More Lesions)	Kauterizacija, elektrokauterizacija ili kriokauterizacija benignih ili premalignih lezija kože i sluznica (5 i više lezija)
opsta-bolnica-niksic	X02046	9.75	9.75	NULL	5346	nonspecific-bronchial-provocation-test	Nonspecific Bronchial Provocation Test	Nespecifični bronhoprovokacioni test
opsta-bolnica-niksic	X03002	16.25	16.25	NULL	5349	external-cardiac-defibrillation	External Cardiac Defibrillation	Spoljašnja defibrilacija srca
opsta-bolnica-niksic	X03012	81.98	81.98	NULL	5350	dxa-bone-densitometry	DXA Bone Densitometry	DXA (osteodenzitometrija)
opsta-bolnica-niksic	X03018	19.50	19.50	NULL	5351	electrocoagulation-or-excision-of-condyloma-acuminata	Electrocoagulation or Excision of Condyloma Acuminata	Elektrokoagulacija ili ekscizija condyloma acuminata bez opsega
opsta-bolnica-niksic	X03019	19.50	19.50	NULL	5352	burn-wound-care-primary-delayed-primary-or-secondary	Burn Wound Care up to 10% of Body Surface (Primary, Delayed Primary or Secondary)	Primarna, primarno odložena ili sekundarna obrada opekotina do 10% površine tijela
opsta-bolnica-niksic	X03020	19.50	19.50	NULL	5353	esophagogastroduodenoscopy-with-injection-hemostasis	Esophagogastroduodenoscopy with Injection Hemostasis	Ezofagogastroduodenoskopija sa injekcionom hemostazom
opsta-bolnica-niksic	X03021	22.75	22.75	NULL	5354	excision-and-direct-suture-of-benign-skin-lesions	Excision and Direct Suture of Benign Skin Lesions over 4 cm in Diameter	Ekscizija i direktna sutura benignih lezija kože dijametra preko 4 cm
opsta-bolnica-niksic	X03026	68.25	68.25	NULL	5355	esophagogastroduodenoscopy-with-biopsy	Esophagogastroduodenoscopy with Biopsy	Ezofagogastroduodenoskopija sa biopsijom
opsta-bolnica-niksic	X03027	58.50	58.50	NULL	5356	esophagogastroduodenoscopy	Esophagogastroduodenoscopy	Ezofagogastroduodenoskopija
opsta-bolnica-niksic	X03028	65.00	65.00	NULL	5357	colonoscopy-without-biopsy	Colonoscopy without Biopsy	Kolonoskopija bez biopsije
opsta-bolnica-niksic	X03029	74.75	74.75	NULL	5358	colonoscopy-with-biopsy-of-colon-andor-terminal-ileum	Colonoscopy with Biopsy of Colon and/or Terminal Ileum	Kolonoskopija sa biopsijom kolona i/ili terminalnog ileuma
opsta-bolnica-niksic	X03030	68.25	68.25	NULL	5359	esophagogastroduodenoscopy-with-helicobacter-pylori-test	Esophagogastroduodenoscopy with Helicobacter Pylori Test	Ezofagogastroduodenoskopija sa Helicobacter pylori testom
opsta-bolnica-niksic	X03031	71.50	71.50	NULL	5360	esophagogastroduodenoscopy-with-foreign-body-extraction	Esophagogastroduodenoscopy with Foreign Body Extraction	Ezofagogastroduodenoskopija sa ekstrakcijom stranog tijela
opsta-bolnica-niksic	X03032	81.25	81.25	NULL	5361	esophagogastroduodenoscopy-with-polypectomy	Esophagogastroduodenoscopy with Polypectomy	Ezofagogastroduodenoskopija sa polipektomijom
opsta-bolnica-niksic	X03033	97.50	97.50	NULL	5362	esophagogastroduodenoscopy-with-band-ligation	Esophagogastroduodenoscopy with Band Ligation	Ezofagogastroduodenoskopija sa plasiranjem band ligature
opsta-bolnica-niksic	X03039	46.48	46.48	NULL	5363	dxa-vertebral-morphometry	DXA Vertebral Morphometry	DXA — vertebromorfometrija
opsta-bolnica-niksic	X03040	19.50	19.50	NULL	5364	esophagogastroduodenoscopy-with-mechanical-hemoclip-hemostasis	Esophagogastroduodenoscopy with Mechanical Hemoclip Hemostasis	Ezofagogastroduodenoskopija sa mehaničkom (hemoklips) hemostazom
opsta-bolnica-niksic	X03041	65.00	65.00	NULL	5365	colonoscopy-with-or-without-terminal-ileoscopy-with-or-without-biopsy	Colonoscopy with or without Terminal Ileoscopy with or without Biopsy	Kolonoskopija sa ili bez terminalne ileoskopije, sa ili bez biopsije
opsta-bolnica-niksic	X03042	81.25	81.25	NULL	5366	colonoscopy-with-polyp-electrocauterization	Colonoscopy with Polyp Electrocauterization	Kolonoskopija sa elektrokauterizacijom polipa
opsta-bolnica-niksic	X03043	91.00	91.00	NULL	5367	colonoscopy-with-polypectomy-and-endoclip-placement	Colonoscopy with Polypectomy and Endoclip Placement	Kolonoskopija sa polipektomijom i postavljanjem endoklipsa
opsta-bolnica-niksic	X03044	74.75	74.75	NULL	5368	colonoscopy-with-mucosectomy	Colonoscopy with Mucosectomy	Kolonoskopija sa mukozektomijom
opsta-bolnica-niksic	X03045	84.50	84.50	NULL	5369	colonoscopy-with-injection-hemostasis	Colonoscopy with Injection Hemostasis	Kolonoskopija sa injekcionom hemostazom
opsta-bolnica-niksic	X03046	84.50	84.50	NULL	5370	colonoscopy-with-mechanical-hemoclip-hemostasis	Colonoscopy with Mechanical Hemoclip Hemostasis	Kolonoskopija sa mehaničkom (hemoklips) hemostazom
opsta-bolnica-niksic	X03047	84.50	84.50	NULL	5371	colonoscopy-with-dilatation	Colonoscopy with Dilatation	Kolonoskopija sa dilatacijom
opsta-bolnica-niksic	X03048	71.50	71.50	NULL	5372	esophagogastroduodenoscopy-with-peg-placement-or-removal	Esophagogastroduodenoscopy with PEG Placement or Removal	Ezofagogastroduodenoskopija sa plasiranjem/vađenjem PEG-a
opsta-bolnica-niksic	X03049	71.50	71.50	NULL	5373	esophagogastroduodenoscopy-with-dilatation	Esophagogastroduodenoscopy with Dilatation	Ezofagogastroduodenoskopija sa dilatacijom
opsta-bolnica-niksic	X03050	71.50	71.50	NULL	5374	esophagogastroduodenoscopy-with-mucosectomy	Esophagogastroduodenoscopy with Mucosectomy	Ezofagogastroduodenoskopija sa mukozektomijom
opsta-bolnica-niksic	X03051	97.50	97.50	NULL	5375	sengstaken-blakemore-tube-placement-or-removal	Sengstaken-Blakemore Tube Placement or Removal	Plasiranje/evakuacija Sengstaken-Blakemore sonde
opsta-bolnica-niksic	X03052	97.50	97.50	NULL	5376	nasojejunal-tube-placement-or-removal	Nasojejunal Tube Placement or Removal	Plasiranje/evakuacija nazo-jejunalne sonde
opsta-bolnica-niksic	X03053	48.75	48.75	NULL	5377	rigid-bronchoscopy	Rigid Bronchoscopy	Bronhoskopija — rigidna
opsta-bolnica-niksic	X03054	58.50	58.50	NULL	5378	flexible-bronchoscopy-with-aspiration-andor-lavage	Flexible Bronchoscopy with Aspiration and/or Lavage	Bronhoskopija fleksibilna sa aspiracijom i/ili lavažom
opsta-bolnica-niksic	X03055	58.50	58.50	NULL	5379	peribronchial-aspiration-biopsy	Peribronchial Aspiration Biopsy	Peribronhijalna aspiracijska biopsija
opsta-bolnica-niksic	X03056	58.50	58.50	NULL	5380	bronchial-brush-biopsy	Bronchial Brush Biopsy	Četkanje–struganje bronha (braš biopsija)
opsta-bolnica-niksic	X03057	58.50	58.50	NULL	5381	flexible-bronchoscopy-with-lavage	Flexible Bronchoscopy with Lavage	Bronhoskopija fleksibilna sa lavažom
opsta-bolnica-niksic	X03058	58.50	58.50	NULL	5382	rigid-bronchoscopy-with-lavage	Rigid Bronchoscopy with Lavage	Bronhoskopija rigidna sa lavažom
opsta-bolnica-niksic	X03059	32.50	32.50	NULL	5383	injection-or-mechanical-hemostasis-of-ampullar-region	Injection or Mechanical Hemostasis of Ampullar Region	Injekciona i/ili mehanička hemostaza ampularne regije
opsta-bolnica-niksic	X03060	42.25	42.25	NULL	5384	apc-coagulation-during-egd	APC Coagulation during EGD	APC koagulacija pri ezofagogastroduodenoskopiji
opsta-bolnica-niksic	X03061	42.25	42.25	NULL	5385	apc-coagulation-of-small-intestine	APC Coagulation of Small Intestine	APC koagulacija tankog crijeva
opsta-bolnica-niksic	X03062	42.25	42.25	NULL	5386	apc-coagulation-of-colon	APC Coagulation of Colon	APC koagulacija kolona
opsta-bolnica-niksic	X03063	58.50	58.50	NULL	5387	endoscopic-ultrasound-of-upper-gi-tract	Endoscopic Ultrasound of Upper GI Tract	Endoskopska ultrasonografija gornjeg GI trakta
opsta-bolnica-niksic	X03064	16.25	16.25	NULL	5388	endoscopic-ultrasound-of-rectum	Endoscopic Ultrasound of Rectum	Endoskopska ultrasonografija rektuma
opsta-bolnica-niksic	X03065	68.25	68.25	NULL	5389	endoscopic-ultrasound-with-biopsy	Endoscopic Ultrasound with Biopsy	Endoskopska ultrasonografija sa biopsijom
opsta-bolnica-niksic	X03066	81.25	81.25	NULL	5390	double-balloon-enteroscopy-of-small-intestine	Double Balloon Enteroscopy of Small Intestine	DBE (double balloon enteroskopija) tankog crijeva
opsta-bolnica-niksic	X03068	58.50	58.50	NULL	5391	bronchial-lesion-excision-via-bronchoscopy	Bronchial Lesion Excision via Bronchoscopy	Ekscizija lezije bronha sa bronhoskopijom
opsta-bolnica-niksic	X03069	97.50	97.50	NULL	5392	tracheotomy	Tracheotomy	Traheotomija
opsta-bolnica-niksic	X03070	97.50	97.50	NULL	5393	tracheotomy-with-tracheal-foreign-body-removal	Tracheotomy with Tracheal Foreign Body Removal	Traheotomija sa odstranjenjem stranog tijela iz traheje
opsta-bolnica-niksic	X03071	58.50	58.50	NULL	5394	endoscopic-tracheal-foreign-body-removal	Endoscopic Tracheal Foreign Body Removal	Endoskopsko odstranjenje stranog tijela iz traheje
opsta-bolnica-niksic	X03072	58.50	58.50	NULL	5395	endoscopic-excision-of-tracheal-wall-lesions	Endoscopic Excision of Tracheal Wall Lesions	Endoskopska ekscizija promjena na zidu traheje
opsta-bolnica-niksic	X03073	58.50	58.50	NULL	5396	endoscopic-electrocoagulation-of-tracheal-lesions	Endoscopic Electrocoagulation of Tracheal Lesions	Endoskopska elektrokoagulacija lezija na traheji
opsta-bolnica-niksic	X03074	58.50	58.50	NULL	5397	endoscopic-laser-resection-of-tracheal-lesions	Endoscopic Laser Resection of Tracheal Lesions	Endoskopska laser resekcija promjena na traheji
opsta-bolnica-niksic	X03075	58.50	58.50	NULL	5398	endoscopic-tracheal-stenosis-dilatation	Endoscopic Tracheal Stenosis Dilatation	Endoskopska dilatacija stenoza traheje
opsta-bolnica-niksic	X03076	65.00	65.00	NULL	5399	tracheobronchoscopy-with-foreign-body-removal-in-children-up-to-10-years	Tracheobronchoscopy with Foreign Body Removal in Children (up to 10 years)	Traheobronhoskopija sa odstranjivanjem stranog tijela kod djece (do 10 godina)
opsta-bolnica-niksic	X03077	58.50	58.50	NULL	5400	tracheobronchoscopy-with-foreign-body-removal-in-adults	Tracheobronchoscopy with Foreign Body Removal in Adults	Traheobronhoskopija sa odstranjivanjem stranog tijela kod odraslih
opsta-bolnica-niksic	X03078	58.50	58.50	NULL	5401	lower-tracheobronchoscopy-via-tracheostomy	Lower Tracheobronchoscopy via Tracheostomy	Traheobronhoskopija donja — kroz vještački otvor
opsta-bolnica-niksic	X03079	32.50	32.50	NULL	5402	diagnostic-proctosigmoidoscopy-with-lesion-removal	Diagnostic Proctosigmoidoscopy with Lesion Removal	Proktosigmoidoskopija — dijagnostička sa odstranjivanjem
opsta-bolnica-niksic	X04001	4.88	4.88	NULL	5403	vaginal-discharge-analysis	Vaginal Discharge Analysis	Sekret vagine
opsta-bolnica-niksic	X04004	6.50	6.50	NULL	5404	cytohormonal-smear-analysis	Cytohormonal Smear Analysis	Citohormonalna analiza razmaza
opsta-bolnica-niksic	X04005	16.25	16.25	NULL	5405	drug-application-to-cervix	Drug Application to Cervix	Aplikacija lijeka u grlić materice
opsta-bolnica-niksic	X04007	9.75	9.75	NULL	5406	superficial-cervical-electrocoagulation	Superficial Cervical Electrocoagulation	Elektrokoagulacija cerviksa uterusa — površna po seansi
opsta-bolnica-niksic	X04010	13.00	13.00	NULL	5407	pregnancy-cardiotocography-ctg	Pregnancy Cardiotocography (CTG)	CTG — kardiotokografija u trudnoći
opsta-bolnica-niksic	X04011	32.50	32.50	NULL	5408	first-trimester-surgical-abortion-curettage	First-Trimester Surgical Abortion (Curettage)	Arteficijalni prekid trudnoće do 3 mjeseca — kiretaža
opsta-bolnica-niksic	X04012	65.00	65.00	NULL	5409	pregnancy-termination-with-laminaria-or-hydraulic-dilator	Pregnancy Termination with Laminaria or Hydraulic Dilator	Prekid trudnoće — medikamentozni, upotreba laminaria, hidrauličnih dilatatora
opsta-bolnica-niksic	X04013	32.50	32.50	NULL	5410	exploratory-curettage	Exploratory Curettage	Eksplorativna kiretaža
opsta-bolnica-niksic	X04015	6.50	6.50	NULL	5411	cerclage-removal	Cerclage Removal	Skidanje cerclage-a
opsta-bolnica-niksic	X04016	19.50	19.50	NULL	5412	douglas-pouch-puncture-or-pelvic-abscess-drainage-colpotomy	Douglas Pouch Puncture or Pelvic Abscess Drainage (Colpotomy)	Punctio cavi Douglasi, drenaža pelvičnog abscesa, kolpotomija
opsta-bolnica-niksic	X04017	13.00	13.00	NULL	5413	lactation-support-and-complication-prevention-for-primiparas	Lactation Support and Complication Prevention for Primiparas	Razvoj laktacije i prevencija komplikacija kod prvorotki
opsta-bolnica-niksic	X04018	1.63	1.63	NULL	5414	cervical-erosion-application	Cervical Erosion Application	Tuširanje erozija
opsta-bolnica-niksic	X04019	3.25	3.25	NULL	5415	mechanical-contraceptive-device-check	Mechanical Contraceptive Device Check	Kontrola mehaničkog kontraceptivnog sredstva
opsta-bolnica-niksic	X04020	3.25	3.25	NULL	5416	nipple-fissure-treatment	Nipple Fissure Treatment	Liječenje ragada
opsta-bolnica-niksic	X04021	6.50	6.50	NULL	5417	breast-stasis-treatment	Breast Stasis Treatment	Liječenje staze
opsta-bolnica-niksic	X04022	9.75	9.75	NULL	5418	puerperal-breast-abscess-incision	Puerperal Breast Abscess Incision	Incizija puerperalnog abscesa dojke
opsta-bolnica-niksic	X04024	9.75	9.75	NULL	5419	bartholin-gland-abscess-incision-and-drainage	Bartholin Gland Abscess Incision and Drainage	Incizija i drenaža apscesa Bartholinijeve žlijezde
opsta-bolnica-niksic	X04025	9.75	9.75	NULL	5420	labial-and-vulval-biopsy	Labial and Vulval Biopsy	Uzimanje biopsije labija i vulve
opsta-bolnica-niksic	X04028	9.75	9.75	NULL	5421	cervical-revision	Cervical Revision	Revizija cerviksa
opsta-bolnica-niksic	X04031	13.00	13.00	NULL	5422	amnioscopy	Amnioscopy	Amnioskopija
opsta-bolnica-niksic	X04032	16.25	16.25	NULL	5423	instrumental-cervical-dilatation	Instrumental Cervical Dilatation	Dilatacija cerviksa — instrumentalna
opsta-bolnica-niksic	X04033	13.00	13.00	NULL	5424	intratubal-antibiotic-injection	Intratubal Antibiotic Injection	Intratubarna injekcija antibiotičke supstance
opsta-bolnica-niksic	X04034	16.25	16.25	NULL	5425	cold-coagulation-of-cervical-lesions	Cold Coagulation of Cervical Lesions	Hladna koagulacija promjena na grliću materice
opsta-bolnica-niksic	X04035	16.25	16.25	NULL	5426	vulvoscopy	Vulvoscopy	Vulvoskopija
opsta-bolnica-niksic	X04036	19.50	19.50	NULL	5427	endometrial-tissue-sampling-for-histology	Endometrial Tissue Sampling for Histology	Uzimanje uzorka radi histološkog pregleda endometrija
opsta-bolnica-niksic	X04037	9.75	9.75	NULL	5428	vaginal-biopsy	Vaginal Biopsy	Uzimanje biopsije vagine
opsta-bolnica-niksic	X04038	19.50	19.50	NULL	5429	cervical-or-endometrial-biopsy	Cervical or Endometrial Biopsy	Uzimanje biopsije cerviksa ili endometrijuma
opsta-bolnica-niksic	X04039	19.50	19.50	NULL	5430	cervical-or-uterine-polypectomy	Cervical or Uterine Polypectomy	Polipektomija (grlića materice, šupljine materice)
opsta-bolnica-niksic	X04040	21.13	21.13	NULL	5431	vulvar-and-vaginal-condyloma-abrasion	Vulvar and Vaginal Condyloma Abrasion	Abrazija kondiloma vulve i vagine
opsta-bolnica-niksic	X04041	26.00	26.00	NULL	5432	tubal-insufflation-per-session	Tubal Insufflation (per session)	Insuflacija tuba — po seansi (max. 3 seanse)
opsta-bolnica-niksic	X04043	22.75	22.75	NULL	5433	pregnancy-ultrasound	Pregnancy Ultrasound	Ultrazvučni pregled u toku trudnoće
opsta-bolnica-niksic	X04044	32.50	32.50	NULL	5434	first-trimester-incomplete-abortion-curettage	First-Trimester Incomplete Abortion Curettage	Dovršavanje inkompletnog pobačaja do 3 mjeseca — kiretaža
opsta-bolnica-niksic	X04045	32.50	32.50	NULL	5435	re-curettage-after-delivery-abortion-or-exploratory-curettage	Re-curettage (after delivery, abortion or exploratory curettage)	Rekiretaža (nakon porođaja, abortusa, eksplorativne kiretaže)
opsta-bolnica-niksic	X04046	32.50	32.50	NULL	5436	amniotic-fluid-puncture-for-polyhydramnios	Amniotic Fluid Puncture for Polyhydramnios	Punkcija plodove vode kod polihidramniona
opsta-bolnica-niksic	X04047	48.75	48.75	NULL	5437	postpartum-hemorrhage-curettage	Postpartum Hemorrhage Curettage	Kiretaža kod postpartalnog krvavljenja
opsta-bolnica-niksic	X04048	48.75	48.75	NULL	5438	bartholin-cyst-excision	Bartholin Cyst Excision	Ekstirpacija Bartholinijeve ciste (extirpatio cystae glandulae Bartholini)
opsta-bolnica-niksic	X04049	6.50	6.50	NULL	5439	vaginal-introitus-dilatation-under-anesthesia	Vaginal Introitus Dilatation under Anesthesia	Dilatacija introitusa vagine sa anestezijom
opsta-bolnica-niksic	X04050	9.75	9.75	NULL	5440	vulvar-abscess-incision-and-drainage	Vulvar Abscess Incision and Drainage	Incizija i drenaža apscesa vulve
opsta-bolnica-niksic	X04051	19.50	19.50	NULL	5441	transvaginal-douglas-pouch-puncture-of-cystic-mass	Transvaginal Douglas Pouch Puncture of Cystic Mass	Transvaginalna Douglasova punkcija cistične mase
opsta-bolnica-niksic	X04052	48.75	48.75	NULL	5442	vaginal-cyst-surgery	Vaginal Cyst Surgery	Operacija ciste vagine
opsta-bolnica-niksic	X04053	48.75	48.75	NULL	5443	colporrhaphy-suturing-of-larger-non-obstetric-vaginal-injuries	Colporrhaphy — Suturing of Larger Non-Obstetric Vaginal Injuries	Kolporafija — šav većih povreda vagine, neakušerskih
opsta-bolnica-niksic	X04054	65.00	65.00	NULL	5444	excision-of-benign-vaginal-lesions	Excision of Benign Vaginal Lesions	Ekscizija benignih lezija vagine
opsta-bolnica-niksic	X04055	65.00	65.00	NULL	5445	vaginal-septum-removal	Vaginal Septum Removal	Uklanjanje vaginalnih septuma
opsta-bolnica-niksic	X04056	113.75	113.75	NULL	5446	colpoperineorrhaphy-repair-of-large-non-obstetric-vaginal-and-perineal-injuries	Colpoperineorrhaphy — Repair of Large Non-Obstetric Vaginal and Perineal Injuries	Kolpoperineorafija — šav većih povreda vagine i perineuma, neakušerskih
opsta-bolnica-niksic	X04059	6.50	6.50	NULL	5447	postcoital-test-sims-huhner	Postcoital Test (Sims-Huhner)	Postkoitalni test ili Sims-Hunerov test
opsta-bolnica-niksic	X04061	3.25	3.25	NULL	5448	hysterometry	Hysterometry	Histerometrija
opsta-bolnica-niksic	X04062	26.00	26.00	NULL	5449	hymen-excision	Hymen Excision	Ekscizija himena
opsta-bolnica-niksic	X04064	48.75	48.75	NULL	5450	dilatation-and-curettage-for-hydatidiform-mole-missed-abortion	Dilatation and Curettage for Hydatidiform Mole (Missed Abortion)	Dilatacija i kiretaža — odstranjenje mole hydatidose (missed abortion)
opsta-bolnica-niksic	X04065	65.00	65.00	NULL	5451	vaginal-wall-tumor-removal	Vaginal Wall Tumor Removal	Uklanjanje tumora vaginalnog zida
opsta-bolnica-niksic	X04066	97.50	97.50	NULL	5452	metroplasty	Metroplasty	Metroplastika
opsta-bolnica-niksic	X04067	9.75	9.75	NULL	5453	foreign-body-removal-from-vagina	Foreign Body Removal from Vagina	Ekstrakcija stranog tijela iz vagine
opsta-bolnica-niksic	X04068	65.00	65.00	NULL	5454	chorionic-villus-sampling	Chorionic Villus Sampling	Biopsija horionskih čupica
opsta-bolnica-niksic	X04070	65.00	65.00	NULL	5455	cordocentesis	Cordocentesis	Kordocenteza
opsta-bolnica-niksic	X06001	3.25	3.25	NULL	5456	eyeglass-prescription-for-adults	Eyeglass Prescription for Adults	Određivanje i propisivanje naočara za odrasle
opsta-bolnica-niksic	X06002	1.63	1.63	NULL	5457	focometry-of-astigmatic-and-non-astigmatic-lenses	Focometry of Astigmatic and Non-Astigmatic Lenses	Fokometrija astigmatičnih i neastigmatičnih stakala
opsta-bolnica-niksic	X06007	16.25	16.25	NULL	5458	corneal-foreign-body-removal-with-siderosis-abrasion	Corneal Foreign Body Removal with Siderosis (Abrasion)	Ekstrakcija stranog tijela rožnjače sa siderozom (abrazija)
opsta-bolnica-niksic	X06008	16.25	16.25	NULL	5459	fundus-examination-with-biomicroscope-and-goldmann-3-mirror-lens	Fundus Examination with Biomicroscope and Goldmann 3-Mirror Lens	Pregled fundusa biomikroskopom i Goldmann lupom sa 3 ogledala
opsta-bolnica-niksic	X06009	6.50	6.50	NULL	5460	color-vision-test	Color Vision Test	Ispitivanje osjetljivosti na boje
opsta-bolnica-niksic	X06011	16.25	16.25	NULL	5461	surgical-treatment-of-hordeolum-abscess-or-phlegmon	Surgical Treatment of Hordeolum, Abscess or Phlegmon	Hirurško zbrinjavanje hordeoluma, abscesa ili flegmone
opsta-bolnica-niksic	X06013	4.88	4.88	NULL	5462	convergence-and-divergence-range-measurement	Convergence and Divergence Range Measurement	Određivanje širine konvergencije i divergencije u prostoru
opsta-bolnica-niksic	X06014	39.00	39.00	NULL	5463	ophthalmic-ultrasound-a-scan-and-b-scan	Ophthalmic Ultrasound (A-Scan and B-Scan)	Ultrazvuk u oftalmologiji (A-scan i B-scan)
opsta-bolnica-niksic	X06016	4.88	4.88	NULL	5464	conjunctival-corneal-and-eyelid-margin-application	Conjunctival, Corneal and Eyelid Margin Application	Tuširanje vežnjače, rožnjače i ivice kapaka
opsta-bolnica-niksic	X06018	0.98	0.98	NULL	5465	small-eye-patch	Small Eye Patch	Stavljanje zavoja za oko — mali zavoj
opsta-bolnica-niksic	X06019	1.63	1.63	NULL	5466	large-eye-patch	Large Eye Patch	Stavljanje zavoja za oko — veliki zavoj
opsta-bolnica-niksic	X06020	9.75	9.75	NULL	5467	visual-field-perimetry	Visual Field Perimetry	Perimetrija — određivanje širine vidnog polja
opsta-bolnica-niksic	X06021	3.25	3.25	NULL	5468	stereo-vision-test-titmus	Stereo Vision Test (Titmus)	Ispitivanje stereo vida — Titmus stereo test
opsta-bolnica-niksic	X06024	1.63	1.63	NULL	5470	eye-occlusion	Eye Occlusion	Okluzija
opsta-bolnica-niksic	X06025	3.25	3.25	NULL	5471	javal-keratometry	Javal Keratometry	Keratometrija po Javalu
opsta-bolnica-niksic	X06026	3.25	3.25	NULL	5472	penalization-dosing-and-verification	Penalization — Dosing and Verification	Penalizacija — njeno doziranje i provjeravanje u kabinetu
opsta-bolnica-niksic	X06027	3.25	3.25	NULL	5473	suppression-and-binocular-vision-test-worth	Suppression and Binocular Vision Test (Worth)	Ispitivanje supresije i binokularnog vida na Worth-u
opsta-bolnica-niksic	X06029	4.88	4.88	NULL	5474	eyelash-epilation-by-electrolysis-or-electrocoagulation-per-session	Eyelash Epilation by Electrolysis or Electrocoagulation (per session)	Epilacija elektrolizom ili elektrokoagulacijom — seansa
opsta-bolnica-niksic	X06030	4.88	4.88	NULL	5475	cppers-eutiscopy	Cüppers Eutiscopy	Eutiskopija po Cuppersu
opsta-bolnica-niksic	X06031	4.88	4.88	NULL	5476	coordinator-vision-exercises	Coordinator Vision Exercises	Vježbe na koordinatoru
opsta-bolnica-niksic	X06032	4.88	4.88	NULL	5477	spatial-fusion-exercises	Spatial Fusion Exercises	Vježbe fuzije u prostoru
opsta-bolnica-niksic	X06033	4.88	4.88	NULL	5478	accommodation-convergence-elasticity-exercises	Accommodation-Convergence Elasticity Exercises	Vježbe elasticiteta akomodacije i konvergencije kod akomodativnih poremećaja
opsta-bolnica-niksic	X06034	6.50	6.50	NULL	5479	orthorater-examination	Orthorater Examination	Pregled ortorajterom i interpretacija nalaza svih funkcija
opsta-bolnica-niksic	X06036	6.50	6.50	NULL	5480	binocular-visual-field-test	Binocular Visual Field Test	Ispitivanje polja pogleda — binokularno
opsta-bolnica-niksic	X06037	6.50	6.50	NULL	5481	diplopia-paralysis-and-paresis-test-hess-lancaster	Diplopia, Paralysis and Paresis Test (Hess-Lancaster)	Ispitivanje diplopija, paraliza i pareza (Hess-Lancaster test)
opsta-bolnica-niksic	X06038	6.50	6.50	NULL	5482	synoptophore-fusion-exercises	Synoptophore Fusion Exercises	Vježbe fuzije na sinoptoforu — sa naknadnim i realnim slikama
opsta-bolnica-niksic	X06039	6.50	6.50	NULL	5483	anti-arc-spatial-exercises	Anti-ARC Spatial Exercises	Vježbe protiv ARK u prostoru
opsta-bolnica-niksic	X06040	6.50	6.50	NULL	5484	anti-arc-spatial-exercises-elimination-method	Anti-ARC Spatial Exercises (Elimination Method)	Vježbe protiv ARK u prostoru (metode eliminacije)
opsta-bolnica-niksic	X06041	6.50	6.50	NULL	5485	additional-prism-determination-on-correction-lens	Additional Prism Determination on Correction Lens	Određivanje i probanje dodatne prizme na korekciono staklo
opsta-bolnica-niksic	X06044	9.75	9.75	NULL	5486	visus-test-in-simulation-and-aggravation	Visus Test in Simulation and Aggravation	Visus kod simulacije i agravacije
opsta-bolnica-niksic	X06046	9.75	9.75	NULL	5487	visual-field-and-binocular-vision-test-in-paralysis	Visual Field and Binocular Vision Test in Paralysis	Ispitivanje polja vida i binokularnog vida kod paralize
opsta-bolnica-niksic	X06048	19.50	19.50	NULL	5488	nagel-anomaloscopy	Nagel Anomaloscopy	Nagel anomaloskopija
opsta-bolnica-niksic	X06050	19.50	19.50	NULL	5489	glaucoma-provocation-test	Glaucoma Provocation Test	Test provokacije na glaukom
opsta-bolnica-niksic	X06051	19.50	19.50	NULL	5490	fluorescein-ophthalmoscopy	Fluorescein Ophthalmoscopy	Fluoresceinska oftalmoskopija
opsta-bolnica-niksic	X06052	32.50	32.50	NULL	5491	fluorescein-biomicroscopy	Fluorescein Biomicroscopy	Fluoresceinska biomikroskopija
opsta-bolnica-niksic	X06053	48.75	48.75	NULL	5492	minor-laser-intervention-conjunctival-lesions	Minor Laser Intervention (Conjunctival Lesions)	Intervencije laserom — manje (kod promjena na konjunktivi)
opsta-bolnica-niksic	X06056	65.00	65.00	NULL	5493	major-laser-intervention-fundus	Major Laser Intervention (Fundus)	Intervencije laserom — veće (intervencije na očnom dnu)
opsta-bolnica-niksic	X06057	3.25	3.25	NULL	5494	refraction-with-wide-pupil-without-astigmatism	Refraction with Wide Pupil without Astigmatism	Određivanje refrakcije na široku zjenicu bez astigmatizma
opsta-bolnica-niksic	X06058	3.25	3.25	NULL	5495	eyeglass-determination-narrow-pupil-without-astigmatism	Eyeglass Determination — Narrow Pupil without Astigmatism	Određivanje naočara na usku zjenicu bez astigmatizma
opsta-bolnica-niksic	X06059	6.50	6.50	NULL	5496	eyeglass-determination-narrow-pupil-with-astigmatism	Eyeglass Determination — Narrow Pupil with Astigmatism	Određivanje naočara na usku zjenicu sa astigmatizmom
opsta-bolnica-niksic	X06060	9.75	9.75	NULL	5497	skiascopy-in-adults	Skiascopy in Adults	Skijaskopija kod odraslih
opsta-bolnica-niksic	X06061	9.75	9.75	NULL	5498	refraction-with-wide-pupil-with-astigmatism	Refraction with Wide Pupil with Astigmatism	Određivanje refrakcije na široku zjenicu sa astigmatizmom
opsta-bolnica-niksic	X06066	6.50	6.50	NULL	5499	farnsworth-test	Farnsworth Test	Farnsworth test
opsta-bolnica-niksic	X06067	9.75	9.75	NULL	5500	pachymetry	Pachymetry	Pahimetrija
opsta-bolnica-niksic	X06068	1.63	1.63	NULL	5501	pupillometry	Pupillometry	Pupilometrija
opsta-bolnica-niksic	X06069	3.25	3.25	NULL	5502	light-sense-and-projection-test	Light Sense and Projection Test	Ispitivanje osjećaja svjetlosti sa projekcijom
opsta-bolnica-niksic	X06074	16.25	16.25	NULL	5503	skiascopy-in-children	Skiascopy in Children	Skijaskopija kod djece
opsta-bolnica-niksic	X06075	3.25	3.25	NULL	5504	eyeglass-prescription-for-children	Eyeglass Prescription for Children	Određivanje i propisivanje naočara za djecu
opsta-bolnica-niksic	X06076	6.50	6.50	NULL	5505	eyeglasses-for-astigmatism-and-heterophoria	Eyeglasses for Astigmatism and Heterophoria	Određivanje i propisivanje naočara kod astigmatizma i heteroforije
opsta-bolnica-niksic	X06077	6.50	6.50	NULL	5506	peribulbar-parabulbar-or-sub-tenon-injection	Peribulbar, Parabulbar or Sub-Tenon Injection	Davanje injekcije peribulbarno, parabulbarno i subtenonijalno
opsta-bolnica-niksic	X06078	9.75	9.75	NULL	5507	slit-lamp-biomicroscopy-with-fundus-lens	Slit-Lamp Biomicroscopy with Fundus Lens	Oftalmološki pregled na biomikroskopu (pregled dna lupom)
opsta-bolnica-niksic	X06079	9.75	9.75	NULL	5508	indirect-ophthalmoscopy-with-binocular-ophthalmoscope	Indirect Ophthalmoscopy with Binocular Ophthalmoscope	Indirektna oftalmoskopija pomoću binokularnog oftalmoskopa
opsta-bolnica-niksic	X06081	19.50	19.50	NULL	5509	color-sensitivity-test-with-anomaloscope	Color Sensitivity Test with Anomaloscope	Ispitivanje osjetljivosti na boje pomoću anomaloskopa
opsta-bolnica-niksic	X06082	6.50	6.50	NULL	5510	meibomian-gland-curettage	Meibomian Gland Curettage	Kiretaža Meibomove žlijezde
opsta-bolnica-niksic	X06083	13.00	13.00	NULL	5511	thermocauterization	Thermocauterization	Termokauterizacija
opsta-bolnica-niksic	X06084	0.98	0.98	NULL	5512	single-exposure-eye-photography	Single-Exposure Eye Photography	Fotosnimak oka u jednoj ekspoziciji
opsta-bolnica-niksic	X06085	0.98	0.98	NULL	5513	nine-direction-eye-photography	Nine-Direction Eye Photography	Fotosnimak oka u devet pravaca
opsta-bolnica-niksic	X06086	0.98	0.98	NULL	5514	color-anterior-segment-photography	Color Anterior Segment Photography	Fotosnimak prednjeg segmenta očnog dna u koloru
opsta-bolnica-niksic	X06087	19.50	19.50	NULL	5515	static-central-visual-field-perimetry	Static Central Visual Field Perimetry	Perimetrija — statičko određivanje centralnog vidnog polja
opsta-bolnica-niksic	X06088	19.50	19.50	NULL	5516	tbinger-profile-perimetry	Tübinger Profile Perimetry	Perimetrija profilna — Tübinger
opsta-bolnica-niksic	X06089	9.75	9.75	NULL	5517	adaptometry	Adaptometry	Adaptometrija
opsta-bolnica-niksic	X06090	9.75	9.75	NULL	5518	rapid-adaptation-test-purkinje-krakw	Rapid Adaptation Test (Purkinje-Kraków)	Adaptacija — ispitivanje brze adaptacije pomoću tablica po Purkinje-Krakowu
opsta-bolnica-niksic	X06091	9.75	9.75	NULL	5519	tbinger-adaptation-test	Tübinger Adaptation Test	Adaptacija — ispitivanje po Tübingeru
opsta-bolnica-niksic	X06092	4.88	4.88	NULL	5520	eye-motility-test	Eye Motility Test	Ispitivanje motiliteta
opsta-bolnica-niksic	X06093	4.88	4.88	NULL	5521	spatial-or-apparatus-eye-muscle-exercises	Spatial or Apparatus Eye Muscle Exercises	Vježba mišića u prostoru ili na aparatu
opsta-bolnica-niksic	X06094	4.88	4.88	NULL	5522	anti-suppression-vision-exercises	Anti-Suppression Vision Exercises	Vježbe vida protiv supresije
opsta-bolnica-niksic	X06095	19.50	19.50	NULL	5523	tonography	Tonography	Tonografija
opsta-bolnica-niksic	X06096	6.50	6.50	NULL	5524	diaphanoscopy	Diaphanoscopy	Diafanoskopija
opsta-bolnica-niksic	X06097	9.75	9.75	NULL	5525	fluorescein-lacrimal-patency-test	Fluorescein Lacrimal Patency Test	Fluoresceinska proba prolaznosti suznih puteva
opsta-bolnica-niksic	X06098	9.75	9.75	NULL	5526	fluorescein-corneal-test	Fluorescein Corneal Test	Fluoresceinska proba rožnjače
opsta-bolnica-niksic	X06099	9.75	9.75	NULL	5527	macular-function-test-with-amsler-grid	Macular Function Test with Amsler Grid	Ispitivanje makularne funkcije Amslerovom mrežom
opsta-bolnica-niksic	X06100	3.25	3.25	NULL	5528	prism-fixation-test-cower	Prism Fixation Test (Cower)	Ispitivanje fiksacije prizmama (Cower test)
opsta-bolnica-niksic	X06101	8.13	8.13	NULL	5529	light-sense-test-with-diplopia-and-motility	Light Sense Test with Diplopia and Motility	Ispitivanje osjećaja svjetlosti pri ispitivanju dvoslika — motilitet
opsta-bolnica-niksic	X06102	19.50	19.50	NULL	5530	loading-test-and-raster-for-primary-open-angle-glaucoma-diagnostics	Loading Test and Raster for Primary Open-Angle Glaucoma Diagnostics	Testovi opterećenja i raster u dijagnostici primarnih glaukoma otvorenog ugla
opsta-bolnica-niksic	X06103	35.75	35.75	NULL	5531	heidelberg-retina-tomography-hrt	Heidelberg Retina Tomography (HRT)	HRT — Heidelberg retino tomografija
opsta-bolnica-niksic	X07002	3.25	3.25	NULL	5534	ent-topical-treatment-application	ENT Topical Treatment Application	ORL tuširanje
opsta-bolnica-niksic	X07006	32.50	32.50	NULL	5535	nasal-septum-hematoma-or-abscess-incision-and-drainage	Nasal Septum Hematoma or Abscess Incision and Drainage	Incizija i drenaža hematoma i abscesa nosnog septuma
opsta-bolnica-niksic	X07007	13.00	13.00	NULL	5536	peritonsillar-abscess-incision-and-drainage-transoral	Peritonsillar Abscess Incision and Drainage (Transoral)	Incizija i drenaža peritonzilarnog abscesa — transoralni pristup
opsta-bolnica-niksic	X07008	16.25	16.25	NULL	5537	retropharyngeal-abscess-incision-and-drainage-transoral	Retropharyngeal Abscess Incision and Drainage (Transoral)	Incizija i drenaža retrofaringealnog abscesa — transoralno
opsta-bolnica-niksic	X07010	3.25	3.25	NULL	5538	proetz-sinus-and-nasal-secretion-removal	Proetz Sinus and Nasal Secretion Removal	Odstranjivanje sekreta iz nosa i sinusa po Proetzu
opsta-bolnica-niksic	X07011	65.00	65.00	NULL	5539	vocal-cord-polyp-or-nodule-excision-via-direct-laryngoscopy	Vocal Cord Polyp or Nodule Excision via Direct Laryngoscopy	Ekstirpacija polipa ili čvorića sa glasnica u direktoskopiji
opsta-bolnica-niksic	X07012	1.63	1.63	NULL	5540	politzer-pharyngotympanic-tube-inflation	Politzer Pharyngotympanic Tube Inflation	Produvavanje faringotimpanalnih tuba po Politzeru
opsta-bolnica-niksic	X07014	3.25	3.25	NULL	5541	facial-nerve-lesion-drug-infiltration	Facial Nerve Lesion Drug Infiltration	Infiltracija lijeka kod lezije n. facialisa
opsta-bolnica-niksic	X07015	9.75	9.75	NULL	5542	ent-biopsy-ear-throat-nose	ENT Biopsy (Ear, Throat, Nose)	Biopsija uha, grla, nosa
opsta-bolnica-niksic	X07016	13.00	13.00	NULL	5543	post-tonsillectomy-hemostasis	Post-Tonsillectomy Hemostasis	Hemostaza poslije tonzilektomije
opsta-bolnica-niksic	X07017	16.25	16.25	NULL	5544	nasal-bleeding-hemostasis-cauterization-lapis-electrocauterization	Nasal Bleeding Hemostasis (Cauterization, Lapis, Electrocauterization)	Hemostaza krvarenja iz nosa — tuširanje, lapiziranje, elektrokauterizacija
opsta-bolnica-niksic	X07018	16.25	16.25	NULL	5545	posterior-nasal-packing	Posterior Nasal Packing	Zadnja tamponada nosa
opsta-bolnica-niksic	X07020	16.25	16.25	NULL	5546	pure-tone-audiometry-in-children-up-to-7-years	Pure Tone Audiometry in Children up to 7 Years	Ispitivanje sluha tonalno-liminarnom audiometrijom kod djece do 7 godina
opsta-bolnica-niksic	X07024	26.00	26.00	NULL	5547	caloric-vestibular-test-hallpike	Caloric Vestibular Test (Hallpike)	Kalorički test čula za ravnotežu (Hallpike)
opsta-bolnica-niksic	X07026	19.50	19.50	NULL	5548	closed-reduction-of-recent-nasal-fracture-with-immobilization	Closed Reduction of Recent Nasal Fracture with Immobilization	Repozicija svježeg preloma nosnih kostiju sa imobilizacijom
opsta-bolnica-niksic	X07027	19.50	19.50	NULL	5549	nasal-endoscopy	Nasal Endoscopy	Endoskopski pregled nosa
opsta-bolnica-niksic	X07028	16.25	16.25	NULL	5550	indirect-laryngopharyngoscopy-with-biopsy	Indirect Laryngopharyngoscopy with Biopsy	Laringofaringoskopija indirektna sa biopsijom
opsta-bolnica-niksic	X07029	9.75	9.75	NULL	5551	othematoma-or-retroauricular-abscess-incision	Othematoma or Retroauricular Abscess Incision	Incizija othaematoma ili retroaurikularnog abscesa
opsta-bolnica-niksic	X07030	16.25	16.25	NULL	5552	direct-laryngoscopy-and-hypopharyngoscopy	Direct Laryngoscopy and Hypopharyngoscopy	Direktoskopija larinksa i hipofarinksa
opsta-bolnica-niksic	X07031	26.00	26.00	NULL	5553	direct-laryngoscopy-with-foreign-body-extraction	Direct Laryngoscopy with Foreign Body Extraction	Direktna laringoskopija sa vađenjem stranog tijela
opsta-bolnica-niksic	X07032	19.50	19.50	NULL	5554	hearing-aid-fitting	Hearing Aid Fitting	Određivanje slušnog aparata
opsta-bolnica-niksic	X07033	9.75	9.75	NULL	5555	tympanic-membrane-paracentesis	Tympanic Membrane Paracentesis	Paracenteza bubne opne
opsta-bolnica-niksic	X07034	19.50	19.50	NULL	5556	adenotomy-under-rausch-or-local-anesthesia	Adenotomy under Rausch or Local Anesthesia	Adenotomija u rauš ili lokalnoj anesteziji
opsta-bolnica-niksic	X07035	32.50	32.50	NULL	5557	endonasal-surgical-rhinolith-or-foreign-body-extraction	Endonasal Surgical Rhinolith or Foreign Body Extraction	Endonazalna hirurška ekstrakcija rinolita ili stranog tijela
opsta-bolnica-niksic	X07037	3.25	3.25	NULL	5558	drug-application-to-ear-and-nose	Drug Application to Ear and Nose	Aplikacija lijeka u uvo i nos
opsta-bolnica-niksic	X07038	6.50	6.50	NULL	5559	direct-epipharyngoscopy	Direct Epipharyngoscopy	Epifaringoskopija direktna
opsta-bolnica-niksic	X07041	11.38	11.38	NULL	5560	acoustic-reflex-test	Acoustic Reflex Test	Akustički refleks
opsta-bolnica-niksic	X07044	16.25	16.25	NULL	5561	excision-of-ear-atheroma-cyst-or-small-benign-tumor	Excision of Ear Atheroma, Cyst or Small Benign Tumor	Ekstirpacija ateroma, ciste ili manjeg benignog tumora uva
opsta-bolnica-niksic	X07045	16.25	16.25	NULL	5562	cervical-lymph-node-excision-biopsy	Cervical Lymph Node Excision (Biopsy)	Ekscizija (biopsija) limfnog čvora vrata
opsta-bolnica-niksic	X07046	19.50	19.50	NULL	5563	nasal-synechia-lysis-unilateral-or-bilateral	Nasal Synechia Lysis (Unilateral or Bilateral)	Sinehioliza u nosnim kavumima — jednostrana ili obostrana
opsta-bolnica-niksic	X07049	26.00	26.00	NULL	5564	excision-of-benign-fibrous-and-cystic-lesions	Excision of Benign, Fibrous and Cystic Lesions	Ekscizija benignih lezija, fibroznih i cističnih promjena
opsta-bolnica-niksic	X07050	26.00	26.00	NULL	5565	unilateral-nasal-polyp-ablation-without-ethmoidectomy	Unilateral Nasal Polyp Ablation without Ethmoidectomy	Ablacija polipa nosa bez etmoidektomije — unilateralna
opsta-bolnica-niksic	X07052	32.50	32.50	NULL	5566	surgical-foreign-body-removal-from-ear	Surgical Foreign Body Removal from Ear	Operativno odstranjenje stranog tijela iz uha
opsta-bolnica-niksic	X07053	48.75	48.75	NULL	5567	mucotomy-or-conchotomy-unilateral-or-bilateral	Mucotomy or Conchotomy (Unilateral or Bilateral)	Mukotomija ili konhotomija — jednostrana ili obostrana
opsta-bolnica-niksic	X07054	48.75	48.75	NULL	5568	submandibular-duct-calculus-extraction	Submandibular Duct Calculus Extraction	Ekstrakcija kalkulusa iz izvodnog kanala submandibularne žlijezde
opsta-bolnica-niksic	X07055	48.75	48.75	NULL	5569	acute-mandibular-joint-luxation-reduction	Acute Mandibular Joint Luxation Reduction	Repozicija akutne luksacije viličnog zgloba
opsta-bolnica-niksic	X07056	65.00	65.00	NULL	5570	laryngomicroscopy-with-biopsy-and-excision	Laryngomicroscopy with Biopsy and Excision	Laringomikroskopija sa uzimanjem isječka i ekscizijom
opsta-bolnica-niksic	X07057	65.00	65.00	NULL	5571	tracheostomy-closure	Tracheostomy Closure	Zatvaranje traheostome
opsta-bolnica-niksic	X07058	65.00	65.00	NULL	5572	surgical-treatment-of-lower-oral-cavity-cysts	Surgical Treatment of Lower Oral Cavity Cysts	Operativno liječenje cista donjeg zida usne šupljine
opsta-bolnica-niksic	X07059	81.25	81.25	NULL	5573	foreign-body-removal-from-soft-tissues-of-face	Foreign Body Removal from Soft Tissues of Face	Uklanjanje stranog tijela iz mekih tkiva lica
opsta-bolnica-niksic	X07060	81.25	81.25	NULL	5574	excision-of-benign-tongue-tumors-with-primary-plasty	Excision of Benign Tongue Tumors with Primary Plasty	Ekscizija benignih tumora jezika sa primarnom plastikom
opsta-bolnica-niksic	X07061	97.50	97.50	NULL	5575	temporary-tracheostomy	Temporary Tracheostomy	Traheostomija — privremena
opsta-bolnica-niksic	X07062	6.50	6.50	NULL	5576	maxillary-sinus-puncture	Maxillary Sinus Puncture	Punkcija maksilarnog sinusa
opsta-bolnica-niksic	X07063	6.50	6.50	NULL	5577	ear-wick-application	Ear Wick Application	Aplikacija štrajfne u uho
opsta-bolnica-niksic	X07064	6.50	6.50	NULL	5578	otomicroscopy	Otomicroscopy	Otomikroskopija
opsta-bolnica-niksic	X07065	13.00	13.00	NULL	5579	intraoral-abscess-incision	Intraoral Abscess Incision	Incizija apscesa intraoralnim putem
opsta-bolnica-niksic	X07066	13.00	13.00	NULL	5580	auricular-othematoma-or-ear-abscess-incision	Auricular Othematoma or Ear Abscess Incision	Incizija othaematoma auricule ili abscesa uha
opsta-bolnica-niksic	X07067	13.00	13.00	NULL	5581	frenulum-resection	Frenulum Resection	Resekcija frenuluma
opsta-bolnica-niksic	X07069	16.25	16.25	NULL	5582	speech-audiometry	Speech Audiometry	Audiometrija govorna
opsta-bolnica-niksic	X07070	16.25	16.25	NULL	5583	epipharyngoscopy-with-biopsy	Epipharyngoscopy with Biopsy	Epifaringoskopija sa biopsijom
opsta-bolnica-niksic	X07071	16.25	16.25	NULL	5584	tongue-suturing-up-to-2-cm	Tongue Suturing up to 2 cm	Sutura jezika do 2 cm
opsta-bolnica-niksic	X07072	16.25	16.25	NULL	5585	open-reduction-of-fresh-nasal-bone-fracture	Open Reduction of Fresh Nasal Bone Fracture	Otvorena repozicija svježih preloma nosnih kostiju
opsta-bolnica-niksic	X07073	16.25	16.25	NULL	5586	nasal-tumor-biopsy	Nasal Tumor Biopsy	Biopsija tumora nosa
opsta-bolnica-niksic	X07074	19.50	19.50	NULL	5587	rhinomanometry-or-rhinoresistometry	Rhinomanometry or Rhinoresistometry	Rinomanometrija ili rinorezistometrija
opsta-bolnica-niksic	X07078	26.00	26.00	NULL	5588	tongue-suturing-over-2-cm	Tongue Suturing over 2 cm	Sutura jezika preko 2 cm
opsta-bolnica-niksic	X07079	32.50	32.50	NULL	5589	extraoral-abscess-incision	Extraoral Abscess Incision	Incizija apscesa ekstraoralnim putem
opsta-bolnica-niksic	X07080	65.00	65.00	NULL	5590	rigid-esophagoscopy-with-foreign-body-removal-in-adults	Rigid Esophagoscopy with Foreign Body Removal in Adults	Ezofagoskopija rigidna — sa odstranjivanjem stranog tijela kod odraslih
opsta-bolnica-niksic	X07081	65.00	65.00	NULL	5591	surgery-for-benign-palate-and-uvula-tumors	Surgery for Benign Palate and Uvula Tumors	Operacija benignih tumora nepca i uvule
opsta-bolnica-niksic	X07082	71.50	71.50	NULL	5592	rigid-esophagoscopy-with-foreign-body-removal-in-children-up-to-10-years	Rigid Esophagoscopy with Foreign Body Removal in Children up to 10 Years	Ezofagoskopija rigidna — sa odstranjivanjem stranog tijela kod djece do 10 godina
opsta-bolnica-niksic	X07083	16.25	16.25	NULL	5593	nasal-detamponade	Nasal Detamponade	Detamponada nosa
opsta-bolnica-niksic	X07084	16.25	16.25	NULL	5594	cervical-parapharyngeal-abscess-incision	Cervical Parapharyngeal Abscess Incision	Incizija parafaringealnog abscesa cervikalna
opsta-bolnica-niksic	X07085	16.25	16.25	NULL	5595	fiberoptic-pharyngoscopy	Fiberoptic Pharyngoscopy	Fiberoptički pregled farinksa
opsta-bolnica-niksic	X07086	16.25	16.25	NULL	5596	fiberoptic-laryngoscopy	Fiberoptic Laryngoscopy	Fiberoptička laringoskopija
opsta-bolnica-niksic	X07087	16.25	16.25	NULL	5597	middle-ear-lesion-biopsy	Middle Ear Lesion Biopsy	Biopsija promjena srednjeg uha
opsta-bolnica-niksic	X07088	19.50	19.50	NULL	5598	bksy-audiometry	Békésy Audiometry	Audiometrija po Békésyju
opsta-bolnica-niksic	X07089	19.50	19.50	NULL	5599	tone-decay-test	Tone Decay Test	Tone decay test
opsta-bolnica-niksic	X07090	6.50	6.50	NULL	5600	spontaneous-and-fixation-nystagmus-test	Spontaneous and Fixation Nystagmus Test	Test spontanog i fiksacionog nistagmusa
opsta-bolnica-niksic	X07091	6.50	6.50	NULL	5601	positional-test	Positional Test	Pozicioni test
opsta-bolnica-niksic	X07092	6.50	6.50	NULL	5602	vestibulo-ocular-tests	Vestibulo-Ocular Tests	Vestibuloolarni testovi
opsta-bolnica-niksic	X07093	9.75	9.75	NULL	5603	vestibular-function-evaluation-with-rotating-chair	Vestibular Function Evaluation with Rotating Chair	Evaluacija vestibularne funkcije rotirajućom stolicom
opsta-bolnica-niksic	X07094	32.50	32.50	NULL	5604	electronystagmography	Electronystagmography	Elektronistagmografija
opsta-bolnica-niksic	X07095	32.50	32.50	NULL	5605	repositioning-maneuver-for-bppv-treatment	Repositioning Maneuver for BPPV Treatment	Repozicioni manevar za liječenje benignog paroksizmalnog vertiga
opsta-bolnica-niksic	X07097	9.75	9.75	NULL	5606	fistula-symptom-search	Fistula Symptom Search	Traženje simptoma fistule
opsta-bolnica-niksic	X07098	9.75	9.75	NULL	5607	tympanic-membrane-drug-instillation	Tympanic Membrane Drug Instillation	Instilacija lijeka kroz bubnu opnu u bubnu duplju
opsta-bolnica-niksic	X07099	32.50	32.50	NULL	5608	endonasal-foreign-body-extraction	Endonasal Foreign Body Extraction	Endonazalna ekstirpacija stranog tijela iz nosa
opsta-bolnica-niksic	X07100	4.88	4.88	NULL	5609	rhinoallergological-examination	Rhinoallergological Examination	Rinoalergološki pregled
opsta-bolnica-niksic	X07101	16.25	16.25	NULL	5610	rhinoallergological-testing	Rhinoallergological Testing	Rinoalergološko ispitivanje
opsta-bolnica-niksic	X07102	9.75	9.75	NULL	5611	eustachian-tube-catheterization	Eustachian Tube Catheterization	Kateterizacija Eustahijeve tube
opsta-bolnica-niksic	X07103	16.25	16.25	NULL	5612	fine-needle-aspiration-biopsy	Fine Needle Aspiration Biopsy	Aspiraciona biopsija tankom iglom
opsta-bolnica-niksic	X07104	65.00	65.00	NULL	5613	pharyngeal-foreign-body-removal	Pharyngeal Foreign Body Removal	Vađenje stranog tijela iz ždrijela
opsta-bolnica-niksic	X07105	130.00	130.00	NULL	5614	surgical-rhinolith-or-foreign-body-extraction-by-lateral-rhinotomy	Surgical Rhinolith or Foreign Body Extraction by Lateral Rhinotomy	Hirurška ekstirpacija rinolita ili stranog tijela iz nosa lateralnom rinotomijom
opsta-bolnica-niksic	X07106	19.50	19.50	NULL	5615	stapedius-reflex-test	Stapedius Reflex Test	Refleks stapedijusa
opsta-bolnica-niksic	X07107	81.25	81.25	NULL	5616	foreign-body-extraction-from-soft-tissues-of-head-and-neck	Foreign Body Extraction from Soft Tissues of Head and Neck	Ekstrakcija stranog tijela mekih djelova glave i vrata
opsta-bolnica-niksic	X07108	97.50	97.50	NULL	5617	permanent-tracheostomy	Permanent Tracheostomy	Traheostomija — stalna
opsta-bolnica-niksic	X07109	81.25	81.25	NULL	5618	cricothyrotomy	Cricothyrotomy	Krikotireostomija
opsta-bolnica-niksic	X07110	8.13	8.13	NULL	5619	otomicroscopy-with-secretion-aspiration	Otomicroscopy with Secretion Aspiration	Otomikroskopija sa aspiracijom sekreta
opsta-bolnica-niksic	X07111	6.50	6.50	NULL	5620	subjective-olfactometry	Subjective Olfactometry	Subjektivna olfaktometrija
opsta-bolnica-niksic	X07112	26.00	26.00	NULL	5621	electrocochleography-in-adults	Electrocochleography in Adults	Elektrokohleografija odraslih
opsta-bolnica-niksic	X07113	32.50	32.50	NULL	5622	electrocochleography-in-children	Electrocochleography in Children	Elektrokohleografija djece
opsta-bolnica-niksic	X07114	58.50	58.50	NULL	5623	esophagoscopy-with-biopsy-tumor-removal-or-dilatation	Esophagoscopy with Biopsy, Tumor Removal or Dilatation	Ezofagoskopija sa biopsijom, odstranjenjem tumora ili dilatacijom
opsta-bolnica-niksic	X07115	16.25	16.25	NULL	5624	tucker-retrograde-esophageal-dilatation	Tucker Retrograde Esophageal Dilatation	Retrogradna dilatacija jednjaka po Tuckeru
opsta-bolnica-niksic	X07116	9.75	9.75	NULL	5625	initial-phoniatric-examination	Initial Phoniatric Examination	Osnovni fonijatrijski pregled
opsta-bolnica-niksic	X07117	4.88	4.88	NULL	5626	follow-up-phoniatric-examination	Follow-up Phoniatric Examination	Kontrolni fonijatrijski pregled
opsta-bolnica-niksic	X07118	16.25	16.25	NULL	5627	phoniatric-exercises	Phoniatric Exercises	Fonijatrijske vježbe
opsta-bolnica-niksic	X07119	16.25	16.25	NULL	5628	phonation-exercises	Phonation Exercises	Vježbe fonacije
opsta-bolnica-niksic	X07120	19.50	19.50	NULL	5629	articulation-exercises	Articulation Exercises	Vježbe artikulacije
opsta-bolnica-niksic	X07121	16.25	16.25	NULL	5630	articulation-treatment	Articulation Treatment	Artikulacioni tretman
opsta-bolnica-niksic	X07122	8.13	8.13	NULL	5631	speech-disorder-correction-treatment	Speech Disorder Correction Treatment	Korekcioni tretman poremećaja govora
opsta-bolnica-niksic	X07123	9.75	9.75	NULL	5632	computer-voice-analysis	Computer Voice Analysis	Kompjuterska analiza glasa
opsta-bolnica-niksic	X07124	9.75	9.75	NULL	5633	tone-equalization-exercises	Tone Equalization Exercises	Vježbe za postizanje tonične ujednačenosti
opsta-bolnica-niksic	X07125	9.75	9.75	NULL	5634	esophageal-speech-training	Esophageal Speech Training	Uvježbavanje ezofagusnog govora
opsta-bolnica-niksic	X08001	6.50	6.50	NULL	5636	acne-cleansing-and-comedone-extraction-per-session	Acne Cleansing and Comedone Extraction (per session)	Čišćenje akni i odstranjivanje gnojnih cista i komedona — po seansi (max. 4)
opsta-bolnica-niksic	X08003	1.63	1.63	NULL	5637	photodynamic-therapy-of-skin-lesions-per-session	Photodynamic Therapy of Skin Lesions (per session)	Fotodinamska terapija lezija kože — po seansi
opsta-bolnica-niksic	X08009	6.50	6.50	NULL	5638	intralesional-drug-application	Intralesional Drug Application	Intralezionalna aplikacija lijeka
opsta-bolnica-niksic	X08010	3.25	3.25	NULL	5639	therapeutic-bath	Therapeutic Bath	Terapijska kupka
opsta-bolnica-niksic	X08011	3.25	3.25	NULL	5640	condyloma-application-with-podophyllin-per-session	Condyloma Application with Podophyllin (per session)	Tuširanje kondiloma sa podofilinom po seansi
opsta-bolnica-niksic	X08012	3.25	3.25	NULL	5641	leg-ulcer-dressing	Leg Ulcer Dressing	Previjanje ulkusa na nogama
opsta-bolnica-niksic	X08014	1.63	1.63	NULL	5642	patch-test	Patch Test	Epikutano alergološko testiranje (patch test)
opsta-bolnica-niksic	X08015	6.50	6.50	NULL	5643	senile-keratosis-treatment-with-liquid-nitrogen-per-session	Senile Keratosis Treatment with Liquid Nitrogen (per session)	Liječenje senilne keratoze tečnim azotom po seansi
opsta-bolnica-niksic	X08016	19.50	19.50	NULL	5644	multi-session-condyloma-acuminata-excohleation	Multi-Session Condyloma Acuminata Excohleation	Ekskohleacija condyloma acuminata u više seansi
opsta-bolnica-niksic	X08017	3.25	3.25	NULL	5645	dermatologic-histology-with-specific-staining-and-histochemistry	Dermatologic Histology with Specific Staining and Histochemistry	Dermatološka histologija sa specifičnim bojenjima i histohemijom
opsta-bolnica-niksic	X08018	3.25	3.25	NULL	5646	verruca-vulgaris-excohleation	Verruca Vulgaris Excohleation	Ekskohleacija veruke vulgaris — jedne ili više
opsta-bolnica-niksic	X08019	3.25	3.25	NULL	5647	woods-lamp-diagnostics	Wood's Lamp Diagnostics	Dijagnostika Wood-ovom lampom
opsta-bolnica-niksic	X08020	7.15	7.15	NULL	5648	trichogram	Trichogram	Trihogram
opsta-bolnica-niksic	X09007	13.00	13.00	NULL	5649	closed-reduction-of-habitual-or-traumatic-dislocations	Closed Reduction of Habitual or Traumatic Dislocations	Manipulativna repozicija habitualnih ili traumatskih iščašenja
opsta-bolnica-niksic	X09008	19.50	19.50	NULL	5650	closed-reduction-of-wrist-joint	Closed Reduction of Wrist Joint (Radiocarpal, Radioulnar or Intercarpal)	Zatvorena manipulativna repozicija ručnog zgloba (radiokarpalnog, radioulnarnog ili interkarpalnog)
opsta-bolnica-niksic	X09041	3.25	3.25	NULL	5651	plaster-cast-correction	Plaster Cast Correction	Korekcija ranije stavljenog gipsa
opsta-bolnica-niksic	X09044	4.88	4.88	NULL	5652	ankle-fixation-bandage	Ankle Fixation Bandage	Fiksacioni zavoj gležnja
opsta-bolnica-niksic	X09045	6.50	6.50	NULL	5653	above-elbow-plaster-immobilization	Above-Elbow Plaster Immobilization	Nadlakatna gips imobilizacija (longeta ili puni gips)
opsta-bolnica-niksic	X09048	6.50	6.50	NULL	5654	below-elbow-plaster-immobilization	Below-Elbow Plaster Immobilization	Podlakatna gips imobilizacija (longeta ili puni gips)
opsta-bolnica-niksic	X09049	6.50	6.50	NULL	5655	thoracic-fixation-bandage	Thoracic Fixation Bandage	Fiksacioni zavoj toraksa
opsta-bolnica-niksic	X09050	6.50	6.50	NULL	5656	elbow-or-wrist-fixation-bandage	Elbow or Wrist Fixation Bandage	Fiksacioni zavoj lakta ili zgloba ručja
opsta-bolnica-niksic	X09051	6.50	6.50	NULL	5657	knee-fixation-bandage	Knee Fixation Bandage	Fiksacioni zavoj koljena
opsta-bolnica-niksic	X09054	8.13	8.13	NULL	5658	plaster-cast-or-splint-removal	Plaster Cast or Splint Removal	Skidanje gipsa ili longete
opsta-bolnica-niksic	X09058	9.75	9.75	NULL	5659	desault-shoulder-fixation-bandage	Desault Shoulder Fixation Bandage	Fiksacioni zavoj ramena (Desault)
opsta-bolnica-niksic	X09059	9.75	9.75	NULL	5660	below-knee-walking-cast	Below-Knee Walking Cast Reduction	Repozicija — gips potkoljenice za kretanje
opsta-bolnica-niksic	X09060	9.75	9.75	NULL	5661	thigh-plaster-immobilization	Thigh Plaster Immobilization	Repozicija — gips natkoljenice (longeta ili puni gips)
opsta-bolnica-niksic	X09062	13.00	13.00	NULL	5662	interphalangeal-joint-dislocation-reduction	Interphalangeal Joint Dislocation Reduction	Repozicija dislokacije interfalangealnog zgloba
opsta-bolnica-niksic	X09063	13.00	13.00	NULL	5663	coxofemoral-circular-plaster-reduction	Coxofemoral Circular Plaster Reduction with Spreader Bar	Repozicija — koksofemoralni cirkularni gips sa prečagom
opsta-bolnica-niksic	X09064	13.00	13.00	NULL	5664	hip-to-ankle-plaster-reduction	Hip-to-Ankle Plaster Reduction	Repozicija — gips kuk-gležanj
opsta-bolnica-niksic	X09065	13.00	13.00	NULL	5665	below-knee-plaster-reduction	Below-Knee Plaster Reduction	Repozicija — gips imobilizacija potkoljenice (longeta ili puni gips)
opsta-bolnica-niksic	X09067	16.25	16.25	NULL	5666	closed-joint-reduction-with-mobilization	Closed Joint Reduction with Immobilization	Zatvorena repozicija zgloba i primjena sredstava imobilizacije
opsta-bolnica-niksic	X09076	19.50	19.50	NULL	5667	vertebral-body-fracture-or-dislocation-reduction	Cervical Vertebral Body Fracture or Dislocation Reduction with Halo Traction	Repozicija frakture ili dislokacije tijela jednog ili više pršljenova sa Halo trakcijom — vratni dio kičme
opsta-bolnica-niksic	X09078	19.50	19.50	NULL	5668	distal-phalanx-fracture-manipulation-reduction	Distal Phalanx Fracture Manipulation Reduction (Finger or Thumb)	Manipulativna repozicija frakture distalne falange palca ili prsta šake
opsta-bolnica-niksic	X09080	19.50	19.50	NULL	5669	big-toe-phalanx-fracture-manipulation-reduction	Big Toe Phalanx Fracture Manipulation Reduction	Manipulativna repozicija frakture falange palca stopala
opsta-bolnica-niksic	X09085	26.00	26.00	NULL	5670	closed-manipulation-reduction-of-proximal-fracture	Closed Manipulation Reduction of Proximal or Middle Finger Phalanx Fracture	Zatvorena manipulativna repozicija frakture proksimalne ili srednje falange prstiju šake
opsta-bolnica-niksic	X09087	32.50	32.50	NULL	5671	metacarpal-fracture-manipulation-reduction	Metacarpal Fracture Manipulation Reduction	Zatvorena manipulativna repozicija frakture metakarpalnih kostiju
opsta-bolnica-niksic	X09090	32.50	32.50	NULL	5672	metatarsal-fracture-manipulation-reduction	Metatarsal Fracture Manipulation Reduction	Zatvorena manipulativna repozicija frakture metatarzalnih kostiju
opsta-bolnica-niksic	X09092	39.00	39.00	NULL	5673	acromioclavicular-joint-dislocation-reduction-closed	Acromioclavicular Joint Dislocation Reduction (Closed)	Manipulativna repozicija dislokacije akromioklavikularnog zgloba — zatvorena
opsta-bolnica-niksic	X09094	48.75	48.75	NULL	5674	closed-manipulation-reduction-of-clavicle-fracture	Closed Manipulation Reduction of Clavicle Fracture	Manipulativna repozicija frakture klavikule — zatvorena
opsta-bolnica-niksic	X09095	48.75	48.75	NULL	5675	reduction-of-shoulder-dislocation-with-greater-tuberosity-fracture	Reduction of Shoulder Dislocation with Greater Tuberosity Fracture	Repozicija dislokacije ramena sa frakturom tuberkulum majus humerusa
opsta-bolnica-niksic	X09096	48.75	48.75	NULL	5676	closed-manipulation-reduction-of-radius-head-and-neck-fracture	Closed Manipulation Reduction of Radius Head and Neck Fracture	Zatvorena manipulativna repozicija frakture glave i vrata radijusa
opsta-bolnica-niksic	X09097	48.75	48.75	NULL	5677	closed-manipulation-reduction-of-proximal-end-fracture	Closed Manipulation Reduction of Proximal Ulna (Olecranon) Fracture	Zatvorena manipulativna repozicija frakture proksimalnog kraja ulne (olekranona)
opsta-bolnica-niksic	X09098	48.75	48.75	NULL	5678	closed-manipulation-reduction-of-distal-tibia-fracture	Closed Manipulation Reduction of Distal Tibia or Medial/Lateral Malleolus Fracture	Zatvorena manipulativna repozicija frakture distalnog dijela potkoljenice, medijalnog ili lateralnog maleolusa
opsta-bolnica-niksic	X09099	48.75	48.75	NULL	5679	closed-manipulation-reduction-of-calcaneus-fracture	Closed Manipulation Reduction of Calcaneus Fracture	Zatvorena manipulativna repozicija frakture kalkaneusa
opsta-bolnica-niksic	X09100	48.75	48.75	NULL	5680	closed-manipulation-reduction-of-patellar-dislocation	Closed Manipulation Reduction of Patellar Dislocation	Zatvorena manipulativna repozicija dislokacije patele
opsta-bolnica-niksic	X09101	65.00	65.00	NULL	5681	closed-reduction-of-humerus-neck-fracture	Closed Reduction of Humerus Neck Fracture (Surgical or Anatomical)	Zatvorena repozicija frakture vrata humerusa (hirurškog ili anatomskog)
opsta-bolnica-niksic	X09102	65.00	65.00	NULL	5682	closed-manipulation-reduction-of-ulnar-diaphysis-fracture	Closed Manipulation Reduction of Ulnar Diaphysis Fracture	Zatvorena manipulativna repozicija frakture dijafize ulne
opsta-bolnica-niksic	X09103	65.00	65.00	NULL	5683	closed-manipulation-reduction-of-radius-and-ulna-diaphysis-fracture	Closed Manipulation Reduction of Radius and Ulna Diaphysis Fracture	Zatvorena manipulativna repozicija frakture dijafize radijusa i ulne
opsta-bolnica-niksic	X09111	71.50	71.50	NULL	5684	closed-manipulation-reduction-of-radial-diaphysis-fracture	Closed Manipulation Reduction of Radial Diaphysis Fracture	Zatvorena manipulativna repozicija frakture dijafize radijusa
opsta-bolnica-niksic	X09113	81.25	81.25	NULL	5685	closed-manipulation-reduction-of-humerus-diaphysis-fracture	Closed Manipulation Reduction of Humerus Diaphysis Fracture	Zatvorena manipulativna repozicija frakture dijafize humerusa
opsta-bolnica-niksic	X09114	81.25	81.25	NULL	5686	closed-manipulation-reduction-of-supracondylar-or-transcondylar-humerus-fracture	Closed Manipulation Reduction of Supracondylar or Transcondylar Humerus Fracture	Zatvorena manipulativna repozicija suprakondilarne ili transkondilarne frakture humerusa
opsta-bolnica-niksic	X09115	81.25	81.25	NULL	5687	closed-manipulation-reduction-of-proximal-tibia-fracture	Closed Manipulation Reduction of Proximal Tibia Fracture	Zatvorena manipulativna repozicija frakture proksimalnog dijela tibije
opsta-bolnica-niksic	X09116	81.25	81.25	NULL	5688	closed-manipulation-reduction-of-bimalleolar-ankle-fracture	Closed Manipulation Reduction of Bimalleolar Ankle Fracture	Zatvorena manipulativna repozicija bimaleolarne frakture gležnja
opsta-bolnica-niksic	X09117	97.50	97.50	NULL	5689	closed-manipulation-reduction-of-scaphoid-fracture	Closed Manipulation Reduction of Scaphoid Fracture	Zatvorena manipulativna repozicija frakture skafoidne kosti
opsta-bolnica-niksic	X09118	97.50	97.50	NULL	5690	closed-manipulation-reduction-of-tibia-and-fibula-diaphysis-fracture	Closed Manipulation Reduction of Tibia and Fibula Diaphysis Fracture	Zatvorena manipulativna repozicija frakture dijafize potkoljenice (tibije i fibule)
opsta-bolnica-niksic	X09127	6.50	6.50	NULL	5691	schanz-collar-application	Schanz Collar Application	Šancov okovratnik
opsta-bolnica-niksic	X09128	9.75	9.75	NULL	5692	shoulder-sling-mitella	Shoulder Sling (Mitella)	Zaštitni podizač ramena — mitela
opsta-bolnica-niksic	X09138	65.00	65.00	NULL	5693	closed-reduction-of-sacroiliac-joint-dislocation	Closed Reduction of Sacroiliac Joint or Pubic Symphysis Dislocation	Zatvorena manipulativna repozicija dislokacije sakroilijačnog zgloba ili simfize pubisa
opsta-bolnica-niksic	X09140	65.00	65.00	NULL	5694	open-or-closed-coccyx-fracture-reduction	Open or Closed Coccyx Fracture Reduction	Zatvorena ili otvorena manipulativna repozicija frakture kokcigeusa
opsta-bolnica-niksic	X09141	22.75	22.75	NULL	5695	hanging-cast-reduction	Hanging Cast Reduction	Repozicija — viseći gips
opsta-bolnica-niksic	X09142	9.75	9.75	NULL	5696	u-splint-application	U-Splint Application	U-šina
opsta-bolnica-niksic	X09143	13.00	13.00	NULL	5697	tutor-plaster-cast	Tutor Plaster Cast	Tutor gips
opsta-bolnica-niksic	X09144	16.25	16.25	NULL	5698	sarmiento-cast-reduction	Sarmiento Cast Reduction	Repozicija — Sarmiento gips
opsta-bolnica-niksic	X09145	35.75	35.75	NULL	5699	minerva-plaster-cast-reduction	Minerva Plaster Cast Reduction	Repozicija — Minerva gips
opsta-bolnica-niksic	X09146	48.75	48.75	NULL	5700	plaster-corset-reduction	Plaster Corset Reduction	Repozicija — korzet gips
opsta-bolnica-niksic	X09147	27.63	27.63	NULL	5701	plaster-brace-reduction	Plaster Brace Reduction	Repozicija — mider gips
opsta-bolnica-niksic	X09148	9.75	9.75	NULL	5702	closed-thoracobrachial-plaster-reduction	Closed Thoracobrachial Plaster Reduction	Repozicija — zatvoreni torakobrahijalni gips
opsta-bolnica-niksic	X09149	13.00	13.00	NULL	5703	thoracobrachial-splint-reduction	Thoracobrachial Splint Reduction	Repozicija — torakobrahijalna longeta
opsta-bolnica-niksic	X09150	13.00	13.00	NULL	5704	abdominal-femoral-plaster-reduction	Abdominal-Femoral Plaster Reduction	Repozicija — abdominalno-femoralni gips
opsta-bolnica-niksic	X09151	13.00	13.00	NULL	5705	lorenz-cast-reduction	Lorenz Cast Reduction	Repozicija — Lorencov gips
opsta-bolnica-niksic	X09152	19.50	19.50	NULL	5706	plaster-splint-for-hand-and-fingers	Hand and Finger Plaster Splint Reduction	Repozicija — gips longeta za šaku i prste
opsta-bolnica-niksic	X09153	19.50	19.50	NULL	5707	beller-apparatus-application	Böhler Apparatus Application	Repozicija — aplikacija Belerovog aparata
opsta-bolnica-niksic	X09154	8.13	8.13	NULL	5708	macen-bandage	Macen Bandage	Macenov zavoj
opsta-bolnica-niksic	X10001	32.50	32.50	NULL	5709	excision-of-malignant-skin-lesions-with-wound-suturing	Excision of Malignant Skin Lesions with Wound Suturing	Ekscizija malignih lezija kože sa suturom rane
opsta-bolnica-niksic	X10006	32.50	32.50	NULL	5710	nail-plate-and-matrix-excision	Nail Plate and Matrix Excision	Ekscizija nokatne ploče sa matriksom
opsta-bolnica-niksic	X10007	48.75	48.75	NULL	5711	primary-wound-care-with-electrocauterization	Primary Wound Care with Electrocauterization	Primarna obrada rane uz primjenu elektrokauterizacije
opsta-bolnica-niksic	X10008	19.50	19.50	NULL	5712	treatment-of-larger-lacerations-and-contusions	Treatment of Larger Lacerations and Contusions	Obrada većih lacerokontuznih rana
opsta-bolnica-niksic	X10014	9.75	9.75	NULL	5713	superficial-papilloma-excision	Simple Superficial Papilloma Excision	Ekscizija prostog papiloma — površnog
opsta-bolnica-niksic	X10015	9.75	9.75	NULL	5714	hemorrhoid-treatment-with-electric-destruction	Hemorrhoid Treatment by Electrocoagulation (per Session)	Liječenje hemoroida električnom destrukcijom (po seansi)
opsta-bolnica-niksic	X10019	16.25	16.25	NULL	5715	sphincterotomy	Sphincterotomy	Sfinkterotomija
opsta-bolnica-niksic	X10020	16.25	16.25	NULL	5716	simple-cryptectomy	Simple Cryptectomy	Kriptektomija — prosta
opsta-bolnica-niksic	X10021	16.25	16.25	NULL	5717	external-hemorrhoid-excision	External Hemorrhoid Excision	Ekscizija spoljašnjih hemoroidalnih čvorova
opsta-bolnica-niksic	X10022	16.25	16.25	NULL	5718	excision-of-external-thrombosed-hemorrhoids	Excision of External Thrombosed Hemorrhoids	Ekscizija spoljašnjih tromboziranih hemoroida
opsta-bolnica-niksic	X10023	16.25	16.25	NULL	5719	enucleation-or-excision-of-external-thrombosed-hemorrhoids	Enucleation or Excision of External Thrombosed Hemorrhoids	Enukleacija ili ekscizija spoljašnjih tromboziranih hemoroida
opsta-bolnica-niksic	X10024	16.25	16.25	NULL	5720	endoscopic-foreign-body-removal-from-rectum	Endoscopic Foreign Body Removal from Rectum	Vađenje stranog tijela iz rektuma endoskopskim putem
opsta-bolnica-niksic	X10026	22.75	22.75	NULL	5721	multiple-unilateral-thoracocentesis	Multiple Unilateral Thoracocentesis in Severe Chest Injuries	Torakocenteza, multiple unilateralne punkcije kod težih povreda grudnog koša
opsta-bolnica-niksic	X10028	26.00	26.00	NULL	5722	treatment-of-smaller-wounds-without-deep-structure-lesion-direct	Treatment of Smaller Wounds without Deep Structure Lesion by Direct Suture (Face, Eyelids, Nose, Lip, Ear, Hand)	Obrada manjih rana bez lezije dubokih struktura direktnom suturom na licu, očnim kapcima, nosu, usni, ušnoj školjci i šaci
opsta-bolnica-niksic	X10029	32.50	32.50	NULL	5723	premammary-deep-breast-abscess-treatment	Premammary Deep Breast Abscess Treatment	Duboki absces dojke — premamarni
opsta-bolnica-niksic	X10030	32.50	32.50	NULL	5724	multiple-bilateral-thoracocentesis	Multiple Bilateral Thoracocentesis in Severe Chest Injuries	Torakocenteza, multiple bilateralne punkcije kod težih povreda grudnog koša
opsta-bolnica-niksic	X10032	32.50	32.50	NULL	5725	subcutaneous-anal-fistulotomy-or-fistulectomy	Subcutaneous Anal Fistulotomy or Fistulectomy	Fistulotomija ili fistulektomija analne regije — subkutana
opsta-bolnica-niksic	X10033	32.50	32.50	NULL	5726	ischiorectal-abscess-incision-and-drainage	Ischiorectal Abscess Incision and Drainage	Incizija i drenaža išiorektalnog abscesa
opsta-bolnica-niksic	X10034	32.50	32.50	NULL	5727	excision-of-irregular-scars-and-defect-closure	Excision of Irregular Scars and Defect Closure by Direct Suture	Ekscizija nepravilnih ožiljaka i zatvaranje defekta direktnom suturom
opsta-bolnica-niksic	X10035	48.75	48.75	NULL	5728	pilonidal-sinus-or-cyst-excision-without-primary-suture	Pilonidal Sinus or Cyst Excision without Primary Suture	Ekscizija pilonidalnog sinusa ili ciste bez primarnog šava
opsta-bolnica-niksic	X10036	48.75	48.75	NULL	5729	retromammary-deep-breast-abscess-treatment	Retromammary Deep Breast Abscess Treatment	Duboki absces dojke — retromamarni
opsta-bolnica-niksic	X10037	48.75	48.75	NULL	5730	aspiration-drainage-of-empyema	Aspiration Drainage of Empyema	Aspiraciona drenaža grudnog koša kod empijema
opsta-bolnica-niksic	X10038	48.75	48.75	NULL	5731	treatment-of-anal-region-injuries-or-lesions-without-suture	Treatment of Anal Region Injuries or Lesions without Suture	Terapija povreda analnog predjela ili lezija anusa bez šava
opsta-bolnica-niksic	X10039	48.75	48.75	NULL	5732	treatment-of-larger-wounds-without-deep-structure-lesion	Treatment of Larger Wounds without Deep Structure Lesion	Obrada većih rana bez lezije dubokih struktura
opsta-bolnica-niksic	X10040	65.00	65.00	NULL	5733	primary-or-delayed-primary-surgical-treatment-of-burns	Primary or Delayed Primary Surgical Treatment of Burns	Primarna ili primarno odložena hirurška obrada opekotine
opsta-bolnica-niksic	X10041	81.25	81.25	NULL	5734	direct-suture-of-larger-wounds-without-deep-structure-lesion	Direct Suture of Larger Wounds without Deep Structure Lesion	Obrada većih rana bez lezije dubokih struktura — direktnom suturom
opsta-bolnica-niksic	X10042	97.50	97.50	NULL	5735	blau-chest-drainage	Bülau Chest Drainage	Drenaža grudnog koša punkcijom — Bülau drenaža
opsta-bolnica-niksic	X10043	113.75	113.75	NULL	5736	extensive-burn-surgical-treatment	Extensive Burn Surgical Treatment	Primarna ili primarno odložena hirurška obrada opekotine — opsežne
opsta-bolnica-niksic	X10044	22.75	22.75	NULL	5737	excision-and-direct-suture-of-larger-benign-scarring-lesions	Excision and Direct Suture of Larger Benign Scarring Lesions	Ekscizija i direktna sutura većih benignih lezija — ožiljnih
opsta-bolnica-niksic	X10045	9.75	9.75	NULL	5738	surgical-preparation-and-cannulation-of-peripheral-vein	Surgical Preparation and Cannulation of Peripheral Vein	Hirurška preparacija i kanuliranje periferne vene
opsta-bolnica-niksic	X10046	19.50	19.50	NULL	5739	suture-of-smaller-blood-vessels-due-to-injury	Suture of Smaller Blood Vessels Due to Injury	Šav manjih krvnih sudova zbog povrede
opsta-bolnica-niksic	X10047	81.25	81.25	NULL	5740	foreign-body-extraction-from-face	Foreign Body Extraction from Face	Ekstirpacija stranog tijela lica
opsta-bolnica-niksic	X10048	26.00	26.00	NULL	5741	hemangioma-extirpation	Hemangioma Extirpation	Ekstirpacija hemangioma
opsta-bolnica-niksic	X10049	65.00	65.00	NULL	5742	salivary-gland-duct-opening-dilatation	Salivary Gland Duct Opening Dilatation	Dilatacija otvora kanala pljuvačne žlijezde
opsta-bolnica-niksic	X10050	65.00	65.00	NULL	5743	salivary-duct-dilatation	Salivary Duct Dilatation	Dilatacija pljuvačnog kanala
opsta-bolnica-niksic	X10051	97.50	97.50	NULL	5744	salivary-gland-or-duct-incision	Salivary Gland or Duct Incision	Incizija pljuvačne žlijezde ili kanala
opsta-bolnica-niksic	X10052	81.25	81.25	NULL	5745	tongue-incision-and-drainage	Tongue Incision and Drainage	Incizija i drenaža jezika
opsta-bolnica-niksic	X10053	16.25	16.25	NULL	5746	sclerotherapy-of-smaller-hemangiomas	Sclerotherapy of Smaller Hemangiomas	Sklerozacija manjih hemangioma
opsta-bolnica-niksic	X10054	16.25	16.25	NULL	5747	surgical-treatment-of-anal-region-condylomas	Surgical Treatment of Anal Region Condylomas	Hirurško zbrinjavanje kondiloma analne regije
opsta-bolnica-niksic	X11003	16.25	16.25	NULL	5748	suprapubic-bladder-catheterization	Suprapubic Bladder Catheterization	Bešika — suprapubična kateterizacija
opsta-bolnica-niksic	X11005	6.50	6.50	NULL	5749	scrotal-abscess-incision-and-drainage	Scrotal Abscess Incision and Drainage	Skrotum — incizija i drenaža abscesa
opsta-bolnica-niksic	X11018	9.75	9.75	NULL	5750	meatotomy	Meatotomy	Meatotomija
opsta-bolnica-niksic	X11019	32.50	32.50	NULL	5751	testicular-or-epididymal-biopsy	Testicular or Epididymal Biopsy	Biopsija testisa ili epididima
opsta-bolnica-niksic	X11021	6.50	6.50	NULL	5752	aspiration-of-hydrocele-funiculocele-spermatocele-or-scrotal-abscess	Aspiration of Hydrocele, Funiculocele, Spermatocele or Scrotal Abscess	Punkcija i evakuacija sadržaja hidrocele, funikulocele, spermatocele ili abscesa skrotuma
opsta-bolnica-niksic	X11022	9.75	9.75	NULL	5753	penile-induration-plastic-cocktail-injection	Penile Induration Plastic (Cocktail Injection)	Induratio penis plastica — koktel
opsta-bolnica-niksic	X11023	9.75	9.75	NULL	5754	epididymal-abscess-drainage	Epididymal Abscess Drainage	Drenaža abscesa epididima
opsta-bolnica-niksic	X11024	22.75	22.75	NULL	5755	ureteral-or-jj-stent-placement	Ureteral or JJ Stent Placement	Plasiranje ureteralne sonde ili JJ sonde
opsta-bolnica-niksic	X11025	22.75	22.75	NULL	5756	retrograde-ureteropyelography-in-females	Retrograde Ureteropyelography in Females	Ureteropijelografija retrogradna kod žene
opsta-bolnica-niksic	X11026	26.00	26.00	NULL	5757	ureteral-catheterization-in-females	Ureteral Catheterization in Females	Kateterizacija uretera kod žene
opsta-bolnica-niksic	X11027	26.00	26.00	NULL	5758	ureteral-sonde-placement-for-drainage-or-pelvic-lavage	Ureteral Sonde Placement for Drainage or Pelvic Lavage	Stavljanje ureteralne sonde radi drenaže ili lavaže pelvisa
opsta-bolnica-niksic	X11028	26.00	26.00	NULL	5759	retrograde-ureteropyelography-in-males-and-children	Retrograde Ureteropyelography in Males and Children	Ureteropijelografija retrogradna kod muškaraca i djece
opsta-bolnica-niksic	X11029	29.25	29.25	NULL	5760	ureteral-catheterization-in-males-and-children	Ureteral Catheterization in Males and Children	Kateterizacija uretera kod muškaraca i djece
opsta-bolnica-niksic	X11030	32.50	32.50	NULL	5761	external-urethrotomy-of-anterior-urethra	External Urethrotomy of Anterior Urethra	Uretrotomija eksterna — prednja uretra
opsta-bolnica-niksic	X11031	32.50	32.50	NULL	5762	excision-of-small-benign-urethral-tumors	Excision of Small Benign Urethral Tumors	Ekscizija malih benignih tumora uretre (čvorića)
opsta-bolnica-niksic	X11032	32.50	32.50	NULL	5763	distal-urethral-polyp-excision	Distal Urethral Polyp Excision	Ekscizija polipa uretre u distalnom dijelu
opsta-bolnica-niksic	X11033	32.50	32.50	NULL	5764	urethral-stricture-dilatation	Urethral Stricture Dilatation	Dilatacija strikture uretre
opsta-bolnica-niksic	X11034	32.50	32.50	NULL	5765	epididymal-exploration-with-or-without-biopsy	Epididymal Exploration with or without Biopsy	Eksploracija epididima sa ili bez biopsije
opsta-bolnica-niksic	X11035	48.75	48.75	NULL	5766	drainage-and-resection-for-periurethral-phlegmon-or-penile-gangrene	Drainage and Resection for Periurethral Phlegmon or Penile Gangrene	Drenaža i resekcija kod periuretralne flegmone ili gangrene penisa
opsta-bolnica-niksic	X11036	48.75	48.75	NULL	5767	drainage-of-uncomplicated-periurethral-urinary-extravasation	Drainage of Uncomplicated Periurethral Urinary Extravasation	Drenaža nekomplikovane periuretralne urinarne ekstravazacije
opsta-bolnica-niksic	X11037	48.75	48.75	NULL	5768	renal-cyst-puncture	Renal Cyst Puncture	Punkcija ciste bubrega
opsta-bolnica-niksic	X11038	48.75	48.75	NULL	5769	nephrostomy-change	Nephrostomy Change	Promjena nefrostomije
opsta-bolnica-niksic	X11039	58.50	58.50	NULL	5770	exploratory-ureterorenoscopy-semi-rigid-or-flexible	Exploratory Ureterorenoscopy (Semi-Rigid or Flexible)	Ureterorenoskopija eksplorativa — semirigidna ili fleksibilna
opsta-bolnica-niksic	X11041	65.00	65.00	NULL	5771	drainage-of-complicated-periurethral-urinary-extravasation	Drainage of Complicated Periurethral Urinary Extravasation	Drenaža komplikovane periuretralne urinarne ekstravazacije
opsta-bolnica-niksic	X11042	71.50	71.50	NULL	5772	cystoscopy-with-urethral-meatotomy-in-males	Cystoscopy with Urethral Meatotomy in Males	Cistoskopija sa uretralnom meatotomijom kod muškaraca
opsta-bolnica-niksic	X11043	81.25	81.25	NULL	5773	endoscopic-treatment-of-smaller-lesion-up-to-05-cm	Endoscopic Treatment of Smaller Lesion (up to 0.5 cm)	Endoskopsko tretiranje manje lezije — do 0,5 cm
opsta-bolnica-niksic	X11045	113.75	113.75	NULL	5774	cystostomy-placement	Cystostomy Placement	Cistostomija i plasiranje cistostome
opsta-bolnica-niksic	X11046	45.50	45.50	NULL	5775	transrectal-prostate-echosonography	Transrectal Prostate Echosonography	Transrektalna ehosonografija prostate
opsta-bolnica-niksic	X11047	9.75	9.75	NULL	5776	preputial-incision-and-frenulotomy	Preputial Incision and Frenulotomy	Incizija prepucija i frenulotomija
opsta-bolnica-niksic	X11048	9.75	9.75	NULL	5777	foreign-body-extraction-from-mid-urethra	Foreign Body Extraction from Mid-Urethra	Ekstrakcija stranog tijela srednje uretre
opsta-bolnica-niksic	X11049	9.75	9.75	NULL	5778	penile-biopsy	Penile Biopsy	Biopsija penisa
opsta-bolnica-niksic	X11050	16.25	16.25	NULL	5779	smaller-female-urethral-polyp-ablation	Smaller Female Urethral Polyp Ablation	Ablacija manjeg polipa iz uretre kod žene
opsta-bolnica-niksic	X11051	16.25	16.25	NULL	5780	perirenal-insufflation	Perirenal Insufflation	Perirenalna insuflacija
opsta-bolnica-niksic	X11052	19.50	19.50	NULL	5781	cystoscopy-with-biopsy-in-females	Cystoscopy with Biopsy in Females	Cistoskopija sa biopsijom kod žena
opsta-bolnica-niksic	X11053	22.75	22.75	NULL	5782	cystoscopy-with-biopsy-in-males-or-children	Cystoscopy with Biopsy in Males or Children	Cistoskopija sa biopsijom kod muškarca ili djeteta
opsta-bolnica-niksic	X11054	26.00	26.00	NULL	5783	bilateral-retrograde-ureteropyelography-in-females	Bilateral Retrograde Ureteropyelography in Females	Ureteropijelografija retrogradna bilateralna kod žene
opsta-bolnica-niksic	X11055	26.00	26.00	NULL	5784	bladder-tumor-cauterization-in-females	Bladder Tumor Cauterization in Females	Kauterizacija tumora mokraćne bešike kod žene
opsta-bolnica-niksic	X11056	29.25	29.25	NULL	5785	bilateral-retrograde-ureteropyelography-in-males-or-children	Bilateral Retrograde Ureteropyelography in Males or Children	Ureteropijelografija retrogradna bilateralna kod muškaraca ili djece
opsta-bolnica-niksic	X11057	32.50	32.50	NULL	5786	intravesical-drug-instillation	Intravesical Drug Instillation	Intravezikalna instilacija medikamenata
opsta-bolnica-niksic	X11058	32.50	32.50	NULL	5787	bladder-tumor-cauterization-in-males-or-children	Bladder Tumor Cauterization in Males or Children	Kauterizacija tumora mokraćne bešike kod muškarca ili djeteta
opsta-bolnica-niksic	X11059	32.50	32.50	NULL	5788	papilloma-electrocoagulation	Papilloma Electrocoagulation	Elektrokoagulacija papiloma
opsta-bolnica-niksic	X11060	52.00	52.00	NULL	5789	foreign-body-or-stone-extraction-from-bladderureter-procedure-a	Foreign Body or Stone Extraction from Bladder/Ureter (Procedure A)	Ekstrakcija stranog tijela iz bešike ili kamena iz uretera — procedura A
opsta-bolnica-niksic	X11061	58.50	58.50	NULL	5790	foreign-body-or-stone-extraction-from-bladderureter-procedure-b	Foreign Body or Stone Extraction from Bladder/Ureter (Procedure B)	Ekstrakcija stranog tijela iz bešike ili kamena iz uretera — procedura B
opsta-bolnica-niksic	X11062	65.00	65.00	NULL	5791	cystoscopy-with-ureteral-meatotomy-in-females	Cystoscopy with Ureteral Meatotomy in Females	Cistoskopija sa ureteralnom meatotomijom kod žene
opsta-bolnica-niksic	X11063	78.00	78.00	NULL	5792	endoscopic-therapy-of-lower-ureter-cystic-dilatation-procedure-a	Endoscopic Therapy of Lower Ureter Cystic Dilatation (Procedure A)	Endoskopska terapija cistične dilatacije donjeg dijela uretera — procedura A
opsta-bolnica-niksic	X11064	84.50	84.50	NULL	5793	endoscopic-therapy-of-lower-ureter-cystic-dilatation-procedure-b	Endoscopic Therapy of Lower Ureter Cystic Dilatation (Procedure B)	Endoskopska terapija cistične dilatacije donjeg dijela uretera — procedura B
opsta-bolnica-niksic	X11065	97.50	97.50	NULL	5794	endoscopic-high-frequency-therapy-of-bladder-tumor-procedure-a	Endoscopic High-Frequency Therapy of Bladder Tumor (Procedure A)	Endoskopska terapija tumora bešike visokofrekventnim strujama — procedura A
opsta-bolnica-niksic	X11066	104.00	104.00	NULL	5795	endoscopic-high-frequency-therapy-of-bladder-tumor-procedure-b	Endoscopic High-Frequency Therapy of Bladder Tumor (Procedure B)	Endoskopska terapija tumora bešike visokofrekventnim strujama — procedura B
opsta-bolnica-niksic	X11067	65.00	65.00	NULL	5796	bladder-stone-lithotripsy	Bladder Stone Lithotripsy	Litotripsija kamena mokraćne bešike
opsta-bolnica-niksic	X11068	65.00	65.00	NULL	5797	instrumental-bladder-stone-lithotripsy	Instrumental Bladder Stone Lithotripsy	Instrumentalna litotripsija kamena mokraćne bešike
opsta-bolnica-niksic	X11069	19.50	19.50	NULL	5798	cavernosography	Cavernosography	Kavernozografija
opsta-bolnica-niksic	X11070	16.25	16.25	NULL	5799	urethroscopy	Urethroscopy	Uretroskopija
opsta-bolnica-niksic	X11071	19.50	19.50	NULL	5800	prosthetic-material-removal	Prosthetic Material Removal	Vađenje protetskog materijala
opsta-bolnica-niksic	X12027	19.90	19.90	NULL	5802	therapeutic-venipuncture	Therapeutic Venipuncture	Terapijske venepunkcije
opsta-bolnica-niksic	X12028	14.01	14.01	NULL	5803	autologous-transfusion	Autologous Transfusion	Autologna transfuzija
opsta-bolnica-niksic	X12033	11.72	11.72	NULL	5804	venipuncture	Venipuncture	Venepunkcija
opsta-bolnica-niksic	X12036	13.85	13.85	NULL	5805	blood-bag-issuance	Blood Bag Issuance	Izdavanje jedinice (kesa)
opsta-bolnica-niksic	X12037	10.55	10.55	NULL	5806	blood-leukocyte-reduction	Blood Leukocyte Reduction	Deleukocitovanje krvi
opsta-bolnica-niksic	X12038	50.40	50.40	NULL	5807	cryoprecipitate-preparation	Cryoprecipitate Preparation	Priprema krioprecipitata
opsta-bolnica-niksic	X12042	33.35	33.35	NULL	5808	standard-platelet-concentrate-preparation-from-whole-blood-prp	Standard Platelet Concentrate Preparation from Whole Blood (PRP)	Priprema standardnog trombocitnog koncentrata iz jedinice cijele krvi (PRP)
opsta-bolnica-niksic	X12043	26.98	26.98	NULL	5809	leuko-platelet-concentrate-bag	Leuko-Platelet Concentrate (Bag)	Leuko-trombocitni koncentrat (kesa)
opsta-bolnica-niksic	X12060	33.35	33.35	NULL	5810	plasma-separation	Plasma Separation	Izdvajanje plazme
opsta-bolnica-niksic	X12061	26.98	26.98	NULL	5811	pooled-platelet-preparation	Pooled Platelet Preparation	Pripremanje pula trombocita
opsta-bolnica-niksic	X12062	33.35	33.35	NULL	5812	plasma-reduced-erythrocyte-preparation	Plasma-Reduced Erythrocyte Preparation	Priprema deplazmatizovanih eritrocita
opsta-bolnica-niksic	X12063	33.35	33.35	NULL	5813	erythrocyte-suspension-in-oas-preparation	Erythrocyte Preparation in Additive Solution (OAS)	Priprema eritrocita u OAS-u
opsta-bolnica-niksic	X12064	33.35	33.35	NULL	5814	washed-erythrocyte-preparation	Washed Erythrocyte Preparation	Priprema opranih eritrocita
opsta-bolnica-niksic	X12065	33.35	33.35	NULL	5815	filtered-erythrocyte-preparation	Filtered Erythrocyte Preparation	Priprema filtriranih eritrocita
opsta-bolnica-niksic	X12066	33.35	33.35	NULL	5816	pediatric-erythrocyte-dose-preparation	Pediatric Erythrocyte Dose Preparation	Priprema dječijih doza eritrocita
opsta-bolnica-niksic	X13001	60.55	60.55	NULL	5817	donor-cytapheresis	Donor Cytapheresis	Donorska citafereza
opsta-bolnica-niksic	X13002	93.95	93.95	NULL	5818	donor-plasmapheresis	Donor Plasmapheresis	Donorska plazmafereza
opsta-bolnica-niksic	X13003	93.95	93.95	NULL	5819	therapeutic-plasmapheresis	Therapeutic Plasmapheresis	Terapijska plazmafereza
opsta-bolnica-niksic	X13004	60.55	60.55	NULL	5820	therapeutic-cytapheresis	Therapeutic Cytapheresis	Terapijska citafereza
opsta-bolnica-niksic	X14004	32.50	32.50	NULL	5821	ergocycle-stress-test-with-complete-ecg	Ergocycle Stress Test with Complete ECG	Test opterećenja na ergociklu sa kompletnim EKG snimkom
opsta-bolnica-niksic	X14006	48.75	48.75	NULL	5822	pharmacological-test-for-ischemia-or-myocardial-viability	Pharmacological Test for Ischemia or Myocardial Viability	Farmakološki testovi za procjenu ishemije i/ili vijabilnosti miokarda
opsta-bolnica-niksic	X14007	14.63	14.63	NULL	5823	cardiac-telemetry	Cardiac Telemetry	Telemetrija srca
opsta-bolnica-niksic	X15001	16.25	16.25	NULL	5824	spinal-anesthesiaanalgesia	Spinal Anesthesia/Analgesia	Spinalna anestezija/analgezija
opsta-bolnica-niksic	X15002	19.50	19.50	NULL	5825	central-nerve-block-for-surgical-interventions	Central Nerve Block for Surgical Interventions	Centralni nervni blokovi za izvođenje hirurških intervencija
opsta-bolnica-niksic	X15005	32.50	32.50	NULL	5826	electric-cardioversion	Electric Cardioversion	Konverzija ritma elektrošokom
opsta-bolnica-niksic	X15006	16.25	16.25	NULL	5827	central-venous-catheter-placement	Central Venous Catheter Placement	Plasiranje centralnog venskog katetera
opsta-bolnica-niksic	X15007	9.75	9.75	NULL	5828	sedation-and-anesthesia-for-ambulatory-surgery	Sedation and Anesthesia for Ambulatory Surgery	Sedacija i anestezija za izvođenje ambulantnih hirurških intervencija
opsta-bolnica-niksic	X15008	3.25	3.25	NULL	5829	single-point-pharmacopuncture	Single-Point Pharmacopuncture	Aplikacija u jednoj tački — farmakopunktura
opsta-bolnica-niksic	X15009	6.50	6.50	NULL	5830	intercostal-nerve-block	Intercostal Nerve Block	Blokada interkostalnih nerava
opsta-bolnica-niksic	X15010	6.50	6.50	NULL	5831	other-peripheral-nerve-block	Other Peripheral Nerve Block	Blokada drugih perifernih živaca
opsta-bolnica-niksic	X15011	9.75	9.75	NULL	5832	lumbar-sacral-or-coccygeal-block	Lumbar, Sacral or Coccygeal Block	Lumbalna, sakralna i kokcigealna blokada
opsta-bolnica-niksic	X15012	9.75	9.75	NULL	5833	pudendal-block	Pudendal Block	Pudendalna blokada
opsta-bolnica-niksic	X15013	9.75	9.75	NULL	5834	ilioinguinal-or-iliohypogastric-block	Ilioinguinal or Iliohypogastric Block	Ilioingvinalna ili iliohipogastrična blokada
opsta-bolnica-niksic	X15014	9.75	9.75	NULL	5835	sciatic-nerve-block	Sciatic Nerve Block	Blokada išijadičnog nerva
opsta-bolnica-niksic	X15015	9.75	9.75	NULL	5836	brachial-plexus-block	Brachial Plexus Block	Blokada brahijalnog pleksusa
opsta-bolnica-niksic	X15016	16.25	16.25	NULL	5837	vima-volatile-induction-and-maintenance-anesthesia	VIMA (Volatile Induction and Maintenance Anesthesia)	VIMA — uvod i održavanje inhalacionom anestezijom
opsta-bolnica-niksic	X15017	19.50	19.50	NULL	5838	cardiopulmonary-cerebral-resuscitation	Cardiopulmonary Cerebral Resuscitation	Kardiopulmonalno-cerebralna reanimacija
opsta-bolnica-niksic	X15018	26.00	26.00	NULL	5839	treatment-of-patients-with-respiratory-insufficiency	Treatment of Patients with Respiratory Insufficiency	Tretiranje bolesnika koji imaju respiratornu insuficijenciju
opsta-bolnica-niksic	X15019	26.00	26.00	NULL	5840	continuous-epidural-anesthesiaanalgesia	Continuous Epidural Anesthesia/Analgesia	Kontinuirana epiduralna anestezija/analgezija
opsta-bolnica-niksic	X15020	32.50	32.50	NULL	5841	laryngeal-mask-placement	Laryngeal Mask Placement	Plasiranje laringealne maske
opsta-bolnica-niksic	X15021	16.25	16.25	NULL	5842	iv-regional-anesthesia	IV Regional Anesthesia	IV regionalna anestezija
opsta-bolnica-niksic	X15023	19.50	19.50	NULL	5843	tiva-total-intravenous-anesthesia	TIVA (Total Intravenous Anesthesia)	TIVA — totalna intravenozna anestezija
opsta-bolnica-niksic	X15025	32.50	32.50	NULL	5844	combined-spinal-and-epidural-anesthesia	Combined Spinal and Epidural Anesthesia	Kombinovana spinalna i epiduralna anestezija
opsta-bolnica-niksic	X15026	13.00	13.00	NULL	5845	caudal-anesthesiaanalgesia	Caudal Anesthesia/Analgesia	Kaudalna anestezija/analgezija
opsta-bolnica-niksic	X15027	19.50	19.50	NULL	5846	continuous-peripheral-nerve-block	Continuous Peripheral Nerve Block	Kontinuirani periferni blok
opsta-bolnica-niksic	X15028	9.75	9.75	NULL	5847	arterial-catheter-placement	Arterial Catheter Placement	Postavljanje arterijskog katetera
opsta-bolnica-niksic	X15029	9.75	9.75	NULL	5848	epidural-catheter-placement	Epidural Catheter Placement	Postavljanje epiduralnog katetera
opsta-bolnica-niksic	X16001	3.25	3.25	NULL	5849	newborn-vaccination	Newborn Vaccination	Vakcinacija novorođenčeta
opsta-bolnica-niksic	X16003	1.63	1.63	NULL	5850	nasal-cavity-care-with-secretion-aspiration	Nasal Cavity Care with Secretion Aspiration	Toaleta nosa i nosne duplje sa evakuacijom sekreta
opsta-bolnica-niksic	X16006	1.63	1.63	NULL	5851	umbilical-granuloma-cauterization	Umbilical Granuloma Cauterization	Lapisiranje granuloma pupka
opsta-bolnica-niksic	X16007	1.63	1.63	NULL	5852	newborn-skin-care	Newborn Skin Care	Obrada kože novorođenčeta
opsta-bolnica-niksic	X16009	1.63	1.63	NULL	5853	secretion-aspiration-in-infants-and-young-children	Secretion Aspiration in Infants and Young Children	Aspiriranje sekreta kod dojenčadi i male djece
opsta-bolnica-niksic	X17001	13.00	13.00	NULL	5854	helium-dilution-pulmonary-function-test	Helium Dilution Pulmonary Function Test	Testovi funkcije disanja — dilucijska metoda sa helijom
opsta-bolnica-niksic	X17002	13.00	13.00	NULL	5855	pediatric-flow-volume-curve	Pediatric Flow-Volume Curve	Testovi funkcije disanja djeteta — krivulja protok-volumen
opsta-bolnica-niksic	X17003	19.50	19.50	NULL	5856	lung-compliance-test	Lung Compliance Test	Testovi funkcije disanja — komplijansa pluća
opsta-bolnica-niksic	X17004	16.25	16.25	NULL	5857	single-breath-test	Single-Breath Test	Testovi funkcije disanja — test jednokratnog udaha
opsta-bolnica-niksic	X17005	16.25	16.25	NULL	5858	multiple-breath-test	Multiple-Breath Test	Testovi funkcije disanja — test višekratnog udaha
opsta-bolnica-niksic	X17007	6.50	6.50	NULL	5859	arterial-alveolar-co2-gradient-test	Arterial-Alveolar CO2 Gradient Test	Test arterijsko-alveolarnog gradijenta CO2
opsta-bolnica-niksic	X17008	58.50	58.50	NULL	5860	transbronchial-puncture	Transbronchial Puncture	Transbronhijalna punkcija
opsta-bolnica-niksic	X18002	22.75	22.75	NULL	5861	closing-volume-test	Closing Volume Test	Volumen zatvaranja (closing volume)
opsta-bolnica-niksic	X18003	26.00	26.00	NULL	5862	alveolar-ventilation-homogeneity-test	Alveolar Ventilation Homogeneity Test	Test za homogenost alveolarne ventilacije
opsta-bolnica-niksic	X18005	9.75	9.75	NULL	5863	lung-transfer-factor	Lung Transfer Factor	Transfer faktor pluća
opsta-bolnica-niksic	X18006	19.50	19.50	NULL	5864	pulmonary-permeability-test	Pulmonary Permeability Test	Test plućne propustljivosti
opsta-bolnica-niksic	X19001	3.25	3.25	NULL	5865	dynamic-pituitary-function-tests	Dynamic Pituitary Function Tests	Izvođenje dinamskih testova hipotalamus-hipofiza
opsta-bolnica-niksic	X19002	3.25	3.25	NULL	5866	dynamic-adrenal-function-tests	Dynamic Adrenal Function Tests	Izvođenje dinamskih testova za ispitivanje nadbubrežnih žlijezda
opsta-bolnica-niksic	X19003	3.25	3.25	NULL	5867	female-reproductive-system-function-and-structure-assessment	Female Reproductive System Function and Structure Assessment	Ispitivanje funkcije i građe ženskog reproduktivnog sistema
opsta-bolnica-niksic	X19004	3.25	3.25	NULL	5868	male-reproductive-system-function-and-structure-assessment	Male Reproductive System Function and Structure Assessment	Ispitivanje funkcije i građe muškog reproduktivnog sistema
opsta-bolnica-niksic	X19005	3.25	3.25	NULL	5869	endocrine-pancreas-investigation	Endocrine Pancreas Investigation	Ispitivanje endokrinog pankreasa
opsta-bolnica-niksic	X19006	16.25	16.25	NULL	5870	insulin-therapy-administration	Insulin Therapy Administration	Davanje insulinske terapije
opsta-bolnica-niksic	X20001	139.20	139.20	NULL	5871	ercp-duodenoscopy-with-vater-papilla-cannulation	ERCP (Duodenoscopy with Vater Papilla Cannulation)	ERCP — duodenoskopija sa kanulacijom papile Vateri
opsta-bolnica-niksic	X20002	218.13	218.13	NULL	5872	ercp-with-endoscopic-papillotomy	ERCP with Endoscopic Papillotomy	ERCP sa endoskopskom papilotomijom
opsta-bolnica-niksic	X20003	261.75	261.75	NULL	5873	ercp-with-stone-extraction	ERCP with Stone Extraction	ERCP sa ekstrakcijom kalkulusa
opsta-bolnica-niksic	X20004	261.75	261.75	NULL	5874	ercp-with-plastic-stent-placement	ERCP with Plastic Stent Placement	ERCP sa plasiranjem plastičnog stenta
opsta-bolnica-niksic	X23001	48.75	48.75	NULL	5875	arteriovenous-fistula-for-hemodialysis	Arteriovenous Fistula for Hemodialysis	Arteriovenska fistula za hemodijalizu
opsta-bolnica-niksic	X23002	26.00	26.00	NULL	5876	electron-microscopy-of-blood-vessel-with-specimen-preparation	Electron Microscopy of Blood Vessel with Specimen Preparation	Elektronska mikroskopija krvnog suda sa uzimanjem materijala, izradom preparata, fotografisanjem
opsta-bolnica-niksic	X23003	26.00	26.00	NULL	5877	direct-immunofluorescence-microscopy-of-blood-vessel	Direct Immunofluorescence Microscopy of Blood Vessel	Direktna imunofluorescentna mikroskopija krvnog suda
opsta-bolnica-niksic	X23004	26.00	26.00	NULL	5878	indirect-immunofluorescence-microscopy-of-blood-vessel-ana-ama	Indirect Immunofluorescence Microscopy of Blood Vessel (ANA, AMA)	Indirektna imunofluorescentna mikroskopija krvnog suda (ANA i AMA)
opsta-bolnica-niksic	X24001	19.50	19.50	NULL	5879	transthoracic-lung-biopsy	Transthoracic Lung Biopsy	Transtorakalna biopsija pluća
opsta-bolnica-niksic	X24002	81.25	81.25	NULL	5880	thoracoscopic-lung-biopsy	Thoracoscopic Lung Biopsy	Torakoskopska biopsija pluća
opsta-bolnica-niksic	X24003	6.50	6.50	NULL	5881	chest-wall-incision-and-biopsy	Chest Wall Incision and Biopsy	Incizija i biopsija zida grudnog koša
opsta-bolnica-niksic	X24004	19.50	19.50	NULL	5882	pleural-biopsy	Pleural Biopsy	Biopsija pleure
opsta-bolnica-niksic	X24005	81.25	81.25	NULL	5883	endoscopic-pleural-biopsy	Endoscopic Pleural Biopsy	Endoskopska biopsija pleure
opsta-bolnica-niksic	X26001	48.75	48.75	NULL	5884	electroretinography	Electroretinography	Elektroretinografija
opsta-bolnica-niksic	X26002	130.00	130.00	NULL	5885	intravitreal-drug-application	Intravitreal Drug Injection	Intravitrealna aplikacija lijeka
opsta-bolnica-niksic	X27001	52.00	52.00	NULL	5886	treatment-of-head-lacerations-and-minor-skull-depression-fractures	Treatment of Head Lacerations and Minor Skull Depression Fractures	Obrada laceracionih rana na glavi i manjih depresivnih fraktura kostiju glave
opsta-bolnica-niksic	X27002	65.00	65.00	NULL	5887	nerve-suture-or-marking-without-operating-microscope	Nerve Suture or Marking (without Operating Microscope)	Šav ili markiranje nerava — bez upotrebe operativnog mikroskopa
opsta-bolnica-niksic	X27003	55.25	55.25	NULL	5888	crutchfield-cervical-spine-traction	Crutchfield Cervical Spine Traction	Ekstenzija cervikalne kičme po Krečfildu
opsta-bolnica-niksic	X27004	65.00	65.00	NULL	5889	direct-neurorrhaphy	Direct Neurorrhaphy	Direktna neurorafija
opsta-bolnica-niksic	X27005	9.75	9.75	NULL	5890	muscle-biopsy	Muscle Biopsy	Biopsija mišića
opsta-bolnica-niksic	X27006	26.00	26.00	NULL	5891	peripheral-nerve-biopsy	Peripheral Nerve Biopsy	Biopsija perifernog nerva
opsta-bolnica-niksic	X27007	48.75	48.75	NULL	5892	epicranial-hematoma-removal	Epicranial Hematoma Removal	Uklanjanje epikranijalnog hematoma
opsta-bolnica-niksic	X34001	9.75	9.75	NULL	5893	first-oncologist-examination	First Oncologist Examination	Prvi pregled — onkolog
opsta-bolnica-niksic	X34002	3.25	3.25	NULL	5894	follow-up-oncologist-examination	Follow-up Oncologist Examination	Kontrolni pregled — onkolog
opsta-bolnica-niksic	X34003	16.25	16.25	NULL	5895	chemotherapy-application	Chemotherapy Application	Aplikacija hemoterapije
opsta-bolnica-niksic	D01001	195.00	195.00	NULL	5899	vaginal-plasty-anterior-and-posterior-repair	Vaginal Plasty (Anterior and Posterior Repair)	Korektivne operacije — vaginalna plastika (prednja i zadnja)
opsta-bolnica-niksic	D01002	113.75	113.75	NULL	5900	total-unilateral-salpingectomy-open	Total Unilateral Salpingectomy (Open)	Totalna jednostrana salpingektomija — klasična
opsta-bolnica-niksic	D01003	162.50	162.50	NULL	5901	total-bilateral-salpingectomy-open	Total Bilateral Salpingectomy (Open)	Totalna obostrana salpingektomija — klasična
opsta-bolnica-niksic	D01004	130.00	130.00	NULL	5902	tubal-resection-stomatoplasty-unilateral	Tubal Resection (Stomatoplasty) Unilateral	Resekcija tube (stomatoplastika) — jednostrano
opsta-bolnica-niksic	D01005	115.38	115.38	NULL	5903	ovarian-cyst-excision-resection	Ovarian Cyst Excision (Resection)	Ekstirpacija ciste jajnika — resekcija
opsta-bolnica-niksic	D01006	162.50	162.50	NULL	5904	bilateral-adnexectomy	Bilateral Adnexectomy	Adneksektomija obostrana
opsta-bolnica-niksic	D01008	422.50	422.50	NULL	5905	total-abdominal-hysterectomy-with-adnexectomy	Total Abdominal Hysterectomy with Adnexectomy	Totalna abdominalna histerektomija sa obostranom ili jednostranom adneksektomijom
opsta-bolnica-niksic	D01009	48.75	48.75	NULL	5906	sturmdorf-cervical-conization	Sturmdorf Cervical Conization	Klasična konizacija cerviksa po Sturmdorfu
opsta-bolnica-niksic	D01010	48.75	48.75	NULL	5907	vaginal-myomectomy	Vaginal Myomectomy	Miomektomija vaginalnim putem
opsta-bolnica-niksic	D01012	487.50	487.50	NULL	5908	cesarean-section-with-subtotal-or-total-hysterectomy	Cesarean Section with Subtotal or Total Hysterectomy	Carski rez sa subtotalnom ili totalnom histerektomijom
opsta-bolnica-niksic	D01013	390.00	390.00	NULL	5909	postpartum-abdominal-hysterectomy-for-atonic-bleeding	Postpartum Abdominal Hysterectomy for Atonic Bleeding	Abdominalna histerektomija postpartum kod atoničnog krvavljenja
opsta-bolnica-niksic	D01024	113.75	113.75	NULL	5910	colpocleisis	Colpocleisis	Kolpokleiza
opsta-bolnica-niksic	D01025	97.50	97.50	NULL	5911	unilateral-oophorectomy	Unilateral Oophorectomy	Jednostrana ovariektomija
opsta-bolnica-niksic	D01026	146.25	146.25	NULL	5912	bilateral-oophorectomy	Bilateral Oophorectomy	Obostrana ovariektomija
opsta-bolnica-niksic	D01027	113.75	113.75	NULL	5913	unilateral-adnexectomy	Unilateral Adnexectomy	Jednostrana adneksektomija
opsta-bolnica-niksic	D01028	195.00	195.00	NULL	5914	hysterorrhaphy-suturing-of-non-obstetric-uterine-ruptures	Hysterorrhaphy: Suturing of Non-Obstetric Uterine Ruptures	Histerorafija: sutura ruptura uterusa (ne akušerskih)
opsta-bolnica-niksic	D01029	325.00	325.00	NULL	5915	intraligamentary-cyst-extirpation	Intraligamentary Cyst Extirpation	Ekstirpacija intraligamentarne ciste
opsta-bolnica-niksic	D01032	65.00	65.00	NULL	5916	hysteroscopic-adhesiolysis	Hysteroscopic Adhesiolysis	Histeroskopska adhezioliza
opsta-bolnica-niksic	D01033	97.50	97.50	NULL	5917	laparoscopic-pelvic-exploration	Laparoscopic Pelvic Exploration	Laparoskopska eksploracija male karlice
opsta-bolnica-niksic	D01034	113.75	113.75	NULL	5918	abdominal-sterilization	Abdominal Sterilization	Sterilisatio abdominalis
opsta-bolnica-niksic	D01038	113.75	113.75	NULL	5919	ovarian-drilling	Ovarian Drilling	Ovarijalni driling
opsta-bolnica-niksic	D01040	146.25	146.25	NULL	5920	laparoscopic-ovarian-resection	Laparoscopic Ovarian Resection	Laparoskopska resekcija ovarijuma
opsta-bolnica-niksic	D01041	146.25	146.25	NULL	5921	laparoscopic-unilateral-ovarian-cystectomy	Laparoscopic Unilateral Ovarian Cystectomy	Laparoskopska cistektomija ovarijuma — jednostrana
opsta-bolnica-niksic	D01042	162.50	162.50	NULL	5922	laparoscopic-adnexolysis-ovary-and-tube	Laparoscopic Adnexolysis (Ovary and Tube)	Oslobađanje adhezija jajnika i tube
opsta-bolnica-niksic	D01043	162.50	162.50	NULL	5923	laparoscopic-bilateral-ovarian-cystectomy	Laparoscopic Bilateral Ovarian Cystectomy	Laparoskopska cistektomija ovarijuma — obostrana
opsta-bolnica-niksic	D01045	195.00	195.00	NULL	5924	marshall-marchetti-suprapubic-urethral-suspension	Marshall-Marchetti Suprapubic Urethral Suspension	Suprapubična suspenzija uretre (Marshall-Marchetti metoda)
opsta-bolnica-niksic	D01046	195.00	195.00	NULL	5925	laparoscopic-tubal-corrective-surgery	Laparoscopic Tubal Corrective Surgery	Endoskopska (laparoskopska) korektivna operacija tube — salpingektomija kornu
opsta-bolnica-niksic	D01048	325.00	325.00	NULL	5926	laparoscopic-myomectomy-variant	Laparoscopic Myomectomy (Variant)	Laparoskopska miomektomija — opsežna
opsta-bolnica-niksic	D01051	32.50	32.50	NULL	5927	cervical-cerclage	Cervical Cerclage	Serklaž (cerclage)
opsta-bolnica-niksic	D01052	162.50	162.50	NULL	5928	cesarean-section-sectio-caesarea-parva	Cesarean Section Sectio Caesarea Parva	Sectio caesarea parva
opsta-bolnica-niksic	D01053	325.00	325.00	NULL	5929	low-isthmic-cesarean-section-with-delivery	Low Isthmic Cesarean Section with Delivery	Niski isthmični carski rez (sa vođenjem porođaja)
opsta-bolnica-niksic	D01055	97.50	97.50	NULL	5930	trachelectomy	Trachelectomy	Trachelectomia
opsta-bolnica-niksic	D01057	146.25	146.25	NULL	5931	abdominal-wall-plasty	Abdominal Wall Plasty	Plastika trbušnog zida
opsta-bolnica-niksic	D01058	260.00	260.00	NULL	5932	cyst-marsupialization	Cyst Marsupialization	Marsupijalizacija ciste
opsta-bolnica-niksic	D01059	260.00	260.00	NULL	5933	hysteropexy-with-round-ligament-shortening	Hysteropexy with Round Ligament Shortening	Histeropekcija sa skraćivanjem oblih veza (lig. rotunda)
opsta-bolnica-niksic	D01060	357.50	357.50	NULL	5934	supracervical-or-subtotal-hysterectomy	Supracervical or Subtotal Hysterectomy	Supracervikalna histerektomija — subtotalna
opsta-bolnica-niksic	D01062	195.00	195.00	NULL	5935	bilateral-tubal-resection-stomatoplasty	Bilateral Tubal Resection (Stomatoplasty)	Resekcija tube (stomatoplastika) — obostrano
opsta-bolnica-niksic	D01063	260.00	260.00	NULL	5936	ovariotomy-or-salpingo-ovariotomy-with-abscess-drainage	Ovariotomy or Salpingo-Ovariotomy with Abscess Drainage	Ovariotomija, salpingo-ovariotomija, drenaža abscesa
opsta-bolnica-niksic	D01064	357.50	357.50	NULL	5937	subtotal-abdominal-hysterectomy-with-adnexectomy	Subtotal Abdominal Hysterectomy with Adnexectomy	Subtotalna abdominalna histerektomija sa obostranom ili jednostranom adneksektomijom
opsta-bolnica-niksic	D01065	48.75	48.75	NULL	5938	leep-excision	LEEP Excision	Loop ekscizija
opsta-bolnica-niksic	D01066	97.50	97.50	NULL	5939	emmet-cervicoplasty	Emmet Cervicoplasty	Cervikoplastika po Emmetu
opsta-bolnica-niksic	D01067	97.50	97.50	NULL	5940	other-cervical-operations	Other Cervical Operations	Druge operacije cerviksa
opsta-bolnica-niksic	D01068	130.00	130.00	NULL	5941	open-removal-of-ectopic-pregnancy-abdominal-ovarian	Open Removal of Ectopic Pregnancy (Abdominal, Ovarian)	Odstranjenje vanmaterične trudnoće (abdominalne, ovarijalne)
opsta-bolnica-niksic	D01069	130.00	130.00	NULL	5942	laparoscopic-removal-of-ectopic-pregnancy	Laparoscopic Removal of Ectopic Pregnancy	Odstranjenje vanmaterične trudnoće (abdominalne, ovarijalne) — laparoskopsko
opsta-bolnica-niksic	D01070	162.50	162.50	NULL	5943	lower-midline-exploratory-laparotomy	Lower Midline Exploratory Laparotomy	Donja središnja eksplorativna laparotomija
opsta-bolnica-niksic	D01071	113.75	113.75	NULL	5944	laparoscopic-abdominal-sterilization	Laparoscopic Abdominal Sterilization	Sterilisatio abdominalis — laparoskopski
opsta-bolnica-niksic	D01072	113.75	113.75	NULL	5945	linear-salpingotomy-with-segmental-excision-and-fimbrial-express-open	Linear Salpingotomy with Segmental Excision and Fimbrial Express (Open)	Linearna salpingotomija, segmentna ekscizija i fimbrijalni ekspres — klasična
opsta-bolnica-niksic	D01073	113.75	113.75	NULL	5946	linear-salpingotomy-with-segmental-excision-and-fimbrial-express-laparoscopic	Linear Salpingotomy with Segmental Excision and Fimbrial Express (Laparoscopic)	Linearna salpingotomija, segmentna ekscizija i fimbrijalni ekspres — laparoskopska
opsta-bolnica-niksic	D01074	97.50	97.50	NULL	5947	resuture-of-dehiscent-anterior-abdominal-wall-or-vaginal-wound	Resuture of Dehiscent Anterior Abdominal Wall or Vaginal Wound	Resutura dehiscirane rane prednjeg trbušnog zida ili vagine
opsta-bolnica-niksic	D01075	162.50	162.50	NULL	5948	vulval-and-perineal-repair	Vulval and Perineal Repair	Reparacija vulve i perineuma
opsta-bolnica-niksic	D01076	357.50	357.50	NULL	5949	subtotal-abdominal-hysterectomy-with-adnexa-conservation	Subtotal Abdominal Hysterectomy with Adnexa Conservation	Subtotalna abdominalna histerektomija sa konzervacijom adneksa
opsta-bolnica-niksic	D07001	264.00	264.00	NULL	5950	ultra-b2-procedure	Ultra B2 Procedure	Ultra B2
opsta-bolnica-niksic	D07004	728.00	728.00	NULL	5952	intacs-intracorneal-ring	INTACS Intracorneal Ring	INTACS — intraokularni prsten
opsta-bolnica-niksic	D07005	238.00	238.00	NULL	5953	scleral-buckle-removal-with-conjunctival-plasty	Scleral Buckle Removal with Conjunctival Plasty	Vađenje plombe sa plastikom konjunktive
opsta-bolnica-niksic	D02002	260.00	260.00	NULL	5954	partial-unilateral-thyroidectomy	Partial Unilateral Thyroidectomy	Tireoidektomija parcijalna unilateralna
opsta-bolnica-niksic	D02003	113.75	113.75	NULL	5955	major-resection-of-external-saphenous-vein	Major Resection of External Saphenous Vein	Veća resekcija vene saphene externe i susjednih vena, unilateralna
opsta-bolnica-niksic	D02004	325.00	325.00	NULL	5956	splenectomy-standard-or-for-traumatic-rupture	Splenectomy (Standard or for Traumatic Rupture)	Splenektomija obična ili kod traumatske rupture
opsta-bolnica-niksic	D02005	113.75	113.75	NULL	5957	unilateral-inguinal-hernia-repair-without-mesh	Unilateral Inguinal Hernia Repair without Mesh	Reparacija ingvinalne hernije, bez mrežice — jednostrano
opsta-bolnica-niksic	D02008	487.50	487.50	NULL	5958	partial-gastrectomy-with-billroth-ii-gastrojejunostomy	Partial Gastrectomy with Billroth II Gastrojejunostomy	Parcijalna gastrektomija sa gastrojejunalnom anastomozom (Billroth II)
opsta-bolnica-niksic	D02009	260.00	260.00	NULL	5959	suture-of-perforated-gastric-ulcer-or-lesion	Suture of Perforated Gastric Ulcer or Lesion	Sutura perforiranog ulkusa ili lezije želuca
opsta-bolnica-niksic	D02010	390.00	390.00	NULL	5960	partial-colectomy-with-anastomosis	Partial Colectomy with Anastomosis	Kolektomija parcijalna sa anastomozom
opsta-bolnica-niksic	D02011	260.00	260.00	NULL	5961	external-colonic-fistulization	External Colonic Fistulization	Spoljašnja fistulizacija debelog crijeva
opsta-bolnica-niksic	D02012	260.00	260.00	NULL	5962	bowel-disinvagination-without-resection	Bowel Disinvagination without Resection	Dezinvaginacija crijeva (bez resekcije)
opsta-bolnica-niksic	D02016	325.00	325.00	NULL	5963	external-fistulization-of-small-and-large-bowel-for-ulcerative-colitis	External Fistulization of Small and Large Bowel for Ulcerative Colitis	Spoljašnja fistulizacija tankog i debelog crijeva zbog ulceroznog kolitisa
opsta-bolnica-niksic	D02017	390.00	390.00	NULL	5964	lysis-of-abdominal-adhesions-for-ileus	Lysis of Abdominal Adhesions for Ileus	Odvajanje abdominalnih priraslica (ileus)
opsta-bolnica-niksic	D02019	130.00	130.00	NULL	5965	primary-suture-of-flexor-tendon	Primary Suture of Flexor Tendon	Primarni šav fleksorne tetive
opsta-bolnica-niksic	D02020	487.50	487.50	NULL	5966	bowel-suturing-with-colostomy	Bowel Suturing with Colostomy	Zašivanje crijeva sa kolostomijom
opsta-bolnica-niksic	D02021	97.50	97.50	NULL	5967	unilateral-gynecomastia-surgery	Unilateral Gynecomastia Surgery	Ginekomastija jednostrana
opsta-bolnica-niksic	D02022	195.00	195.00	NULL	5968	gastric-biopsy-via-laparotomy	Gastric Biopsy via Laparotomy	Biopsija želuca sa laparotomijom
opsta-bolnica-niksic	D02026	130.00	130.00	NULL	5969	unilateral-femoral-hernia-repair-without-mesh	Unilateral Femoral Hernia Repair without Mesh	Reparacija femoralne hernije, bez mrežice — jednostrano
opsta-bolnica-niksic	D02030	325.00	325.00	NULL	5970	incarcerated-hernia-surgery-with-bowel-resection	Incarcerated Hernia Surgery with Bowel Resection	Operativno liječenje uklještene hernije sa resekcijom crijeva
opsta-bolnica-niksic	D02031	195.00	195.00	NULL	5971	meckel-diverticulum-surgery	Meckel Diverticulum Surgery	Operacija Meckel-divertikula
opsta-bolnica-niksic	D02032	65.00	65.00	NULL	5972	evacuation-and-drainage-of-intraperitoneal-abscess	Evacuation and Drainage of Intraperitoneal Abscess	Evakuacija i drenaža intraperitonealnih abscesa
opsta-bolnica-niksic	D02034	455.00	455.00	NULL	5973	gastroduodenal-anastomosis-revision-with-reconstruction	Gastroduodenal Anastomosis Revision with Reconstruction	Revizija gastroduodenalne anastomoze sa rekonstrukcijom
opsta-bolnica-niksic	D02036	487.50	487.50	NULL	5974	noble-bowel-plication	Noble Bowel Plication	Plisiranje crijeva — Noble
opsta-bolnica-niksic	D02037	227.50	227.50	NULL	5975	suture-of-small-bowel-injury	Suture of Small Bowel Injury	Sutura povrede tankog crijeva
opsta-bolnica-niksic	D02038	325.00	325.00	NULL	5976	surgical-repair-of-liver-injury-suture-tamponade	Surgical Repair of Liver Injury (Suture, Tamponade)	Hirurško zbrinjavanje povrede jetre (sutura, tamponada)
opsta-bolnica-niksic	D02039	390.00	390.00	NULL	5977	evacuation-of-liver-hydatid-cyst-small-up-to-10-cm	Evacuation of Liver Hydatid Cyst (Small, up to 10 cm)	Evakuacija hidatidne ciste jetre (sutura bilijarnih komunikacija) — male (do 10 cm u prečniku)
opsta-bolnica-niksic	D02040	260.00	260.00	NULL	5978	choledochotomy-with-t-drainage	Choledochotomy with T-Drainage	Holedohotomija (T-drenaža)
opsta-bolnica-niksic	D02041	487.50	487.50	NULL	5979	pancreatic-pseudocyst-drainage-with-roux-en-y-loop	Pancreatic Pseudocyst Drainage with Roux-en-Y Loop	Derivacija pseudociste pankreasa izdvojenom crijevnom vijugom
opsta-bolnica-niksic	D02044	162.50	162.50	NULL	5980	whitehead-radical-hemorrhoidectomy	Whitehead Radical Hemorrhoidectomy	Hemoroidektomija radikalna (Whitehead tipa)
opsta-bolnica-niksic	D02046	26.00	26.00	NULL	5981	rectal-foreign-body-removal-transrectal	Rectal Foreign Body Removal (Transrectal)	Vađenje stranog tijela iz rektuma rektalnim putem
opsta-bolnica-niksic	D02047	32.50	32.50	NULL	5982	uncomplicated-phlebectomy-of-lower-limb-superficial-veins	Uncomplicated Phlebectomy of Lower Limb Superficial Veins	Nekomplikovana flebektomija površnih vena donjih ekstremiteta
opsta-bolnica-niksic	D02048	48.75	48.75	NULL	5983	transrectal-drainage-of-pelvic-abscess	Transrectal Drainage of Pelvic Abscess	Transrektalna drenaža pelvičnog abscesa
opsta-bolnica-niksic	D02049	65.00	65.00	NULL	5984	lower-limb-perforator-vein-ligation	Lower Limb Perforator Vein Ligation	Presjecanje i podvezivanje perforantnih vena na donjim ekstremitetima
opsta-bolnica-niksic	D02050	65.00	65.00	NULL	5985	local-excision-of-small-villous-rectal-papillomas	Local Excision of Small Villous Rectal Papillomas	Lokalna ekscizija malih viloznih papiloma rektuma
opsta-bolnica-niksic	D02051	65.00	65.00	NULL	5986	surgical-treatment-of-anal-fissure	Surgical Treatment of Anal Fissure	Hirurško zbrinjavanje analne fisure
opsta-bolnica-niksic	D02052	65.00	65.00	NULL	5987	complex-cryptotomy	Complex Cryptotomy	Kriptotomija složena
opsta-bolnica-niksic	D02054	81.25	81.25	NULL	5988	excision-of-skin-malignant-or-benign-lesions-with-closure	Excision of Skin Malignant or Benign Lesions with Closure	Ekscizija malignih i benignih lezija kože i potkože sa zatvaranjem
opsta-bolnica-niksic	D02057	97.50	97.50	NULL	5989	emergency-ligation-for-major-limb-hemorrhage	Emergency Ligation for Major Limb Hemorrhage	Hitna ligatura zbog jake hemoragije glavnih krvnih sudova udova
opsta-bolnica-niksic	D02058	97.50	97.50	NULL	5990	secondary-suture-of-abdominal-wall-dehiscence	Secondary Suture of Abdominal Wall Dehiscence	Sekundarna sutura abdominalnog zida zbog dehiscencije
opsta-bolnica-niksic	D02059	97.50	97.50	NULL	5991	abdominal-wall-malignant-tumor-ablation	Abdominal Wall Malignant Tumor Ablation	Ablacija malignog tumora abdominalnog zida
opsta-bolnica-niksic	D02060	97.50	97.50	NULL	5992	gastrotomy-for-foreign-body-removal	Gastrotomy for Foreign Body Removal	Gastrotomija radi odstranjenja stranog tjela
opsta-bolnica-niksic	D02061	97.50	97.50	NULL	5993	cecostomy-revision	Cecostomy Revision	Revizija cekostomije
opsta-bolnica-niksic	D02062	97.50	97.50	NULL	5994	rectal-stricture-incision	Rectal Stricture Incision	Rasjecanje strikture u rektumu
opsta-bolnica-niksic	D02063	97.50	97.50	NULL	5995	submuscular-anal-fistulotomy-or-fistulectomy	Submuscular Anal Fistulotomy or Fistulectomy	Fistulotomija ili fistulektomija submuskularna
opsta-bolnica-niksic	D02064	97.50	97.50	NULL	5996	primary-hand-extensor-tendon-repair	Primary Hand Extensor Tendon Repair	Tendorafija ekstenzorne tetive šake — primarna
opsta-bolnica-niksic	D02066	113.75	113.75	NULL	5997	ventral-hernia-repair-without-mesh	Ventral Hernia Repair without Mesh	Reparacija ventralne hernije bez mrežice
opsta-bolnica-niksic	D02067	113.75	113.75	NULL	5998	unilateral-inguinal-or-femoral-hernia-repair-with-mesh	Unilateral Inguinal or Femoral Hernia Repair with Mesh	Reparacija ingvinalne ili femoralne hernije mrežicom — jednostrano
opsta-bolnica-niksic	D02068	113.75	113.75	NULL	5999	ventral-hernia-plasty-with-mesh	Ventral Hernia Plasty with Mesh	Plastika ventralne hernije sa mesh-prolen mrežicom
opsta-bolnica-niksic	D02070	113.75	113.75	NULL	6000	removal-of-infected-implant-from-smaller-inguinal-hernia	Removal of Infected Implant from Smaller Inguinal Hernia	Vađenje inficiranog implantata kod manjih preponskih hernija
opsta-bolnica-niksic	D02071	113.75	113.75	NULL	6001	unilateral-laparoscopic-inguinal-hernia-repair	Unilateral Laparoscopic Inguinal Hernia Repair	Laparoskopska operacija ingvinalne hernije — jednostrano
opsta-bolnica-niksic	D02072	130.00	130.00	NULL	6002	inguinal-hernioplasty-with-hydrocele-excision	Inguinal Hernioplasty with Hydrocele Excision	Hernioplastika ingvinalna sa ekscizijom hidrocele
opsta-bolnica-niksic	D02073	130.00	130.00	NULL	6003	evacuation-of-retroperitoneal-abscess	Evacuation of Retroperitoneal Abscess	Evakuacija retroperitonealnih abscesa
opsta-bolnica-niksic	D02074	130.00	130.00	NULL	6004	colostomy-closure-with-bowel-continuity-restoration	Colostomy Closure with Bowel Continuity Restoration	Zatvaranje kolostome uspostavljanjem kontinuiteta debelog crijeva
opsta-bolnica-niksic	D02075	130.00	130.00	NULL	6005	radical-unilateral-inguinal-superficial-lymph-node-dissection	Radical Unilateral Inguinal Superficial Lymph Node Dissection	Radikalna disekcija limfnih čvorova preponskih površnih — unilateralna
opsta-bolnica-niksic	D02076	130.00	130.00	NULL	6006	surgical-treatment-of-internal-hemorrhoids	Surgical Treatment of Internal Hemorrhoids	Hirurško zbrinjavanje unutrašnjih hemoroida
opsta-bolnica-niksic	D02077	130.00	130.00	NULL	6007	skin-lesion-excision-with-closure-variant-1	Skin Lesion Excision with Closure (Variant 1)	Ekscizija malignih i benignih lezija kože i potkože sa zatvaranjem (var.1)
opsta-bolnica-niksic	D02078	130.00	130.00	NULL	6008	skin-lesion-excision-with-closure-variant-2	Skin Lesion Excision with Closure (Variant 2)	Ekscizija malignih i benignih lezija kože i potkože sa zatvaranjem (var.2)
opsta-bolnica-niksic	D02080	130.00	130.00	NULL	6009	internal-hemorrhoid-rubber-band-ligation	Internal Hemorrhoid Rubber Band Ligation	Liječenje unutrašnjih hemoroida gumenim ligaturama
opsta-bolnica-niksic	D02081	130.00	130.00	NULL	6010	unilateral-laparoscopic-femoral-hernia-repair	Unilateral Laparoscopic Femoral Hernia Repair	Laparoskopska reparacija femoralne hernije — jednostrano
opsta-bolnica-niksic	D02082	130.00	130.00	NULL	6011	laparoscopic-incisional-or-ventral-hernia-repair	Laparoscopic Incisional or Ventral Hernia Repair	Laparoskopska operacija incizione-ventralne hernije
opsta-bolnica-niksic	D02083	130.00	130.00	NULL	6012	laparoscopic-appendectomy-for-perforated-appendicitis	Laparoscopic Appendectomy for Perforated Appendicitis	Laparoskopska apendektomija kod perforisanog apendicitisa
opsta-bolnica-niksic	D02084	130.00	130.00	NULL	6013	hickman-permanent-dialysis-catheter-placement	Hickman Permanent Dialysis Catheter Placement	Postavljanje trajnog katetera za dijalizu po Hickmanu
opsta-bolnica-niksic	D02085	146.25	146.25	NULL	6014	cecostomy	Cecostomy	Cekostomija
opsta-bolnica-niksic	D02086	162.50	162.50	NULL	6015	goiter-cyst-enucleation-or-resection	Goiter Cyst Enucleation or Resection	Enukleacija ili resekcija strume-ciste
opsta-bolnica-niksic	D02088	162.50	162.50	NULL	6016	recurrent-femoral-hernia-repair	Recurrent Femoral Hernia Repair	Recidivantna femoralna hernija
opsta-bolnica-niksic	D02089	162.50	162.50	NULL	6017	surgery-for-very-large-hernia-pediatric-head-size	Surgery for Very Large Hernia (Pediatric Head Size)	Operativno liječenje vrlo voluminozne hernije (veličine dječije glave)
opsta-bolnica-niksic	D02090	162.50	162.50	NULL	6018	retroperitoneal-exploration	Retroperitoneal Exploration	Retroperitonealna eksploracija
opsta-bolnica-niksic	D02091	162.50	162.50	NULL	6019	enterolysis	Enterolysis	Enteroliza
opsta-bolnica-niksic	D02093	162.50	162.50	NULL	6020	complex-anal-fistulotomy-or-fistulectomy	Complex Anal Fistulotomy or Fistulectomy	Fistulotomija ili fistulektomija kompleksa
opsta-bolnica-niksic	D02094	162.50	162.50	NULL	6021	excision-of-complicated-anal-fistula	Excision of Complicated Anal Fistula	Ekscizija komplikovane analne fistule
opsta-bolnica-niksic	D02095	162.50	162.50	NULL	6022	primary-repair-of-multiple-hand-extensor-tendons	Primary Repair of Multiple Hand Extensor Tendons	Tendorafija više ekstenzornih tetiva šake — primarna
opsta-bolnica-niksic	D02097	162.50	162.50	NULL	6023	laparoscopic-abdominal-cavity-exploration	Laparoscopic Abdominal Cavity Exploration	Laparoskopska eksploracija trbušne duplje
opsta-bolnica-niksic	D02098	193.38	193.38	NULL	6024	bilateral-inguinal-hernioplasty	Bilateral Inguinal Hernioplasty	Hernioplastika ingvinalna bilateralna
opsta-bolnica-niksic	D02099	193.38	193.38	NULL	6025	bilateral-laparoscopic-inguinal-hernia-repair	Bilateral Laparoscopic Inguinal Hernia Repair	Laparoskopska operacija ingvinalne hernije obostrana
opsta-bolnica-niksic	D02100	195.00	195.00	NULL	6026	pericardiotomy	Pericardiotomy	Perikardiotomija
opsta-bolnica-niksic	D02101	195.00	195.00	NULL	6027	emergency-ligation-for-major-vascular-hemorrhage-of-necktrunk	Emergency Ligation for Major Vascular Hemorrhage of Neck/Trunk	Hitna ligatura zbog jake hemoragije glavnih krvnih sudova vrata
opsta-bolnica-niksic	D02103	195.00	195.00	NULL	6028	carotid-artery-ligation	Carotid Artery Ligation	Ligiranje karotidne arterije
opsta-bolnica-niksic	D02105	195.00	195.00	NULL	6029	appendectomy-with-diffuse-peritonitis	Appendectomy with Diffuse Peritonitis	Apendektomija sa razvijenim difuznim peritonitisom
opsta-bolnica-niksic	D02106	195.00	195.00	NULL	6030	operative-closure-of-gastrostomy	Operative Closure of Gastrostomy	Operativno zatvaranje gastrostomije
opsta-bolnica-niksic	D02107	195.00	195.00	NULL	6031	radical-bilateral-inguinal-superficial-lymph-node-dissection	Radical Bilateral Inguinal Superficial Lymph Node Dissection	Radikalna disekcija limfnih čvorova preponskih površnih — bilateralna
opsta-bolnica-niksic	D02108	195.00	195.00	NULL	6032	skin-lesion-excision-with-closure-variant-3	Skin Lesion Excision with Closure (Variant 3)	Ekscizija malignih i benignih lezija kože sa zatvaranjem (var.3)
opsta-bolnica-niksic	D02109	211.25	211.25	NULL	6033	recurrent-inguinal-hernia-after-phs-method-no-implant-infection	Recurrent Inguinal Hernia after PHS Method (no Implant Infection)	Recidiv hernije preponskog kanala koji je rađen PHS metodom bez infekcije implanta
opsta-bolnica-niksic	D02110	227.50	227.50	NULL	6034	excision-of-intraabdominal-or-retroperitoneal-tumors	Excision of Intraabdominal or Retroperitoneal Tumors	Ekscizija intraabdominalnih ili retroperitonealnih tumora
opsta-bolnica-niksic	D02111	227.50	227.50	NULL	6035	mesentery-suture	Mesentery Suture	Šavovi mezenterijuma
opsta-bolnica-niksic	D02112	227.50	227.50	NULL	6036	partial-gastrectomy-with-billroth-i-gastroduodenostomy	Partial Gastrectomy with Billroth I Gastroduodenostomy	Parcijalna gastrektomija sa gastroduodenalnom anastomozom (Billroth I)
opsta-bolnica-niksic	D02113	227.50	227.50	NULL	6037	fecal-fistula-closure	Fecal Fistula Closure	Zatvaranje fekalne fistule
opsta-bolnica-niksic	D02114	227.50	227.50	NULL	6038	pancreatic-biopsy-as-standalone-operation	Pancreatic Biopsy as Standalone Operation	Biopsija pankreasa — samostalna operacija
opsta-bolnica-niksic	D02115	260.00	260.00	NULL	6039	lower-limb-arteriotomy-and-embolectomy	Lower Limb Arteriotomy and Embolectomy	Incizija (arteriotomija) i embolektomija arterija donjih ekstremiteta
opsta-bolnica-niksic	D02116	260.00	260.00	NULL	6040	laparotomy-for-lumbar-or-obturator-hernia	Laparotomy for Lumbar or Obturator Hernia	Liječenje putem laparotomije lumbalnih ili obturatornih hernija
opsta-bolnica-niksic	D02117	260.00	260.00	NULL	6041	nutritional-gastrostomy-creation	Nutritional Gastrostomy Creation	Kreiranje nutritivne gastrostome
opsta-bolnica-niksic	D02118	260.00	260.00	NULL	6042	external-small-bowel-fistulization	External Small Bowel Fistulization	Spoljašnja fistulizacija tankog crijeva
opsta-bolnica-niksic	D02120	260.00	260.00	NULL	6043	abdominal-drainage-of-pancreatitis	Abdominal Drainage of Pancreatitis	Abdominalna drenaža pankreatitisa
opsta-bolnica-niksic	D02121	260.00	260.00	NULL	6044	laparoscopic-suture-of-perforated-gastric-ulcer-or-lesion	Laparoscopic Suture of Perforated Gastric Ulcer or Lesion	Laparoskopska sutura perforiranog ulkusa ili lezije želuca
opsta-bolnica-niksic	D02122	292.50	292.50	NULL	6045	inferior-vena-cava-ligation	Inferior Vena Cava Ligation	Ligatura vene cave inferior
opsta-bolnica-niksic	D02123	292.50	292.50	NULL	6046	cervical-esophagus-wound-or-rupture-closure	Cervical Esophagus Wound or Rupture Closure	Zatvaranje rana ili rupture ezofagusa cervikalni
opsta-bolnica-niksic	D02124	325.00	325.00	NULL	6047	removal-of-infected-implant-from-large-ventral-hernia	Removal of Infected Implant from Large Ventral Hernia	Vađenje inficiranog implantata kod velikih ventralnih hernija
opsta-bolnica-niksic	D02125	325.00	325.00	NULL	6048	recurrent-hernia-after-phs-method-without-infection	Recurrent Hernia After PHS Method without Infection	Recidivantna kila koja je rađena PHS metodom bez infekcije
opsta-bolnica-niksic	D02126	325.00	325.00	NULL	6049	bilateral-partial-thyroidectomy-minor	Bilateral Partial Thyroidectomy (Minor)	Tireoidektomija parcijalna bilateralna manja
opsta-bolnica-niksic	D02127	325.00	325.00	NULL	6050	emergency-ligation-for-major-head-vessel-hemorrhage	Emergency Ligation for Major Head Vessel Hemorrhage	Hitna ligatura zbog jake hemoragije glavnih krvnih sudova glave
opsta-bolnica-niksic	D02128	325.00	325.00	NULL	6051	emergency-thoracotomy-for-hemorrhage-control	Emergency Thoracotomy for Hemorrhage Control	Hitna torakotomija zbog odstranjivanja grumena krvi i krvavljenja
opsta-bolnica-niksic	D02129	325.00	325.00	NULL	6052	permagna-ventral-incisional-hernioplasty	Permagna Ventral Incisional Hernioplasty	Hernioplastika ventralna inciziona permagna
opsta-bolnica-niksic	D02130	325.00	325.00	NULL	6053	diaphragmatic-hernioplasty-abdominal-approach	Diaphragmatic Hernioplasty (Abdominal Approach)	Hernioplastika dijafragmalna abdominalni pristup
opsta-bolnica-niksic	D02131	325.00	325.00	NULL	6054	hernia-with-bowel-resection	Hernia with Bowel Resection	Hernija sa resekcijom crijeva
opsta-bolnica-niksic	D02132	325.00	325.00	NULL	6055	local-excision-of-gastric-polyp-or-benign-tumor	Local Excision of Gastric Polyp or Benign Tumor	Lokalna ekscizija polipa i benignog tumora želuca
opsta-bolnica-niksic	D02133	325.00	325.00	NULL	6056	enterotomy-for-polyp-or-foreign-body	Enterotomy for Polyp or Foreign Body	Enterotomija radi polipa ili vađenja stranog tijela
opsta-bolnica-niksic	D02134	325.00	325.00	NULL	6057	mikulicz-bowel-exteriorization	Mikulicz Bowel Exteriorization	Eksteriorizacija crijeva (Mikuliczeva operacija)
opsta-bolnica-niksic	D02135	325.00	325.00	NULL	6058	excision-of-one-or-more-lesions-without-anastomosis	Excision of One or More Lesions without Anastomosis	Ekscizija jedne ili više lezija bez anastomoza, fistulizacije
opsta-bolnica-niksic	D02136	325.00	325.00	NULL	6059	enteroenterostomy	Enteroenterostomy	Enteroenterostomija
opsta-bolnica-niksic	D02137	325.00	325.00	NULL	6060	small-bowel-resection-with-anastomosis	Small Bowel Resection with Anastomosis	Resekcija tankog crijeva sa anastomozom
opsta-bolnica-niksic	D02138	325.00	325.00	NULL	6061	direct-gallbladder-gi-tract-anastomosis	Direct Gallbladder-GI Tract Anastomosis	Direktna anastomoza žučne kese sa gastrointestinalnim traktom
opsta-bolnica-niksic	D02139	325.00	325.00	NULL	6062	rectal-prolapse-excision-with-perineal-anastomosis	Rectal Prolapse Excision with Perineal Anastomosis	Ekscizija rektalnog prolapsa anastomozom — perinealni pristup
opsta-bolnica-niksic	D02140	325.00	325.00	NULL	6063	retrovesical-fistula-closure	Retrovesical Fistula Closure	Zatvaranje retrovezikalne fistule
opsta-bolnica-niksic	D02143	390.00	390.00	NULL	6064	large-bilateral-subtotal-thyroidectomy	Large Bilateral Subtotal Thyroidectomy	Tireoidektomija subtotalna bilateralna velika
opsta-bolnica-niksic	D02144	390.00	390.00	NULL	6065	internal-cardiac-defibrillation-via-thoracotomy	Internal Cardiac Defibrillation via Thoracotomy	Unutrašnja defibrilacija srca kroz torakotomiju
opsta-bolnica-niksic	D02146	390.00	390.00	NULL	6066	thoracic-esophagus-wound-or-rupture-closure	Thoracic Esophagus Wound or Rupture Closure	Zatvaranje rana ili rupture ezofagusa torakalni
opsta-bolnica-niksic	D02147	390.00	390.00	NULL	6067	exploratory-thoracolaparotomy	Exploratory Thoracolaparotomy	Torakolaparotomija eksplorativna
opsta-bolnica-niksic	D02148	390.00	390.00	NULL	6068	local-excision-of-gastric-polyp-or-benign-tumor-with-resection	Local Excision of Gastric Polyp or Benign Tumor with Resection	Lokalna ekscizija polipa i benignog tumora želuca (resekcija)
opsta-bolnica-niksic	D02149	390.00	390.00	NULL	6069	operative-closure-of-gastrocolic-fistula	Operative Closure of Gastrocolic Fistula	Operativno zatvaranje gastrokolične fistule
opsta-bolnica-niksic	D02150	390.00	390.00	NULL	6070	excision-of-multiple-lesions-without-anastomosis-variant	Excision of Multiple Lesions without Anastomosis (Variant)	Ekscizija jedne ili više lezija bez anastomoza, fistulizacije (var.)
opsta-bolnica-niksic	D02151	390.00	390.00	NULL	6071	small-bowel-resection-with-stoma-formation	Small Bowel Resection with Stoma Formation	Resekcija tankog crijeva sa formiranjem stome
opsta-bolnica-niksic	D02152	390.00	390.00	NULL	6072	volvulus-or-intussusception-reduction-with-resection	Volvulus or Intussusception Reduction with Resection	Redukcija volvulusa, intususcepcije putem laparotomije sa resekcijom
opsta-bolnica-niksic	D02153	390.00	390.00	NULL	6073	suture-of-large-bowel-injury	Suture of Large Bowel Injury	Sutura povrede debelog crijeva
opsta-bolnica-niksic	D02155	390.00	390.00	NULL	6074	surgical-treatment-of-liver-abscess	Surgical Treatment of Liver Abscess	Hirurško zbrinjavanje abscesa jetre
opsta-bolnica-niksic	D02156	390.00	390.00	NULL	6075	excision-of-pelvic-abdominal-retroperitoneal-lymph-nodes	Excision of Pelvic, Abdominal, Retroperitoneal Lymph Nodes	Ekscizija limfnih čvorova karlice, abdomena, retroperitoneuma
opsta-bolnica-niksic	D02157	390.00	390.00	NULL	6076	cholecystectomy-with-choledochostomy-and-drainage	Cholecystectomy with Choledochostomy and Drainage	Holecistektomija, holedohostomija sa eksploracijom, drenažom
opsta-bolnica-niksic	D02158	390.00	390.00	NULL	6077	choledochotomy-with-biliary-intestinal-anastomosis	Choledochotomy with Biliary-Intestinal Anastomosis	Holedohotomija sa kreiranjem bilijarno-intestinalne anastomoze
opsta-bolnica-niksic	D02159	390.00	390.00	NULL	6078	subtotal-pancreatectomy	Subtotal Pancreatectomy	Pankreatektomija subtotalna
opsta-bolnica-niksic	D02160	390.00	390.00	NULL	6079	laparoscopic-colectomy	Laparoscopic Colectomy	Laparoskopska kolektomija
opsta-bolnica-niksic	D02161	406.25	406.25	NULL	6080	direct-intrahepatic-bile-duct-gi-anastomosis	Direct Intrahepatic Bile Duct - GI Anastomosis	Direktna anastomoza intrahepatičnih žučnih puteva i gastrointestinalnog
opsta-bolnica-niksic	D02162	422.50	422.50	NULL	6081	cholecystectomy-with-open-choledochus-exploration	Cholecystectomy with Open Choledochus Exploration	Holecistektomija sa otvorenom eksploracijom holedokusa
opsta-bolnica-niksic	D02163	455.00	455.00	NULL	6082	evacuation-of-liver-hydatid-cyst-large	Evacuation of Liver Hydatid Cyst (Large)	Evakuacija hidatidne ciste jetre — veća
opsta-bolnica-niksic	D02164	455.00	455.00	NULL	6083	cholecystectomy-with-transduodenal-sphincterotomy	Cholecystectomy with Transduodenal Sphincterotomy	Holecistektomija sa transduodenalnom sfinkterotomijom
opsta-bolnica-niksic	D02165	487.50	487.50	NULL	6084	surgery-for-traumatic-diaphragm-rupture-with-organ-prolapse	Surgery for Traumatic Diaphragm Rupture with Organ Prolapse	Operacija zbog traumatske rupture dijafragme sa prolapsom organa
opsta-bolnica-niksic	D02166	487.50	487.50	NULL	6085	cardiac-suture-for-injury	Cardiac Suture for Injury	Sutura srca kod povrede
opsta-bolnica-niksic	D02167	487.50	487.50	NULL	6086	emergency-thoracotomy-for-hemorrhage-control-variant	Emergency Thoracotomy for Hemorrhage Control (Variant)	Hitna torakotomija zbog odstranjivanja grumena krvi (var.)
opsta-bolnica-niksic	D02168	487.50	487.50	NULL	6087	pancreaticojejunostomy	Pancreaticojejunostomy	Pankreatikojejunostomija
opsta-bolnica-niksic	D02169	487.50	487.50	NULL	6088	internal-cyst-gi-tract-anastomosis	Internal Cyst-GI Tract Anastomosis	Interna direktna anastomoza ciste gastrointestinalnog trakta
opsta-bolnica-niksic	D02170	487.50	487.50	NULL	6089	rectal-prolapse-excision-with-abdominal-perineal-anastomosis	Rectal Prolapse Excision with Abdominal-Perineal Anastomosis	Ekscizija rektalnog prolapsa anastomozom — abdominalno-perinealni pristup
opsta-bolnica-niksic	D02171	487.50	487.50	NULL	6090	laparotomy-for-analrectal-region-injury	Laparotomy for Anal/Rectal Region Injury	Terapija ozljeda analnog predjela, lezija rektuma sa laparatomijom
opsta-bolnica-niksic	D02172	585.00	585.00	NULL	6091	gastrojejunal-anastomosis-revision-with-reconstruction-ulcer	Gastrojejunal Anastomosis Revision with Reconstruction (Ulcer)	Revizija gastrojejunalne anastomoze sa rekonstrukcijom (ulkus)
opsta-bolnica-niksic	D02173	585.00	585.00	NULL	6092	bilateral-pelvic-abdominal-retroperitoneal-lymph-node-excision	Bilateral Pelvic, Abdominal, Retroperitoneal Lymph Node Excision	Ekscizija limfnih čvorova karlice, abdomena, retroperitoneuma — bilateralna
opsta-bolnica-niksic	D02176	812.50	812.50	NULL	6093	colectomy-with-total-proctectomy-and-ileostomy	Colectomy with Total Proctectomy and Ileostomy	Kolektomija sa totalnom proktektomijom i ileostomijom
opsta-bolnica-niksic	D02178	325.00	325.00	NULL	6094	colotomy-for-foreign-body-polyp	Colotomy (for Foreign Body, Polyp)	Kolotomija (za strana tijela, polipe i sl.)
opsta-bolnica-niksic	D02179	65.00	65.00	NULL	6095	closed-intrapleural-pneumolysis	Closed Intrapleural Pneumolysis	Zatvorena intrapleuralna pneumoliza
opsta-bolnica-niksic	D02184	97.50	97.50	NULL	6096	laparoscopic-tumorectomy	Laparoscopic Tumorectomy	Tumorektomija laparoskopska
opsta-bolnica-niksic	D02185	113.75	113.75	NULL	6097	direct-unilateral-tep-inguinal-hernia-repair	Direct Unilateral TEP Inguinal Hernia Repair	Hernija TEP ingvinalna direktna unilateralna
opsta-bolnica-niksic	D02186	113.75	113.75	NULL	6098	indirect-unilateral-tep-inguinal-hernia-repair	Indirect Unilateral TEP Inguinal Hernia Repair	Hernija TEP ingvinalna indirektna unilateralna
opsta-bolnica-niksic	D02187	113.75	113.75	NULL	6099	indirect-unilateral-tapp-inguinal-hernia-repair	Indirect Unilateral TAPP Inguinal Hernia Repair	Hernija TAPP ingvinalna indirektna unilateralna
opsta-bolnica-niksic	D02188	113.75	113.75	NULL	6100	direct-unilateral-tapp-inguinal-hernia-repair	Direct Unilateral TAPP Inguinal Hernia Repair	Hernija TAPP ingvinalna direktna unilateralna
opsta-bolnica-niksic	D02189	113.75	113.75	NULL	6101	epigastric-hernia-repair	Epigastric Hernia Repair	Hernija epigastrična
opsta-bolnica-niksic	D02191	130.00	130.00	NULL	6102	unilateral-tep-femoral-hernia-repair	Unilateral TEP Femoral Hernia Repair	Hernija TEP femoralna unilateralna
opsta-bolnica-niksic	D02192	130.00	130.00	NULL	6103	unilateral-tapp-femoral-hernia-repair	Unilateral TAPP Femoral Hernia Repair	Hernija TAPP femoralna unilateralna
opsta-bolnica-niksic	D02193	130.00	130.00	NULL	6104	laparoscopic-incarcerated-inguinal-hernia-repair	Laparoscopic Incarcerated Inguinal Hernia Repair	Ukliještena ingvinalna hernija — laparoskopska operacija
opsta-bolnica-niksic	D02194	162.50	162.50	NULL	6105	laparoscopic-recurrent-inguinal-hernia-repair	Laparoscopic Recurrent Inguinal Hernia Repair	Recidivantna ingvinalna hernija — laparoskopska operacija
opsta-bolnica-niksic	D02195	162.50	162.50	NULL	6106	staging-laparoscopy	Staging Laparoscopy	Staging laparoskopija
opsta-bolnica-niksic	D02196	162.50	162.50	NULL	6107	laparoscopic-disinvagination-without-resection	Laparoscopic Disinvagination without Resection	Laparoskopska dezinvaginacija (bez resekcije)
opsta-bolnica-niksic	D02197	162.50	162.50	NULL	6108	laparoscopic-adhesiolysis-for-ileus	Laparoscopic Adhesiolysis for Ileus	Laparoskopsko odvajanje abdominalnih priraslica (ileus)
opsta-bolnica-niksic	D02198	193.38	193.38	NULL	6109	direct-bilateral-tapp-inguinal-hernia-repair	Direct Bilateral TAPP Inguinal Hernia Repair	Hernija TAPP ingvinalna direktna bilateralna
opsta-bolnica-niksic	D02199	193.38	193.38	NULL	6110	indirect-bilateral-tapp-inguinal-hernia-repair	Indirect Bilateral TAPP Inguinal Hernia Repair	Hernija TAPP ingvinalna indirektna bilateralna
opsta-bolnica-niksic	D02200	193.38	193.38	NULL	6111	direct-bilateral-tep-inguinal-hernia-repair	Direct Bilateral TEP Inguinal Hernia Repair	Hernija TEP ingvinalna direktna bilateralna
opsta-bolnica-niksic	D02201	193.38	193.38	NULL	6112	indirect-bilateral-tep-inguinal-hernia-repair	Indirect Bilateral TEP Inguinal Hernia Repair	Hernija TEP ingvinalna indirektna bilateralna
opsta-bolnica-niksic	D02202	195.00	195.00	NULL	6113	laparoscopic-operation-for-perforating-gastric-ulcer-with-biopsy	Laparoscopic Operation for Perforating Gastric Ulcer with Biopsy	Perforativni ulkus želuca sa biopsijom — laparoskopska operacija
opsta-bolnica-niksic	D02204	260.00	260.00	NULL	6114	bilateral-tep-femoral-hernia-repair	Bilateral TEP Femoral Hernia Repair	Hernija TEP femoralna bilateralna
opsta-bolnica-niksic	D02205	260.00	260.00	NULL	6115	bilateral-tapp-femoral-hernia-repair	Bilateral TAPP Femoral Hernia Repair	Hernija TAPP femoralna bilateralna
opsta-bolnica-niksic	D02206	260.00	260.00	NULL	6116	laparoscopic-operation-for-perforated-duodenal-ulcer	Laparoscopic Operation for Perforated Duodenal Ulcer	Perforacija ulkusa duodenuma — laparoskopska operacija
opsta-bolnica-niksic	D02208	292.50	292.50	NULL	6117	laparoscopic-hemostasis-of-liver-injury	Laparoscopic Hemostasis of Liver Injury	Hemostaza kod povrede jetre (sutura, koagulacija) — laparoskopska
opsta-bolnica-niksic	D02210	325.00	325.00	NULL	6118	laparoscopic-hiatal-hernia-repair	Laparoscopic Hiatal Hernia Repair	Hiatus hernija — laparoskopska operacija
opsta-bolnica-niksic	D02211	325.00	325.00	NULL	6119	laparoscopic-suture-of-traumatic-spleen-injury	Laparoscopic Suture of Traumatic Spleen Injury	Sutura traumatske povrede slezine — laparoskopska
opsta-bolnica-niksic	D02213	325.00	325.00	NULL	6120	laparoscopic-pyloroplasty	Laparoscopic Pyloroplasty	Piloroplastika — laparoskopska operacija
opsta-bolnica-niksic	D02214	325.00	325.00	NULL	6121	laparoscopic-total-vagotomy	Laparoscopic Total Vagotomy	Totalna vagotomija — laparoskopska operacija
opsta-bolnica-niksic	D02215	325.00	325.00	NULL	6122	laparoscopic-selective-vagotomy	Laparoscopic Selective Vagotomy	Selektivna vagotomija — laparoskopska operacija
opsta-bolnica-niksic	D02216	325.00	325.00	NULL	6123	laparoscopic-highly-selective-vagotomy	Laparoscopic Highly Selective Vagotomy	Supraselektivna vagotomija — laparoskopska operacija
opsta-bolnica-niksic	D02217	325.00	325.00	NULL	6124	laparoscopic-diaphragmatic-suture-for-injury-or-spontaneous-rupture	Laparoscopic Diaphragmatic Suture for Injury or Spontaneous Rupture	Sutura dijafragme kod povreda ili spontane rupture — laparoskopska
opsta-bolnica-niksic	D02219	390.00	390.00	NULL	6125	choledochotomy-with-stone-extraction-and-primary-suture	Choledochotomy with Stone Extraction and Primary Suture	Holedohotomija sa ekstrakcijom kalkusa kod holedoholitijaze sa primarnim šavom
opsta-bolnica-niksic	D02220	390.00	390.00	NULL	6126	choledochotomy-with-stone-extraction-choledocholithiasis	Choledochotomy with Stone Extraction (Choledocholithiasis)	Holedohotomija sa ekstrakcijom kalkusa kod holedoholitijaze
opsta-bolnica-niksic	D02221	390.00	390.00	NULL	6127	laparoscopic-left-hemicolectomy-with-colorectal-anastomosis	Laparoscopic Left Hemicolectomy with Colorectal Anastomosis	Hemikolektomija lijeva — laparoskopska sa kolorekto anastomozom
opsta-bolnica-niksic	D02222	390.00	390.00	NULL	6128	laparoscopic-left-hemicolectomy-with-anastomosis-variant	Laparoscopic Left Hemicolectomy with Anastomosis (Variant)	Hemikolektomija lijeva — laparoskopska sa kolorekto anastomozom (var.)
opsta-bolnica-niksic	D02223	390.00	390.00	NULL	6129	laparoscopic-atypical-liver-resection	Laparoscopic Atypical Liver Resection	Atipične resekcije jetre — laparoskopska operacija
opsta-bolnica-niksic	D02224	390.00	390.00	NULL	6130	laparoscopic-left-pancreatectomy	Laparoscopic Left Pancreatectomy	Lijeva pankreatektomija — laparoskopska operacija
opsta-bolnica-niksic	D02225	390.00	390.00	NULL	6131	laparoscopic-distal-pancreatectomy-with-splenectomy	Laparoscopic Distal Pancreatectomy with Splenectomy	Distalna pankreatektomija sa splenektomijom — laparoskopska operacija
opsta-bolnica-niksic	D02226	390.00	390.00	NULL	6132	laparoscopic-transverse-colectomy	Laparoscopic Transverse Colectomy	Transverzokolektomija laparoskopska
opsta-bolnica-niksic	D02227	406.25	406.25	NULL	6133	laparoscopic-choledochoduodenoanastomosis	Laparoscopic Choledochoduodenoanastomosis	Holedohoduodenoanastomoza — laparoskopska operacija
opsta-bolnica-niksic	D02228	406.25	406.25	NULL	6134	laparoscopic-choledochojejunostomy	Laparoscopic Choledochojejunostomy	Holedohojejunoanastomoza — laparoskopska operacija
opsta-bolnica-niksic	D02231	487.50	487.50	NULL	6135	laparoscopic-partial-gastrectomy-with-gastrojejunostomy	Laparoscopic Partial Gastrectomy with Gastrojejunostomy	Parcijalna gastrektomija sa gastrojejunalnom anastomozom — laparoskopska
opsta-bolnica-niksic	D02233	487.50	487.50	NULL	6136	laparoscopic-left-liver-lobectomy	Laparoscopic Left Liver Lobectomy	Lijeva lobektomija jetre — laparoskopska operacija
opsta-bolnica-niksic	D02237	650.00	650.00	NULL	6137	laparoscopic-total-gastrectomy-with-splenectomy-and-lymphadenectomy	Laparoscopic Total Gastrectomy with Splenectomy and Lymphadenectomy	Totalna gastrektomija sa splenektomijom, omentektomijom i proširenom disekcijom — laparoskopska
opsta-bolnica-niksic	D02239	812.50	812.50	NULL	6138	laparoscopic-total-colectomy-with-ileorectal-anastomosis	Laparoscopic Total Colectomy with Ileorectal Anastomosis	Totalna kolektomija sa ileorektalnom anastomozom — laparoskopska
opsta-bolnica-niksic	D02241	812.50	812.50	NULL	6139	laparoscopic-right-liver-lobectomy	Laparoscopic Right Liver Lobectomy	Desna lobektomija jetre — laparoskopska operacija
opsta-bolnica-niksic	D02243	162.50	162.50	NULL	6140	laparoscopic-liver-metastasectomy	Laparoscopic Liver Metastasectomy	Laparoskopska metastazektomija jetre
opsta-bolnica-niksic	D02244	260.00	260.00	NULL	6141	pancreatic-abscess-incision-and-drainage	Pancreatic Abscess Incision and Drainage	Incizija i drenaža abscesa pankreasa
opsta-bolnica-niksic	D02245	195.00	195.00	NULL	6142	laparoscopic-meckel-diverticulum-surgery	Laparoscopic Meckel Diverticulum Surgery	Laparoskopska operacija Meckel-divertikula
opsta-bolnica-niksic	D02246	65.00	65.00	NULL	6143	laparoscopic-evacuation-and-drainage-of-intraperitoneal-abscess	Laparoscopic Evacuation and Drainage of Intraperitoneal Abscess	Laparoskopska evakuacija i drenaža intraperitonealnih abscesa
opsta-bolnica-niksic	D02247	390.00	390.00	NULL	6144	evacuation-of-hydatid-cyst-of-abdominal-organs-other-than-liver	Evacuation of Hydatid Cyst of Abdominal Organs (Other than Liver)	Evakuacija hidatidne ciste abdominalnih organa izvan jetre
opsta-bolnica-niksic	D02248	325.00	325.00	NULL	6145	witzel-nutritional-jejunostomy	Witzel Nutritional Jejunostomy	Kreiranje nutritivne jejunostome (Witzel)
opsta-bolnica-niksic	D02249	325.00	325.00	NULL	6146	abdominal-fundoplication-with-hiatal-correction	Abdominal Fundoplication with Hiatal Correction	Fundoplikacija abdominalnim pristupom sa korekcijom dijafragmalnog hijatusa
opsta-bolnica-niksic	D02250	487.50	487.50	NULL	6147	sigmoid-and-upper-rectal-resection-with-hartmann-stoma	Sigmoid and Upper Rectal Resection with Hartmann Stoma	Resekcija sigme i gornjeg rektuma sa kreiranjem derivacione stome (Hartmann)
opsta-bolnica-niksic	D02251	325.00	325.00	NULL	6148	pyloroplasty-with-selective-vagotomy	Pyloroplasty with Selective Vagotomy	Piloroplastika sa selektivnom vagotomijom
opsta-bolnica-niksic	D02252	325.00	325.00	NULL	6149	colon-diverting-stoma-without-resection	Colon Diverting Stoma without Resection	Izvođenje derivacione stome kolona bez resekcije
opsta-bolnica-niksic	D02254	585.00	585.00	NULL	6150	right-hemicolectomy-extended-with-stoma-formation	Right Hemicolectomy (Extended) with Stoma Formation	Desna hemikolektomija (i proširena) sa formiranjem stome
opsta-bolnica-niksic	D02257	390.00	390.00	NULL	6151	laparoscopic-left-hemicolectomy-with-stoma-formation	Laparoscopic Left Hemicolectomy with Stoma Formation	Lijeva hemikolektomija sa formiranjem stome — laparoskopska
opsta-bolnica-niksic	D02258	390.00	390.00	NULL	6152	subtotal-colectomy-with-anastomosis-right-transverse-left-colon	Subtotal Colectomy with Anastomosis (Right, Transverse, Left Colon)	Subtotalna kolektomija sa anastomozom (desni, transverzalni, lijevi kolon)
opsta-bolnica-niksic	D02259	390.00	390.00	NULL	6153	subtotal-colectomy-with-stoma-formation	Subtotal Colectomy with Stoma Formation	Subtotalna kolektomija sa formiranjem stome
opsta-bolnica-niksic	D02260	65.00	65.00	NULL	6154	lower-limb-phlebectomy-for-recurrent-varicosities	Lower Limb Phlebectomy for Recurrent Varicosities	Flebektomija površnih vena donjih ekstremiteta zbog recidivantnih varikoziteta
opsta-bolnica-niksic	D02262	975.00	975.00	NULL	6155	total-pelvic-exenteration	Total Pelvic Exenteration	Evisceracija pelvisa
opsta-bolnica-niksic	D03002	325.00	325.00	NULL	6160	transvaginal-incontinence-correction-tottvt-tape	Transvaginal Incontinence Correction (TOT/TVT Tape)	Korekcija inkontinencije transvaginalnim putem (TOT i TVT trake)
opsta-bolnica-niksic	D03003	260.00	260.00	NULL	6161	ureterolithotomy	Ureterolithotomy	Ureterolitotomija
opsta-bolnica-niksic	D03004	390.00	390.00	NULL	6162	partial-nephrectomy	Partial Nephrectomy	Parcijalna nefrektomija
opsta-bolnica-niksic	D03005	325.00	325.00	NULL	6163	renal-cyst-resection	Renal Cyst Resection	Resekcija ciste bubrega
opsta-bolnica-niksic	D03010	130.00	130.00	NULL	6164	cystolithotomy-without-bladder-neck-resection	Cystolithotomy without Bladder Neck Resection	Cistolitotomija bez resekcije vrata
opsta-bolnica-niksic	D03011	260.00	260.00	NULL	6165	bladder-tumor-ablationexcision	Bladder Tumor Ablation/Excision	Mokraćna bešika — ablacija, ekscizija tumora
opsta-bolnica-niksic	D03012	390.00	390.00	NULL	6166	pyelolithotomy	Pyelolithotomy	Pijelolitotomija
opsta-bolnica-niksic	D03013	65.00	65.00	NULL	6167	foreign-body-removal-from-scrotum	Foreign Body Removal from Scrotum	Skrotum — odstranjivanje stranog tijela
opsta-bolnica-niksic	D03014	130.00	130.00	NULL	6168	varicocele-surgery	Varicocele Surgery	Operacija varikocele
opsta-bolnica-niksic	D03015	130.00	130.00	NULL	6169	testicular-torsion-reduction-with-contralateral-fixation	Testicular Torsion Reduction with Contralateral Fixation	Redukcija torzije testisa sa fiksacijom kontralateralnog testisa
opsta-bolnica-niksic	D03016	292.50	292.50	NULL	6170	lower-ureter-quarter-ureterolithotomy	Lower Ureter Quarter Ureterolithotomy	Ureterolitotomija donje četvrtine uretera
opsta-bolnica-niksic	D03017	97.50	97.50	NULL	6171	bilateral-orchiectomy	Bilateral Orchiectomy	Orhiektomija bilateralna
opsta-bolnica-niksic	D03018	48.75	48.75	NULL	6172	urethrorrhaphy-partial-or-total-for-injury	Urethrorrhaphy (Partial or Total) for Injury	Uretrorafija parcijalna ili totalna kod povrede
opsta-bolnica-niksic	D03019	325.00	325.00	NULL	6173	diverticulectomy-single	Diverticulectomy (Single)	Ekscizija divertikula (jedan)
opsta-bolnica-niksic	D03020	162.50	162.50	NULL	6174	bladder-neck-resection-with-stone-extraction	Bladder Neck Resection with Stone Extraction	Mokraćna bešika — resekcija vrata sa vađenjem kamena
opsta-bolnica-niksic	D03021	390.00	390.00	NULL	6175	pyelo-and-nephrolithotomy	Pyelo- and Nephrolithotomy	Pijelo i nefrolitotomija
opsta-bolnica-niksic	D03022	487.50	487.50	NULL	6176	renal-stone-lithoclast	Renal Stone Lithoclast	Litoklast kamena u bubregu
opsta-bolnica-niksic	D03023	455.00	455.00	NULL	6177	nephrectomy-with-total-ureterectomy	Nephrectomy with Total Ureterectomy	Nefrektomija sa totalnom ureterktomijom
opsta-bolnica-niksic	D03024	162.50	162.50	NULL	6178	partial-penile-amputation	Partial Penile Amputation	Amputacija penisa parcijalna
opsta-bolnica-niksic	D03025	260.00	260.00	NULL	6179	total-penile-amputation	Total Penile Amputation	Amputacija penisa totalna
opsta-bolnica-niksic	D03026	48.75	48.75	NULL	6180	epididymotomy	Epididymotomy	Epididimotomija
opsta-bolnica-niksic	D03027	65.00	65.00	NULL	6181	surgical-treatment-of-urethrocele	Surgical Treatment of Urethrocele	Operativno liječenje uretrokele
opsta-bolnica-niksic	D03029	81.25	81.25	NULL	6182	urethral-diverticulum-surgery	Urethral Diverticulum Surgery	Divertikulum uretre
opsta-bolnica-niksic	D03030	81.25	81.25	NULL	6183	anterior-urethrolithotomy	Anterior Urethrolithotomy	Uretrolitotomija prednja uretra
opsta-bolnica-niksic	D03031	81.25	81.25	NULL	6184	posterior-urethrolithotomy	Posterior Urethrolithotomy	Uretrolitotomija zadnja uretra
opsta-bolnica-niksic	D03032	81.25	81.25	NULL	6185	spermatocele-excision-without-epididymectomy	Spermatocele Excision without Epididymectomy	Ekscizija spermatokele bez epididimektomije
opsta-bolnica-niksic	D03033	97.50	97.50	NULL	6186	perineal-external-urethrotomy	Perineal External Urethrotomy	Uretrotomija eksterna perinealna
opsta-bolnica-niksic	D03034	97.50	97.50	NULL	6187	urethral-injury-closure	Urethral Injury Closure	Zatvaranje povrede uretre
opsta-bolnica-niksic	D03035	97.50	97.50	NULL	6188	urethrostomy-or-urethral-fistula-closure	Urethrostomy or Urethral Fistula Closure	Zatvaranje uretrostomije ili fistule uretre
opsta-bolnica-niksic	D03036	97.50	97.50	NULL	6189	drainage-of-prevesical-and-perivesical-abscess	Drainage of Prevesical and Perivesical Abscess	Drenaža prevezikalnog i perivezikalnog abscesa
opsta-bolnica-niksic	D03037	97.50	97.50	NULL	6190	vesicocutaneous-fistula-closure	Vesicocutaneous Fistula Closure	Fistula vezikokutanea — zatvaranje
opsta-bolnica-niksic	D03038	97.50	97.50	NULL	6191	unilateral-epididymectomy	Unilateral Epididymectomy	Epididimektomija unilateralna
opsta-bolnica-niksic	D03039	97.50	97.50	NULL	6192	hematocele-surgery	Hematocele Surgery	Hematocele
opsta-bolnica-niksic	D03040	97.50	97.50	NULL	6193	spermatic-duct-hydrocele-excision	Spermatic Duct Hydrocele Excision	Ductus spermaticus — ekscizija hidrokele spermatičnog duktusa
opsta-bolnica-niksic	D03041	97.50	97.50	NULL	6194	laparoscopic-varicocele-surgery	Laparoscopic Varicocele Surgery	Operacija varikocele — laparoskopska
opsta-bolnica-niksic	D03042	97.50	97.50	NULL	6195	scrotal-resection	Scrotal Resection	Resekcija skrotuma
opsta-bolnica-niksic	D03043	97.50	97.50	NULL	6196	prostatotomy-with-external-prostatic-abscess-drainage	Prostatotomy with External Prostatic Abscess Drainage	Prostatotomija — spoljna drenaža prostatičnog abscesa
opsta-bolnica-niksic	D03044	130.00	130.00	NULL	6197	internal-urethrotomy	Internal Urethrotomy	Uretrotomija interna
opsta-bolnica-niksic	D03045	130.00	130.00	NULL	6198	varicocele-excision-with-hernia-repair	Varicocele Excision with Hernia Repair	Ekscizija varikokele sa reparacijom hernije
opsta-bolnica-niksic	D03046	146.25	146.25	NULL	6199	bilateral-epididymectomy	Bilateral Epididymectomy	Epididimektomija bilateralna
opsta-bolnica-niksic	D03047	146.25	146.25	NULL	6200	unilateral-hydrocele-resection-with-hernia-operation	Unilateral Hydrocele Resection with Hernia Operation	Resekcija hidrokele unilateralna sa operacijom hernije
opsta-bolnica-niksic	D03048	162.50	162.50	NULL	6201	exploratory-lumbotomy-renal-biopsy	Exploratory Lumbotomy (Renal Biopsy)	Eksplorativna lumbotomija (biopsija bubrega)
opsta-bolnica-niksic	D03049	162.50	162.50	NULL	6202	bladder-neck-electroresection	Bladder Neck Electroresection	Elektroresekcija vrata mokraćne bešike
opsta-bolnica-niksic	D03050	195.00	195.00	NULL	6203	surgical-treatment-of-periurethral-gangrenephlegmonabscess	Surgical Treatment of Periurethral Gangrene/Phlegmon/Abscess	Operativno liječenje difuzne periuretralne gangrene, flegmona i abscesa
opsta-bolnica-niksic	D03051	195.00	195.00	NULL	6204	cystotomy-with-tumor-excision-or-electrocoagulation	Cystotomy with Tumor Excision or Electrocoagulation	Cistotomija sa egzerezom ili elektrokoagulacijom tumora mokraćne bešike
opsta-bolnica-niksic	D03052	195.00	195.00	NULL	6205	bladder-exstrophy-surgery	Bladder Exstrophy Surgery	Operativno liječenje ekstrofije bešike — uspostavljanje kontinuiteta
opsta-bolnica-niksic	D03053	195.00	195.00	NULL	6206	nephropexy	Nephropexy	Nefropeksija
opsta-bolnica-niksic	D03054	195.00	195.00	NULL	6207	orchiectomy-with-superficial-inguinal-lymph-node-dissection	Orchiectomy with Superficial Inguinal Lymph Node Dissection	Orhiektomija sa disekcijom površnih ingvinalnih limfnih čvorova
opsta-bolnica-niksic	D03055	211.25	211.25	NULL	6208	spermatocele-excision-with-epididymectomy	Spermatocele Excision with Epididymectomy	Ekscizija spermatokele sa epididimektomijom
opsta-bolnica-niksic	D03056	195.00	195.00	NULL	6209	cryptorchism-surgical-treatment	Cryptorchism Surgical Treatment	Operativno liječenje kriptorhizma
opsta-bolnica-niksic	D03057	227.50	227.50	NULL	6210	transurethral-tumor-resection	Transurethral Tumor Resection	Transuretralna resekcija tumora
opsta-bolnica-niksic	D03058	227.50	227.50	NULL	6211	open-drainage-of-perirenal-or-renal-abscess	Open Drainage of Perirenal or Renal Abscess	Drenaža perirenalnog ili renalnog abscesa — otvor
opsta-bolnica-niksic	D03059	260.00	260.00	NULL	6212	pyelo-and-nephrostomy	Pyelo- and Nephrostomy	Pijelo i nefrostomija
opsta-bolnica-niksic	D03060	325.00	325.00	NULL	6213	acquired-urethrorectal-fistula-treatment	Acquired Urethrorectal Fistula Treatment	Operativno tretiranje uretrorektalnih fistula stečenih
opsta-bolnica-niksic	D03061	325.00	325.00	NULL	6214	urethrovaginal-fistula-closure	Urethrovaginal Fistula Closure	Zatvaranje uretrovaginalne fistule
opsta-bolnica-niksic	D03062	325.00	325.00	NULL	6215	urethral-carcinoma-excision-urethrectomy	Urethral Carcinoma Excision (Urethrectomy)	Ekscizija karcinoma uretre (uretrektomija)
opsta-bolnica-niksic	D03063	325.00	325.00	NULL	6216	drainage-of-perineal-urinary-extravasation	Drainage of Perineal Urinary Extravasation	Drenaža perinealne urinarne ekstravazacije
opsta-bolnica-niksic	D03064	325.00	325.00	NULL	6217	partial-cystectomy-without-orifice-resection	Partial Cystectomy without Orifice Resection	Cistektomija parcijalna bez resekcije ušća
opsta-bolnica-niksic	D03065	325.00	325.00	NULL	6218	ureterosigmoidostomy	Ureterosigmoidostomy	Ureterosigmoidostomija
opsta-bolnica-niksic	D03066	325.00	325.00	NULL	6219	transurethral-resection-of-multiple-tumors	Transurethral Resection of Multiple Tumors	Transuretralna resekcija multiplih tumora
opsta-bolnica-niksic	D03067	325.00	325.00	NULL	6220	suture-of-vesicovaginal-postirradiation-fistula	Suture of Vesicovaginal Postirradiation Fistula	Sutura veziko vaginalne postiradiacione fistule
opsta-bolnica-niksic	D03068	325.00	325.00	NULL	6221	unilateral-ureterocutaneostomy	Unilateral Ureterocutaneostomy	Ureterokutaneostomija unilateralna
opsta-bolnica-niksic	D03069	325.00	325.00	NULL	6222	lumbar-ureteral-fistula-closure	Lumbar Ureteral Fistula Closure	Zatvaranje fistule uretera (lumbalne)
opsta-bolnica-niksic	D03070	325.00	325.00	NULL	6223	ureteral-injury-repair	Ureteral Injury Repair	Zbrinjavanje povrede uretera
opsta-bolnica-niksic	D03071	325.00	325.00	NULL	6224	aberrant-renal-vessels-resection	Aberrant Renal Vessels Resection	Resekcija aberantnih krvnih sudova bubrega
opsta-bolnica-niksic	D03072	325.00	325.00	NULL	6225	pyelotomy-with-exploration-and-tumor-ablation	Pyelotomy with Exploration and Tumor Ablation	Pijelotomija sa eksploracijom (i ablacija tu.)
opsta-bolnica-niksic	D03073	325.00	325.00	NULL	6226	pyelotomy-with-drainage	Pyelotomy with Drainage	Pijelotomija sa drenažom
opsta-bolnica-niksic	D03074	325.00	325.00	NULL	6227	removal-of-pararenal-retroperitoneal-tumor	Removal of Pararenal (Retroperitoneal) Tumor	Vađenje tu pararenalis (retroperitonealis)
opsta-bolnica-niksic	D03075	325.00	325.00	NULL	6228	tur-of-prostate-bladder-neck-resection	TUR of Prostate / Bladder Neck Resection	Transuretralna prostatektomija — resekcija vrata mokraćnog mjehura
opsta-bolnica-niksic	D03076	325.00	325.00	NULL	6229	unilateral-ureterocystoneostomy	Unilateral Ureterocystoneostomy	Ureterocistoneostomija unilateralna
opsta-bolnica-niksic	D03077	390.00	390.00	NULL	6230	cervical-resection-with-open-bladder-isolated-operation	Cervical Resection with Open Bladder (Isolated Operation)	Resekcija cerviksa sa 'otvorenom bešikom' — izolovana operacija
opsta-bolnica-niksic	D03078	390.00	390.00	NULL	6231	closure-of-bladder-and-pelvic-injuries	Closure of Bladder and Pelvic Injuries	Zatvaranje i zašivanje povrede bešike i pelvisa
opsta-bolnica-niksic	D03079	390.00	390.00	NULL	6232	bilateral-ureterocutaneostomy	Bilateral Ureterocutaneostomy	Ureterokutaneostomija bilateralna
opsta-bolnica-niksic	D03080	390.00	390.00	NULL	6233	pelvic-ureteral-fistula-closure	Pelvic Ureteral Fistula Closure	Zatvaranje fistule uretera (pelvične)
opsta-bolnica-niksic	D03081	390.00	390.00	NULL	6234	urethrectomy-stump-only	Urethrectomy (Stump Only)	Uretrektomija (samo patrljak)
opsta-bolnica-niksic	D03082	390.00	390.00	NULL	6235	suture-of-renal-wound-or-injury	Suture of Renal Wound or Injury	Sutura bubrežne rane ili povrede
opsta-bolnica-niksic	D03083	390.00	390.00	NULL	6236	closure-of-nephrostomy-or-pyelostomy	Closure of Nephrostomy or Pyelostomy	Zatvaranje nefrostomije, pijelostomije i drugih bubrežnih
opsta-bolnica-niksic	D03084	390.00	390.00	NULL	6237	unilateral-adrenalectomy	Unilateral Adrenalectomy	Adrenalektomija jednostrana
opsta-bolnica-niksic	D03085	422.50	422.50	NULL	6238	ureteroplasty	Ureteroplasty	Ureteroplastika
opsta-bolnica-niksic	D03086	422.50	422.50	NULL	6239	pyeloureteroplasty	Pyeloureteroplasty	Pijeloureteroplastika
opsta-bolnica-niksic	D03087	422.50	422.50	NULL	6240	bilateral-ureterocystoneostomy	Bilateral Ureterocystoneostomy	Ureterocistoneostomija bilateralna
opsta-bolnica-niksic	D03088	455.00	455.00	NULL	6241	bladder-diverticulectomy	Bladder Diverticulectomy	Divertikulektomija mokraćne bešike
opsta-bolnica-niksic	D03089	455.00	455.00	NULL	6242	pyeloplasty	Pyeloplasty	Pijeloplastika
opsta-bolnica-niksic	D03090	455.00	455.00	NULL	6243	renal-pelvis-plastic-surgery-with-or-without-nephrostomy	Renal Pelvis Plastic Surgery (with or without Nephrostomy)	Plastična operacija na pelvis renalisu sa ili bez nefrostome
opsta-bolnica-niksic	D03091	487.50	487.50	NULL	6244	partial-cystectomy-with-orifice-resection-and-reimplantation	Partial Cystectomy with Orifice Resection and Reimplantation	Cistektomija parcijalna sa resekcijom ušća i reimplant.
opsta-bolnica-niksic	D03092	487.50	487.50	NULL	6245	pediculated-and-tubular-ureteral-implantation	Ureteral Implantation Using a Pedicled Tubular Bladder Flap (Boari)	Ureteralna implantacija putem pedikularnog i tubularnog isječka bešike (Boari)
opsta-bolnica-niksic	D03093	487.50	487.50	NULL	6246	horseshoe-kidney-surgery	Horseshoe Kidney Surgery	Operacija potkovičastog bubrega
opsta-bolnica-niksic	D03094	520.00	520.00	NULL	6247	simple-nephrectomy	Simple Nephrectomy	Nefrektomija — simplex
opsta-bolnica-niksic	D03095	552.50	552.50	NULL	6248	partial-cystectomy-with-orifice-resection-variant	Partial Cystectomy with Orifice Resection (Variant)	Cistektomija parcijalna sa resekcijom ušća i reimpl. (var.)
opsta-bolnica-niksic	D03096	585.00	585.00	NULL	6249	radical-orchiectomy-with-retroperitoneal-dissection	Radical Orchiectomy with Retroperitoneal Dissection	Orhiektomija radikalna sa retroperitonealnom disekcijom
opsta-bolnica-niksic	D03097	585.00	585.00	NULL	6250	open-radical-prostatectomy	Open Radical Prostatectomy	Radikalna prostatektomija — otvorena
opsta-bolnica-niksic	D03098	650.00	650.00	NULL	6251	total-cystectomy-with-mainz-pouch-i-ureterosigmoidostomy	Total Cystectomy with Mainz-Pouch I Ureterosigmoidostomy	Totalna cistektomija sa ureterosigmoidoanastomozom (Mainz-Pouch I)
opsta-bolnica-niksic	D03099	650.00	650.00	NULL	6252	bladder-resection-plus-reconstruction-for-exstrophy	Bladder Resection plus Reconstruction (for Exstrophy)	Operativno liječenje ekstrofije bešike — resekcija plus
opsta-bolnica-niksic	D03100	650.00	650.00	NULL	6253	radical-nephrectomy	Radical Nephrectomy	Nefrektomija radikalna
opsta-bolnica-niksic	D03101	812.50	812.50	NULL	6254	total-cystectomy-with-ileal-conduit	Total Cystectomy with Ileal Conduit	Totalna cistektomija sa ileal konduitom
opsta-bolnica-niksic	D03104	276.25	276.25	NULL	6255	ureteral-stone-lithoclast	Ureteral Stone Lithoclast	Litoklast kamena u ureteru
opsta-bolnica-niksic	D03105	130.00	130.00	NULL	6256	trus-guided-prostate-biopsy	TRUS-Guided Prostate Biopsy	TRUS biopsija prostate
opsta-bolnica-niksic	D03106	65.00	65.00	NULL	6257	urethral-stone-extraction	Urethral Stone Extraction	Ekstrakcija kalkulusa iz uretre
opsta-bolnica-niksic	D03107	32.50	32.50	NULL	6258	unilateral-vasotomy	Unilateral Vasotomy	Vazotomija unilateralna
opsta-bolnica-niksic	D03108	48.75	48.75	NULL	6259	bilateral-vasotomy	Bilateral Vasotomy	Vazotomija bilateralna
opsta-bolnica-niksic	D03109	48.75	48.75	NULL	6260	partial-or-complicated-vasotomy	Partial or Complicated Vasotomy	Vazotomija parcijalna ili komplikovana
opsta-bolnica-niksic	D03111	97.50	97.50	NULL	6261	scrotal-plasty	Scrotal Plasty	Plastika skrotuma
opsta-bolnica-niksic	D03112	97.50	97.50	NULL	6262	perineal-incisional-prostate-biopsy	Perineal Incisional Prostate Biopsy	Biopsija prostate incizijom kroz perineum
opsta-bolnica-niksic	D03113	130.00	130.00	NULL	6263	unilateral-endoscopic-spermatic-vein-ligation	Unilateral Endoscopic Spermatic Vein Ligation	Endoskopska ligatura v. spermatike — jednostrana
opsta-bolnica-niksic	D03115	195.00	195.00	NULL	6264	operative-penile-induration-plastic	Operative Penile Induration Plastic	Induratio penis plastica — operativa
opsta-bolnica-niksic	D03116	195.00	195.00	NULL	6265	saphenous-vein-corpus-cavernosum-shunt	Saphenous Vein - Corpus Cavernosum Shunt	Vena saphena — corpus cavernosum shunt
opsta-bolnica-niksic	D03117	227.50	227.50	NULL	6266	marion-urethral-tunnelization-plus-cystostomy	Marion Urethral Tunnelization plus Cystostomy	Tunelizacija uretre po Marionu plus cistostomija
opsta-bolnica-niksic	D03118	260.00	260.00	NULL	6267	renal-sympathectomy-independent-nephrolysis	Renal Sympathectomy (Independent Nephrolysis)	Renalna simpatektomija (nefroliza nezavisna)
opsta-bolnica-niksic	D03119	260.00	260.00	NULL	6268	unilateral-renal-decapsulation	Unilateral Renal Decapsulation	Dekapsulacija bubrega — unilateralna
opsta-bolnica-niksic	D03120	325.00	325.00	NULL	6269	female-urethral-reconstruction-complete-treatment	Female Urethral Reconstruction (Complete Treatment)	Rekonstrukcija uretre kod žene — cjelokupno liječenje
opsta-bolnica-niksic	D03121	325.00	325.00	NULL	6270	lumbar-ureterotomy-with-exploration-and-drainage	Lumbar Ureterotomy with Exploration and Drainage	Ureterotomija sa eksploracijom i drenažom (lumbalna)
opsta-bolnica-niksic	D03122	390.00	390.00	NULL	6271	pelvic-ureterotomy-with-exploration-and-drainage	Pelvic Ureterotomy with Exploration and Drainage	Ureterotomija sa eksploracijom i drenažom (pelvična)
opsta-bolnica-niksic	D03123	390.00	390.00	NULL	6272	bilateral-ureteroenterostomy	Bilateral Ureteroenterostomy	Ureteroenterostomija — bilateralna
opsta-bolnica-niksic	D03124	390.00	390.00	NULL	6273	horseshoe-kidney-symphysiotomy	Horseshoe Kidney Symphysiotomy	Simfiziotomija potkovičastog bubrega
opsta-bolnica-niksic	D03125	390.00	390.00	NULL	6274	bilateral-renal-decapsulation	Bilateral Renal Decapsulation	Dekapsulacija bubrega — bilateralna
opsta-bolnica-niksic	D03126	422.50	422.50	NULL	6275	unilateral-antireflux-surgery	Unilateral Antireflux Surgery	Antirefluks operacije — unilateralna
opsta-bolnica-niksic	D03127	422.50	422.50	NULL	6276	laparoscopic-ureteral-surgery	Laparoscopic Ureteral Surgery	Laparoskopija — operacija na ureteru
opsta-bolnica-niksic	D03128	455.00	455.00	NULL	6277	laparoscopic-pyeloureteroplasty	Laparoscopic Pyeloureteroplasty	Laparoskopija — pijeloureteroplastika
opsta-bolnica-niksic	D03129	487.50	487.50	NULL	6278	ureterointestinoplasty	Ureterointestinoplasty	Ureterointestinoplastika
opsta-bolnica-niksic	D03130	487.50	487.50	NULL	6279	surgery-on-congenital-anomalous-kidneys	Surgery on Congenital Anomalous Kidneys	Operacija na urođeno anomaličnim bubrezima
opsta-bolnica-niksic	D03131	487.50	487.50	NULL	6280	corrective-procedures-on-renal-vessels	Corrective Procedures on Renal Vessels	Korektivni zahvati na krvnim sudovima bubrega
opsta-bolnica-niksic	D03132	520.00	520.00	NULL	6281	bilateral-antireflux-surgery	Bilateral Antireflux Surgery	Antirefluks operacije — bilateralna
opsta-bolnica-niksic	D03133	520.00	520.00	NULL	6282	pheochromocytoma-surgery	Pheochromocytoma Surgery	Operacija feohromocitoma
opsta-bolnica-niksic	D03134	520.00	520.00	NULL	6283	laparoscopic-simple-nephrectomy	Laparoscopic Simple Nephrectomy	Laparoskopija — simplex nefrektomija
opsta-bolnica-niksic	D03135	585.00	585.00	NULL	6284	bilateral-adrenalectomy	Bilateral Adrenalectomy	Adrenalektomija obostrana
opsta-bolnica-niksic	D03136	585.00	585.00	NULL	6285	radical-penile-amputation-with-pelvic-dissection	Radical Penile Amputation with Pelvic Dissection	Amputacija penisa radikalna sa disekcijom pelvisa
opsta-bolnica-niksic	D03137	650.00	650.00	NULL	6286	congenital-urethrorectal-fistula-treatment	Congenital Urethrorectal Fistula Treatment	Operativno liječenje uretrorektalnih fistula — kongenitalnih, cjelokupno
opsta-bolnica-niksic	D03138	650.00	650.00	NULL	6287	ureteral-replacement-with-ileum	Ureteral Replacement with Ileum	Zamjena uretera ileumom
opsta-bolnica-niksic	D03139	650.00	650.00	NULL	6288	laparoscopic-radical-nephrectomy	Laparoscopic Radical Nephrectomy	Laparoskopija — radikalna nefrektomija
opsta-bolnica-niksic	D03140	812.50	812.50	NULL	6289	total-cystectomy-with-bladder-replacement-by-intestinal-graft	Total Cystectomy with Bladder Replacement by Intestinal Graft	Cistektomija total sa zamjenjivanjem bešike intestinalnim kalemom
opsta-bolnica-niksic	D03142	325.00	325.00	NULL	6290	male-incontinence-correction	Male Incontinence Correction	Korekcija inkontinencije kod muškaraca
opsta-bolnica-niksic	D03143	65.00	65.00	NULL	6291	subcapsular-orchiectomy	Subcapsular Orchiectomy	Subkapsularna orhiektomija
opsta-bolnica-niksic	D03144	97.50	97.50	NULL	6292	funiculocele-surgery	Funiculocele Surgery	Operacija funikocele
opsta-bolnica-niksic	D03145	585.00	585.00	NULL	6293	transvesicalretropubic-prostatectomy-with-bladder-neck-resection	Transvesical/Retropubic Prostatectomy with Bladder Neck Resection	Transvezikalna i retropubična prostatektomija sa resekcijom vrata
opsta-bolnica-niksic	D03146	325.00	325.00	NULL	6294	tanagho-or-burch-colpocystourethropexy	Tanagho or Burch Colpocystourethropexy	Kolpocistouretropeksija (Tanagho ili Burch)
opsta-bolnica-niksic	D03147	42.25	42.25	NULL	6295	penile-injury-repair	Penile Injury Repair	Zbrinjavanje povrede penisa
opsta-bolnica-niksic	D03148	195.00	195.00	NULL	6296	epididymo-vasal-anastomosis	Epididymo-Vasal Anastomosis	Operacija na epididimu — epididimo duktalna anastomoza
opsta-bolnica-niksic	D03149	260.00	260.00	NULL	6297	percutaneous-drainage-of-perinephric-or-renal-abscess	Percutaneous Drainage of Perinephric or Renal Abscess	Evakuacija i drenaža perinefričnog ili renalnog abscesa perkutano
opsta-bolnica-niksic	D03150	520.00	520.00	NULL	6298	laparoscopic-partial-nephrectomy	Laparoscopic Partial Nephrectomy	Laparoskopija — parcijalna nefrektomija
opsta-bolnica-niksic	D03151	325.00	325.00	NULL	6299	laparoscopic-renal-cyst-surgery	Laparoscopic Renal Cyst Surgery	Laparoskopija — operacija ciste bubrega
opsta-bolnica-niksic	D03201	715.00	715.00	NULL	6300	total-cystectomy-with-ureterocutaneostomy	Total Cystectomy with Ureterocutaneostomy	Totalna cistektomija sa ureterokutaneostomijom
opsta-bolnica-niksic	D03202	812.50	812.50	NULL	6301	total-cystectomy-with-orthotopic-bladder	Total Cystectomy with Orthotopic Bladder	Totalna cistektomija sa ortotopskom bešikom
opsta-bolnica-niksic	D03203	812.50	812.50	NULL	6302	bladder-augmentation	Bladder Augmentation	Augmentacija mokraćne bešike
opsta-bolnica-niksic	D03204	276.25	276.25	NULL	6303	anterior-urethroplasty-for-stenosis	Anterior Urethroplasty for Stenosis	Plastika prednje uretre zbog stenoze
opsta-bolnica-niksic	D03205	487.50	487.50	NULL	6304	posterior-urethroplasty-for-stenosis	Posterior Urethroplasty for Stenosis	Plastika zadnje uretre zbog stenoze
opsta-bolnica-niksic	D03207	455.00	455.00	NULL	6305	donor-nephrectomy	Donor Nephrectomy	Donor nefrektomija
opsta-bolnica-niksic	D03208	812.50	812.50	NULL	6306	kidney-transplantation-in-recipient	Kidney Transplantation in Recipient	Transplantacija bubrega kod recipijenta
opsta-bolnica-niksic	D03209	276.25	276.25	NULL	6307	laparoscopic-adrenalectomy	Laparoscopic Adrenalectomy	Laparoskopija — adrenalektomija
opsta-bolnica-niksic	D03210	812.50	812.50	NULL	6308	laparoscopic-pelvic-lymphadenectomy	Laparoscopic Pelvic Lymphadenectomy	Laparoskopija — limfadenektomija pelvična
opsta-bolnica-niksic	D03211	812.50	812.50	NULL	6309	laparoscopic-total-cystectomy	Laparoscopic Total Cystectomy	Laparoskopija — cistektomija totalis
opsta-bolnica-niksic	D03212	633.75	633.75	NULL	6310	laparoscopic-cystoprostatectomy	Laparoscopic Cystoprostatectomy	Laparoskopija — cistoprostatektomija totalis
opsta-bolnica-niksic	D03213	585.00	585.00	NULL	6311	laparoscopic-radical-prostatectomy	Laparoscopic Radical Prostatectomy	Laparoskopija — prostatektomija radikalna
opsta-bolnica-niksic	D04002	130.00	130.00	NULL	6312	unilateral-external-ethmoidectomy	Unilateral External Ethmoidectomy	Etmoidektomija spoljna jednostrana
opsta-bolnica-niksic	D04003	260.00	260.00	NULL	6313	nasal-reconstruction-with-local-flap-or-free-graft	Nasal Reconstruction with Local Flap or Free Graft	Rekonstrukcija nosa, kolumele, kavuma nosa lokalnim režnjem ili slobodnim transplantatom
opsta-bolnica-niksic	D04004	130.00	130.00	NULL	6314	septorhinoplasty	Septorhinoplasty	Septorinoplastika
opsta-bolnica-niksic	D04005	97.50	97.50	NULL	6315	unilateral-nasal-polyp-ablation-with-ethmoidectomy	Unilateral Nasal Polyp Ablation with Ethmoidectomy	Ablacija polipa nosa sa etmoidektomijom — unilateralna
opsta-bolnica-niksic	D04006	195.00	195.00	NULL	6316	excision-of-large-neck-cyst	Excision of Large Neck Cyst	Ablacija velikih cista vrata
opsta-bolnica-niksic	D04007	146.25	146.25	NULL	6317	bilateral-otoplasty	Bilateral Otoplasty	Korektivna hirurgija uha — bilateralna
opsta-bolnica-niksic	D04008	260.00	260.00	NULL	6318	cottle-nasal-septoplasty	Cottle Nasal Septoplasty	Plastika septuma nosa — Cottle
opsta-bolnica-niksic	D04009	227.50	227.50	NULL	6319	corrective-rhinoplasty-with-osteotomy	Corrective Rhinoplasty with Osteotomy	Korektivna rinoplastika sa osteotomijom
opsta-bolnica-niksic	D04010	325.00	325.00	NULL	6320	excision-of-nasal-malignant-tumor	Excision of Nasal Malignant Tumor	Ekscizija nazalnog malignog tumora
opsta-bolnica-niksic	D04011	195.00	195.00	NULL	6321	radical-surgery-for-lip-malignant-tumor-with-soft-tissue-resection	Radical Surgery for Lip Malignant Tumor with Soft Tissue Resection	Radikalna operacija malignih tumora usne sa resekcijom mekih tkiva
opsta-bolnica-niksic	D04012	195.00	195.00	NULL	6322	radical-resection-of-auricular-malignant-tumor	Radical Resection of Auricular Malignant Tumor	Radikalna resekcija zbog malignih tumora ušne školjke
opsta-bolnica-niksic	D04013	65.00	65.00	NULL	6323	simple-resection-of-auricular-malignant-tumor	Simple Resection of Auricular Malignant Tumor	Maligni tumor uške — obična resekcija
opsta-bolnica-niksic	D04014	81.25	81.25	NULL	6324	excision-of-external-ear-canal-osteoma-or-exostosis	Excision of External Ear Canal Osteoma or Exostosis	Ekstirpacija osteoma ili egzostoza spoljašnjeg ušnog kanala
opsta-bolnica-niksic	D04015	130.00	130.00	NULL	6325	infant-antrotomy-bilateral-or-unilateral	Infant Antrotomy (Bilateral or Unilateral)	Antrotomija odojčeta — obostrano ili jednostrano
opsta-bolnica-niksic	D04016	130.00	130.00	NULL	6326	mastoidectomy	Mastoidectomy	Mastoidektomija
opsta-bolnica-niksic	D04018	65.00	65.00	NULL	6327	excision-of-nasal-benign-tumor	Excision of Nasal Benign Tumor	Ekscizija nazalnog benignog tumora
opsta-bolnica-niksic	D04019	97.50	97.50	NULL	6328	submucosal-resection-of-nasal-septum-partial-or-extended	Submucosal Resection of Nasal Septum (Partial or Extended)	Submukozna resekcija nosnog septuma — parcijalna ili proširena
opsta-bolnica-niksic	D04020	195.00	195.00	NULL	6329	bilateral-external-ethmoidectomy	Bilateral External Ethmoidectomy	Etmoidektomija spoljna obostrana
opsta-bolnica-niksic	D04021	97.50	97.50	NULL	6330	unilateral-endonasal-maxillary-sinus-surgery	Unilateral Endonasal Maxillary Sinus Surgery	Endonazalna operacija maksilarnih sinusa — jednostrana
opsta-bolnica-niksic	D04022	146.25	146.25	NULL	6331	bilateral-endonasal-maxillary-sinus-surgery	Bilateral Endonasal Maxillary Sinus Surgery	Endonazalna operacija maksilarnih sinusa — obostrano
opsta-bolnica-niksic	D04023	195.00	195.00	NULL	6332	unilateral-riedel-frontal-sinus-radical-surgery	Unilateral Riedel Frontal Sinus Radical Surgery	Radikalna operacija čeonog sinusa (Riedel) — jednostrano
opsta-bolnica-niksic	D04024	195.00	195.00	NULL	6333	frontal-sinus-revision-fracture-elevation	Frontal Sinus Revision (Fracture Elevation)	Revizija frontalnog sinusa — elevacija frakture i sl. uni- ili bilateralno
opsta-bolnica-niksic	D04027	97.50	97.50	NULL	6334	unilateral-otoplasty	Unilateral Otoplasty	Korektivna hirurgija uha — unilateralna
opsta-bolnica-niksic	D04028	113.75	113.75	NULL	6335	treatment-of-larger-wounds-with-skin-defect-closure	Treatment of Larger Wounds with Skin Defect Closure	Obrada većih rana sa defektom kože koje zahtjevaju zatvaranje
opsta-bolnica-niksic	D04029	130.00	130.00	NULL	6336	sistrunk-operation-for-median-neck-cystfistula	Sistrunk Operation for Median Neck Cyst/Fistula	Operacija medijalnih cista i fistula vrata — Sistrunk
opsta-bolnica-niksic	D04030	130.00	130.00	NULL	6337	excision-of-tongue-malignant-tumor-with-primary-plasty	Excision of Tongue Malignant Tumor with Primary Plasty	Ekscizija malignih tumora jezika i primarna plastika
opsta-bolnica-niksic	D04031	195.00	195.00	NULL	6338	lateral-neck-cystfistula-operation	Lateral Neck Cyst/Fistula Operation	Operacija lateralnih cista i fistula vrata
opsta-bolnica-niksic	D04032	195.00	195.00	NULL	6339	cartilage-graft-harvesting-and-modeling	Cartilage Graft Harvesting and Modeling	Uzimanje i modeliranje hrskavičavog transplantata
opsta-bolnica-niksic	D04033	195.00	195.00	NULL	6340	transmeatal-myringoplasty	Transmeatal Myringoplasty	Miringoplastika — transmeatalni pristup
opsta-bolnica-niksic	D04034	260.00	260.00	NULL	6341	radical-trepanationre-trepanation-of-middle-ear	Radical Trepanation/Re-trepanation of Middle Ear	Radikalna trepanacija i retrepanacija srednjeg uva
opsta-bolnica-niksic	D04035	325.00	325.00	NULL	6342	unilateral-radical-neck-dissection	Unilateral Radical Neck Dissection	Radikalna disekcija vrata — jednostrana
opsta-bolnica-niksic	D04036	325.00	325.00	NULL	6343	total-ear-reconstruction	Total Ear Reconstruction	Rekonstrukcija uha — totalna, nezavisna od metode
opsta-bolnica-niksic	D04037	325.00	325.00	NULL	6344	facial-nerve-decompression-with-mastoidectomy-and-trepanation	Facial Nerve Decompression with Mastoidectomy and Trepanation	Dekompresija ličnog živca sa mastoidektomijom, trepanacijom
opsta-bolnica-niksic	D04038	390.00	390.00	NULL	6345	stapedovestibular-surgery-stapedoplasty-fenestration-mobilization-adhesiolysis	Stapedovestibular Surgery (Stapedoplasty, Fenestration, Mobilization, Adhesiolysis)	Stapedovestibularna operacija (stapedoplastika, fenestracija, mobilizacija, adhezioliza)
opsta-bolnica-niksic	D04039	422.50	422.50	NULL	6346	tympanoplasty-various-types-with-atticotomy	Tympanoplasty Various Types with Atticotomy	Timpanoplastika razni tipovi sa atikotomijom
opsta-bolnica-niksic	D04040	585.00	585.00	NULL	6347	cochlear-implant-implantation	Cochlear Implant Implantation	Ugradnja kohlearnog implantata
opsta-bolnica-niksic	D04041	19.50	19.50	NULL	6348	unilateral-tympanostomy-tube-removal	Unilateral Tympanostomy Tube Removal	Odstranjivanje aeracionih cjevčica — jednostrano
opsta-bolnica-niksic	D04042	26.00	26.00	NULL	6349	bilateral-tympanostomy-tube-removal	Bilateral Tympanostomy Tube Removal	Odstranjivanje aeracionih cjevčica — obostrano
opsta-bolnica-niksic	D04043	39.00	39.00	NULL	6350	bilateral-nasal-polyp-ablation	Bilateral Nasal Polyp Ablation	Ablacija nazalnog polipa — obostrana
opsta-bolnica-niksic	D04044	42.25	42.25	NULL	6351	adenotomy	Adenotomy	Adenotomija
opsta-bolnica-niksic	D04045	48.75	48.75	NULL	6352	tympanic-membrane-repositioning	Tympanic Membrane Repositioning	Repozicija bubne opne
opsta-bolnica-niksic	D04046	48.75	48.75	NULL	6353	external-or-middle-ear-polyp-ablation	External or Middle Ear Polyp Ablation	Ablacija polipa spoljašnjeg/srednjeg uha
opsta-bolnica-niksic	D04047	53.63	53.63	NULL	6354	tonsillectomy-with-adenotomy	Tonsillectomy with Adenotomy	Tonzilektomija sa adenotomijom
opsta-bolnica-niksic	D04048	65.00	65.00	NULL	6355	auricular-suture	Auricular Suture	Sutura ušne školjke
opsta-bolnica-niksic	D04049	81.25	81.25	NULL	6356	surgery-for-benign-lip-and-tongue-tumors	Surgery for Benign Lip and Tongue Tumors	Operacija benignih tumora usana i jezika
opsta-bolnica-niksic	D04050	97.50	97.50	NULL	6357	auricular-reconstruction-after-injury	Auricular Reconstruction After Injury	Rekonstrukcija ušne školjke nakon povrede
opsta-bolnica-niksic	D04051	130.00	130.00	NULL	6358	ablation-of-external-auditory-canal-malignant-tumor	Ablation of External Auditory Canal Malignant Tumor	Ablacija malignih tumora MAE
opsta-bolnica-niksic	D04052	146.25	146.25	NULL	6359	bilateral-endonasal-ethmoidectomy-with-polyp-ablation	Bilateral Endonasal Ethmoidectomy with Polyp Ablation	Endonazalna etmoidektomija sa ablacijom polipa iz nosa — obostrana
opsta-bolnica-niksic	D04053	162.50	162.50	NULL	6360	unilateral-caldwell-luc-maxillary-sinus-surgery	Unilateral Caldwell-Luc Maxillary Sinus Surgery	Operacija maksilarnih sinusa (Caldwell-Luc) — jednostrano
opsta-bolnica-niksic	D04054	195.00	195.00	NULL	6361	external-auditory-canal-reconstruction	External Auditory Canal Reconstruction	Rekonstrukcija spoljašnjeg slušnog kanala
opsta-bolnica-niksic	D04055	227.50	227.50	NULL	6362	bilateral-caldwell-luc-maxillary-sinus-surgery	Bilateral Caldwell-Luc Maxillary Sinus Surgery	Operacija maksilarnih sinusa (Caldwell-Luc) — obostrano
opsta-bolnica-niksic	D04056	13.00	13.00	NULL	6363	tympanocentesis-with-tube-placement-unilateral	Tympanocentesis with Tube Placement (Unilateral)	Paracenteza bubne opne sa postavljanjem cjevčice za aeraciju i drenažu — unilateralna
opsta-bolnica-niksic	D04057	19.50	19.50	NULL	6364	tympanocentesis-with-tube-placement-bilateral	Tympanocentesis with Tube Placement (Bilateral)	Paracenteza bubne opne sa postavljanjem cjevčice za aeraciju i drenažu — obostrana
opsta-bolnica-niksic	D04058	65.00	65.00	NULL	6365	excision-of-congenital-nasal-fistula	Excision of Congenital Nasal Fistula	Ekstirpacija kongenitalne fistule nosa
opsta-bolnica-niksic	D04059	487.50	487.50	NULL	6366	modified-radical-trepanation-of-temporal-bone	Modified Radical Trepanation of Temporal Bone	Modifikovana radikalna trepanacija temporalne kosti
opsta-bolnica-niksic	D04060	390.00	390.00	NULL	6367	radical-trepanation-of-temporal-bone	Radical Trepanation of Temporal Bone	Radikalna trepanacija temporalne kosti
opsta-bolnica-niksic	D04061	130.00	130.00	NULL	6368	unilateral-atrophic-rhinitis-surgery	Unilateral Atrophic Rhinitis Surgery	Operacija atrofičnog rinitisa — jednostrana
opsta-bolnica-niksic	D04062	195.00	195.00	NULL	6369	bilateral-atrophic-rhinitis-surgery	Bilateral Atrophic Rhinitis Surgery	Operacija atrofičnog rinitisa — obostrana
opsta-bolnica-niksic	D04063	195.00	195.00	NULL	6370	unilateral-frontal-sinus-osteoplastic-surgery	Unilateral Frontal Sinus Osteoplastic Surgery	Osteoplastična operacija frontalnog sinusa — jednostrano
opsta-bolnica-niksic	D04064	292.50	292.50	NULL	6371	bilateral-frontal-sinus-osteoplastic-surgery	Bilateral Frontal Sinus Osteoplastic Surgery	Osteoplastična operacija frontalnog sinusa — obostrano
opsta-bolnica-niksic	D04065	110.50	110.50	NULL	6372	rttenburg-frontal-sinus-drainage	Rüttenburg Frontal Sinus Drainage	Drenaža frontalnog sinusa — Rutenburg
opsta-bolnica-niksic	D04066	227.50	227.50	NULL	6373	functional-endoscopic-sinus-surgery-fess	Functional Endoscopic Sinus Surgery (FESS)	Funkcionalna endoskopska hirurgija sinusa (FESS)
opsta-bolnica-niksic	D04067	65.00	65.00	NULL	6374	excision-of-congenital-ear-fistula	Excision of Congenital Ear Fistula	Ekstirpacija kongenitalne fistule uha
opsta-bolnica-niksic	D04068	195.00	195.00	NULL	6375	retroauricular-myringoplasty	Retroauricular Myringoplasty	Miringoplastika — retroaurikularni pristup
opsta-bolnica-niksic	D04069	390.00	390.00	NULL	6376	myringoplasty-with-ossicular-chain-reconstruction	Myringoplasty with Ossicular Chain Reconstruction	Miringoplastika sa rekonstrukcijom lanca slušnih koščica
opsta-bolnica-niksic	D04070	487.50	487.50	NULL	6377	bilateral-radical-neck-dissection	Bilateral Radical Neck Dissection	Radikalna disekcija vrata obostrana
opsta-bolnica-niksic	D04071	26.00	26.00	NULL	6378	unilateral-nasal-polyp-ablation	Unilateral Nasal Polyp Ablation	Ablacija nazalnog polipa — jednostrana
opsta-bolnica-niksic	D04072	182.00	182.00	NULL	6379	surgical-closure-of-nasal-septal-perforation	Surgical Closure of Nasal Septal Perforation	Hirurško zatvaranje otvora u nosnoj pregradi
opsta-bolnica-niksic	D04073	130.00	130.00	NULL	6380	closure-of-roundoval-window-fistula-of-inner-ear	Closure of Round/Oval Window Fistula of Inner Ear	Zatvaranje fistule okruglog/ovalnog otvora unutrašnjeg uha
opsta-bolnica-niksic	D04074	81.25	81.25	NULL	6381	de-epithelialization-of-perforated-tympanic-membrane-edge	De-epithelialization of Perforated Tympanic Membrane Edge	Deepitelizacija ivice perforirane bubne opne
opsta-bolnica-niksic	D04075	260.00	260.00	NULL	6382	middle-ear-exploration	Middle Ear Exploration	Eksploracija srednjeg uha
opsta-bolnica-niksic	D04076	48.75	48.75	NULL	6383	unilateral-choanal-membranous-atresia-plasty	Unilateral Choanal Membranous Atresia Plasty	Plastika hoanalne membranozne atrezije — jednostrano
opsta-bolnica-niksic	D04077	65.00	65.00	NULL	6384	bilateral-choanal-membranous-atresia-plasty	Bilateral Choanal Membranous Atresia Plasty	Plastika hoanalne membranozne atrezije — obostrano
opsta-bolnica-niksic	D04078	195.00	195.00	NULL	6385	unilateral-choanal-bony-atresia-plasty	Unilateral Choanal Bony Atresia Plasty	Plastika hoanalne koštane atrezije — jednostrano
opsta-bolnica-niksic	D04079	260.00	260.00	NULL	6386	bilateral-choanal-bony-atresia-plasty	Bilateral Bony Choanal Atresia Repair	Plastika hoanalne koštane atrezije — obostrano
opsta-bolnica-niksic	D04080	325.00	325.00	NULL	6387	unilateral-de-lima-sinus-operation	Unilateral De Lima Sinus Operation	Operacija sinusa (De Lima) — jednostrano
opsta-bolnica-niksic	D04081	455.00	455.00	NULL	6388	bilateral-de-lima-sinus-operation	Bilateral De Lima Sinus Operation	Operacija sinusa (De Lima) — obostrano
opsta-bolnica-niksic	D04082	97.50	97.50	NULL	6389	vallecular-cyst-removal	Vallecular Cyst Removal	Uklanjanje ciste valekule
opsta-bolnica-niksic	D04083	81.25	81.25	NULL	6390	laryngotomy-or-laryngofissure	Laryngotomy or Laryngofissure	Laringotomija ili laringofisura
opsta-bolnica-niksic	D05001	650.00	650.00	NULL	6392	acetabulum-and-proximal-femur-arthroplasty	Acetabulum and Proximal Femur Arthroplasty (Total Hip)	Artroplastika acetabuluma i proksimalnog dijela femura (cijeli kuk)
opsta-bolnica-niksic	D05002	325.00	325.00	NULL	6393	femur-fracture-reduction-closed-or-open	Femur Fracture Reduction (Closed or Open) with/without Internal Fixation	Fraktura femura — zatvorena ili otvorena (složena) repozicija sa ili bez unutrašnje fiksacije
opsta-bolnica-niksic	D05003	227.50	227.50	NULL	6394	above-knee-amputation-through-femur	Above-Knee Amputation Through Femur	Amputacija noge kroz femur, bilo koje visine
opsta-bolnica-niksic	D05004	162.50	162.50	NULL	6395	humerus-diaphysis-fracture-closed-or-open-reduction	Humerus Diaphysis Fracture (Open Reduction with/without Fixation)	Fraktura dijafize humerusa — zatvorena ili otvorena (složena), otvorena repozicija sa/bez fiksacije
opsta-bolnica-niksic	D05005	130.00	130.00	NULL	6396	ulnar-diaphysis-fracture-open-reduction-withwithout-fixation	Ulnar Diaphysis Fracture (Open Reduction with/without Fixation)	Fraktura dijafize ulne — zatvorena ili otvorena, otvorena repozicija sa/bez fiksacije
opsta-bolnica-niksic	D05006	195.00	195.00	NULL	6397	knee-arthrotomy-capsulotomy-with-exploration-and-foreign-body-removal	Knee Arthrotomy (Capsulotomy) with Exploration, Drainage and Foreign Body Removal	Artrotomija (kapsulotomija) koljena sa eksploracijom, drenažom i odstranjivanjem stranog tijela
opsta-bolnica-niksic	D05007	227.50	227.50	NULL	6398	tibial-fracture-reduction-closed-or-open-withwithout-fixation	Tibial Fracture Reduction (Closed or Open) with/without Fixation	Fraktura tibije — zatvorena ili otvorena, sa ili bez unutrašnje fiksacije
opsta-bolnica-niksic	D05009	195.00	195.00	NULL	6399	open-reduction-of-patellar-fracture-with-repair	Open Reduction of Patellar Fracture with Repair and/or Excision	Fraktura patele — otvorena (složena) repozicija sa reparacijom i/ili ekscizijom
opsta-bolnica-niksic	D05010	178.75	178.75	NULL	6400	achilles-tendon-rupture-repair	Achilles Tendon Rupture Repair	Sutura rupturirane Ahilove tetive
opsta-bolnica-niksic	D05012	195.00	195.00	NULL	6402	total-fasciotomy-for-dupuytren-contracture	Total Fasciotomy for Dupuytren Contracture	Totalna fasciotomija kod Dupuytren-ove kontrakture
opsta-bolnica-niksic	D05013	146.25	146.25	NULL	6403	guillotine-hand-amputation	Guillotine Arm Amputation	Giljotinska amputacija ruke
opsta-bolnica-niksic	D05014	97.50	97.50	NULL	6404	open-reduction-of-radius-and-ulna-diaphysis-fracture	Reduction of Open Radius and Ulna Diaphysis Fracture with Fixation and Soft Tissue Closure	Fraktura dijafize radiusa i ulne — otvorena (složena), sa prostim zatvaranjem mekog tkiva, manipulativna repozicija sa fiksacijom
opsta-bolnica-niksic	D05016	146.25	146.25	NULL	6405	forearm-amputation-through-radius-and-ulna	Forearm Amputation Through Radius and Ulna	Amputacija podlaktice kroz radijus i ulnu
opsta-bolnica-niksic	D05017	97.50	97.50	NULL	6406	open-flexor-tenotomy-of-multiple-tendons-same-incision	Open Flexor Tenotomy of Multiple Tendons (Same Incision)	Tenotomija fleksora, otvorena, više od jedne tenotomije, kroz isti rez
opsta-bolnica-niksic	D05018	130.00	130.00	NULL	6407	open-flexor-tenotomy-of-multiple-fingers	Open Flexor Tenotomy of Multiple Fingers	Tenotomija fleksora, otvorena, više prstiju
opsta-bolnica-niksic	D05019	113.75	113.75	NULL	6408	metacarpal-fracture-reduction	Metacarpal Fracture Reduction	Frakture metakarpusa — zatvorena ili otvorena (komplikovana) repozicija
opsta-bolnica-niksic	D05020	162.50	162.50	NULL	6409	hand-amputation-through-metacarpal-joint	Hand Amputation Through Metacarpal Joint	Amputacija šake kroz metakarpalni zglob
opsta-bolnica-niksic	D05021	113.75	113.75	NULL	6410	single-metacarpal-amputation-with-finger-or-thumb	Single Metacarpal Amputation with Finger or Thumb	Amputacija jednog metakarpusa sa prstom ili palcem
opsta-bolnica-niksic	D05022	48.75	48.75	NULL	6411	finger-amputation-at-any-phalanx	Single Finger Amputation at Any Joint or Phalanx	Amputacija jednog prsta šake na nivou bilo kojeg zgloba ili falange
opsta-bolnica-niksic	D05023	438.75	438.75	NULL	6412	hip-disarticulation	Hip Disarticulation	Dezartikulacija kuka
opsta-bolnica-niksic	D05024	81.25	81.25	NULL	6413	prepatellar-bursectomy	Prepatellar Bursectomy	Ekscizija prepatelarne burze
opsta-bolnica-niksic	D05025	195.00	195.00	NULL	6414	partial-bone-excision-curettage-sequestrectomy-diaphysectomy	Partial Bone Excision for Osteomyelitis of Femur, Tibia or Fibula	Parcijalna ekscizija kosti (kiretaža, sekvestracija, dijafizektomija) kod osteomijelitisa femura, tibije ili fibule
opsta-bolnica-niksic	D05026	318.50	318.50	NULL	6415	collateral-or-cruciate-ligament-repair	Collateral or Cruciate Ligament Repair	Reparacija kolateralnog ili ukrštenog ligamenta
opsta-bolnica-niksic	D05029	195.00	195.00	NULL	6416	tibial-osteotomy	Tibial Osteotomy	Osteotomija tibije
opsta-bolnica-niksic	D05030	195.00	195.00	NULL	6417	tibia-diaphysis-fracture-reduction-with-internalexternal-fixation	Tibia Diaphysis Fracture Reduction with Internal/External Fixation	Fraktura dijafize tibije — zatvorena ili otvorena, sa unutrašnjom ili spoljnom fiksacijom
opsta-bolnica-niksic	D05032	195.00	195.00	NULL	6418	below-knee-amputation-through-tibia-and-fibula	Below-Knee Amputation Through Tibia and Fibula	Amputacija noge kroz tibiju i fibulu
opsta-bolnica-niksic	D05033	39.00	39.00	NULL	6419	subcutaneous-plantar-or-toe-fasciotomy	Subcutaneous Plantar or Toe Fasciotomy	Subkutana plantarna fasciotomija i/ili fasciotomija prsta
opsta-bolnica-niksic	D05034	97.50	97.50	NULL	6420	multiple-foot-flexor-tenolysis-same-incision	Multiple Foot Flexor Tenolysis (Same Incision)	Tenoliza fleksora stopala, više (kroz isti rez)
opsta-bolnica-niksic	D05035	52.00	52.00	NULL	6421	multiple-foot-extensor-tenolysis-same-incision	Multiple Foot Extensor Tenolysis (Same Incision)	Tenoliza ekstenzora stopala, više (kroz isti rez)
opsta-bolnica-niksic	D05036	162.50	162.50	NULL	6422	chopart-tarsal-amputation	Chopart Tarsal Amputation	Amputacija stopala kroz tarzus (Chopart tip)
opsta-bolnica-niksic	D05037	162.50	162.50	NULL	6423	transmetatarsal-foot-amputation	Transmetatarsal Foot Amputation	Transmetatarzalna amputacija stopala
opsta-bolnica-niksic	D05038	32.50	32.50	NULL	6424	second-phalanx-osteotomy-any-toe	Second Phalanx Osteotomy (Any Toe)	Osteotomija druge falange, bilo koji prst
opsta-bolnica-niksic	D05039	32.50	32.50	NULL	6425	toe-amputation-through-interphalangeal-joint	Toe Amputation Through Interphalangeal Joint	Amputacija prsta kroz interfalangealni zglob
opsta-bolnica-niksic	D05045	48.75	48.75	NULL	6426	excision-of-tendon-sheath-or-capsule-lesion-cyst-ganglion	Excision of Tendon Sheath or Capsule Lesion (Cyst, Ganglion) of Lower Leg or Foot	Ekscizija lezije tetivnog omotača ili kapsule (npr. ciste ili gangliona) potkoljenice ili stopala
opsta-bolnica-niksic	D05046	48.75	48.75	NULL	6427	manipulative-reduction-of-ankle-joint-dislocation	Manipulative Reduction of Ankle Joint Dislocation	Dislokacija zgloba gležnja — manipulativna repozicija
opsta-bolnica-niksic	D05048	48.75	48.75	NULL	6428	big-toe-phalanx-fracture-reduction	Big Toe Phalanx Fracture Reduction	Fraktura falange palca stopala — zatvorena ili otvorena
opsta-bolnica-niksic	D05049	65.00	65.00	NULL	6429	single-fingertoe-amputation	Single Finger/Toe Amputation	Amputacija jednog prsta
opsta-bolnica-niksic	D05051	65.00	65.00	NULL	6430	monteggia-elbow-fracture-proximal-end	Closed Reduction of Monteggia Elbow Fracture (Proximal Ulna with Radial Head Dislocation)	Fraktura lakta, Monteggia tip (proksimalni kraj ulne sa dislokacijom glave radiusa) — zatvorena manipulativna repozicija
opsta-bolnica-niksic	D05053	65.00	65.00	NULL	6431	hand-proximal-or-middle-phalanx-fracture-reduction	Hand Proximal or Middle Phalanx Fracture Reduction	Fraktura proksimalne ili srednje falange prsta šake — zatvorena ili otvorena
opsta-bolnica-niksic	D05054	65.00	65.00	NULL	6432	trochanteric-bursa-or-calcification-excision	Trochanteric Bursa or Calcification Excision	Ekscizija trohanteričnih burza ili kalcifikata
opsta-bolnica-niksic	D05055	65.00	65.00	NULL	6433	primary-extensor-tendon-repair-one-or-more	Primary Extensor Tendon Repair (One or More)	Primarna reparacija tetive ekstenzora, jedne ili više
opsta-bolnica-niksic	D05056	65.00	65.00	NULL	6434	metatarsal-head-ostectomy-one-or-more	Metatarsal Head Ostectomy (One or More)	Ostektomija glavice metatarzalne kosti, jedna ili više
opsta-bolnica-niksic	D05057	65.00	65.00	NULL	6435	metatarsophalangeal-joint-dislocation-reduction	Metatarsophalangeal Joint Dislocation Reduction	Dislokacija metatarzo-falangealnog zgloba — zatvorena ili otvorena
opsta-bolnica-niksic	D05058	65.00	65.00	NULL	6436	primary-peripheral-nerve-neurorrhaphy	Primary Peripheral Nerve Neurorrhaphy	Primarna neurorafija perifernog živca
opsta-bolnica-niksic	D05059	78.00	78.00	NULL	6437	hallux-valgus-correction-with-x-ostectomy	Hallux Valgus Correction with Exostectomy	Hallux valgus, korekcija pomoću egzostektomije
opsta-bolnica-niksic	D05060	81.25	81.25	NULL	6438	open-flexor-tenotomy-of-one-or-more-fingers	Open Flexor Tenotomy of One or More Fingers	Tenotomija fleksora, otvorena, jedan ili više prstiju
opsta-bolnica-niksic	D05061	81.25	81.25	NULL	6439	hand-and-foot-extensor-tenotomy	Hand and Foot Extensor Tenotomy (One or More)	Tenotomija ekstenzora šake i stopala, jednog ili više
opsta-bolnica-niksic	D05062	81.25	81.25	NULL	6440	clavicle-fracture-open-or-closed-manipulative-reduction	Clavicle Fracture (Open or Closed Manipulative Reduction)	Fraktura klavikule — otvorena ili zatvorena manipulativna repozicija
opsta-bolnica-niksic	D05065	81.25	81.25	NULL	6441	distal-radial-epiphysis-fracture-open-or-closed-reduction	Manipulative Reduction of Distal Radial Epiphysis Fracture (Open or Closed)	Manipulativna repozicija frakture distalne epifize radijusa (otvorene ili zatvorene)
opsta-bolnica-niksic	D05066	81.25	81.25	NULL	6442	subcutaneous-palmar-fasciotomy-dupuytren	Subcutaneous Palmar Fasciotomy (Dupuytren)	Subkutana palmarna fasciotomija kod Dupuytren-ove kontrakture
opsta-bolnica-niksic	D05068	81.25	81.25	NULL	6443	excision-of-cyst-or-benign-tumor-iliac-crest-etc-withwithout-autograft	Excision of Cyst or Benign Tumor (Iliac Crest, etc.) with/without Autograft	Ekscizija ciste ili benignog tumora (npr. krilo bedrene kosti) sa ili bez autografta
opsta-bolnica-niksic	D05069	81.25	81.25	NULL	6444	lower-leg-fasciotomy-with-decompression	Lower Leg Fasciotomy with Decompression	Fasciotomija potkoljenice dekompresijom
opsta-bolnica-niksic	D05070	81.25	81.25	NULL	6445	foot-flexor-tenolysis-one-or-more	Foot Flexor Tenolysis (One or More)	Tenoliza fleksora stopala, jedna ili više
opsta-bolnica-niksic	D05071	91.00	91.00	NULL	6446	metatarsal-osteotomy-one-or-more	Metatarsal Osteotomy (One or More)	Osteotomija metatarzalne kosti, jedne ili više
opsta-bolnica-niksic	D05072	91.00	91.00	NULL	6447	proximal-phalanx-big-toe-osteotomy-for-shortening-or-rotation	Big Toe Proximal Phalanx Osteotomy for Shortening, Angular or Rotational Correction (Hallux Valgus)	Osteotomija proksimalne falange palca za skraćenje, ugaonu ili rotacionu korekciju (Hallux valgus)
opsta-bolnica-niksic	D05073	97.50	97.50	NULL	6448	foot-flexor-tendon-repair-primary-or-secondary-one-or-more	Foot Flexor Tendon Repair (Primary or Secondary, One or More)	Reparacija/sutura fleksornih tetiva stopala, primarna ili sekundarna, jedna ili više
opsta-bolnica-niksic	D05074	97.50	97.50	NULL	6449	lateral-or-medial-fasciotomy-tennis-elbow	Lateral or Medial Fasciotomy (Tennis Elbow)	Lateralna ili medijalna fasciotomija (npr. epikondilitis, teniski lakat)
opsta-bolnica-niksic	D05075	97.50	97.50	NULL	6450	medial-or-lateral-epicondyle-fracture-open-with-k-wire-or-plate	Medial or Lateral Epicondyle Fracture (Open with K-wire or Plate)	Fraktura medijalnog ili lateralnog epikondila — otvorena (složena), sa Kiršnerovom iglom ili pločom
opsta-bolnica-niksic	D05076	97.50	97.50	NULL	6451	carpal-bone-fracture-open-reduction-with-k-wire	Carpal Bone Fracture Open Reduction with K-wire	Fraktura karpalne kosti — zatvorena ili otvorena, otvorena repozicija sa Kiršnerovom iglom
opsta-bolnica-niksic	D05078	97.50	97.50	NULL	6452	metacarpophalangeal-joint-dislocation-reduction	Metacarpophalangeal Joint Dislocation Reduction	Metakarpofalangealna dislokacija — zatvorena ili otvorena
opsta-bolnica-niksic	D05079	97.50	97.50	NULL	6453	lower-leg-flexor-tendon-primary-repair-one-or-more	Lower Leg Flexor Tendon Primary Repair (One or More)	Primarna reparacija ili sutura tetive fleksora potkoljenice, jedna ili više
opsta-bolnica-niksic	D05080	97.50	97.50	NULL	6454	below-knee-re-amputation-through-tibiafibula	Below-Knee Re-amputation Through Tibia/Fibula	Reamputacija noge kroz tibiju ili fibulu
opsta-bolnica-niksic	D05081	97.50	97.50	NULL	6455	arthrotomy-with-exploration-and-drainage	Intertarsal or Tarsometatarsal Arthrotomy with Exploration, Drainage and Foreign Body Removal	Artrotomija (kapsulotomija) intertarzalnog ili tarzometatarzalnog zgloba sa eksploracijom, drenažom i vađenjem stranog tijela
opsta-bolnica-niksic	D05082	97.50	97.50	NULL	6456	tarsal-bone-fracture-reduction-withwithout-fixation	Tarsal Bone Fracture Reduction with/without Fixation	Fraktura tarzalne kosti — zatvorena ili otvorena sa/bez unutrašnje ili spoljne fiksacije
opsta-bolnica-niksic	D05083	97.50	97.50	NULL	6457	metatarsal-bone-fracture-reduction-withwithout-fixation	Metatarsal Bone Fracture Reduction with/without Fixation	Fraktura metatarzalne kosti — zatvorena ili otvorena sa/bez fiksacije
opsta-bolnica-niksic	D05084	97.50	97.50	NULL	6458	tarsal-bone-dislocation-reduction-withwithout-fixation	Tarsal Bone Dislocation Reduction with/without Fixation	Dislokacija tarzalnih kosti — zatvorena ili otvorena sa/bez fiksacije
opsta-bolnica-niksic	D05085	97.50	97.50	NULL	6459	tarsometatarsal-joint-dislocation-reduction	Tarsometatarsal Joint Dislocation Reduction	Dislokacija tarzometatarzalnog zgloba — zatvorena ili otvorena
opsta-bolnica-niksic	D05086	97.50	97.50	NULL	6460	metatarsal-amputation-with-one-or-more-toes	Metatarsal Amputation with One or More Toes	Amputacija metatarzusa sa jednim prstom ili više
opsta-bolnica-niksic	D05087	97.50	97.50	NULL	6461	partial-dupuytren-fasciectomy	Partial Dupuytren Fasciectomy	Fasciektomija Dupuytren-ove kontrakture, parcijalna
opsta-bolnica-niksic	D05088	113.75	113.75	NULL	6462	metatarsal-osteotomy	Metatarsal Osteotomy	Osteotomija metatarzalne kosti
opsta-bolnica-niksic	D05089	113.75	113.75	NULL	6463	excision-of-radius-or-ulna-cyst-or-benign-tumor	Excision of Radius or Ulna Cyst or Benign Tumor	Ekscizija ciste ili benignog tumora radijusa ili ulne
opsta-bolnica-niksic	D05090	113.75	113.75	NULL	6464	partial-bone-excision-curettage-sequestrectomy	Partial Bone Excision for Osteomyelitis of Radius or Ulna	Parcijalna ekscizija kosti (kiretaža, sekvestracija, dijafizektomija) kod osteomijelitisa radijusa ili ulne
opsta-bolnica-niksic	D05091	113.75	113.75	NULL	6465	capsulotomy-or-capsuloplasty-for-contracture	Capsulotomy or Capsuloplasty for Metacarpophalangeal Contracture (Single Joint)	Kapsulotomija ili kapsuloplastika kod kontrakture metakarpofalangealnog zgloba (jedan zglob)
opsta-bolnica-niksic	D05092	113.75	113.75	NULL	6466	capsulotomycapsuloplasty-for-interphalangeal-contracture	Capsulotomy or Capsuloplasty for Interphalangeal Contracture (One or More Joints)	Kapsulotomija ili kapsuloplastika kod kontrakture interfalangealnog zgloba (jedan ili više zglobova)
opsta-bolnica-niksic	D05093	130.00	130.00	NULL	6467	closed-or-open-reduction-withwithout-internalexternal-fixation	Closed or Open Reduction with/without Internal/External Fixation	Zatvorena ili otvorena repozicija sa/bez unutrašnje ili spoljne fiksacije
opsta-bolnica-niksic	D05095	130.00	130.00	NULL	6468	closed-manipulative-reduction-of-acetabular-fracture-with-traction	Closed Manipulative Reduction of Acetabular Fracture with Traction	Zatvorena manipulativna repozicija frakture acetabuluma sa trakcijom
opsta-bolnica-niksic	D05096	130.00	130.00	NULL	6469	baker-cyst-excision	Baker Cyst Excision	Ekscizija sinovijalne ciste poplitealne jame (Bakerova cista)
opsta-bolnica-niksic	D05097	130.00	130.00	NULL	6470	radial-head-resection	Radial Head Resection	Resekcija glavice radiusa
opsta-bolnica-niksic	D05098	130.00	130.00	NULL	6471	olecranon-fracture-closed-or-open-reduction	Olecranon Fracture (Closed or Open Reduction)	Fraktura proksimalnog kraja ulne (olekranona) — zatvorena ili otvorena
opsta-bolnica-niksic	D05099	130.00	130.00	NULL	6472	forearm-and-wrist-joint-synovectomy	Forearm and Wrist Joint Synovectomy	Sinovektomija podlaktice i zgloba ručja
opsta-bolnica-niksic	D05100	130.00	130.00	NULL	6473	radial-diaphysis-fracture-closed-or-open-withwithout-fixation	Radial Diaphysis Fracture (Closed or Open) with/without Fixation	Fraktura dijafize radiusa — zatvorena ili otvorena sa otvorenom repozicijom, sa/bez fiksacije
opsta-bolnica-niksic	D05101	130.00	130.00	NULL	6474	excision-of-multiple-hand-flexor-tendons	Excision of Multiple Hand Flexor Tendons	Ekscizija tetive fleksora dlana — više ekscizija
opsta-bolnica-niksic	D05102	130.00	130.00	NULL	6475	partial-bone-excision-curettage-sequestrectomy-or	Superficial Partial Bone Excision for Osteomyelitis (Curettage, Sequestrectomy or Diaphysectomy)	Parcijalna ekscizija kosti (kiretaža, sekvestracija ili dijafizektomija) kod osteomijelitisa, superficijalno
opsta-bolnica-niksic	D05103	130.00	130.00	NULL	6476	fibula-fracture-reduction-withwithout-fixation	Fibula Fracture Reduction (Closed or Open) with/without Internal or External Fixation	Fraktura fibule — zatvorena ili otvorena (složena) repozicija sa ili bez unutrašnje ili spoljašnje fiksacije
opsta-bolnica-niksic	D05104	130.00	130.00	NULL	6477	partial-bone-excision-for-talus-osteomyelitis	Partial Bone Excision for Talus Osteomyelitis	Parcijalna ekscizija kosti kod osteomijelitisa talusa
opsta-bolnica-niksic	D05105	130.00	130.00	NULL	6478	primary-ulnar-or-median-nerve-neurorrhaphy	Primary Ulnar or Median Nerve Neurorrhaphy at Forearm Level	Primarna neurorafija ulnarisa ili medianusa u visini podlaktice
opsta-bolnica-niksic	D05106	146.25	146.25	NULL	6479	calcaneal-osteotomy-with-internal-fixation	Calcaneal Osteotomy with Internal Fixation	Osteotomija kalkaneusa, uključujući unutrašnju fiksaciju
opsta-bolnica-niksic	D05107	146.25	146.25	NULL	6480	talus-osteotomy	Talus Osteotomy	Osteotomija talusa
opsta-bolnica-niksic	D05108	146.25	146.25	NULL	6481	clavicle-fracture-closed-or-open-withwithout-fixation	Clavicle Fracture (Closed or Open) with/without Fixation	Fraktura klavikule — zatvorena ili otvorena sa/bez unutrašnje ili spoljne fiksacije
opsta-bolnica-niksic	D05109	146.25	146.25	NULL	6482	excision-of-humerus-cyst-or-benign-tumor	Excision of Humerus Cyst or Benign Tumor	Ekscizija ciste ili benignog tumora humerusa
opsta-bolnica-niksic	D05110	146.25	146.25	NULL	6483	ankle-arthrotomy-capsulotomy-with-exploration	Ankle Arthrotomy (Capsulotomy) with Exploration	Artrotomija (kapsulotomija) gležnja sa eksploracijom
opsta-bolnica-niksic	D05111	146.25	146.25	NULL	6484	hallux-valgus-correction-with-metatarsal-osteotomy	Hallux Valgus Correction with Metatarsal Osteotomy	Hallux valgus, korekcija sa metatarzalnom osteotomijom
opsta-bolnica-niksic	D05112	156.00	156.00	NULL	6485	closed-manipulative-reduction-of-femoral-neck-fracture	Closed Manipulative Reduction of Femoral Neck Fracture	Zatvorena manipulativna repozicija frakture vrata femura
opsta-bolnica-niksic	D05113	156.00	156.00	NULL	6486	intertrochanteric-or-peritrochanteric-femur-fracture-closed	Intertrochanteric or Peritrochanteric Femur Fracture (Closed)	Fraktura femura intertrohanterična ili peritrohanterična — zatvorena
opsta-bolnica-niksic	D05114	162.50	162.50	NULL	6487	half-palmar-fasciectomy	Half Palmar Fasciectomy	Fasciektomija — ekscizija do jedne polovine palmarne fascije
opsta-bolnica-niksic	D05115	162.50	162.50	NULL	6488	supracondylar-or-transcondylar-humerus-fracture-closed	Supracondylar or Transcondylar Humerus Fracture (Closed)	Suprakondilarna ili transkondilarna fraktura humerusa — zatvorena
opsta-bolnica-niksic	D05116	162.50	162.50	NULL	6489	excision-of-tibia-or-fibula-cyst-or-benign-tumor	Excision of Tibia or Fibula Cyst or Benign Tumor	Ekscizija ciste ili benignog tumora tibije ili fibule
opsta-bolnica-niksic	D05117	162.50	162.50	NULL	6490	shoulder-arthrotomy-capsulotomy-with-exploration	Shoulder Arthrotomy (Capsulotomy) with Exploration, Drainage and Foreign Body Removal	Artrotomija (kapsulotomija) ramena sa eksploracijom, drenažom i odstranjenjem stranog tijela
opsta-bolnica-niksic	D05118	162.50	162.50	NULL	6491	elbow-joint-arthrotomy-capsulotomy-with-exploration	Elbow Joint Arthrotomy (Capsulotomy) with Exploration, Drainage and Foreign Body Removal	Artrotomija (kapsulotomija) lakatnog zgloba sa eksploracijom, drenažom i vađenjem stranog tijela
opsta-bolnica-niksic	D05119	162.50	162.50	NULL	6492	metacarpal-fracture-reduction-closed-or-open-withwithout-fixation	Metacarpal Fracture Reduction (Closed or Open) with/without Fixation	Fraktura metakarpusa — zatvorena ili otvorena sa/bez fiksacije
opsta-bolnica-niksic	D05120	162.50	162.50	NULL	6493	carpometacarpal-thumb-joint-dislocation-reduction	Carpometacarpal Thumb Joint Dislocation Reduction	Karpo-metakarpalna dislokacija palca — zatvorena ili otvorena
opsta-bolnica-niksic	D05121	162.50	162.50	NULL	6494	re-amputation-through-femur	Re-amputation Through Femur	Reamputacija noge kroz femur
opsta-bolnica-niksic	D05122	162.50	162.50	NULL	6495	primary-suture-of-ruptured-collateral-ligament	Primary Suture of Ruptured Ankle Collateral Ligament	Primarna sutura rupturiranog ili prekinutog kolateralnog ligamenta gležnja
opsta-bolnica-niksic	D05123	162.50	162.50	NULL	6496	calcaneus-fracture-open-or-closed	Calcaneus Fracture (Open or Closed)	Fraktura kalkaneusa — zatvorena ili otvorena (složena)
opsta-bolnica-niksic	D05124	178.75	178.75	NULL	6497	excision-of-femur-cyst-or-benign-tumor	Excision of Femur Cyst or Benign Tumor	Ekscizija ciste ili benignog tumora femura
opsta-bolnica-niksic	D05125	178.75	178.75	NULL	6498	infrapatellar-tendon-suture	Infrapatellar Tendon Suture	Sutura infrapatelarne tetive
opsta-bolnica-niksic	D05126	195.00	195.00	NULL	6499	patellar-dislocation-closed-or-open-reduction	Patellar Dislocation (Closed or Open Reduction)	Dislokacija patele — zatvorena ili otvorena
opsta-bolnica-niksic	D05127	195.00	195.00	NULL	6500	bimalleolar-ankle-fracture-open-or-closed-withwithout-fixation	Bimalleolar Ankle Fracture (Open or Closed) with/without Fixation	Bimaleolarna fraktura gležnja — zatvorena ili otvorena sa/bez fiksacije
opsta-bolnica-niksic	D05128	195.00	195.00	NULL	6501	acromioclavicular-joint-dislocation-open-or-closed	Acromioclavicular Joint Dislocation (Open or Closed)	Dislokacija akromioklavikularnog zgloba — zatvorena ili otvorena
opsta-bolnica-niksic	D05129	195.00	195.00	NULL	6502	surgical-neck-of-scapula-fracture-closed-or-open	Surgical Neck of Scapula Fracture (Closed or Open)	Fraktura hirurškog vrata skapule — zatvorena ili otvorena
opsta-bolnica-niksic	D05130	195.00	195.00	NULL	6503	shoulder-dislocation-open-or-closed	Shoulder Dislocation (Open or Closed)	Dislokacija ramena — zatvorena ili otvorena (složena)
opsta-bolnica-niksic	D05131	195.00	195.00	NULL	6504	medial-or-lateral-epicondyle-fracture-closed	Medial or Lateral Epicondyle Fracture (Closed)	Fraktura epikondila, medijalnog ili lateralnog — zatvorena
opsta-bolnica-niksic	D05132	195.00	195.00	NULL	6505	elbow-fracture-proximal-ulna-with-radial-head-dislocation	Elbow Fracture (Proximal Ulna with Radial Head Dislocation)	Fraktura lakta (fraktura proksimalnog kraja ulne sa dislokacijom glave radiusa)
opsta-bolnica-niksic	D05133	195.00	195.00	NULL	6506	above-elbow-amputation-through-humerus	Above-Elbow Amputation Through Humerus	Amputacija ruke kroz humerus
opsta-bolnica-niksic	D05134	195.00	195.00	NULL	6507	transnavicular-perilunate-fracture-open-or-closed	Transnavicular Perilunate Fracture (Open or Closed)	Transnavikularna perilunarna fraktura — zatvorena ili otvorena
opsta-bolnica-niksic	D05135	195.00	195.00	NULL	6508	ankle-synovectomy	Ankle Synovectomy	Sinovektomija gležnja
opsta-bolnica-niksic	D05136	195.00	195.00	NULL	6509	ankle-joint-dislocation-closed-or-open	Ankle Joint Dislocation (Closed or Open)	Dislokacija zgloba gležnja — zatvorena ili otvorena (složena)
opsta-bolnica-niksic	D05137	211.25	211.25	NULL	6510	quadriceps-rupture-suture	Quadriceps Rupture Suture	Sutura kod rupture m. quadricepsa
opsta-bolnica-niksic	D05138	227.50	227.50	NULL	6511	crus-both-bones-fracture-reduction-withwithout-fixation	Crus (Both Bones) Fracture Reduction with/without Fixation	Fraktura cruris — zatvorena ili otvorena sa/bez unutrašnje ili spoljne fiksacije
opsta-bolnica-niksic	D05139	227.50	227.50	NULL	6512	supraspinatus-or-other-rotator-cuff-tendon-repair	Supraspinatus or Other Rotator Cuff Tendon Repair	Reparacija rupturirane tetive supraspinatusa ili drugih
opsta-bolnica-niksic	D05140	227.50	227.50	NULL	6513	navicular-pseudarthrosis-repair-withwithout-bone-graft	Navicular Pseudarthrosis Repair with/without Radial Styloidectomy, Including Bone Graft and Fixation	Reparacija pseudoartroze navikularne kosti sa ili bez stiloidektomije radiusa, uključujući koštani kalem i fiksaciju
opsta-bolnica-niksic	D05141	227.50	227.50	NULL	6514	complete-fasciectomy	Complete Fasciectomy	Kompletna fasciektomija
opsta-bolnica-niksic	D05143	227.50	227.50	NULL	6515	trimalleolar-ankle-fracture-open-or-closed-withwithout-fixation	Trimalleolar Ankle Fracture (Open or Closed) with/without Fixation	Trimaleolarna fraktura gležnja — zatvorena ili otvorena, sa ili bez fiksacije
opsta-bolnica-niksic	D05144	227.50	227.50	NULL	6516	primary-multi-tendon-flexor-repair-with-excision	Primary Multi-Tendon Flexor Repair with Excision of Flexor Digitorum Superficialis	Primarna tendorafija više fleksornih tetiva uz ekstirpaciju sublimisa
opsta-bolnica-niksic	D05146	243.75	243.75	NULL	6517	anterior-capsulorrhaphy-for-recurrent-shoulder-dislocation	Anterior Capsulorrhaphy for Recurrent Shoulder Dislocation	Prednja kapsulorafija kod povratnih dislokacija ramena
opsta-bolnica-niksic	D05147	243.75	243.75	NULL	6518	knee-dislocation-closed-or-open-reduction-withwithout-fixation	Knee Dislocation (Closed or Open Reduction with/without Fixation)	Dislokacija koljena — zatvorena ili otvorena sa/bez unutrašnje fiksacije
opsta-bolnica-niksic	D05148	308.75	308.75	NULL	6519	secondary-repair-of-medial-ligament-and-capsule	Secondary Repair of Medial Ligament and Capsule	Sekundarna reparacija medijalnog ligamenta i kapsule
opsta-bolnica-niksic	D05149	325.00	325.00	NULL	6520	traumatic-hip-dislocation-closed-or-open	Open Reduction of Traumatic Hip Dislocation (Closed or Open)	Traumatska dislokacija zgloba kuka — zatvorena ili otvorena, otvorena repozicija
opsta-bolnica-niksic	D05150	325.00	325.00	NULL	6521	medial-or-lateral-femoral-condyle-fracture-open-reduction	Medial or Lateral Femoral Condyle Fracture (Open Reduction with/without Fixation)	Fraktura medijalnog ili lateralnog kondila femura — zatvorena ili otvorena, otvorena repozicija sa/bez fiksacije
opsta-bolnica-niksic	D05151	487.50	487.50	NULL	6522	intertrochanteric-or-peritrochanteric-fracture	Intertrochanteric or Peritrochanteric Fracture (Open Reduction with Internal Fixation)	Intertrohanterična ili peritrohanterična fraktura — otvorena repozicija sa unutrašnjom fiksacijom
opsta-bolnica-niksic	D05152	585.00	585.00	NULL	6523	acetabular-cup-arthroplasty-prosthesis	Acetabular Cup Arthroplasty / Prosthesis	Artroplastika čašice ili proteza
opsta-bolnica-niksic	D05153	113.75	113.75	NULL	6524	osteosynthetic-material-removal	Osteosynthetic Material Removal	Vađenje osteosintetskog materijala
opsta-bolnica-niksic	D05154	162.50	162.50	NULL	6525	removal-of-subtotal-hip-prosthesis-with-reintervention-prep	Removal of Subtotal Hip Prosthesis with Reintervention Prep	Vađenje subtotalne proteze kuka i priprema za reintervenciju proteze
opsta-bolnica-niksic	D05155	162.50	162.50	NULL	6526	removal-of-total-hip-prosthesis-with-reintervention-prep	Removal of Total Hip Prosthesis with Reintervention Prep	Vađenje totalne proteze kuka i priprema za reintervenciju proteze
opsta-bolnica-niksic	D05156	455.00	455.00	NULL	6527	total-knee-replacement	Total Knee Replacement	Implantacija totalne proteze koljena
opsta-bolnica-niksic	D05157	19.50	19.50	NULL	6528	manipulative-hip-joint-reduction-under-general-anesthesia	Manipulative Hip Joint Reduction Under General Anesthesia	Manipulativna repozicija zgloba kuka u opštoj anesteziji
opsta-bolnica-niksic	D05158	65.00	65.00	NULL	6529	manipulative-reduction-of-open-iliacpubic-fracture	Manipulative Reduction of Open Iliac, Pubic or Ischial Fracture	Manipulativna repozicija otvorene frakture ilijačne, pubične i sjedalne kosti
opsta-bolnica-niksic	D05159	65.00	65.00	NULL	6530	manipulative-reduction-of-open-distal-fracture	Manipulative Reduction of Open Distal Tibia (Medial Malleolus) Fracture	Manipulativna repozicija otvorene frakture distalnog dijela potkoljenice (medijalnog maleolusa)
opsta-bolnica-niksic	D05160	65.00	65.00	NULL	6531	manipulative-reduction-of-open-fibula-fracture	Manipulative Reduction of Open Fibula Fracture (Shaft or Proximal)	Manipulativna repozicija otvorene frakture fibule (dijafiza ili proksimalni dio)
opsta-bolnica-niksic	D05161	65.00	65.00	NULL	6532	manipulative-reduction-of-open-distal-fracture-variant	Manipulative Reduction of Open Distal Fibula Fracture	Manipulativna repozicija otvorene frakture distalnog dijela fibule
opsta-bolnica-niksic	D05162	65.00	65.00	NULL	6533	manipulative-reduction-of-open-calcaneus-fracture	Manipulative Reduction of Open Calcaneus Fracture	Manipulativna repozicija otvorene frakture kalkaneusa
opsta-bolnica-niksic	D05163	78.00	78.00	NULL	6534	olecranon-bursectomy	Olecranon Bursectomy	Ekscizija burze olekranona
opsta-bolnica-niksic	D05164	357.50	357.50	NULL	6535	open-reduction-of-acetabular-fracture-withwithout-fixation	Open Reduction of Acetabular Fracture with/without Fixation	Otvorena repozicija frakture acetabuluma sa ili bez fiksacije
opsta-bolnica-niksic	D05165	130.00	130.00	NULL	6536	closed-manipulative-reduction-of-femoral-condyle-fracture	Closed Manipulative Reduction of Femoral Condyle Fracture	Zatvorena manipulativna repozicija frakture kondila femura
opsta-bolnica-niksic	D05166	146.25	146.25	NULL	6537	distal-tibiofibular-joint-dislocation	Distal Tibiofibular Joint Dislocation (Closed or Open) with Open Reduction or Fixation	Dislokacija distalnog tibiofibularnog zgloba — zatvorena ili otvorena, sa otvorenom repozicijom ili fiksacijom
opsta-bolnica-niksic	D06002	48.75	48.75	NULL	6540	surgical-treatment-of-xanthelasma-molluscum-or-verruca-unilateral	Surgical Treatment of Xanthelasma, Molluscum or Verruca (Unilateral)	Hirurški tretman ksantelazme, moluske ili veruke — jednostrano
opsta-bolnica-niksic	D06003	81.25	81.25	NULL	6541	surgical-treatment-of-xanthelasma-molluscum-or-verruca-bilateral	Surgical Treatment of Xanthelasma, Molluscum or Verruca (Bilateral)	Hirurški tretman ksantelazme, moluske ili veruke — obostrano
opsta-bolnica-niksic	D06005	227.50	227.50	NULL	6542	senile-cataract-lens-extraction	Senile Cataract Lens Extraction	Ekstrakcija sočiva kod senilne katarakte
opsta-bolnica-niksic	D06006	227.50	227.50	NULL	6543	glaucoma-filtering-surgery	Glaucoma Filtering Surgery	Fistulizirajuća operacija glaukoma
opsta-bolnica-niksic	D06007	227.50	227.50	NULL	6544	intracapsular-lens-extraction	Intracapsular Lens Extraction	Intrakapsularna ekstrakcija sočiva
opsta-bolnica-niksic	D06008	227.50	227.50	NULL	6545	capsulectomy-with-lens-mass-aspiration-soft-cataract	Capsulectomy with Lens Mass Aspiration (Soft Cataract)	Kapsulektomija sa aspiracijom sočivnih masa (operacija meke mrene)
opsta-bolnica-niksic	D06009	292.50	292.50	NULL	6546	cataract-extraction-with-anterior-vitrectomy	Cataract Extraction with Anterior Vitrectomy	Ekstrakcija katarakte sa prednjom vitrektomijom
opsta-bolnica-niksic	D06010	81.25	81.25	NULL	6547	eyelid-tumor-surgery	Eyelid Tumor Surgery	Operacija tumora na očnom kapku
opsta-bolnica-niksic	D06011	130.00	130.00	NULL	6548	eyelid-tumor-excision-with-skin-flap	Eyelid Tumor Excision with Skin Flap	Ekscizija tumora na očnom kapku sa kožnim režnjem
opsta-bolnica-niksic	D06012	195.00	195.00	NULL	6549	conjunctival-tumor-surgery	Conjunctival Tumor Surgery	Operacija tumora vežnjače
opsta-bolnica-niksic	D06015	195.00	195.00	NULL	6550	conjunctival-sac-adhesions-surgery	Conjunctival Sac Adhesions Surgery	Operacija prirastica u konjunktivalnoj vrećici
opsta-bolnica-niksic	D06016	195.00	195.00	NULL	6551	conjunctival-sac-reconstruction-with-skin-graft	Conjunctival Sac Reconstruction with Skin Graft	Rekonstrukcija konjunktivalne vrećice kožnim transplantatom
opsta-bolnica-niksic	D06017	162.50	162.50	NULL	6552	conjunctival-closure-of-damaged-cornea-kunth-plasty	Conjunctival Closure of Damaged Cornea (Kunth Plasty)	Zatvaranje konjunktivom lediranog rožnjača (Kunth plastika konjunktive)
opsta-bolnica-niksic	D06018	32.50	32.50	NULL	6553	cryoapplication-diathermy-or-tattooing	Cryoapplication, Diathermy or Tattooing	Krioaplikacija, dijatermija, tetovaža
opsta-bolnica-niksic	D06019	260.00	260.00	NULL	6554	conjunctivoplasty-with-graft-harvesting-and-implantation	Conjunctivoplasty with Graft Harvesting and Implantation	Konjunktivo-plastika — uzimanje i ugrađivanje transplantata
opsta-bolnica-niksic	D06020	97.50	97.50	NULL	6555	lacrimal-sac-and-gland-excision	Lacrimal Sac and Gland Excision	Ekstirpacija suzne kese i suzne žlijezde
opsta-bolnica-niksic	D06021	195.00	195.00	NULL	6556	perforating-eye-injury-repair-without-internal-structure-damage	Perforating Eye Injury Repair without Internal Structure Damage	Operacija perforativne povrede oka bez povrede unutrašnjih struktura
opsta-bolnica-niksic	D06022	357.50	357.50	NULL	6557	other-iris-ciliary-body-and-anterior-chamber-operations	Other Iris, Ciliary Body and Anterior Chamber Operations	Druge operacije irisa, cilijarnog tijela i prednje komore
opsta-bolnica-niksic	D06023	390.00	390.00	NULL	6558	iridoplasty-iridectomy-iridotomy-sphincterotomy	Iridoplasty, Iridectomy, Iridotomy, Sphincterotomy	Iridoplastika, iridektomija, iridotomija, sfinkterotomija
opsta-bolnica-niksic	D06024	130.00	130.00	NULL	6559	eye-evisceration	Eye Evisceration	Evisceracija bulbusa oka (evakuacija očnog sadržaja)
opsta-bolnica-niksic	D06025	26.00	26.00	NULL	6560	anterior-chamber-puncture-and-lavage	Anterior Chamber Puncture and Lavage	Punkcija prednje očne komore — ispiranje
opsta-bolnica-niksic	D06028	195.00	195.00	NULL	6561	eyelid-injury-surgery	Eyelid Injury Surgery	Operacija kod povrede očnih kapaka
opsta-bolnica-niksic	D06029	325.00	325.00	NULL	6562	eyelid-deformity-surgery	Eyelid Deformity Surgery	Operacija deformiteta očnih kapaka
opsta-bolnica-niksic	D06101	97.50	97.50	NULL	6563	orbital-surgery-for-inflammation-or-hemorrhage	Orbital Surgery for Inflammation or Hemorrhage	Operacija orbite kod upale ili krvarenja
opsta-bolnica-niksic	D06102	195.00	195.00	NULL	6564	orbitotomy-orbital-decompression	Orbitotomy (Orbital Decompression)	Orbitotomija — dekompresija orbite
opsta-bolnica-niksic	D06103	195.00	195.00	NULL	6565	orbital-implant-removal	Orbital Implant Removal	Odstranjenje orbitalnog uloška
opsta-bolnica-niksic	D06104	195.00	195.00	NULL	6566	orbital-implant-insertion	Orbital Implant Insertion	Ulaganje orbitalnog uloška
opsta-bolnica-niksic	D06105	195.00	195.00	NULL	6567	orbital-content-excision-and-reconstruction	Orbital Content Excision and Reconstruction	Ekscizija i rekonstrukcija orbitalnog sadržaja
opsta-bolnica-niksic	D06106	48.75	48.75	NULL	6568	removal-of-non-penetrating-foreign-bodies	Removal of Non-Penetrating Foreign Bodies	Odstranjivanje nepenetrirajućih stranih tijela
opsta-bolnica-niksic	D06107	390.00	390.00	NULL	6569	orbital-reparation	Orbital Reparation	Reparacija orbite
opsta-bolnica-niksic	D06108	390.00	390.00	NULL	6570	intraorbital-tumor-removal	Intraorbital Tumor Removal	Odstranjivanje intraorbitalnog tumora
opsta-bolnica-niksic	D06110	81.25	81.25	NULL	6571	excision-of-corneal-destruction-or-lesion	Excision of Corneal Destruction or Lesion	Ekscizija destrukcije i lezije rožnjače
opsta-bolnica-niksic	D06111	292.50	292.50	NULL	6572	other-corneal-surgery-keratoprosthesis-implantation	Other Corneal Surgery, Keratoprosthesis Implantation	Druge operacije rožnjače, ugradnja keratoproteze
opsta-bolnica-niksic	D06112	585.00	585.00	NULL	6573	corneal-transplantation-keratoplasty	Corneal Transplantation - Keratoplasty	Transplantacija rožnjače — keratoplastika
opsta-bolnica-niksic	D06113	325.00	325.00	NULL	6574	posterior-segment-foreign-body-removal-with-ablation-prevention	Posterior Segment Foreign Body Removal with Ablation Prevention	Operacija odstranjenja stranog tijela iz zadnjeg segmenta oka sa prevencijom ablacije
opsta-bolnica-niksic	D06114	97.50	97.50	NULL	6575	non-magnetic-foreign-body-extraction-from-anterior-segment	Non-Magnetic Foreign Body Extraction from Anterior Segment	Ekstrakcija stranog tijela nemagnetne prirode iz prednjeg segmenta oka
opsta-bolnica-niksic	D06115	162.50	162.50	NULL	6576	magnetic-foreign-body-extraction-from-posterior-segment	Magnetic Foreign Body Extraction from Posterior Segment	Ekstrakcija stranog tijela magnetne prirode iz zadnjeg segmenta oka
opsta-bolnica-niksic	D06116	227.50	227.50	NULL	6577	trepanotrabeculotomy-goniotomy-goniopuncture-for-glaucoma	Trepanotrabeculotomy, Goniotomy, Goniopuncture for Glaucoma	Trepanotrabekulotomija, goniotomija, goniopunkcija i druge operacije protiv glaukoma
opsta-bolnica-niksic	D06117	276.25	276.25	NULL	6578	antiglaucoma-surgery-with-implant	Antiglaucoma Surgery with Implant	Antiglaukomatozne operacije sa ugrađivanjem implantata
opsta-bolnica-niksic	D06118	390.00	390.00	NULL	6579	retinal-and-choroidal-surgery-detachment-with-puncture-cautery	Retinal and Choroidal Surgery (Detachment with Puncture, Cautery)	Operacija mrežnjače i sudovnjače (ablacija sa punkcijom, kauterom)
opsta-bolnica-niksic	D06119	65.00	65.00	NULL	6580	cyclodialysis-or-cryoapplication-or-posterior-sclerectomy	Cyclodialysis or Cryoapplication or Posterior Sclerectomy	Ciklodijaliza ili krioaplikacija ili sklerektomija posterior — smanjenje očnog pritiska
opsta-bolnica-niksic	D06120	520.00	520.00	NULL	6581	glaucoma-surgery-combined-with-cataract	Glaucoma Surgery Combined with Cataract	Operacija glaukoma sa kataraktom
opsta-bolnica-niksic	D06121	48.75	48.75	NULL	6582	scleral-staphyloma-surgery	Scleral Staphyloma Surgery	Operacija stafiloma sklere
opsta-bolnica-niksic	D06123	195.00	195.00	NULL	6583	other-scleral-buckling	Other Scleral Buckling	Drugi skleralni bukling
opsta-bolnica-niksic	D06124	292.50	292.50	NULL	6584	artificial-intraocular-lens-removal	Artificial Intraocular Lens Removal	Odstranjenje vještačkog intraokularnog sočiva
opsta-bolnica-niksic	D06125	390.00	390.00	NULL	6585	other-retinal-repair	Other Retinal Repair	Druge reparacije mrežnjače
opsta-bolnica-niksic	D06126	487.50	487.50	NULL	6586	reconstruction-of-retinal-and-choroidal-lesions	Reconstruction of Retinal and Choroidal Lesions	Rekonstrukcija lezija mrežnjače i horoideje
opsta-bolnica-niksic	D06127	552.50	552.50	NULL	6587	retinal-detachment-surgery-with-vitrectomy-and-silicone-oil	Retinal Detachment Surgery with Vitrectomy and Silicone Oil	Operacija ablacije mrežnjače sa vitrektomijom i tamponadom silikonskim uljem
opsta-bolnica-niksic	D06128	406.25	406.25	NULL	6588	phacoemulsification-cataract-surgery-with-iol-implantation	Phacoemulsification Cataract Surgery with IOL Implantation	Operacija katarakte pomoću UZ-fakoemulzifikacije sa ugradnjom intraokularnog sočiva
opsta-bolnica-niksic	D06131	130.00	130.00	NULL	6589	faden-operation-myopexy-for-strabismus	Faden Operation Myopexy for Strabismus	Miopeksija (Faden operacija) kod strabizma
opsta-bolnica-niksic	D06132	130.00	130.00	NULL	6590	retropositions-or-myectomies-for-strabismus	Retropositions or Myectomies for Strabismus	Retropozicije ili miektomije kod strabizma
opsta-bolnica-niksic	D06133	325.00	325.00	NULL	6591	dacryocystorhinostomy	Dacryocystorhinostomy	Dakriocistorinostomija
opsta-bolnica-niksic	D06134	390.00	390.00	NULL	6592	dacryocystorhinostomy-with-silicone-tube-lacrimal-repair	Dacryocystorhinostomy with Silicone Tube Lacrimal Repair	Dakriocistorinostomija sa reparacijom suznog kanala silikonskom cjevčicom
opsta-bolnica-niksic	D06135	260.00	260.00	NULL	6593	perforating-eye-injury-surgery-with-internal-structure-lesion	Perforating Eye Injury Surgery with Internal Structure Lesion	Operacija perforativnih povreda oka sa lezijom unutrašnjih struktura
opsta-bolnica-niksic	D06136	130.00	130.00	NULL	6594	lacrimal-canaliculus-and-punctum-repair	Lacrimal Canaliculus and Punctum Repair	Reparacija kanalikula i punktuma lakrimale
opsta-bolnica-niksic	D06137	130.00	130.00	NULL	6595	eye-enucleation-with-muscle-suturing	Eye Enucleation with Muscle Suturing	Enukleacija bulbusa sa vezivanjem mišića
opsta-bolnica-niksic	D06138	260.00	260.00	NULL	6596	jensen-operation-for-paralytic-strabismus	Jensen Operation for Paralytic Strabismus	Operativno liječenje paralitične razrokosti (Jensen operacija)
opsta-bolnica-niksic	D06139	211.25	211.25	NULL	6597	conjunctivorhinostomy-and-cantocystostomy	Conjunctivorhinostomy and Cantocystostomy	Konjunktivo-rinostomija i kanto-cistostomija
opsta-bolnica-niksic	D06141	162.50	162.50	NULL	6598	eye-enucleation-with-magnetic-prosthesis-implantation	Eye Enucleation with Magnetic Prosthesis Implantation	Enukleacija bulbusa sa implantacijom magnetne proteze
opsta-bolnica-niksic	D06142	58.50	58.50	NULL	6599	indocyanine-green-angiography	Indocyanine Green Angiography	'Indocyanine Green' angiografija
opsta-bolnica-niksic	D06143	406.25	406.25	NULL	6600	congenital-cataract-surgery-with-iol-implantation	Congenital Cataract Surgery with IOL Implantation	Operacija kongenitalne katarakte sa implantacijom intraokularnog sočiva
opsta-bolnica-niksic	D06144	195.00	195.00	NULL	6601	orbit-exenteration	Orbit Exenteration	Egzenteracija orbite
opsta-bolnica-niksic	D06145	65.00	65.00	NULL	6602	810-nm-diode-laser	810 nm Diode Laser	Laser dioda 810 nm
opsta-bolnica-niksic	D26001	195.00	195.00	NULL	6604	ligation-of-extracranial-cerebral-vessels-cervical	Ligation of Extracranial Cerebral Vessels (Cervical)	Ligatura ekstrakranijalnih krvnih sudova mozga (vratni dio)
opsta-bolnica-niksic	D26002	260.00	260.00	NULL	6605	ligation-of-extracranial-cerebral-vessels-thoracic	Ligation of Extracranial Cerebral Vessels (Thoracic)	Ligatura ekstrakranijalnih krvnih sudova mozga (torakalni dio)
opsta-bolnica-niksic	D26003	260.00	260.00	NULL	6606	subclavian-artery-or-vein-ligation-thoracic	Subclavian Artery or Vein Ligation (Thoracic)	Ligatura podključne arterije ili vene u torakalnom dijelu
opsta-bolnica-niksic	D26004	195.00	195.00	NULL	6607	subclavian-artery-ligation-subclavian-region	Subclavian Artery Ligation (Subclavian Region)	Ligatura arterije subklavije u podključnom dijelu
opsta-bolnica-niksic	D26005	97.50	97.50	NULL	6608	axillary-artery-or-vein-ligation	Axillary Artery or Vein Ligation	Ligatura arterije ili vene aksilaris
opsta-bolnica-niksic	D26006	325.00	325.00	NULL	6609	thoracic-aorta-ligation	Thoracic Aorta Ligation	Ligatura grudne aorte
opsta-bolnica-niksic	D26007	292.50	292.50	NULL	6610	superior-vena-cava-ligation	Superior Vena Cava Ligation	Ligatura vene cave superior
opsta-bolnica-niksic	D26008	325.00	325.00	NULL	6611	abdominal-aorta-ligation	Abdominal Aorta Ligation	Ligatura aorte abdominalis
opsta-bolnica-niksic	D26009	585.00	585.00	NULL	6612	ductus-botalli-ligation	Ductus Botalli Ligation	Ligatura ductus Botalli
opsta-bolnica-niksic	D26010	260.00	260.00	NULL	6613	visceral-artery-or-vein-ligation	Visceral Artery or Vein Ligation	Ligatura visceralne arterije ili vene
opsta-bolnica-niksic	D26011	487.50	487.50	NULL	6614	arteriovenous-fistula-exclusion-withwithout-reconstruction	Arteriovenous Fistula Exclusion (with/without Reconstruction)	Ekskluzija arteriovenske fistule (sa ili bez rekonstrukcije)
opsta-bolnica-niksic	D26012	260.00	260.00	NULL	6615	suture-of-intracranial-vessel-surface	Suture of Intracranial Vessel (Surface)	Sutura intrakranijalnog krvnog suda (na površini)
opsta-bolnica-niksic	D26013	260.00	260.00	NULL	6616	suture-of-extracranial-cerebral-vessel-cervical	Suture of Extracranial Cerebral Vessel (Cervical)	Sutura ekstrakranijalnog dijela krvnog suda mozga (vratni dio)
opsta-bolnica-niksic	D26014	260.00	260.00	NULL	6617	suture-of-extracranial-cerebral-vessel-thoracic	Suture of Extracranial Cerebral Vessel (Thoracic)	Sutura ekstrakranijalnog dijela krvnog suda mozga (torakalni dio)
opsta-bolnica-niksic	D26015	260.00	260.00	NULL	6618	subclavian-artery-or-vein-suture-thoracic	Subclavian Artery or Vein Suture (Thoracic)	Sutura arterije ili vene subklavije (torakalni dio)
opsta-bolnica-niksic	D26016	260.00	260.00	NULL	6619	subclavian-artery-or-vein-suture-subclavian-region	Subclavian Artery or Vein Suture (Subclavian Region)	Sutura arterije ili vene subklavije (podključni dio)
opsta-bolnica-niksic	D26017	487.50	487.50	NULL	6620	pulmonary-artery-or-vein-suture	Pulmonary Artery or Vein Suture	Sutura arterije ili vene pulmonalis
opsta-bolnica-niksic	D26018	487.50	487.50	NULL	6621	superior-vena-cava-suture	Superior Vena Cava Suture	Sutura vene cave superior
opsta-bolnica-niksic	D26019	487.50	487.50	NULL	6622	thoracic-aorta-suture	Thoracic Aorta Suture	Sutura grudne aorte
opsta-bolnica-niksic	D26020	487.50	487.50	NULL	6623	abdominal-aorta-suture	Abdominal Aorta Suture	Sutura aorte abdominalis
opsta-bolnica-niksic	D26021	422.50	422.50	NULL	6624	visceral-vessels-suture	Visceral Vessels Suture	Sutura visceralnih krvnih sudova
opsta-bolnica-niksic	D26022	487.50	487.50	NULL	6625	inferior-vena-cava-suture	Inferior Vena Cava Suture	Sutura vene cave inferior
opsta-bolnica-niksic	D26023	422.50	422.50	NULL	6626	renal-artery-or-vein-suture	Renal Artery or Vein Suture	Sutura arterije ili vene renalis
opsta-bolnica-niksic	D26024	487.50	487.50	NULL	6627	vena-cava-plication	Vena Cava Plication	Plikacija vene cave
opsta-bolnica-niksic	D26025	487.50	487.50	NULL	6628	antiembolic-filter-placement	Antiembolic Filter Placement	Postavljanje antiembolijskog filtera
opsta-bolnica-niksic	D26026	195.00	195.00	NULL	6629	crossectomy-gsv-ligation-stripping-and-phlebectomy-of-lower-limb	Crossectomy, GSV Ligation, Stripping and Phlebectomy of Lower Limb	Cross, lig. VSM, strip. VSM i flebektomija površnih vena donjih ekstremiteta
opsta-bolnica-niksic	D26027	292.50	292.50	NULL	6630	cervical-artery-arteriotomy-and-embolectomy	Cervical Artery Arteriotomy and Embolectomy	Incizija (arteriotomija) i embolektomija arterija vrata
opsta-bolnica-niksic	D26028	520.00	520.00	NULL	6631	pulmonary-artery-arteriotomy-and-embolectomy	Pulmonary Artery Arteriotomy and Embolectomy	Incizija (arteriotomija) i embolektomija plućne arterije
opsta-bolnica-niksic	D26029	520.00	520.00	NULL	6632	abdominal-aorta-arteriotomy-and-embolectomy	Abdominal Aorta Arteriotomy and Embolectomy	Incizija (arteriotomija) i embolektomija abdominalne aorte
opsta-bolnica-niksic	D26030	390.00	390.00	NULL	6633	visceral-artery-arteriotomy-and-embolectomy	Visceral Artery Arteriotomy and Embolectomy	Incizija (arteriotomija) i embolektomija visceralne arterije
opsta-bolnica-niksic	D26031	390.00	390.00	NULL	6634	renal-artery-arteriotomy-and-embolectomy	Renal Artery Arteriotomy and Embolectomy	Incizija (arteriotomija) i embolektomija arterije renalis
opsta-bolnica-niksic	D26032	292.50	292.50	NULL	6635	cervical-vein-thrombectomy	Cervical Vein Thrombectomy	Trombektomija vratne vene
opsta-bolnica-niksic	D26033	195.00	195.00	NULL	6636	upper-limb-vein-thrombectomy	Upper Limb Vein Thrombectomy	Trombektomija vena gornjih ekstremiteta
opsta-bolnica-niksic	D26034	520.00	520.00	NULL	6637	superior-vena-cava-thrombectomy	Superior Vena Cava Thrombectomy	Trombektomija vene cave superior
opsta-bolnica-niksic	D26035	390.00	390.00	NULL	6638	visceral-vein-thrombectomy	Visceral Vein Thrombectomy	Trombektomija visceralne vene
opsta-bolnica-niksic	D26036	292.50	292.50	NULL	6639	pelvic-vein-thrombectomy	Pelvic Vein Thrombectomy	Trombektomija pelvične vene
opsta-bolnica-niksic	D26037	195.00	195.00	NULL	6640	lower-limb-vein-thrombectomy	Lower Limb Vein Thrombectomy	Trombektomija vena donjih ekstremiteta
opsta-bolnica-niksic	D26038	650.00	650.00	NULL	6641	extracranial-artery-thrombendarterectomy-cervical	Extracranial Artery Thrombendarterectomy (Cervical)	Trombendarterektomija ekstrakranijalnih arterija (vratni dio)
opsta-bolnica-niksic	D26039	650.00	650.00	NULL	6642	extracranial-artery-thrombendarterectomy-thoracic	Extracranial Artery Thrombendarterectomy (Thoracic)	Trombendarterektomija ekstrakranijalnih arterija (torakalni dio)
opsta-bolnica-niksic	D26040	650.00	650.00	NULL	6643	subclavian-artery-thrombendarterectomy-thoracic	Subclavian Artery Thrombendarterectomy (Thoracic)	Trombendarterektomija arterije subklavije (torakalni dio)
opsta-bolnica-niksic	D26041	325.00	325.00	NULL	6644	axillary-artery-thrombendarterectomy	Axillary Artery Thrombendarterectomy	Trombendarterektomija arterije aksilaris
opsta-bolnica-niksic	D26042	520.00	520.00	NULL	6645	visceral-artery-thrombendarterectomy	Visceral Artery Thrombendarterectomy	Trombendarterektomija visceralne arterije
opsta-bolnica-niksic	D26043	520.00	520.00	NULL	6646	renal-artery-thrombendarterectomy	Renal Artery Thrombendarterectomy	Trombendarterektomija renalnih arterija
opsta-bolnica-niksic	D26044	585.00	585.00	NULL	6647	iliac-artery-thrombendarterectomy	Iliac Artery Thrombendarterectomy	Trombendarterektomija ilijačnih arterija
opsta-bolnica-niksic	D26045	390.00	390.00	NULL	6648	popliteal-artery-thrombendarterectomy	Popliteal Artery Thrombendarterectomy	Trombendarterektomija arterije popliteae
opsta-bolnica-niksic	D26046	617.50	617.50	NULL	6649	extracranial-artery-thrombendarterectomy-with-patch	Extracranial Artery Thrombendarterectomy with Patch	Trombendarterektomija sa patch plastikom ekstrakranijalnih arterija
opsta-bolnica-niksic	D26047	812.50	812.50	NULL	6650	subclavian-artery-thrombendarterectomy-with-patch	Subclavian Artery Thrombendarterectomy with Patch	Trombendarterektomija sa patch-plastikom arterije subklavije
opsta-bolnica-niksic	D26048	812.50	812.50	NULL	6651	subclavian-artery-thrombendarterectomy-with-patch-subclavian	Subclavian Artery Thrombendarterectomy with Patch (Subclavian)	Trombendarterektomija sa patch-plastikom arterije subklavije (podključni dio)
opsta-bolnica-niksic	D26049	520.00	520.00	NULL	6652	axillary-artery-thrombendarterectomy-with-patch	Axillary Artery Thrombendarterectomy with Patch	Trombendarterektomija sa patch plastikom arterije aksilaris
opsta-bolnica-niksic	D26050	520.00	520.00	NULL	6653	other-arm-arteries-thrombendarterectomy-with-patch	Other Arm Arteries Thrombendarterectomy with Patch	Trombendarterektomija sa patch plastikom ostalih arterija ruku
opsta-bolnica-niksic	D26051	812.50	812.50	NULL	6654	abdominal-aorta-thrombendarterectomy-with-patch	Abdominal Aorta Thrombendarterectomy with Patch	Trombendarterektomija sa patch plastikom aorte abdominalis
opsta-bolnica-niksic	D26052	650.00	650.00	NULL	6655	visceral-artery-thrombendarterectomy-with-patch	Visceral Artery Thrombendarterectomy with Patch	Trombendarterektomija sa patch-plastikom visceralne arterije
opsta-bolnica-niksic	D26053	650.00	650.00	NULL	6656	renal-artery-thrombendarterectomy-with-patch	Renal Artery Thrombendarterectomy with Patch	Trombendarterektomija sa patch-plastikom arterije renalis
opsta-bolnica-niksic	D26054	747.50	747.50	NULL	6657	iliac-artery-thrombendarterectomy-with-patch	Iliac Artery Thrombendarterectomy with Patch	Trombendarterektomija sa patch-plastikom ilijačnih arterija
opsta-bolnica-niksic	D26055	617.50	617.50	NULL	6658	femoral-artery-thrombendarterectomy-with-patch	Femoral Artery Thrombendarterectomy with Patch	Trombendarterektomija sa patch-plastikom femoralne arterije
opsta-bolnica-niksic	D26056	617.50	617.50	NULL	6659	popliteal-artery-thrombendarterectomy-with-patch	Popliteal Artery Thrombendarterectomy with Patch	Trombendarterektomija sa patch-plastikom arterije popliteae
opsta-bolnica-niksic	D26057	617.50	617.50	NULL	6660	other-leg-arteries-thrombendarterectomy-with-patch	Other Leg Arteries Thrombendarterectomy with Patch	Trombendarterektomija sa patch-plastikom ostalih arterija nogu
opsta-bolnica-niksic	D26058	585.00	585.00	NULL	6661	resection-and-direct-anastomosis-of-cranial-surface-artery	Resection and Direct Anastomosis of Cranial Surface Artery	Resekcija i direktna anastomoza kranijalne površne arterije
opsta-bolnica-niksic	D26059	585.00	585.00	NULL	6662	resection-and-anastomosis-of-extraintracranial-arteries-cervical	Resection and Anastomosis of Extra/Intracranial Arteries (Cervical)	Resekcija i anastomoza ekstra- i intrakranijalnih arterija (vratni dio)
opsta-bolnica-niksic	D26060	617.50	617.50	NULL	6663	resection-and-anastomosis-of-intracranial-arteries-thoracic	Resection and Anastomosis of Intracranial Arteries (Thoracic)	Resekcija i anastomoza intrakranijalnih arterija (torakalni dio)
opsta-bolnica-niksic	D26061	617.50	617.50	NULL	6664	resection-and-anastomosis-of-subclavian-artery-thoracic	Resection and Anastomosis of Subclavian Artery (Thoracic)	Resekcija i anastomoza arterije subklavije (torakalni dio)
opsta-bolnica-niksic	D26062	617.50	617.50	NULL	6665	resection-and-anastomosis-of-subclavian-artery-subclavian	Resection and Anastomosis of Subclavian Artery (Subclavian)	Resekcija i anastomoza arterije subklavije (podključni dio)
opsta-bolnica-niksic	D26063	617.50	617.50	NULL	6666	resection-and-anastomosis-of-axillary-artery	Resection and Anastomosis of Axillary Artery	Resekcija i anastomoza arterije aksilaris
opsta-bolnica-niksic	D26064	617.50	617.50	NULL	6667	resection-and-anastomosis-of-other-arm-arteries	Resection and Anastomosis of Other Arm Arteries	Resekcija i anastomoza drugih arterija ruke
opsta-bolnica-niksic	D26065	812.50	812.50	NULL	6668	resection-and-anastomosis-of-thoracic-aorta	Resection and Anastomosis of Thoracic Aorta	Resekcija i anastomoza grudne aorte
opsta-bolnica-niksic	D26067	650.00	650.00	NULL	6670	resection-and-anastomosis-of-pulmonary-vessels	Resection and Anastomosis of Pulmonary Vessels	Resekcija i anastomoza plućnih krvnih sudova
opsta-bolnica-niksic	D26068	715.00	715.00	NULL	6671	resection-and-ligation-of-ductus-botalli	Resection and Ligation of Ductus Botalli	Resekcija i ligatura ductus Botalli
opsta-bolnica-niksic	D26069	812.50	812.50	NULL	6672	resection-and-anastomosis-of-abdominal-aorta	Resection and Anastomosis of Abdominal Aorta	Resekcija i anastomoza aorte abdominalis
opsta-bolnica-niksic	D26070	812.50	812.50	NULL	6673	resection-and-anastomosis-of-visceral-arteries	Resection and Anastomosis of Visceral Arteries	Resekcija i anastomoza visceralnih arterija
opsta-bolnica-niksic	D26071	650.00	650.00	NULL	6674	resection-and-anastomosis-of-renal-artery-or-vein	Resection and Anastomosis of Renal Artery or Vein	Resekcija i anastomoza arterija ili vena renalis
opsta-bolnica-niksic	D26072	715.00	715.00	NULL	6675	resection-and-anastomosis-of-iliac-artery-or-vein	Resection and Anastomosis of Iliac Artery or Vein	Resekcija i anastomoza arterija ili vena iliaca
opsta-bolnica-niksic	D26073	520.00	520.00	NULL	6676	resection-and-anastomosis-of-popliteal-artery-or-vein	Resection and Anastomosis of Popliteal Artery or Vein	Resekcija i anastomoza arterije ili vene popliteae
opsta-bolnica-niksic	D26074	812.50	812.50	NULL	6677	portocaval-shunt	Portocaval Shunt	Porto-kavalni šant
opsta-bolnica-niksic	D26075	812.50	812.50	NULL	6678	porto-systemic-shunt-with-or-without-splenectomy	Porto-Systemic Shunt with or without Splenectomy	Porto-sistemski šant sa ili bez resekcije slezine
opsta-bolnica-niksic	D26076	812.50	812.50	NULL	6679	splenorenal-shunt	Splenorenal Shunt	Spleno-renalni šant
opsta-bolnica-niksic	D26077	910.00	910.00	NULL	6680	mesentericocaval-shunt	Mesentericocaval Shunt	Mezenteriko-kavalni šant
opsta-bolnica-niksic	D26078	650.00	650.00	NULL	6681	systemic-pulmonary-arteriovenous-anastomoses	Systemic-Pulmonary Arteriovenous Anastomoses	Sistemsko-pulmonalne arteriovenske anastomoze
opsta-bolnica-niksic	D26079	113.75	113.75	NULL	6682	arteriovenous-anastomosis-of-peripheral-vessels-for-dialysis-access	Arteriovenous Anastomosis of Peripheral Vessels for Dialysis Access	Arterio-venske anastomoze perifernih krvnih sudova — vaskularni pristup za dijalizu
opsta-bolnica-niksic	D26080	812.50	812.50	NULL	6683	epigastric-cavernous-anastomosis	Epigastric-Cavernous Anastomosis	Epigastrico-kavernozna anastomoza
opsta-bolnica-niksic	D26081	585.00	585.00	NULL	6684	cavernous-venous-anastomoses	Cavernous-Venous Anastomoses	Kavernozno-venske anastomoze
opsta-bolnica-niksic	D26082	520.00	520.00	NULL	6685	synthetic-graft-resection-of-cervical-vessels	Synthetic Graft Resection of Cervical Vessels	Resekcija i sintetski graft krvnih sudova vrata
opsta-bolnica-niksic	D26083	520.00	520.00	NULL	6686	autovenous-graft-resection-of-cervical-vessels	Autovenous Graft Resection of Cervical Vessels	Resekcija i autovenski graft krvnih sudova vrata
opsta-bolnica-niksic	D26084	520.00	520.00	NULL	6687	synthetic-graft-of-extracranial-arteries-thoracic	Synthetic Graft of Extracranial Arteries (Thoracic)	Resekcija i sintetski graft ekstrakranijalnih arterija (torakalni dio)
opsta-bolnica-niksic	D26085	520.00	520.00	NULL	6688	autovenous-graft-of-extracranial-arteries-thoracic	Autovenous Graft of Extracranial Arteries (Thoracic)	Resekcija i autovenski graft ekstrakranijalnih arterija (torakalni dio)
opsta-bolnica-niksic	D26086	633.75	633.75	NULL	6689	synthetic-graft-of-subclavian-artery-thoracic	Synthetic Graft of Subclavian Artery (Thoracic)	Resekcija i sintetski graft arterije subklavije u grudnom dijelu
opsta-bolnica-niksic	D26087	633.75	633.75	NULL	6690	synthetic-graft-of-subclavian-artery-subclavian	Synthetic Graft of Subclavian Artery (Subclavian)	Resekcija i sintetski graft arterije subklavije u podključnom dijelu
opsta-bolnica-niksic	D26088	633.75	633.75	NULL	6691	autovenous-graft-of-subclavian-artery-thoracic-or-subclavian	Autovenous Graft of Subclavian Artery (Thoracic or Subclavian)	Resekcija i autovenski graft arterije subklavije u grudnom ili podključnom dijelu
opsta-bolnica-niksic	D26089	520.00	520.00	NULL	6692	synthetic-graft-of-axillary-artery-or-vein	Synthetic Graft of Axillary Artery or Vein	Resekcija i sintetski graft arterije axillaris ili vene aksilaris
opsta-bolnica-niksic	D26090	520.00	520.00	NULL	6693	autovenous-graft-of-axillary-artery-or-vein	Autovenous Graft of Axillary Artery or Vein	Resekcija i autovenski graft arterije ili vene aksilaris
opsta-bolnica-niksic	D26091	975.00	975.00	NULL	6694	synthetic-prosthesis-of-thoracic-aorta	Synthetic Prosthesis of Thoracic Aorta	Resekcija i sintetska proteza grudne aorte
opsta-bolnica-niksic	D26092	812.50	812.50	NULL	6695	synthetic-prosthesis-of-superior-vena-cava	Synthetic Prosthesis of Superior Vena Cava	Resekcija i sintetska proteza gornje šuplje vene
opsta-bolnica-niksic	D26093	812.50	812.50	NULL	6696	synthetic-prosthesis-of-abdominal-aorta	Synthetic Prosthesis of Abdominal Aorta	Resekcija i sintetska proteza aorte abdominalis
opsta-bolnica-niksic	D26094	633.75	633.75	NULL	6697	synthetic-prosthesis-of-visceral-artery	Synthetic Prosthesis of Visceral Artery	Resekcija i sintetska proteza visceralne arterije
opsta-bolnica-niksic	D26095	633.75	633.75	NULL	6698	autovenous-graft-of-visceral-artery	Autovenous Graft of Visceral Artery	Resekcija i autovenski graft visceralne arterije
opsta-bolnica-niksic	D26096	520.00	520.00	NULL	6699	autovenous-or-synthetic-graft-of-renal-artery	Autovenous or Synthetic Graft of Renal Artery	Resekcija i autovenski ili sintetski graft arterije renalis
opsta-bolnica-niksic	D26097	812.50	812.50	NULL	6700	autovenous-graft-of-inferior-vena-cava	Autovenous Graft of Inferior Vena Cava	Resekcija i autovenski graft vene cave inferior
opsta-bolnica-niksic	D26098	633.75	633.75	NULL	6701	synthetic-graft-of-iliac-artery-or-vein	Synthetic Graft of Iliac Artery or Vein	Resekcija i sintetski graft arterija ili vena iliaca
opsta-bolnica-niksic	D26099	520.00	520.00	NULL	6702	autovenous-or-synthetic-graft-of-popliteal-artery-or-vein	Autovenous or Synthetic Graft of Popliteal Artery or Vein	Resekcija i autovenski ili sintetski graft arterije ili vena popliteae
opsta-bolnica-niksic	D26100	715.00	715.00	NULL	6703	cervical-vessel-reconstruction-by-autovenous-bypass-carotidvertebral	Cervical Vessel Reconstruction by Autovenous Bypass (Carotid/Vertebral)	Rekonstrukcija krvnih sudova vrata by-pass postupkom (karotidno/vertebralna) autovenskim graftom
opsta-bolnica-niksic	D26101	715.00	715.00	NULL	6704	cervical-vessel-reconstruction-by-synthetic-bypass	Cervical Vessel Reconstruction by Synthetic Bypass	Rekonstrukcija krvnih sudova vrata by-pass postupkom (karot./vert.) sintetskim graftom
opsta-bolnica-niksic	D26102	715.00	715.00	NULL	6705	reconstruction-of-brain-vessels-in-thoracic-region-with-synthetic-prosthesis-bypass	Reconstruction of Brain Vessels in Thoracic Region with Synthetic Prosthesis Bypass	Rekonstrukcija krvnih sudova mozga u torakalnom dijelu sa sintetskom protezom by-pass
opsta-bolnica-niksic	D26103	650.00	650.00	NULL	6706	subclavian-carotid-transposition	Subclavian-Carotid Transposition	Transpozicija velikih krvnih sudova — subklavio-karotidna transpozicija
opsta-bolnica-niksic	D26104	650.00	650.00	NULL	6707	carotid-subclavian-transposition	Carotid-Subclavian Transposition	Transpozicija velikih krvnih sudova — karotidno-subklavijalna transpozicija
opsta-bolnica-niksic	D26105	715.00	715.00	NULL	6708	subclavian-artery-or-vein-bypass-with-venous-or-synthetic-graft	Subclavian Artery or Vein Bypass with Venous or Synthetic Graft	Rekonstrukcija arterije ili vene subklavije by-pass postupkom venskim ili sintetskim graftom
opsta-bolnica-niksic	D26106	406.25	406.25	NULL	6709	axillary-artery-or-vein-reconstruction-with-synthetic-or-autovenous-graft	Axillary Artery or Vein Reconstruction with Synthetic or Autovenous Graft	Rekonstrukcija arterije ili vene aksilaris sintetskom protezom ili autovenskim graftom
opsta-bolnica-niksic	D26107	975.00	975.00	NULL	6710	thoracic-aorta-bypass-reconstruction-synthetic-prosthesis	Thoracic Aorta Bypass Reconstruction (Synthetic Prosthesis)	Rekonstrukcija grudne aorte by-pass postupkom (sintetska proteza)
opsta-bolnica-niksic	D26108	812.50	812.50	NULL	6711	superior-vena-cava-bypass-reconstruction-synthetic-graft	Superior Vena Cava Bypass Reconstruction (Synthetic Graft)	Rekonstrukcija vene cave superior by-pass postupkom (sintetski graft)
opsta-bolnica-niksic	D26109	812.50	812.50	NULL	6712	abdominal-aorta-bypass-reconstruction-synthetic-graft	Abdominal Aorta Bypass Reconstruction (Synthetic Graft)	Rekonstrukcija aorte abdominalis by-pass postupkom (sintetski graft)
opsta-bolnica-niksic	D26110	633.75	633.75	NULL	6713	visceral-artery-bypass-reconstruction-autovenoussynthetic	Visceral Artery Bypass Reconstruction (Autovenous/Synthetic)	Rekonstrukcija visceralne arterije by-pass postupkom (autoveni/sintetski graft)
opsta-bolnica-niksic	D26111	633.75	633.75	NULL	6714	renal-artery-bypass-reconstruction-autovenoussynthetic	Renal Artery Bypass Reconstruction (Autovenous/Synthetic)	Rekonstrukcija arterije renalis by-pass postupkom (autoveni/sintetski graft)
opsta-bolnica-niksic	D26112	812.50	812.50	NULL	6715	inferior-vena-cava-bypass-reconstruction	Inferior Vena Cava Bypass Reconstruction	Rekonstrukcija vene cave inferior by-pass postupkom
opsta-bolnica-niksic	D26113	633.75	633.75	NULL	6716	iliac-vessels-bypass-reconstruction	Iliac Vessels Bypass Reconstruction	Rekonstrukcija arterija ili vena iliaca by-pass postupkom
opsta-bolnica-niksic	D26114	406.25	406.25	NULL	6717	popliteal-vessels-bypass-reconstruction	Popliteal Vessels Bypass Reconstruction	Rekonstrukcija arterija ili vena poplitea by-pass postupkom
opsta-bolnica-niksic	D26115	585.00	585.00	NULL	6718	extra-anatomical-axillo-bifemoral-bypass	Extra-Anatomical Axillo-(Bi)Femoral Bypass	Extraanatomski aksilo (bi)femoralni by-pass
opsta-bolnica-niksic	D26116	585.00	585.00	NULL	6719	extra-anatomical-iliaco-femoral-cross-over-bypass	Extra-Anatomical Iliaco-Femoral Cross-Over Bypass	Extraanatomski iliaco-femoralni (cross over) by-pass
opsta-bolnica-niksic	D26117	585.00	585.00	NULL	6720	extra-anatomical-femoro-femoral-cross-over-bypass	Extra-Anatomical Femoro-Femoral Cross-Over Bypass	Extraanatomski femoro-femoralni (cross over) by-pass
opsta-bolnica-niksic	D26118	585.00	585.00	NULL	6721	other-extra-anatomical-bypass	Other Extra-Anatomical Bypass	Ostali extraanatomski by-pass
opsta-bolnica-niksic	D26119	585.00	585.00	NULL	6722	prosthesis-removal-thrombosis-or-infection	Prosthesis Removal (Thrombosis or Infection)	Ekstirpacija proteze (zbog tromboze ili infekcije)
opsta-bolnica-niksic	D26120	390.00	390.00	NULL	6723	arteriovenous-shunt-special-cases	Arteriovenous Shunt (Special Cases)	Arteriovenski šant (u posebnim slučajevima)
opsta-bolnica-niksic	D26121	390.00	390.00	NULL	6724	arteriovenous-bypass	Arteriovenous Bypass	Arteriovenski by-pass
opsta-bolnica-niksic	D26122	585.00	585.00	NULL	6725	carotid-aneurysmectomy-and-reconstruction	Carotid Aneurysmectomy and Reconstruction	Aneurizmektomija i rekonstrukcija karotidne arterije
opsta-bolnica-niksic	D26123	585.00	585.00	NULL	6726	vertebral-aneurysmectomy-and-reconstruction	Vertebral Aneurysmectomy and Reconstruction	Aneurizmektomija i rekonstrukcija vertebralne arterije
opsta-bolnica-niksic	D26124	520.00	520.00	NULL	6727	subclavian-aneurysmectomy-and-reconstruction	Subclavian Aneurysmectomy and Reconstruction	Aneurizmektomija i rekonstrukcija arterije subklavije
opsta-bolnica-niksic	D26125	325.00	325.00	NULL	6728	axillary-aneurysmectomy-and-reconstruction	Axillary Aneurysmectomy and Reconstruction	Aneurizmektomija i rekonstrukcija arterije aksilaris
opsta-bolnica-niksic	D26126	325.00	325.00	NULL	6729	other-arm-arteries-aneurysmectomy-and-reconstruction	Other Arm Arteries Aneurysmectomy and Reconstruction	Aneurizmektomija i rekonstrukcija ostalih arterija ruke
opsta-bolnica-niksic	D26128	975.00	975.00	NULL	6731	thoracic-aorta-aneurysmectomy-and-reconstruction	Thoracic Aorta Aneurysmectomy and Reconstruction	Aneurizmektomija i rekonstrukcija grudne aorte
opsta-bolnica-niksic	D26129	812.50	812.50	NULL	6732	abdominal-aorta-aneurysmectomy-and-reconstruction	Abdominal Aorta Aneurysmectomy and Reconstruction	Aneurizmektomija i rekonstrukcija abdominalne aorte
opsta-bolnica-niksic	D26130	715.00	715.00	NULL	6733	visceral-arteries-aneurysmectomy-and-reconstruction	Visceral Arteries Aneurysmectomy and Reconstruction	Aneurizmektomija i rekonstrukcija visceralnih arterija
opsta-bolnica-niksic	D26131	520.00	520.00	NULL	6734	iliac-arteries-aneurysmectomy-and-reconstruction	Iliac Arteries Aneurysmectomy and Reconstruction	Aneurizmektomija i rekonstrukcija arterija iliaca
opsta-bolnica-niksic	D26132	520.00	520.00	NULL	6735	femoral-artery-aneurysmectomy-and-reconstruction	Femoral Artery Aneurysmectomy and Reconstruction	Aneurizmektomija i rekonstrukcija femoralne arterije
opsta-bolnica-niksic	D26133	520.00	520.00	NULL	6736	popliteal-and-other-leg-arteries-aneurysmectomy-and-reconstruction	Popliteal and Other Leg Arteries Aneurysmectomy and Reconstruction	Aneurizmektomija i rekonstrukcija arterije popliteae i ostalih arterija nogu
opsta-bolnica-niksic	D26134	325.00	325.00	NULL	6737	upper-thoracic-sympathectomy	Upper Thoracic Sympathectomy	Gornja grudna simpatektomija
opsta-bolnica-niksic	D26135	260.00	260.00	NULL	6738	lumbar-sympathectomy	Lumbar Sympathectomy	Lumbalna simpatektomija
opsta-bolnica-niksic	D26136	292.50	292.50	NULL	6739	cervical-artery-or-vein-exploration	Cervical Artery or Vein Exploration	Eksploracija arterije ili vene vrata
opsta-bolnica-niksic	D26137	162.50	162.50	NULL	6740	arm-vessels-exploration	Arm Vessels Exploration	Eksploracija krvnih sudova ruke
opsta-bolnica-niksic	D26138	292.50	292.50	NULL	6741	abdominal-aorta-visceral-or-renal-vessels-exploration	Abdominal Aorta, Visceral or Renal Vessels Exploration	Eksploracija abdominalne aorte, visceralnih arterija ili vena ili renalnih arterija i vena
opsta-bolnica-niksic	D26139	162.50	162.50	NULL	6742	leg-vessels-exploration	Leg Vessels Exploration	Eksploracija krvnih sudova nogu
opsta-bolnica-niksic	D26140	585.00	585.00	NULL	6743	endovascular-stent-graft-in-thoracic-aorta	Endovascular Stent Graft in Thoracic Aorta	Endovaskularna procedura — plasiranje stent grafta u grudnu (torakalnu) aortu
opsta-bolnica-niksic	D26141	373.75	373.75	NULL	6744	endovascular-stent-graft-in-abdominal-aorta	Endovascular Stent Graft in Abdominal Aorta	Endovaskularna procedura — plasiranje stent grafta u abdominalnu aortu
opsta-bolnica-niksic	D26142	373.75	373.75	NULL	6745	endovascular-stent-graft-in-iliac-arteries	Endovascular Stent Graft in Iliac Arteries	Endovaskularna procedura — plasiranje stent grafta u ilijačne arterije
opsta-bolnica-niksic	D26143	373.75	373.75	NULL	6746	endovascular-stent-graft-in-femoral-artery	Endovascular Stent Graft in Femoral Artery	Endovaskularna procedura — plasiranje stent grafta u femoralnu arteriju
opsta-bolnica-niksic	D26144	373.75	373.75	NULL	6747	endovascular-stent-graft-in-poplitealcrural-arteries	Endovascular Stent Graft in Popliteal/Crural Arteries	Endovaskularna procedura — plasiranje stent grafta u poplitealnu i/ili kruralne arterije
opsta-bolnica-niksic	D26145	260.00	260.00	NULL	6748	cervical-thoracic-duct-suture-or-ligation	Cervical Thoracic Duct Suture or Ligation	Sutura ili ligatura ductus thoracicus na vratu
opsta-bolnica-niksic	D27001	325.00	325.00	NULL	6749	acute-episubdural-hematoma-removal-by-osteoplastic-craniotomy	Acute Epi/Subdural Hematoma Removal by Osteoplastic Craniotomy	Odstranjenje akutnog epi- ili subduralnog hematoma osteoplastičnom kraniotomijom
opsta-bolnica-niksic	D27002	487.50	487.50	NULL	6750	chronic-subdural-hematoma-removal	Chronic Subdural Hematoma Removal	Odstranjenje hroničnog subduralnog hematoma
opsta-bolnica-niksic	D27003	536.25	536.25	NULL	6751	exploratory-supratentorial-or-infratentorial-trepanation	Exploratory Supratentorial or Infratentorial Trepanation	Eksplorativna supra- ili infratentorijalna trepanacija
opsta-bolnica-niksic	D27004	390.00	390.00	NULL	6752	epidural-abscess-puncture-and-drainage	Epidural Abscess Puncture and Drainage	Punkcija i drenaža epiduralnog abscesa
opsta-bolnica-niksic	D27005	130.00	130.00	NULL	6753	neuroma-removal-for-phantom-pain	Neuroma Removal for Phantom Pain	Odstranjenje neuroma kod fantomske boli
opsta-bolnica-niksic	D27006	373.75	373.75	NULL	6754	trigeminal-nerve-branch-sectioning	Trigeminal Nerve Branch Sectioning	Presijecanje grane n. trigeminusa
opsta-bolnica-niksic	D27007	97.50	97.50	NULL	6755	extensive-scalp-soft-tissue-tumor-removal-with-bone-destruction	Extensive Scalp Soft Tissue Tumor Removal with Bone Destruction	Odstranjenje opsežnog tumora mekih tkiva poglavine sa destrukcijom kosti
opsta-bolnica-niksic	D27008	97.50	97.50	NULL	6756	cranial-osteomyelitis	Cranial Osteomyelitis Treatment	Osteomijelitis kranijuma
opsta-bolnica-niksic	D27009	97.50	97.50	NULL	6757	skull-bone-tumor-removal	Skull Bone Tumor Removal	Odstranjenje tumora lobanjskih kostiju
opsta-bolnica-niksic	D27010	390.00	390.00	NULL	6758	depressed-skull-fracture-withwithout-dural-injury	Treatment of Depressed Skull Fracture (with/without Dural Injury)	Depresivna fraktura kosti lobanje (sa ili bez povrede dura mater)
opsta-bolnica-niksic	D27011	650.00	650.00	NULL	6759	depressed-fracture-with-dural-and-major-venous-injury	Treatment of Depressed Fracture with Dural and Major Venous Injury	Depresivna fraktura sa ozljedom dura matris i velikih venskih krvnih sudova
opsta-bolnica-niksic	D27012	97.50	97.50	NULL	6760	fixation-transducer-for-icp-monitoring-in-various-etiologies	ICP Transducer Placement for Continuous Monitoring in Raised ICP of Various Etiologies	Fiksiranje transdjusera za kontinuirano mjerenje povećanog intrakranijalnog pritiska različite etiologije
opsta-bolnica-niksic	D27013	260.00	260.00	NULL	6761	acute-supratentorial-epidural-hematoma	Acute Supratentorial Epidural Hematoma Treatment	Akutni epiduralni hematom supratentorijalne lokalizacije
opsta-bolnica-niksic	D27014	260.00	260.00	NULL	6762	acute-infratentorial-epidural-hematoma	Acute Infratentorial Epidural Hematoma Treatment	Akutni epiduralni hematom infratentorijalne lokalizacije
opsta-bolnica-niksic	D27015	260.00	260.00	NULL	6763	acute-supratentorial-subdural-hematoma	Acute Supratentorial Subdural Hematoma Treatment	Akutni subduralni hematom supratentorijalne lokalizacije
opsta-bolnica-niksic	D27016	341.25	341.25	NULL	6764	acute-infratentorial-subdural-hematoma	Acute Infratentorial Subdural Hematoma Treatment	Akutni subduralni hematom infratentorijalne lokalizacije
opsta-bolnica-niksic	D27017	585.00	585.00	NULL	6765	surgical-treatment-of-extensive-cranio-cerebral-injuries	Surgical Treatment of Extensive Cranio-Cerebral Injuries	Operativno zbrinjavanje opsežnih kranio-cerebralnih povreda
opsta-bolnica-niksic	D27018	487.50	487.50	NULL	6766	surgery-for-frontobasal-injuries	Surgery for Frontobasal Injuries	Operacije kod frontobazilarnih povreda
opsta-bolnica-niksic	D27019	390.00	390.00	NULL	6767	csf-fistula-plasty	CSF Fistula Plasty	Plastika likvor fistule
opsta-bolnica-niksic	D27020	292.50	292.50	NULL	6768	epidural-and-subdural-hematoma-removal	Epidural and Subdural Hematoma Removal	Odstranjenje epiduralnog i subduralnog hematoma
opsta-bolnica-niksic	D27021	390.00	390.00	NULL	6769	puncture-and-drainage-of-episubdural-or-brain-abscess	Puncture and Drainage of Epi/Subdural or Brain Abscess	Punkcija i drenaža epiduralnog ili subduralnog ili moždanog abscesa
opsta-bolnica-niksic	D27022	292.50	292.50	NULL	6770	cranial-bone-defect-plasty	Cranial Bone Defect Plasty	Plastika koštanog defekta kranijuma
opsta-bolnica-niksic	D27023	487.50	487.50	NULL	6771	acute-intracerebral-hematoma-removal	Acute Intracerebral Hematoma Removal	Odstranjenje akutnog intracerebralnog hematoma
opsta-bolnica-niksic	D27024	585.00	585.00	NULL	6772	chronic-subdural-hematoma-evacuation	Chronic Subdural Hematoma Evacuation	Evakuacija hroničnog subduralnog hematoma
opsta-bolnica-niksic	D27025	650.00	650.00	NULL	6773	cerebral-hemisphere-tumor-or-abscess-removal	Cerebral Hemisphere Tumor or Abscess Removal	Odstranjenje tumora, abscesa i sl. iz hemisfere velikog mozga
opsta-bolnica-niksic	D27026	715.00	715.00	NULL	6774	cerebellar-hemisphere-tumor-or-abscess-removal	Cerebellar Hemisphere Tumor or Abscess Removal	Odstranjenje tumora, abscesa i sl. iz hemisfere malog mozga
opsta-bolnica-niksic	D27027	585.00	585.00	NULL	6775	convexity-meningioma-removal	Convexity Meningioma Removal	Odstranjenje meningeoma na konveksitetu mozga
opsta-bolnica-niksic	D27028	585.00	585.00	NULL	6776	falx-meningioma-removal	Falx Meningioma Removal	Odstranjenje falks-meningeoma
opsta-bolnica-niksic	D27029	812.50	812.50	NULL	6777	skull-base-meningioma-removal	Skull Base Meningioma Removal	Odstranjenje meningeoma na bazi lobanje
opsta-bolnica-niksic	D27030	650.00	650.00	NULL	6778	suprasellar-or-parasellar-tumor-removal	Suprasellar or Parasellar Tumor Removal	Odstranjenje supraselarnih ili paraselarnih tumora
opsta-bolnica-niksic	D27031	260.00	260.00	NULL	6779	revision-of-previous-suprainfratentorial-operation	Revision of Previous Supra/Infratentorial Operation	Revizija ranije urađene operacije supra- ili infratentorijalne
opsta-bolnica-niksic	D27032	390.00	390.00	NULL	6780	craniostenosis-surgery	Craniostenosis Surgery	Operacija kod kraniostenoze
opsta-bolnica-niksic	D27033	520.00	520.00	NULL	6781	ventriculoatrial-or-ventriculoperitoneal-shunt	Ventriculoatrial or Ventriculoperitoneal Shunt	Ventrikuloatrijalna ili ventrikuloperitonealna drenaža
opsta-bolnica-niksic	D27034	97.50	97.50	NULL	6782	ventricular-system-puncture	Ventricular System Puncture	Punkcija ventrikularnog sistema
opsta-bolnica-niksic	D27035	97.50	97.50	NULL	6783	temporary-ventricular-drainage	Temporary Ventricular Drainage	Privremena drenaža ventrikularnog sistema
opsta-bolnica-niksic	D27036	292.50	292.50	NULL	6784	atrial-or-peritoneoventricular-drainage-revision	Atrial or Peritoneoventricular Drainage Revision	Revizija atrio- ili peritoneoventrikularne drenaže
opsta-bolnica-niksic	D27037	260.00	260.00	NULL	6785	decompressive-laminectomy-for-cord-or-cauda-equina-compression	Decompressive Laminectomy for Cord or Cauda Equina Compression	Dekompresivna laminektomija kod traumatske kompresije medule ili caude equinae
opsta-bolnica-niksic	D27038	390.00	390.00	NULL	6786	single-level-disc-herniation-removal-with-flavectomy-or-fenestration	Single Level Disc Herniation Removal with Flavectomy or Fenestration	Odstranjenje hernijacije intervertebralnog diska uz prethodnu flavektomiju ili fenestraciju na jednom nivou
opsta-bolnica-niksic	D27039	487.50	487.50	NULL	6787	disc-herniation-removal-with-spinal-stenosis-or-multi-level	Disc Herniation Removal with Spinal Stenosis or Multi-Level	Odstranjenje hernijacije intervertebralnog diska kod istovremene stenoze spinalnog kanala ili hernijacije u više nivoa
opsta-bolnica-niksic	D27040	390.00	390.00	NULL	6788	intraextradural-spinal-canal-tumor-removal	Intra/Extradural Spinal Canal Tumor Removal	Odstranjenje intra- ili ekstraduralnog tumora spinalnog kanala
opsta-bolnica-niksic	D27041	650.00	650.00	NULL	6789	giant-cauda-equina-tumor-removal	Giant Cauda Equina Tumor Removal	Odstranjenje gigantskog tumora caudae equinae
opsta-bolnica-niksic	D27042	390.00	390.00	NULL	6790	spinal-adhesions-lysis	Spinal Adhesions Lysis	Razdvajanje spinalnih adhezija
opsta-bolnica-niksic	D27043	520.00	520.00	NULL	6791	head-injury-gunshot-or-other-penetrating-skull-injury	Head Injury - Gunshot or Other Penetrating Skull Injury	Povrede glave — povrede vatrenim oružjem ili druge penetrirajuće povrede lobanje
opsta-bolnica-niksic	D27044	487.50	487.50	NULL	6792	cranioplasty	Cranioplasty	Plastika lobanje
opsta-bolnica-niksic	D27045	325.00	325.00	NULL	6793	decompressive-craniotomy	Decompressive Craniotomy	Dekompresivna kraniotomija
opsta-bolnica-niksic	D27046	325.00	325.00	NULL	6794	subdural-empyema	Subdural Empyema	Infekcije — subduralni empijem
opsta-bolnica-niksic	D27047	650.00	650.00	NULL	6795	cavernous-hemangioma-surgery	Cavernous Hemangioma Surgery	Vaskularna patologija — kranijalna operacija kavernoznog hemangioma
opsta-bolnica-niksic	D27048	195.00	195.00	NULL	6796	spontaneous-intracerebral-hematoma-evacuation	Spontaneous Intracerebral Hematoma Evacuation	Evakuacija spontanog intracerebralnog hematoma
opsta-bolnica-niksic	D27049	520.00	520.00	NULL	6797	hydrocephalus-external-ventricular-drainage-adults	Hydrocephalus External Ventricular Drainage (Adults)	Hidrocefalus (kod starijih od 16 godina) — eksterna ventrikularna drenaža
opsta-bolnica-niksic	D27050	520.00	520.00	NULL	6798	shunt-implantation	Shunt Implantation	Implantacija šanta
opsta-bolnica-niksic	D27051	325.00	325.00	NULL	6799	shunt-revision	Shunt Revision	Revizija šanta
opsta-bolnica-niksic	D27052	156.00	156.00	NULL	6800	peripheral-nerve-decompressiontransposition-for-compression-neuropathy	Peripheral Nerve Decompression/Transposition for Compression Neuropathy	Dekompresija/transpozicija perifernog nerva kod kompresivnih neuropatija
opsta-bolnica-niksic	D27053	260.00	260.00	NULL	6801	peripheral-nerve-transplantation	Peripheral Nerve Transplantation	Transplantacija perifernog nerva
opsta-bolnica-niksic	D27054	325.00	325.00	NULL	6802	external-lumbar-drainage-placement	External Lumbar Drainage Placement	Plasiranje eksterne lumbalne drenaže
opsta-bolnica-niksic	D27055	520.00	520.00	NULL	6803	pediatric-neurosurgery-hydrocephalus-and-congenital-malformations	Pediatric Neurosurgery - Hydrocephalus and Congenital Malformations	Neurohirurgija djece — hidrocefalus i kongenitalne malformacije
opsta-bolnica-niksic	D27056	260.00	260.00	NULL	6804	external-ventricular-drainage	External Ventricular Drainage	Spoljašnja ventrikularna drenaža
opsta-bolnica-niksic	D27057	390.00	390.00	NULL	6805	suturectomy-of-single-cranial-suture-for-craniostenosis	Suturectomy of Single Cranial Suture for Craniostenosis	Suturektomija jedne kranijalne suture kod kraniostenoze
opsta-bolnica-niksic	D27058	325.00	325.00	NULL	6806	pediatric-neurosurgery-head-injuries	Pediatric Neurosurgery - Head Injuries	Neurohirurgija djece — povrede glave
opsta-bolnica-niksic	D27059	520.00	520.00	NULL	6807	craniectomy-with-icp-monitoring-or-reservoir	Craniectomy with ICP Monitor, Drain or Reservoir Placement	Kranijektomija (implantacija ICP monitoringa, drenaža, rezervoar)
opsta-bolnica-niksic	D27060	357.50	357.50	NULL	6808	chronic-subdural-hematoma-hygroma	Chronic Subdural Hematoma / Hygroma	Hronični subduralni hematom / higrom
opsta-bolnica-niksic	D27061	325.00	325.00	NULL	6809	extradural-hematoma	Extradural Hematoma	Ekstraduralni hematom
opsta-bolnica-niksic	D27062	487.50	487.50	NULL	6810	intracerebral-hematoma	Treatment of Intracerebral Hematoma	Intracerebralni hematom
opsta-bolnica-niksic	D27063	243.75	243.75	NULL	6811	impressed-skull-fracture	Impressed Skull Fracture	Impresivni prelom lobanje
opsta-bolnica-niksic	D27064	650.00	650.00	NULL	6812	pediatric-neurosurgery-supratentorial-brain-hemisphere-tumors	Pediatric Neurosurgery - Supratentorial Brain Hemisphere Tumors	Neurohirurgija djece — tumori mozga supratentorijalni — tumori hemisfera mozga
opsta-bolnica-niksic	D27065	97.50	97.50	NULL	6813	epicranial-tumor	Epicranial Tumor	Epikranijalni tumor
opsta-bolnica-niksic	D28001	97.50	97.50	NULL	6814	collar-mediastinotomy	Collar Mediastinotomy	Kolarna medijastinotomija
opsta-bolnica-niksic	D28002	97.50	97.50	NULL	6815	pleural-cavity-drainage-with-rib-resection	Pleural Cavity Drainage with Rib Resection	Drenaža pleuralnog kavuma sa resekcijom rebra
opsta-bolnica-niksic	D28003	260.00	260.00	NULL	6816	surgical-treatment-of-chest-and-lungs	Surgical Treatment of Chest and Lungs	Operativno liječenje grudnog koša i pluća
opsta-bolnica-niksic	D28004	422.50	422.50	NULL	6817	transthoracic-esophagotomy-for-ruptureperforation	Transthoracic Esophagotomy for Rupture/Perforation	Transtorakalna ezofagotomija sa zbrinjavanjem rupture ili perforacije
opsta-bolnica-niksic	D28005	253.50	253.50	NULL	6818	mediastinal-drainage-exploration-foreign-body-removal	Mediastinal Drainage, Exploration, Foreign Body Removal	Drenaža medijastinuma, eksploracija, odstranjenje stranog tijela
opsta-bolnica-niksic	D28006	390.00	390.00	NULL	6819	transthoracic-esophagotomy-for-perforation-or-foreign-body	Transthoracic Esophagotomy for Perforation or Foreign Body	Ezofagotomija — transtorakalna, zbrinjavanje perforacije, odstranjenje stranog tijela jednjaka
opsta-bolnica-niksic	D28007	390.00	390.00	NULL	6820	transthoracic-surgery-of-incarcerated-diaphragmatic-hernia-with-resection	Transthoracic Surgery of Incarcerated Diaphragmatic Hernia with Resection	Operacija ukliještene dijafragmalne kile sa resekcijom transtorakalnim putem
opsta-bolnica-niksic	D28008	260.00	260.00	NULL	6821	removal-of-material-used-for-chest-wall-reconstruction	Removal of Material Used for Chest Wall Reconstruction	Odstranjenje materijala koji je služio kod plastike i korekcije zida grudnog koša
opsta-bolnica-niksic	D28009	260.00	260.00	NULL	6822	endoscopic-tracheal-stent-application	Endoscopic Tracheal Stent Application	Endoskopska aplikacija trahealnog stenta (obloženi ili neobloženi stent)
opsta-bolnica-niksic	D28010	292.50	292.50	NULL	6823	tracheal-suture-collar-approach	Tracheal Suture - Collar Approach	Sutura traheje — kolarni pristup
opsta-bolnica-niksic	D28011	292.50	292.50	NULL	6824	tracheal-suture-thoracic-approach	Tracheal Suture - Thoracic Approach	Sutura traheje — torakalni pristup
opsta-bolnica-niksic	D28012	552.50	552.50	NULL	6825	partial-tracheal-resection	Partial Tracheal Resection	Parcijalna resekcija traheje
opsta-bolnica-niksic	D28014	552.50	552.50	NULL	6826	tracheal-carina-resection-and-reconstruction	Tracheal Carina Resection and Reconstruction	Resekcija i rekonstrukcija karine traheje
opsta-bolnica-niksic	D28015	292.50	292.50	NULL	6827	suture-and-reconstruction-of-tracheal-or-bronchial-injury	Suture and Reconstruction of Tracheal or Bronchial Injury	Sutura i rekonstrukcija povrede traheje ili bronha
opsta-bolnica-niksic	D28016	552.50	552.50	NULL	6828	bronchial-sleeve-resection	Bronchial Sleeve Resection	Sleeve resekcija bronha
opsta-bolnica-niksic	D28017	487.50	487.50	NULL	6829	partial-bronchial-wall-resection	Partial Bronchial Wall Resection	Parcijalna resekcija zida bronha
opsta-bolnica-niksic	D28018	487.50	487.50	NULL	6830	bronchopleural-fistula-closure	Bronchopleural Fistula Closure	Zatvaranje bronhopleuralne fistule
opsta-bolnica-niksic	D28019	292.50	292.50	NULL	6831	pulmonary-bullae-resection	Pulmonary Bullae Resection	Resekcija bula na plućima
opsta-bolnica-niksic	D28020	292.50	292.50	NULL	6832	thoracoscopic-pulmonary-bullae-resection	Thoracoscopic Pulmonary Bullae Resection	Torakoskopska resekcija bula na plućima
opsta-bolnica-niksic	D28021	325.00	325.00	NULL	6833	pulmonary-wedge-resection	Pulmonary Wedge Resection	Wedge resekcija pluća
opsta-bolnica-niksic	D28022	325.00	325.00	NULL	6834	thoracoscopic-pulmonary-wedge-resection	Thoracoscopic Pulmonary Wedge Resection	Torakoskopska wedge resekcija pluća
opsta-bolnica-niksic	D28023	390.00	390.00	NULL	6835	lung-segmentectomy	Lung Segmentectomy	Segmentektomija pluća
opsta-bolnica-niksic	D28024	390.00	390.00	NULL	6836	thoracoscopic-lung-segmentectomy	Thoracoscopic Lung Segmentectomy	Torakoskopska segmentektomija
opsta-bolnica-niksic	D28025	487.50	487.50	NULL	6837	lung-lobectomy	Lung Lobectomy	Lobektomija pluća
opsta-bolnica-niksic	D28026	487.50	487.50	NULL	6838	thoracoscopic-lung-lobectomy	Thoracoscopic Lung Lobectomy	Torakoskopska lobektomija pluća
opsta-bolnica-niksic	D28027	812.50	812.50	NULL	6839	lung-bilobectomy	Lung Bilobectomy	Bilobektomija pluća
opsta-bolnica-niksic	D28028	812.50	812.50	NULL	6840	thoracoscopic-lung-bilobectomy	Thoracoscopic Lung Bilobectomy	Torakoskopska bilobektomija pluća
opsta-bolnica-niksic	D28029	650.00	650.00	NULL	6841	extensive-lobectomy-or-bilobectomy	Extensive Lobectomy or Bilobectomy	Ekstenzivna lobektomija ili bilobektomija pluća
opsta-bolnica-niksic	D28030	552.50	552.50	NULL	6842	pneumonectomy	Pneumonectomy	Pneumonektomija
opsta-bolnica-niksic	D28031	552.50	552.50	NULL	6843	thoracoscopic-pneumonectomy	Thoracoscopic Pneumonectomy	Torakoskopska pneumonektomija
opsta-bolnica-niksic	D28032	650.00	650.00	NULL	6844	pleuropneumonectomy	Pleuropneumonectomy	Pleuropneumonektomija
opsta-bolnica-niksic	D28033	650.00	650.00	NULL	6845	extensive-pneumonectomy	Extensive Pneumonectomy	Ekstenzivna pneumonektomija
opsta-bolnica-niksic	D28034	552.50	552.50	NULL	6846	pneumonectomy-with-carinal-resection	Pneumonectomy with Carinal Resection	Pneumonektomija sa resekcijom karine traheje
opsta-bolnica-niksic	D28037	97.50	97.50	NULL	6849	mediastinoscopy	Mediastinoscopy	Medijastinoskopija
opsta-bolnica-niksic	D28038	455.00	455.00	NULL	6850	transsternal-thymectomy	Transsternal Thymectomy	Transsternalna timektomija
opsta-bolnica-niksic	D28039	455.00	455.00	NULL	6851	cervical-thymectomy	Cervical Thymectomy	Cervikalna timektomija
opsta-bolnica-niksic	D28040	455.00	455.00	NULL	6852	thoracoscopic-thymectomy	Thoracoscopic Thymectomy	Torakoskopska timektomija
opsta-bolnica-niksic	D28041	487.50	487.50	NULL	6853	mediastinal-lesion-excision-via-thoracotomy-or-sternotomy	Mediastinal Lesion Excision via Thoracotomy or Sternotomy	Ekscizija medijastinalne lezije sa torakotomijom ili sternotomijom
opsta-bolnica-niksic	D28042	487.50	487.50	NULL	6854	chest-wall-suture	Chest Wall Suture	Sutura zida grudnog koša
opsta-bolnica-niksic	D28043	325.00	325.00	NULL	6855	chest-wall-lesion-excision-with-rib-resection	Chest Wall Lesion Excision with Rib Resection	Ekscizija lezije grudnog koša sa resekcijom rebara
opsta-bolnica-niksic	D28044	211.25	211.25	NULL	6856	chest-wall-fenestration	Chest Wall Fenestration	Fenestracija zida grudnog koša
opsta-bolnica-niksic	D28045	260.00	260.00	NULL	6857	chest-wall-fenestration-closure	Chest Wall Fenestration Closure	Zatvaranje fenestracije zida grudnog koša
opsta-bolnica-niksic	D28046	195.00	195.00	NULL	6858	rib-resection-for-thoracic-outlet-syndrome	Rib Resection for Thoracic Outlet Syndrome	Resekcija rebra kod thoracic outlet syndroma
opsta-bolnica-niksic	D28047	455.00	455.00	NULL	6859	open-pectus-excavatum-correction	Open Pectus Excavatum Correction	Otvorena korekcija pectusa excavatum
opsta-bolnica-niksic	D28048	455.00	455.00	NULL	6860	open-pectus-carinatum-correction	Open Pectus Carinatum Correction	Otvorena korekcija pectusa carinatum
opsta-bolnica-niksic	D28049	195.00	195.00	NULL	6861	minimally-invasive-pectus-excavatum-correction	Minimally Invasive Pectus Excavatum Correction	Minimalno invazivna korekcija pectusa excavatum
opsta-bolnica-niksic	D28050	195.00	195.00	NULL	6862	minimally-invasive-pectus-carinatum-correction	Minimally Invasive Pectus Carinatum Correction	Minimalno invazivna korekcija pectusa carinatum
opsta-bolnica-niksic	D28051	260.00	260.00	NULL	6863	pleurectomy-and-pleural-lesion-excision	Pleurectomy and Pleural Lesion Excision	Pleurektomija, ekscizija lezija pleure
opsta-bolnica-niksic	D28052	260.00	260.00	NULL	6864	thoracoscopic-pleurectomy-partial-or-total	Thoracoscopic Pleurectomy (Partial or Total)	Torakoskopska pleurektomija — parcijalna ili totalna
opsta-bolnica-niksic	D28053	162.50	162.50	NULL	6865	pleural-scarification	Pleural Scarification	Skarifikacija pleure
opsta-bolnica-niksic	D28054	65.00	65.00	NULL	6866	thoracoscopic-pleurodesis	Thoracoscopic Pleurodesis	Pleurodeza torakoskopska
opsta-bolnica-niksic	D28055	520.00	520.00	NULL	6867	open-lung-decortication	Open Lung Decortication	Otvorena dekortikacija pluća
opsta-bolnica-niksic	D28056	520.00	520.00	NULL	6868	thoracoscopic-lung-decortication	Thoracoscopic Lung Decortication	Torakoskopska dekortikacija pluća
opsta-bolnica-niksic	D28057	390.00	390.00	NULL	6869	diaphragm-surgery-lesion-excision-resection-suturing	Diaphragm Surgery (Lesion Excision, Resection, Suturing)	Operacija dijafragme — ekscizija lezija, resekcija i šivenje
opsta-bolnica-niksic	D28058	390.00	390.00	NULL	6870	thoracoscopic-diaphragmatic-lesion-excision	Thoracoscopic Diaphragmatic Lesion Excision	Torakoskopska ekscizija lezije sa dijafragme
opsta-bolnica-niksic	D28059	390.00	390.00	NULL	6871	transthoracic-diaphragmatic-rupture-repair	Transthoracic Diaphragmatic Rupture Repair	Transtorakalna reparacija rupture dijafragme
opsta-bolnica-niksic	D28060	487.50	487.50	NULL	6872	thoracoscopic-diaphragmatic-rupture-repair	Thoracoscopic Diaphragmatic Rupture Repair	Torakoskopska reparacija rupture dijafragme
opsta-bolnica-niksic	D28061	325.00	325.00	NULL	6873	transthoracic-diaphragm-resection	Transthoracic Diaphragm Resection	Transtorakalna resekcija dijafragme
opsta-bolnica-niksic	D28062	325.00	325.00	NULL	6874	transthoracic-diaphragm-plication	Transthoracic Diaphragm Plication	Transtorakalna operacija relaksacije dijafragme
opsta-bolnica-niksic	D28063	487.50	487.50	NULL	6875	thoracoscopic-diaphragm-plication	Thoracoscopic Diaphragm Plication	Torakoskopska operacija relaksacije dijafragme
opsta-bolnica-niksic	D28064	390.00	390.00	NULL	6876	transthoracic-thoracic-duct-surgery	Transthoracic Thoracic Duct Surgery	Operacija na ductus thoracicus-u — transtorakalno
opsta-bolnica-niksic	D28065	390.00	390.00	NULL	6877	thoracoscopic-thoracic-duct-surgery	Thoracoscopic Thoracic Duct Surgery	Torakoskopska operacija ductusa thoracicusa
opsta-bolnica-niksic	D28066	390.00	390.00	NULL	6878	laparoscopic-diaphragmatic-rupture-repair	Laparoscopic Diaphragmatic Rupture Repair	Laparoskopska reparacija rupture dijafragme
opsta-bolnica-niksic	D28067	487.50	487.50	NULL	6879	transabdominal-diaphragmatic-rupture-repair	Transabdominal Diaphragmatic Rupture Repair	Transabdominalna reparacija rupture dijafragme
opsta-bolnica-niksic	D28068	390.00	390.00	NULL	6880	thoracoscopic-paraesophageal-hernia-repair	Thoracoscopic Paraesophageal Hernia Repair	Torakoskopska reparacija paraezofagealne hernije
opsta-bolnica-niksic	D28069	390.00	390.00	NULL	6881	transthoracic-paraesophageal-hernia-repair	Transthoracic Paraesophageal Hernia Repair	Transtorakalna reparacija paraezofagealne hernije
opsta-bolnica-niksic	D28070	390.00	390.00	NULL	6882	laparoscopic-paraesophageal-hernia-repair	Laparoscopic Paraesophageal Hernia Repair	Laparoskopska reparacija paraezofagealne hernije
opsta-bolnica-niksic	D28071	406.25	406.25	NULL	6883	congenital-diaphragmatic-hernia-repair	Congenital Diaphragmatic Hernia Repair	Reparacija kongenitalne dijafragmalne hernije
opsta-bolnica-niksic	D28072	406.25	406.25	NULL	6884	laparoscopic-congenital-diaphragmatic-hernia-repair	Laparoscopic Congenital Diaphragmatic Hernia Repair	Laparoskopska reparacija kongenitalne dijafragmalne hernije
opsta-bolnica-niksic	D28073	341.25	341.25	NULL	6885	gastroesophageal-antireflux-surgery	Gastroesophageal Antireflux Surgery	Gastro-ezofagealne antirefluksne operacije
opsta-bolnica-niksic	D28074	341.25	341.25	NULL	6886	laparoscopic-gastroesophageal-antireflux-surgery	Laparoscopic Gastroesophageal Antireflux Surgery	Laparoskopske gastroezofagelane antirefluksne operacije
opsta-bolnica-niksic	D28075	292.50	292.50	NULL	6887	cervical-esophagotomy	Cervical Esophagotomy	Ezofagotomija na vratu
opsta-bolnica-niksic	D28076	390.00	390.00	NULL	6888	surgical-treatment-of-spontaneous-esophageal-perforation	Surgical Treatment of Spontaneous Esophageal Perforation	Operativno zbrinjavanje spontane perforacije jednjaka
opsta-bolnica-niksic	D28077	260.00	260.00	NULL	6889	cervical-esophagostomy	Cervical Esophagostomy	Ezofagostomija na vratu
opsta-bolnica-niksic	D28078	260.00	260.00	NULL	6890	esophageal-lesion-excision-with-suture	Esophageal Lesion Excision with Suture	Ekscizija lezije jednjaka sa šavom
opsta-bolnica-niksic	D28079	585.00	585.00	NULL	6891	esophagus-resection-with-end-to-end-anastomosis-atresia-surgery	Esophagus Resection with End-to-End Anastomosis (Atresia Surgery)	Resekcija ezofagusa sa termino-terminalnom anastomozom, operacija atrezije
opsta-bolnica-niksic	D28080	260.00	260.00	NULL	6892	cervical-esophagectomy-with-esophagostomy-and-gastrostomy	Cervical Esophagectomy with Esophagostomy and Gastrostomy	Cervikalna ezofagektomija, ezofagostoma i gastrostoma
opsta-bolnica-niksic	D28081	812.50	812.50	NULL	6893	transthoracic-esophagogastrectomy-with-primary-anastomosis	Transthoracic Esophagogastrectomy with Primary Anastomosis	Ezofagogastrektomija sa primarnom anastomozom transtorakalno
opsta-bolnica-niksic	D28082	812.50	812.50	NULL	6894	esophagogastrectomy-with-laparotomy-separate-thoracotomy-intrathoracic-anastomosis	Esophagogastrectomy with Laparotomy, Separate Thoracotomy, Intrathoracic Anastomosis	Ezofagogastrektomija s laparotomijom i odvojenom torakotomijom sa primarnom intratorakalnom anastomozom
opsta-bolnica-niksic	D28083	975.00	975.00	NULL	6895	esophagogastrectomy-with-laparotomy-thoracotomy-cervical-esophagostomy	Esophagogastrectomy with Laparotomy, Thoracotomy and Cervical Esophagogastrostomy	Ezofagogastrektomija s laparotomijom, torakotomijom i ezofagogastrostomijom na vratu
opsta-bolnica-niksic	D28084	422.50	422.50	NULL	6896	intrathoracic-esophageal-anastomosis-with-stomach-or-bowel-without-resection	Intrathoracic Esophageal Anastomosis with Stomach or Bowel without Resection	Intratorakalna anastomoza ezofagusa s želucem ili crijevom bez resekcije
opsta-bolnica-niksic	D28085	422.50	422.50	NULL	6897	jejunum-or-colon-interposition-for-intrathoracic-esophageal-anastomosis	Jejunum or Colon Interposition for Intrathoracic Esophageal Anastomosis	Interpozicija jejunuma i kolona kod intratorakalne anastomoze ezofagusa
opsta-bolnica-niksic	D28086	487.50	487.50	NULL	6898	transthoracic-esophagocardiomyotomy-with-hiatus-repair	Transthoracic Esophagocardiomyotomy with Hiatus Repair	Transtorakalna ezofago-kardiomiotomija sa eventualnom reparacijom hijatusa
opsta-bolnica-niksic	D28087	390.00	390.00	NULL	6899	other-esophageal-repair-cardioplasty-fistula-closure-diverticulum-resection-transthoracic	Other Esophageal Repair, Cardioplasty, Fistula Closure, Diverticulum Resection (Transthoracic)	Druge reparacije jednjaka, kardioplastika, zbrinjavanje fistule, resekcija divertikuluma transtorakalno
opsta-bolnica-niksic	D28088	390.00	390.00	NULL	6900	zenker-diverticulum-resection	Zenker Diverticulum Resection	Resekcija Zenkerovog divertikuluma
opsta-bolnica-niksic	D28089	390.00	390.00	NULL	6901	endoscopic-esophageal-stent-application	Endoscopic Esophageal Stent Application	Endoskopska aplikacija ezofagealnog stenta
opsta-bolnica-niksic	D28090	390.00	390.00	NULL	6902	endoscopic-esophageal-dilatation	Endoscopic Esophageal Dilatation	Endoskopska dilatacija jednjaka
opsta-bolnica-niksic	D28101	325.00	325.00	NULL	6903	palliative-mastectomy-for-malignancy	Palliative Mastectomy for Malignancy	Palijativna ablacija dojke zbog malignog procesa
opsta-bolnica-niksic	D28102	390.00	390.00	NULL	6904	radical-mastectomy-with-axillary-evacuation	Radical Mastectomy with Axillary Evacuation	Radikalna ablacija dojke zbog malignog procesa sa evakuacijom aksile
opsta-bolnica-niksic	D28103	455.00	455.00	NULL	6905	madden-patey-modified-mastectomy-for-malignancy	Madden-Patey Modified Mastectomy for Malignancy	Ablacija dojke zbog malignog procesa modifikovanom Madden-Patey metodom
opsta-bolnica-niksic	D28104	260.00	260.00	NULL	6906	breast-alloplasty	Breast Alloplasty	Aloplastika dojke
opsta-bolnica-niksic	Y01001	6.50	6.50	NULL	6918	initial-hospital-workup	Initial Hospital Workup	Početna bolnička obrada
opsta-bolnica-niksic	Y01002	3.25	3.25	NULL	6919	follow-up-hospital-round	Follow-up Hospital Round	Dalja bolnička obrada (vizita)
opsta-bolnica-niksic	Y01003	19.50	19.50	NULL	6920	hospital-discharge-letter	Hospital Discharge Letter	Otpusno pismo
opsta-bolnica-niksic	Y01004	6.50	6.50	NULL	6921	specialist-consultative-examination	Specialist Consultative Examination	Konsultativni pregled specijaliste
opsta-bolnica-niksic	Y01005	19.50	19.50	NULL	6922	professor-consultative-examination	Professor Consultative Examination	Konsultativni pregled profesora
opsta-bolnica-niksic	Y01006	13.00	13.00	NULL	6923	nursing-care-discharge-letter	Nursing Care Discharge Letter	Otpusno pismo zdravstvene njege
opsta-bolnica-niksic	Y01007	9.75	9.75	NULL	6924	newborn-discharge	Newborn Discharge	Otpust novorođenčeta
opsta-bolnica-niksic	Y01019	6.50	6.50	NULL	6925	newborn-initial-hospital-workup	Newborn Initial Hospital Workup	Početna bolnička obrada novorođenčeta
opsta-bolnica-niksic	Y01020	6.50	6.50	NULL	6926	infant-initial-hospital-workup	Infant Initial Hospital Workup	Početna bolnička obrada odojčeta
opsta-bolnica-niksic	Y01021	6.50	6.50	NULL	6927	child-initial-hospital-workup	Child Initial Hospital Workup	Početna bolnička obrada djeteta
opsta-bolnica-niksic	Y01022	6.50	6.50	NULL	6928	initial-hospital-workup-of-involuntarily-hospitalized-patient	Initial Hospital Workup of Involuntarily Hospitalized Patient	Početna bolnička obrada prisilno hospitalizovanog pacijenta
opsta-bolnica-niksic	Y01023	3.25	3.25	NULL	6929	newborn-follow-up-hospital-round	Newborn Follow-up Hospital Round	Dalja bolnička obrada novorođenčeta
opsta-bolnica-niksic	Y01024	3.25	3.25	NULL	6930	infant-follow-up-hospital-round	Infant Follow-up Hospital Round	Dalja bolnička obrada odojčeta
opsta-bolnica-niksic	Y01025	3.25	3.25	NULL	6931	child-follow-up-hospital-round	Child Follow-up Hospital Round	Dalja bolnička obrada djeteta
opsta-bolnica-niksic	Y01026	3.25	3.25	NULL	6932	hospital-care-for-involuntarily-hospitalized-patient	Hospital Care for Involuntarily Hospitalized Patients and Patients under Compulsory Treatment Order	Bolnička obrada prisilno hospitalizovanih pacijenata i pacijenata sa mjerom obaveznog liječenja i čuvanja
opsta-bolnica-niksic	Y01027	19.50	19.50	NULL	6933	consilium-medical-examination	Consilium Medical Examination	Konzilijarni pregled
opsta-bolnica-niksic	Y02001	114.87	114.87	NULL	6934	intensive-nursing-care-for-children-1-month-to-7-years	Intensive Nursing Care for Children 1 Month to 7 Years	Intenzivna njega za dijete od 1 mjeseca do 7 godina
opsta-bolnica-niksic	Y02002	76.58	76.58	NULL	6935	intensive-nursing-care-for-patients-over-7-years	Intensive Nursing Care for Patients Over 7 Years	Intenzivna njega za starije od 7 godina
opsta-bolnica-niksic	Y02003	35.32	35.32	NULL	6936	semi-intensive-nursing-care-for-children-1-month-to-7-years	Semi-Intensive Nursing Care for Children 1 Month to 7 Years	Poluintenzivna njega za dijete od 1 mjeseca do 7 godina
opsta-bolnica-niksic	Y02004	26.41	26.41	NULL	6937	semi-intensive-nursing-care-for-patients-over-7-years	Semi-Intensive Nursing Care for Patients Over 7 Years	Poluintenzivna njega za starije od 7 godina
opsta-bolnica-niksic	Y02005	12.11	12.11	NULL	6938	standard-nursing-care-for-patients-over-7-years	Standard Nursing Care for Patients Over 7 Years	Obična njega za starije od 7 godina
opsta-bolnica-niksic	Y02009	35.32	35.32	NULL	6939	newborn-standard-nursing-care	Newborn Standard Nursing Care	Obična njega novorođenčeta
opsta-bolnica-niksic	Y02010	76.58	76.58	NULL	6940	newborn-incubator-semi-intensive-care	Newborn Incubator Semi-Intensive Care	Njega novorođenčeta - inkubator - poluintenzivna njega
opsta-bolnica-niksic	Y02012	7.45	7.45	NULL	6941	chronic-patient-nursing-care	Chronic Patient Nursing Care	Njega hroničara
opsta-bolnica-niksic	Y03001	26.63	26.63	NULL	6942	delivery-room-usage-per-birth	Delivery Room Usage Per Birth	Upotreba porođajne sale po porođaju
opsta-bolnica-niksic	Y04001	2.88	2.88	NULL	6943	food-costs-for-children-under-1-year	Food Costs for Children Under 1 Year	Troškovi ishrane djece do 1 godine
opsta-bolnica-niksic	Y04002	5.75	5.75	NULL	6944	food-costs-for-patients-over-1-year	Food Costs for Patients Over 1 Year	Troškovi ishrane za starije od 1 godine
opsta-bolnica-niksic	Y04003	26.18	26.18	NULL	6945	non-medical-bed-day-cost-general-and-special-hospitals	Non-Medical Bed-Day Costs in General and Special Hospitals	Nemedicinski dio bolničkog dana - opšte i specijalne bolnice
opsta-bolnica-niksic	Y04004	52.36	52.36	NULL	6946	non-medical-bed-day-cost-intensive-coronary-and-neonatal	Non-Medical Bed-Day Costs in Intensive Care, Coronary Care and Neonatal Units	Nemedicinski dio bolničkog dana u intenzivnoj njezi, koronarnoj jedinici i neonatologiji
opsta-bolnica-niksic	Y04005	31.93	31.93	NULL	6947	companion-boarding-general-and-special-hospitals	Companion Boarding General and Special Hospitals	Pansion pratioca - opšte i specijalne bolnice
opsta-bolnica-niksic	Y05001	13.35	13.35	NULL	6948	operating-theatre-costs-tier-i-5-to-20-points	Operating Theatre Costs in General Hospitals (Operations of 5 to 20 Points)	Troškovi operacione sale u opštim bolnicama (operacije od 5 do 20 bodova)
opsta-bolnica-niksic	Y05002	26.63	26.63	NULL	6949	operating-theatre-costs-tier-i-21-to-50-points	Operating Theatre Costs in General Hospitals (Operations of 21 to 50 Points)	Troškovi operacione sale u opštim bolnicama (operacije od 21 do 50 bodova)
opsta-bolnica-niksic	Y05003	53.33	53.33	NULL	6950	operating-theatre-costs-tier-i-51-to-120-points	Operating Theatre Costs in General Hospitals (Operations of 51 to 120 Points)	Troškovi operacione sale u opštim bolnicama (operacije od 51 do 120 bodova)
opsta-bolnica-niksic	Y05004	79.95	79.95	NULL	6951	operating-theatre-costs-tier-i-121-to-180-points	Operating Theatre Costs in General Hospitals (Operations of 121 to 180 Points)	Troškovi operacione sale u opštim bolnicama (operacije od 121 do 180 bodova)
opsta-bolnica-niksic	Y05005	106.63	106.63	NULL	6952	operating-theatre-costs-tier-i-over-180-points	Operating Theatre Costs in General Hospitals (Operations of More than 180 Points)	Troškovi operacione sale u opštim bolnicama (operacije preko 180 bodova)
opsta-bolnica-niksic	Y05006	14.25	14.25	NULL	6953	operating-theatre-costs-tier-ii-5-to-20-points	Operating Theatre Costs in Clinical Centre and Special Hospitals (Operations of 5 to 20 Points)	Troškovi operacionog bloka Kliničkog centra i specijalnih bolnica (operacije od 5 do 20 bodova)
opsta-bolnica-niksic	Y05007	28.48	28.48	NULL	6954	operating-theatre-costs-tier-ii-21-to-50-points	Operating Theatre Costs in Clinical Centre and Special Hospitals (Operations of 21 to 50 Points)	Troškovi operacionog bloka Kliničkog centra i specijalnih bolnica (operacije od 21 do 50 bodova)
opsta-bolnica-niksic	Y05008	56.95	56.95	NULL	6955	operating-theatre-costs-tier-ii-51-to-120-points	Operating Theatre Costs in Clinical Centre and Special Hospitals (Operations of 51 to 120 Points)	Troškovi operacionog bloka Kliničkog centra i specijalnih bolnica (operacije od 51 do 120 bodova)
opsta-bolnica-niksic	Y05009	85.45	85.45	NULL	6956	operating-theatre-costs-tier-ii-121-to-180-points	Operating Theatre Costs in Clinical Centre and Special Hospitals (Operations of 121 to 180 Points)	Troškovi operacionog bloka Kliničkog centra i specijalnih bolnica (operacije od 121 do 180 bodova)
opsta-bolnica-niksic	Y05010	157.30	157.30	NULL	6957	operating-theatre-costs-tier-ii-over-180-points	Operating Theatre Costs in Clinical Centre and Special Hospitals (Operations of More than 180 Points)	Troškovi operacionog bloka Kliničkog centra i specijalnih bolnica (operacije preko 180 bodova)
opsta-bolnica-niksic	Y06001	0.00	0.00	NULL	6958	maternity-ward-stay-first-6-days-after-birth	Maternity Ward Stay First 6 Days After Birth	Boravak u porodilištu - prvih 6 dana poslije porođaja
opsta-bolnica-niksic	Y06002	0.00	0.00	NULL	6959	newborn-box-stay-first-6-days	Newborn Box Stay First 6 Days	Boravak u boksu za novorođenčad - prvih 6 dana
opsta-bolnica-niksic	Y06003	0.00	0.00	NULL	6960	intensive-care-bed-day	Intensive Care Bed-Day	Boravak u intenzivnoj njezi
opsta-bolnica-niksic	Y06004	0.00	0.00	NULL	6961	semi-intensive-care-bed-day	Semi-Intensive Care Bed-Day	Jedan dan boravka u poluintenzivnoj njezi
opsta-bolnica-niksic	Y06005	0.00	0.00	NULL	6962	standard-care-bed-day	Standard Care Bed-Day	Boravak u običnoj njezi
opsta-bolnica-niksic	Y06006	0.00	0.00	NULL	6963	inpatient-abortion-procedure	Inpatient Abortion Procedure	Abortus na odjeljenju
opsta-bolnica-niksic	Y07001	0.00	0.00	NULL	6964	operation-small-dressing-i	Small Surgical Dressing I	Mali zavoj I (operativni)
opsta-bolnica-niksic	Y07002	0.00	0.00	NULL	6965	operation-small-dressing-ii	Small Surgical Dressing II	Mali zavoj II (operativni)
opsta-bolnica-niksic	Y07003	0.00	0.00	NULL	6966	operation-medium-dressing-i	Medium Surgical Dressing I	Srednji zavoj I (operativni)
opsta-bolnica-niksic	Y07004	0.00	0.00	NULL	6967	operation-medium-dressing-ii	Medium Surgical Dressing II	Srednji zavoj II (operativni)
opsta-bolnica-niksic	Y07005	0.00	0.00	NULL	6968	operation-large-dressing	Large Surgical Dressing	Veliki zavoj (operativni)
opsta-bolnica-niksic	Y08001	0.00	0.00	NULL	6969	injection-materials-consumption	Consumables for Injections	Utrošak materijala kod davanja injekcija
opsta-bolnica-niksic	Y09001	0.00	0.00	NULL	6970	ambulatory-small-dressing	Small Outpatient Dressing	Mali zavoj (ambulantni)
opsta-bolnica-niksic	Y09002	0.00	0.00	NULL	6971	ambulatory-medium-dressing	Medium Outpatient Dressing	Srednji zavoj (ambulantni)
opsta-bolnica-niksic	Y09003	0.00	0.00	NULL	6972	ambulatory-large-dressing	Large Outpatient Dressing	Veliki zavoj (ambulantni)
opsta-bolnica-niksic	Y10001	0.00	0.00	NULL	6973	plaster-body-jacket-including-head	Plaster Body Jacket Including Head	Gipsani žaket za tijelo uključujući glavu
opsta-bolnica-niksic	Y10002	0.00	0.00	NULL	6974	shoulder-plaster-cast-under-10-years	Shoulder Plaster Cast Under 10 Years	Gipsani zavoj ramena ispod 10 godina
opsta-bolnica-niksic	Y10003	0.00	0.00	NULL	6975	shoulder-plaster-cast-over-10-years	Shoulder Plaster Cast Over 10 Years	Gipsani zavoj ramena iznad 10 godina
opsta-bolnica-niksic	Y10004	0.00	0.00	NULL	6976	shoulder-to-fingers-plaster-cast-under-10-years	Shoulder to Fingers Plaster Cast Under 10 Years	Gipsani zavoj od ramena do prstiju ispod 10 godina
opsta-bolnica-niksic	Y10005	0.00	0.00	NULL	6977	shoulder-to-fingers-plaster-cast-over-10-years	Shoulder to Fingers Plaster Cast Over 10 Years	Gipsani zavoj od ramena do prstiju iznad 10 godina
opsta-bolnica-niksic	Y10006	0.00	0.00	NULL	6978	elbow-plaster-cast-under-10-years	Elbow Plaster Cast Under 10 Years	Gipsani zavoj lakta ispod 10 godina
opsta-bolnica-niksic	Y10007	0.00	0.00	NULL	6979	elbow-plaster-cast-over-10-years	Elbow Plaster Cast Over 10 Years	Gipsani zavoj lakta iznad 10 godina
opsta-bolnica-niksic	Y10008	0.00	0.00	NULL	6980	forearm-and-hand-plaster-cast-under-10-years	Forearm and Hand Plaster Cast Under 10 Years	Gipsani zavoj podlaktice i šake ispod 10 godina
opsta-bolnica-niksic	Y10009	0.00	0.00	NULL	6981	forearm-and-hand-plaster-cast-over-10-years	Forearm and Hand Plaster Cast Over 10 Years	Gipsani zavoj podlaktice i šake iznad 10 godina
opsta-bolnica-niksic	Y10010	0.00	0.00	NULL	6982	arm-splint-shoulder-to-hand-under-10-years	Arm Splint Shoulder to Hand Under 10 Years	Longeta ruke od ramena do šake ispod 10 godina
opsta-bolnica-niksic	Y10011	0.00	0.00	NULL	6983	arm-splint-shoulder-to-hand-over-10-years	Arm Splint Shoulder to Hand Over 10 Years	Longeta ruke od ramena do šake iznad 10 godina
opsta-bolnica-niksic	Y10012	0.00	0.00	NULL	6984	forearm-and-hand-splint-under-10-years	Forearm and Hand Splint Under 10 Years	Longeta podlaktice i šake ispod 10 godina
opsta-bolnica-niksic	Y10013	0.00	0.00	NULL	6985	forearm-and-hand-splint-over-10-years	Forearm and Hand Splint Over 10 Years	Longeta podlaktice i šake iznad 10 godina
opsta-bolnica-niksic	Y10014	0.00	0.00	NULL	6986	thorax-fixation-cast	Thorax Fixation Bandage (Plaster Material)	Fiksacioni zavoj toraksa (utrošak gipsanog zavoja)
opsta-bolnica-niksic	Y10015	0.00	0.00	NULL	6987	pelvis-fixation-cast	Pelvis Fixation Cast	Fiksacioni zavoj karlice
opsta-bolnica-niksic	Y10016	0.00	0.00	NULL	6988	shoulder-velpeau-fixation-cast	Shoulder Velpeau Fixation Cast	Fiksacioni zavoj ramena (Velpov)
opsta-bolnica-niksic	Y10017	0.00	0.00	NULL	6989	elbow-or-wrist-joint-fixation-cast	Elbow or Wrist Fixation Bandage (Plaster Material)	Fiksacioni zavoj lakta ili zgloba ručja (utrošak gipsanog zavoja)
opsta-bolnica-niksic	Y10018	0.00	0.00	NULL	6990	hip-fixation-cast	Hip Fixation Cast	Fiksacioni zavoj kuka
opsta-bolnica-niksic	Y10019	0.00	0.00	NULL	6991	knee-fixation-cast	Knee Fixation Bandage (Plaster Material)	Fiksacioni zavoj koljena (utrošak gipsanog zavoja)
opsta-bolnica-niksic	Y10020	0.00	0.00	NULL	6992	ankle-fixation-cast	Ankle Fixation Bandage (Plaster Material)	Fiksacioni zavoj gležnja (utrošak gipsanog zavoja)
opsta-bolnica-niksic	Y10021	0.00	0.00	NULL	6993	unilateral-hip-plaster-cast-under-10-years	Unilateral Hip Plaster Cast Under 10 Years	Gipsani zavoj kuka unilateralni ispod 10 godina
opsta-bolnica-niksic	Y10022	0.00	0.00	NULL	6994	unilateral-hip-plaster-cast-over-10-years	Unilateral Hip Plaster Cast Over 10 Years	Gipsani zavoj kuka unilateralni iznad 10 godina
opsta-bolnica-niksic	Y10023	0.00	0.00	NULL	6995	bilateral-hip-plaster-cast-under-10-years	Bilateral Hip Plaster Cast Under 10 Years	Gipsani zavoj kuka bilateralni ispod 10 godina
opsta-bolnica-niksic	Y10024	0.00	0.00	NULL	6996	bilateral-hip-plaster-cast-over-10-years	Bilateral Hip Plaster Cast Over 10 Years	Gipsani zavoj kuka bilateralni iznad 10 godina
opsta-bolnica-niksic	Y10025	0.00	0.00	NULL	6997	leg-plaster-cast-hip-to-toes-under-10-years	Leg Plaster Cast Hip to Toes Under 10 Years	Gipsani zavoj noge od kuka do prstiju ispod 10 godina
opsta-bolnica-niksic	Y10026	0.00	0.00	NULL	6998	leg-plaster-cast-hip-to-toes-over-10-years	Leg Plaster Cast Hip to Toes Over 10 Years	Gipsani zavoj noge od kuka do prstiju iznad 10 godina
opsta-bolnica-niksic	Y10027	0.00	0.00	NULL	6999	plaster-cylinder-hip-to-ankle-under-10-years	Plaster Cylinder Hip to Ankle Under 10 Years	Gipsani cilindar od kuka do gležnja ispod 10 godina
opsta-bolnica-niksic	Y10028	0.00	0.00	NULL	7000	plaster-cylinder-hip-to-ankle-over-10-years	Plaster Cylinder Hip to Ankle Over 10 Years	Gipsani cilindar od kuka do gležnja iznad 10 godina
opsta-bolnica-niksic	Y10029	0.00	0.00	NULL	7001	lower-leg-plaster-knee-to-toes-under-10-years	Lower Leg Plaster Knee to Toes Under 10 Years	Gips potkoljenice od koljena do prstiju ispod 10 godina
opsta-bolnica-niksic	Y10030	0.00	0.00	NULL	7002	lower-leg-plaster-knee-to-toes-over-10-years	Lower Leg Plaster Knee to Toes Over 10 Years	Gips potkoljenice od koljena do prstiju iznad 10 godina
opsta-bolnica-niksic	Y10031	0.00	0.00	NULL	7003	walking-or-ambulatory-plaster-cast-under-10-years	Walking or Ambulatory Plaster Cast Under 10 Years	Gips za kretanje ili ambulantni gips ispod 10 godina
opsta-bolnica-niksic	Y10032	0.00	0.00	NULL	7004	walking-or-ambulatory-plaster-cast-over-10-years	Walking or Ambulatory Plaster Cast Over 10 Years	Gips za kretanje ili ambulantni gips iznad 10 godina
opsta-bolnica-niksic	Y10033	0.00	0.00	NULL	7005	plaster-splint-hip-to-ankle-and-toes-under-10-years	Plaster Splint Hip to Ankle and Toes Under 10 Years	Gipsane longete od kuka do gležnja i prstiju ispod 10 godina
opsta-bolnica-niksic	Y10034	0.00	0.00	NULL	7006	plaster-splint-hip-to-ankle-and-toes-over-10-years	Plaster Splint Hip to Ankle and Toes Over 10 Years	Gipsane longete od kuka do gležnja i prstiju iznad 10 godina
opsta-bolnica-niksic	Y10035	0.00	0.00	NULL	7007	lower-leg-to-foot-plaster-splint-under-10-years	Lower Leg to Foot Plaster Splint Under 10 Years	Gipsana longeta potkoljenice do stopala ispod 10 godina
opsta-bolnica-niksic	Y10036	0.00	0.00	NULL	7008	lower-leg-to-foot-plaster-splint-over-10-years	Lower Leg to Foot Plaster Splint Over 10 Years	Gipsana longeta potkoljenice do stopala iznad 10 godina
opsta-bolnica-niksic	Y10037	0.00	0.00	NULL	7009	plaster-body-jacket	Plaster Body Jacket	Gipsani žaket za tijelo
opsta-bolnica-niksic	Y10038	0.00	0.00	NULL	7010	shoulder-to-hip-plaster-cast	Shoulder to Hip Plaster Cast	Gipsani zavoj od ramena do kuka
opsta-bolnica-niksic	Y11001	4.88	4.88	NULL	7011	on-call-doctor-specialist-examination	On-Call Specialist Examination	Specijalistički pregled dežurnog ljekara
opsta-bolnica-niksic	J11001	2.85	2.85	NULL	7227	panoramic-dental-radiography	Panoramic Dental Radiography	Panoramska dentalna radiografija
opsta-bolnica-niksic	K01059	6.35	6.35	NULL	7283	crp-latex-test	CRP Latex Test	CRP-LATEX
opsta-bolnica-niksic	K01065	6.35	6.35	NULL	7289	crp-turbidimetry	CRP Turbidimetry	CRP-TURBIDOMETRIJA
opsta-bolnica-niksic	K01066	7.93	7.93	NULL	7290	aso-turbidimetry	ASO Turbidimetry	ASTO-TURBIDOMETRIJA
opsta-bolnica-niksic	K01068	7.93	7.93	NULL	7292	rheumatoid-factor-turbidimetry	Rheumatoid Factor Turbidimetry	REUMA FAKTOR (RF) TURBIDOMETRIJA
opsta-bolnica-niksic	J06010	6.25	6.25	NULL	7864	heart-teleradiography	Heart Teleradiography	Teleradiografija srca
opsta-bolnica-niksic	J06060	245.05	245.05	NULL	7935	percutaneous-nephrostomy-under-fluoroscopic-guidance	Percutaneous Nephrostomy under Fluoroscopic Guidance	Perkutana nefrostomija pod kontrolom rtg-skopskog aparata
opsta-bolnica-niksic	K03106	10.30	10.30	NULL	8122	cryptosporidium-spp-detection-stained-preparation	Cryptosporidium spp. Detection - Stained Preparation	Ispitivanje prisustva Cryptosporidium spp. - bojeni preparat
opsta-bolnica-niksic	K02008	3.58	3.58	NULL	8201	microbial-antigen-latex-agglutination-test	Microbial Antigen Latex Agglutination Test	Detekcija mikrobnih antigena lateks aglutinacionim testom
opsta-bolnica-niksic	X12045	13.15	13.15	NULL	8207	abo-blood-group-determination-gel-method	ABO Blood Group Determination (Gel Method)	Određivanje krvne grupe ABO/gel metoda
opsta-bolnica-niksic	X12046	6.18	6.18	NULL	8208	rh-d-antigen-testing-gel-method	Rh-D Antigen Testing (Gel Method)	Ispitivanje Rh-D antigena/gel metoda
opsta-bolnica-niksic	X12047	10.93	10.93	NULL	8209	indirect-coombs-test-gel-method	Indirect Coombs Test (Gel Method)	Indirektni Kumbsov test/gel metoda
opsta-bolnica-niksic	X12048	10.93	10.93	NULL	8210	direct-coombs-test-gel-method	Direct Coombs Test (Gel Method)	Direktan Kumbsov test/gel metoda
opsta-bolnica-niksic	X12055	26.35	26.35	NULL	8217	hcv-ag-ab-combo-test	HCV Ag/Ab Combo Test	Combo test Ag/At HCV
specijalna-bolnica-za-ortopediju-neurohirurgiju-i-neurologiju-vaso-cukovic-risan	M02002	4.03	NULL	10.34	1489	lymphatic-drainage-complete	Complete Lymphatic Drainage	Limfna drenaža kompletna
specijalna-bolnica-za-ortopediju-neurohirurgiju-i-neurologiju-vaso-cukovic-risan	O01001	3.25	NULL	25.02	1510	first-ent-examination	First ENT Examination	Prvi pregled ORL specijaliste
specijalna-bolnica-za-ortopediju-neurohirurgiju-i-neurologiju-vaso-cukovic-risan	O01002	8.34	NULL	NULL	1511	follow-up-ent-examination	Follow-up ENT Examination	Kontrolni pregled ORL specijaliste
specijalna-bolnica-za-ortopediju-neurohirurgiju-i-neurologiju-vaso-cukovic-risan	X01005	8.34	NULL	NULL	1513	cerumen-ear-irrigation	Cerumen Ear Irrigation	Ispiranje uha od cerumena
specijalna-bolnica-za-ortopediju-neurohirurgiju-i-neurologiju-vaso-cukovic-risan	M03001	3.25	NULL	25.02	1537	first-physiatrist-examination	First Physiatrist Examination	Prvi pregled fizijatra
specijalna-bolnica-za-ortopediju-neurohirurgiju-i-neurologiju-vaso-cukovic-risan	M03002	8.34	NULL	9.75	1538	follow-up-physiatrist-examination	Follow-up Physiatrist Examination	Kontrolni pregled fizijatra
specijalna-bolnica-za-ortopediju-neurohirurgiju-i-neurologiju-vaso-cukovic-risan	J07001	41.82	NULL	NULL	1540	upper-abdomen-ultrasound	Upper Abdomen Ultrasound	Ultrazvuk gornjeg dijela abdomena
specijalna-bolnica-za-ortopediju-neurohirurgiju-i-neurologiju-vaso-cukovic-risan	J07002	NULL	NULL	NULL	1541	lower-abdomen-ultrasound	Lower Abdomen Ultrasound	Ultrazvuk donjeg dijela abdomena
specijalna-bolnica-za-ortopediju-neurohirurgiju-i-neurologiju-vaso-cukovic-risan	J07016	34.85	NULL	41.82	1548	lung-base-ultrasound	Lung Base Ultrasound	Ultrazvuk baze pluća
specijalna-bolnica-za-ortopediju-neurohirurgiju-i-neurologiju-vaso-cukovic-risan	J07010	34.85	NULL	41.82	1552	doppler-upper-extremity-blood-vessels	Doppler Upper Extremity Blood Vessels	Dopler krvnih sudova gornjih ekstremiteta
specijalna-bolnica-za-ortopediju-neurohirurgiju-i-neurologiju-vaso-cukovic-risan	J07011	34.85	NULL	NULL	1553	doppler-lower-extremity-blood-vessels	Doppler Lower Extremity Blood Vessels	Dopler krvnih sudova donjih ekstremiteta
specijalna-bolnica-za-ortopediju-neurohirurgiju-i-neurologiju-vaso-cukovic-risan	X02011	NULL	NULL	NULL	1617	spirometry	Spirometry	Spirometrija
specijalna-bolnica-za-ortopediju-neurohirurgiju-i-neurologiju-vaso-cukovic-risan	N01001	3.25	NULL	25.02	1623	first-ophthalmologist-examination	First Ophthalmologist Examination	Prvi pregled oftalmologa
specijalna-bolnica-za-ortopediju-neurohirurgiju-i-neurologiju-vaso-cukovic-risan	N01002	8.34	NULL	NULL	1624	follow-up-ophthalmologist-examination	Follow-up Ophthalmologist Examination	Kontrolni pregled oftalmologa
specijalna-bolnica-za-ortopediju-neurohirurgiju-i-neurologiju-vaso-cukovic-risan	M02021	4.03	NULL	10.34	1631	electrophoresis	Electrophoresis	Elektroforeza
specijalna-bolnica-za-ortopediju-neurohirurgiju-i-neurologiju-vaso-cukovic-risan	J06062	2.85	NULL	NULL	1652	intraoral-x-ray	Intraoral X-Ray	Intraoralni RTG snimak
specijalna-bolnica-za-ortopediju-neurohirurgiju-i-neurologiju-vaso-cukovic-risan	X28010	26.00	NULL	66.72	1718	surgical-tooth-extraction	Surgical Tooth Extraction	Hirurško vađenje zuba
specijalna-bolnica-za-ortopediju-neurohirurgiju-i-neurologiju-vaso-cukovic-risan	X14003	19.50	NULL	NULL	1945	ergometry-stress-test	Ergometry Stress Test	Ergometrija - test fizičkog opterećenja
specijalna-bolnica-za-ortopediju-neurohirurgiju-i-neurologiju-vaso-cukovic-risan	X14005	48.75	NULL	NULL	1951	stress-echocardiography	Stress Echocardiography	Stres EHO srca - test fizičkog i/ili farmakološkog opterećenja
specijalna-bolnica-za-ortopediju-neurohirurgiju-i-neurologiju-vaso-cukovic-risan	X01028	1.67	NULL	NULL	1980	intravenous-medication-application	Intravenous Medication Application	Aplikacija lijeka intravenski
specijalna-bolnica-za-ortopediju-neurohirurgiju-i-neurologiju-vaso-cukovic-risan	X01010	4.17	NULL	NULL	1985	inhalation-therapy	Inhalation Therapy	Inhalaciona terapija
specijalna-bolnica-za-ortopediju-neurohirurgiju-i-neurologiju-vaso-cukovic-risan	X02012	25.02	NULL	NULL	1989	bronchodilator-test	Bronchodilator Test	Bronhodilatatorni test - spirometrija sa lijekom
specijalna-bolnica-za-ortopediju-neurohirurgiju-i-neurologiju-vaso-cukovic-risan	X14002	32.50	NULL	NULL	1991	echocardiography-heart-ultrasound	Echocardiography (Heart Ultrasound)	Ehokardiografija (ultrazvuk srca)
specijalna-bolnica-za-ortopediju-neurohirurgiju-i-neurologiju-vaso-cukovic-risan	X14001	48.75	NULL	NULL	1992	holter-ecg-24h	Holter ECG 24h	Holter EKG-a - 24h snimanje srčane aktivnosti
specijalna-bolnica-za-ortopediju-neurohirurgiju-i-neurologiju-vaso-cukovic-risan	X14008	32.50	NULL	NULL	1993	holter-blood-pressure-24h	Holter Blood Pressure 24h	Holter krvnog pritiska - 24h praćenje vrijednosti
specijalna-bolnica-za-ortopediju-neurohirurgiju-i-neurologiju-vaso-cukovic-risan	J07008	34.85	NULL	NULL	2000	breast-ultrasound	Breast Ultrasound	Ultrazvuk dojki
specijalna-bolnica-za-ortopediju-neurohirurgiju-i-neurologiju-vaso-cukovic-risan	J06051	6.25	NULL	NULL	2035	x-ray-chest-heart	X-Ray Lungs and Heart	RTG pluća i srca
specijalna-bolnica-za-ortopediju-neurohirurgiju-i-neurologiju-vaso-cukovic-risan	J06015	6.45	NULL	7.74	2037	x-ray-abdomen-native	Plain X-Ray of the Abdomen	Rendgen abdomena – nativni snimak
specijalna-bolnica-za-ortopediju-neurohirurgiju-i-neurologiju-vaso-cukovic-risan	J06012	6.45	NULL	7.74	2038	x-ray-urinary-tract	X-Ray Urinary Tract	Rendgen urotrakta
specijalna-bolnica-za-ortopediju-neurohirurgiju-i-neurologiju-vaso-cukovic-risan	X01015	4.17	NULL	NULL	2054	suture-removal	Suture Removal	Skidanje konaca
specijalna-bolnica-za-ortopediju-neurohirurgiju-i-neurologiju-vaso-cukovic-risan	X01023	8.34	NULL	NULL	2089	nasogastric-tube-placement	Nasogastric Tube Placement	Plasiranje nazogastrične sonde
specijalna-bolnica-za-ortopediju-neurohirurgiju-i-neurologiju-vaso-cukovic-risan	J07012	34.85	NULL	41.82	2104	blood-vessels-doppler	Blood Vessels Doppler	Dopler krvnih sudova
specijalna-bolnica-za-ortopediju-neurohirurgiju-i-neurologiju-vaso-cukovic-risan	X02028	25.02	NULL	NULL	2134	rectoscopy	Rectoscopy	Rektoskopija
specijalna-bolnica-za-ortopediju-neurohirurgiju-i-neurologiju-vaso-cukovic-risan	X01050	16.68	NULL	NULL	2162	joint-puncture	Joint Puncture	Punkcija zgloba
specijalna-bolnica-za-ortopediju-neurohirurgiju-i-neurologiju-vaso-cukovic-risan	X03015	NULL	NULL	NULL	2200	cystoscopy-male	Cystoscopy (Male)	Cistoskopija (muškarci)
specijalna-bolnica-za-ortopediju-neurohirurgiju-i-neurologiju-vaso-cukovic-risan	X03014	NULL	NULL	NULL	2201	cystoscopy-female	Cystoscopy (Female)	Cistoskopija (žene)
specijalna-bolnica-za-ortopediju-neurohirurgiju-i-neurologiju-vaso-cukovic-risan	D05011	195.00	NULL	NULL	2209	carpal-tunnel-surgery	Carpal Tunnel Surgery	Operacija sindroma karpalnog tunela
specijalna-bolnica-za-ortopediju-neurohirurgiju-i-neurologiju-vaso-cukovic-risan	J06008	5.16	NULL	6.45	2297	x-ray-chest	X-Ray Chest	RTG grudnog koša
specijalna-bolnica-za-ortopediju-neurohirurgiju-i-neurologiju-vaso-cukovic-risan	X01036	8.34	NULL	NULL	2310	thyroid-biopsy	Thyroid Biopsy	Biopsija štitaste žlijezde
specijalna-bolnica-za-ortopediju-neurohirurgiju-i-neurologiju-vaso-cukovic-risan	J09002	292.50	NULL	NULL	3141	mri-brain	MRI Brain	MR pregled mozga
specijalna-bolnica-za-ortopediju-neurohirurgiju-i-neurologiju-vaso-cukovic-risan	J09019	292.50	NULL	NULL	3145	mri-pituitary-gland-sella-turcica	MRI Pituitary Gland (Sella Turcica)	MR pregled hipofize (turskog sedla)
specijalna-bolnica-za-ortopediju-neurohirurgiju-i-neurologiju-vaso-cukovic-risan	J09020	NULL	NULL	NULL	3151	mri-soft-tissue-neck	MRI Soft Tissue Neck	MR pregled mekih tkiva vrata
specijalna-bolnica-za-ortopediju-neurohirurgiju-i-neurologiju-vaso-cukovic-risan	J09003	NULL	NULL	NULL	3152	mri-cervical-spine	MRI Cervical Spine	MR pregled vratnog dijela kičme
specijalna-bolnica-za-ortopediju-neurohirurgiju-i-neurologiju-vaso-cukovic-risan	J09005	225.00	NULL	NULL	3153	mri-thoracic-spine	MRI Thoracic Spine	MR pregled torakalnog dijela kičme
specijalna-bolnica-za-ortopediju-neurohirurgiju-i-neurologiju-vaso-cukovic-risan	J09007	225.00	NULL	NULL	3154	mri-lumbosacral-spine	MRI Lumbosacral Spine	MR pregled lumbosakralnog dijela kičme
specijalna-bolnica-za-ortopediju-neurohirurgiju-i-neurologiju-vaso-cukovic-risan	J09022	225.00	NULL	NULL	3157	mri-cholangiography-mrcp	MRI Cholangiography (MRCP)	MR holangiografija (MRCP)
specijalna-bolnica-za-ortopediju-neurohirurgiju-i-neurologiju-vaso-cukovic-risan	J09015	225.00	NULL	NULL	3161	mri-abdomen	MRI Abdomen	MR pregled abdomena
specijalna-bolnica-za-ortopediju-neurohirurgiju-i-neurologiju-vaso-cukovic-risan	J09017	225.00	NULL	NULL	3171	mri-pelvic-organs	MRI Pelvic Organs	MR pregled karličnih organa
specijalna-bolnica-za-ortopediju-neurohirurgiju-i-neurologiju-vaso-cukovic-risan	J09009	225.00	NULL	NULL	3172	mri-hip-joints-in-pelvis	MRI Hip Joints in Pelvis	MR pregled kukova u karlici
specijalna-bolnica-za-ortopediju-neurohirurgiju-i-neurologiju-vaso-cukovic-risan	J08006	155.73	NULL	186.87	3188	msct-angiography-head-and-neck-vessels	MSCT Angiography Head and Neck Vessels	MSCT angiografija krvnih sudova glave i vrata
specijalna-bolnica-za-ortopediju-neurohirurgiju-i-neurologiju-vaso-cukovic-risan	J08007	124.56	NULL	NULL	3190	msct-angiography-aorta	MSCT Angiography Aorta	MSCT angiografija aorte
specijalna-bolnica-za-ortopediju-neurohirurgiju-i-neurologiju-vaso-cukovic-risan	J06040	10.45	NULL	17.82	3202	x-ray-paranasal-sinuses	X-Ray Paranasal Sinuses	Rendgen sinusa (paranazalnih šupljina)
specijalna-bolnica-za-ortopediju-neurohirurgiju-i-neurologiju-vaso-cukovic-risan	J06006	2.15	NULL	7.74	3207	x-ray-sternum	X-Ray Sternum	Rendgen sternuma (prsne kosti)
specijalna-bolnica-za-ortopediju-neurohirurgiju-i-neurologiju-vaso-cukovic-risan	J06013	4.30	NULL	7.74	3218	x-ray-urinary-tract-native	Plain X-Ray of the Urinary Tract	Rendgen urotrakta – nativni snimak
specijalna-bolnica-za-ortopediju-neurohirurgiju-i-neurologiju-vaso-cukovic-risan	J07015	34.85	NULL	41.82	3245	ultrasound-neck-glands-and-soft-tissue	Ultrasound Neck Glands and Soft Tissue	Ultrazvuk vrata (žlijezde i meka tkiva)
specijalna-bolnica-za-ortopediju-neurohirurgiju-i-neurologiju-vaso-cukovic-risan	J07007	34.85	NULL	NULL	3246	ultrasound-thyroid-and-parathyroid-glands	Ultrasound Thyroid and Parathyroid Glands	Ultrazvuk štitne i paraštitne žlijezde
specijalna-bolnica-za-ortopediju-neurohirurgiju-i-neurologiju-vaso-cukovic-risan	M02022	4.03	NULL	10.34	3258	diadynamic-currents	Diadynamic Currents	Dijadinamske struje
specijalna-bolnica-za-ortopediju-neurohirurgiju-i-neurologiju-vaso-cukovic-risan	M02046	5.36	NULL	13.76	3259	interferential-currents	Interferential Currents	Interferentne struje
specijalna-bolnica-za-ortopediju-neurohirurgiju-i-neurologiju-vaso-cukovic-risan	M02009	3.25	NULL	12.51	3262	ultrasound-therapy	Ultrasound Therapy	Ultrazvučna terapija
specijalna-bolnica-za-ortopediju-neurohirurgiju-i-neurologiju-vaso-cukovic-risan	M02011	4.88	NULL	10.01	3263	laser-therapy	Laser Therapy	Laseroterapija
specijalna-bolnica-za-ortopediju-neurohirurgiju-i-neurologiju-vaso-cukovic-risan	M02023	5.36	NULL	NULL	3264	tens-therapy	TENS Therapy	TENS terapija
specijalna-bolnica-za-ortopediju-neurohirurgiju-i-neurologiju-vaso-cukovic-risan	M02008	4.88	NULL	NULL	3265	magnetic-therapy	Magnetic Therapy	Magnetoterapija
specijalna-bolnica-za-ortopediju-neurohirurgiju-i-neurologiju-vaso-cukovic-risan	W04001	NULL	NULL	NULL	3291	folliculometry	Folliculometry	Folikulometrija
specijalna-bolnica-za-ortopediju-neurohirurgiju-i-neurologiju-vaso-cukovic-risan	J10047	215.45	NULL	NULL	3296	transesophageal-echocardiography-tee	Transesophageal Echocardiography TEE	TEE pregled (Transezofagealni ehokardiogram)
specijalna-bolnica-za-ortopediju-neurohirurgiju-i-neurologiju-vaso-cukovic-risan	X01062	25.02	NULL	NULL	3345	tick-removal	Tick Removal	Vađenje krpelja
specijalna-bolnica-za-ortopediju-neurohirurgiju-i-neurologiju-vaso-cukovic-risan	X10011	6.50	NULL	16.68	3351	perianal-abscess-incision-and-drainage	Perianal Abscess Incision and Drainage	Incizija i drenaža perianalnog apscesa
specijalna-bolnica-za-ortopediju-neurohirurgiju-i-neurologiju-vaso-cukovic-risan	X02013	25.02	NULL	NULL	3354	pleural-puncture	Pleural Puncture	Punkcija pleure
specijalna-bolnica-za-ortopediju-neurohirurgiju-i-neurologiju-vaso-cukovic-risan	X01032	4.17	NULL	NULL	3567	urinary-catheter-placement	Urinary Catheter Placement	Plasiranje urinarnog katetera
specijalna-bolnica-za-ortopediju-neurohirurgiju-i-neurologiju-vaso-cukovic-risan	X01046	16.68	NULL	NULL	3603	abdominal-paracentesis	Abdominal Paracentesis	Punkcija abdomena
specijalna-bolnica-za-ortopediju-neurohirurgiju-i-neurologiju-vaso-cukovic-risan	X02014	25.02	NULL	NULL	3604	thoracentesis	Thoracentesis	Torakocenteza
specijalna-bolnica-za-ortopediju-neurohirurgiju-i-neurologiju-vaso-cukovic-risan	J06035	252.30	NULL	NULL	3605	ultrasound-guided-biopsy	Ultrasound-Guided Biopsy	Biopsija pod kontrolom ultrazvuka
specijalna-bolnica-za-ortopediju-neurohirurgiju-i-neurologiju-vaso-cukovic-risan	D06001	48.75	NULL	NULL	3661	pterygium-removal	Pterygium Removal	Uklanjanje pterigijuma
specijalna-bolnica-za-ortopediju-neurohirurgiju-i-neurologiju-vaso-cukovic-risan	D06004	162.50	NULL	NULL	3662	pterygium-removal-with-conjunctival-graft	Pterygium Removal with Conjunctival Graft	Uklanjanje pterigijuma sa kalemom konjunktive
specijalna-bolnica-za-ortopediju-neurohirurgiju-i-neurologiju-vaso-cukovic-risan	S05002	8.34	NULL	NULL	3733	plastic-surgeon-follow-up-examination	Plastic Surgeon Follow-up Examination	Kontrolni pregled plastičnog hirurga
specijalna-bolnica-za-ortopediju-neurohirurgiju-i-neurologiju-vaso-cukovic-risan	J07004	41.82	NULL	NULL	3738	pediatric-hip-ultrasound	Pediatric Hip Ultrasound	Ultrazvuk kukova kod djece
specijalna-bolnica-za-ortopediju-neurohirurgiju-i-neurologiju-vaso-cukovic-risan	X02029	41.70	NULL	NULL	3753	rectosigmoidoscopy	Rectosigmoidoscopy	Rektosigmoidoskopija
specijalna-bolnica-za-ortopediju-neurohirurgiju-i-neurologiju-vaso-cukovic-risan	J08005	103.80	NULL	124.56	3863	msct-head-and-neck-native	MSCT Head and Neck without Contrast	CT glave i vrata nativno
specijalna-bolnica-za-ortopediju-neurohirurgiju-i-neurologiju-vaso-cukovic-risan	J08004	155.73	NULL	186.87	3879	msct-coronary-angiography	MSCT Coronary Angiography	CT koronarografija
specijalna-bolnica-za-ortopediju-neurohirurgiju-i-neurologiju-vaso-cukovic-risan	J08011	103.80	NULL	124.56	3881	msct-colonography	MSCT Colonography	CT kolonografija
specijalna-bolnica-za-ortopediju-neurohirurgiju-i-neurologiju-vaso-cukovic-risan	J08001	103.80	NULL	124.56	3886	msct-single-region-native	MSCT Single Region without Contrast	CT jedne regije nativno
specijalna-bolnica-za-ortopediju-neurohirurgiju-i-neurologiju-vaso-cukovic-risan	J08002	155.73	NULL	186.87	3887	msct-single-region-with-contrast	MSCT Single Region with Contrast	CT jedne regije sa kontrastom
specijalna-bolnica-za-ortopediju-neurohirurgiju-i-neurologiju-vaso-cukovic-risan	X01034	4.17	NULL	NULL	3955	rapid-blood-glucose-test	Rapid Blood Glucose Test	Brzi test glukoze u krvi
specijalna-bolnica-za-ortopediju-neurohirurgiju-i-neurologiju-vaso-cukovic-risan	M02013	3.25	NULL	8.34	4066	hydrotherapy-underwater-massage	Hydrotherapy: Underwater Massage	Hidroterapija: podvodna masaža
specijalna-bolnica-za-ortopediju-neurohirurgiju-i-neurologiju-vaso-cukovic-risan	M02015	6.50	NULL	16.68	4067	hydrotherapy-galvanic-four-cell-bath	Hydrotherapy: Galvanic Four-Cell Bath	Hidroterapija: galvanska četvoroćelijska kupka
specijalna-bolnica-za-ortopediju-neurohirurgiju-i-neurologiju-vaso-cukovic-risan	M02019	2.67	NULL	6.84	4069	thermotherapy-parafango	Thermotherapy: Parafango	Termoterapija: parafango
specijalna-bolnica-za-ortopediju-neurohirurgiju-i-neurologiju-vaso-cukovic-risan	M02004	4.03	NULL	10.34	4071	thermotherapy-cryotherapy	Thermotherapy: Cryotherapy	Termoterapija: krioterapija
specijalna-bolnica-za-ortopediju-neurohirurgiju-i-neurologiju-vaso-cukovic-risan	J07003	41.82	NULL	NULL	4117	testicular-ultrasound	Testicular Ultrasound	Ultrazvuk testisa
specijalna-bolnica-za-ortopediju-neurohirurgiju-i-neurologiju-vaso-cukovic-risan	T01002	8.34	NULL	NULL	4140	follow-up-urologist-examination	Follow-up Urologist Examination	Kontrolni pregled urologa
specijalna-bolnica-za-ortopediju-neurohirurgiju-i-neurologiju-vaso-cukovic-risan	D06013	58.50	NULL	NULL	4734	tarsorrhaphy	Tarsorrhaphy	Tarzorafija
specijalna-bolnica-za-ortopediju-neurohirurgiju-i-neurologiju-vaso-cukovic-risan	S04002	8.34	NULL	NULL	4745	follow-up-thoracic-surgeon-examination	Follow-up Thoracic Surgeon Examination	Kontrolni pregled — grudni hirurg
specijalna-bolnica-za-ortopediju-neurohirurgiju-i-neurologiju-vaso-cukovic-risan	X01009	4.17	NULL	NULL	4834	pulse-oximetry	Pulse Oximetry	Pulsna oksimetrija
specijalna-bolnica-za-ortopediju-neurohirurgiju-i-neurologiju-vaso-cukovic-risan	I01001	9.75	NULL	NULL	4886	first-infectious-disease-specialist-examination	First Infectious Disease Specialist Examination	Prvi pregled - infektolog
specijalna-bolnica-za-ortopediju-neurohirurgiju-i-neurologiju-vaso-cukovic-risan	S01001	25.02	NULL	NULL	4889	first-surgical-examination	First Surgical Examination	Prvi pregled - hirurg
specijalna-bolnica-za-ortopediju-neurohirurgiju-i-neurologiju-vaso-cukovic-risan	T01001	25.02	NULL	NULL	4890	first-urologist-examination	First Urologist Examination	Prvi pregled urologa
specijalna-bolnica-za-ortopediju-neurohirurgiju-i-neurologiju-vaso-cukovic-risan	J07006	34.85	NULL	41.82	4891	abdominal-vessels-and-lymph-nodes-ultrasound	Abdominal Vessels and Lymph Nodes Ultrasound	Ultrazvuk abdominalnih krvnih sudova i limfnih žlijezda
specijalna-bolnica-za-ortopediju-neurohirurgiju-i-neurologiju-vaso-cukovic-risan	J07013	41.82	NULL	NULL	4892	transcranial-doppler-sonography	Transcranial Doppler Sonography	Transkranijalna doppler sonografija
specijalna-bolnica-za-ortopediju-neurohirurgiju-i-neurologiju-vaso-cukovic-risan	J07017	41.82	NULL	NULL	4893	sinus-ultrasound	Sinus Ultrasound	Ultrazvuk sinusa
specijalna-bolnica-za-ortopediju-neurohirurgiju-i-neurologiju-vaso-cukovic-risan	J07018	41.82	NULL	NULL	4894	ankle-brachial-index-by-doppler-ultrasound	Ankle-Brachial Index by Doppler Ultrasound	Mjerenje gležanjsko-brahijalnog indeksa dopler ultrazvukom
specijalna-bolnica-za-ortopediju-neurohirurgiju-i-neurologiju-vaso-cukovic-risan	J08009	103.80	NULL	124.56	4895	msct-angiography-extremities	MSCT Angiography Extremities	MSCT angiografija ekstremiteta
specijalna-bolnica-za-ortopediju-neurohirurgiju-i-neurologiju-vaso-cukovic-risan	J08013	103.80	NULL	124.56	4896	msct-virtual-bronchoscopy	MSCT Virtual Bronchoscopy	MSCT virtuelna bronhoskopija
specijalna-bolnica-za-ortopediju-neurohirurgiju-i-neurologiju-vaso-cukovic-risan	J08017	108.15	NULL	129.78	4897	percutaneous-aspiration-biopsy-under-ct-guidance	Percutaneous Aspiration Biopsy under CT Guidance	Perkutana aspiraciona biopsija pod kontrolom CT-a
specijalna-bolnica-za-ortopediju-neurohirurgiju-i-neurologiju-vaso-cukovic-risan	J08018	334.05	NULL	NULL	4898	biliary-system-drainage-under-ct-guidance	Biliary System Drainage under CT Guidance	Drenaža bilijarnog sistema pod kontrolom CT-a
specijalna-bolnica-za-ortopediju-neurohirurgiju-i-neurologiju-vaso-cukovic-risan	J08019	417.58	NULL	501.09	4899	percutaneous-transhepatic-bile-stone-removal-dormia-basket	Percutaneous Transhepatic Bile Stone Removal (Dormia Basket)	Perkutano-transhepatalno odstranjivanje žučnih konkremenata (Dormia košaricom)
specijalna-bolnica-za-ortopediju-neurohirurgiju-i-neurologiju-vaso-cukovic-risan	J08020	417.58	NULL	NULL	4900	t-drain-replacement-under-ct-guidance	Replacement of Dislodged T-Drain under CT Guidance	Nadomještanje ispalog T-drena pod kontrolom CT-a
specijalna-bolnica-za-ortopediju-neurohirurgiju-i-neurologiju-vaso-cukovic-risan	J08021	417.58	NULL	501.09	4901	removal-of-obstructions-in-blocked-t-drain	Removal of Obstructions in Blocked T-Drain	Uklanjanje barijera u začepljenom T-drenu
specijalna-bolnica-za-ortopediju-neurohirurgiju-i-neurologiju-vaso-cukovic-risan	J08022	501.09	NULL	NULL	4902	bile-duct-stricture-dilatation	Bile Duct Stricture Dilatation	Dilatacija striktura žučnih puteva
specijalna-bolnica-za-ortopediju-neurohirurgiju-i-neurologiju-vaso-cukovic-risan	J08023	417.58	NULL	501.09	4903	postoperative-biopsy-of-extrahepatic-bile-ducts	Postoperative Biopsy of Extrahepatic Bile Ducts	Postoperativna biopsija ekstrahepatalnih žučnih vodova
specijalna-bolnica-za-ortopediju-neurohirurgiju-i-neurologiju-vaso-cukovic-risan	J08024	210.25	NULL	NULL	4904	percutaneous-renal-cyst-aspiration-under-ct-guidance	Percutaneous Renal Cyst Aspiration under CT Guidance	Punkcija i evakuacija bubrežnih cista pod kontrolom CT-a
specijalna-bolnica-za-ortopediju-neurohirurgiju-i-neurologiju-vaso-cukovic-risan	J08025	245.05	NULL	294.06	4905	percutaneous-nephrostomy-under-ct-guidance	Percutaneous Nephrostomy under CT Guidance	Perkutana nefrostomija pod kontrolom CT-a
specijalna-bolnica-za-ortopediju-neurohirurgiju-i-neurologiju-vaso-cukovic-risan	J08026	591.58	NULL	NULL	4906	percutaneous-ureter-recanalization	Percutaneous Ureter Recanalization	Perkutana rekanalizacija uretera
specijalna-bolnica-za-ortopediju-neurohirurgiju-i-neurologiju-vaso-cukovic-risan	J08027	417.58	NULL	501.09	4907	percutaneous-ureter-occlusion	Percutaneous Ureter Occlusion	Perkutano začepljenje uretera
specijalna-bolnica-za-ortopediju-neurohirurgiju-i-neurologiju-vaso-cukovic-risan	J08028	417.58	NULL	NULL	4908	percutaneous-liver-abscess-drainage-under-ct-guidance	Percutaneous Liver Abscess Drainage under CT Guidance	Perkutana drenaža jetrenog apscesa pod kontrolom CT-a
specijalna-bolnica-za-ortopediju-neurohirurgiju-i-neurologiju-vaso-cukovic-risan	J08030	NULL	NULL	NULL	4910	selective-arterial-vasopressin-infusion-for-hemorrhage-control	Selective Arterial Vasopressin Infusion for Hemorrhage Control	Selektivna arterijska infuzija vazopresina za zaustavljanje krvarenja
specijalna-bolnica-za-ortopediju-neurohirurgiju-i-neurologiju-vaso-cukovic-risan	J08031	347.98	NULL	NULL	4911	selective-arterial-vasopressin-and-prostaglandin-infusion-in-mesenteric-arteries	Selective Arterial Vasopressin and Prostaglandin Infusion in Mesenteric Arteries	Selektivna arterijska infuzija vazopresina i prostaglandina u crijevne arterije
specijalna-bolnica-za-ortopediju-neurohirurgiju-i-neurologiju-vaso-cukovic-risan	J08032	NULL	NULL	NULL	4912	transcatheter-therapeutic-embolization	Transcatheter Therapeutic Embolization	Transkateterska terapijska embolizacija (TTE)
specijalna-bolnica-za-ortopediju-neurohirurgiju-i-neurologiju-vaso-cukovic-risan	J08033	NULL	NULL	NULL	4913	catheter-organ-resection-by-feeding-artery-embolization	Transcatheter Organ Ablation by Feeding Artery Embolization	Kateterska ektomija organa (embolizacija dovodne arterije)
specijalna-bolnica-za-ortopediju-neurohirurgiju-i-neurologiju-vaso-cukovic-risan	J08034	241.78	NULL	NULL	4914	transcatheter-electrocoagulation-of-tumor-vessels	Transcatheter Electrocoagulation of Tumor Vessels	Transkateterska elektrokoagulacija krvnih sudova tumora
specijalna-bolnica-za-ortopediju-neurohirurgiju-i-neurologiju-vaso-cukovic-risan	J08036	NULL	NULL	NULL	4916	balloon-atrial-septostomy-rashkind-procedure	Balloon Atrial Septostomy (Rashkind Procedure)	Atrioseptostomija sa balonskim kateterom (po Rashkindu)
specijalna-bolnica-za-ortopediju-neurohirurgiju-i-neurologiju-vaso-cukovic-risan	J08037	NULL	NULL	NULL	4917	patent-ductus-arteriosus-closure-portsmann-method	Patent Ductus Arteriosus Closure (Porstmann Method)	Zatvaranje otvorenog ductus Botalli (po Porstmannu)
specijalna-bolnica-za-ortopediju-neurohirurgiju-i-neurologiju-vaso-cukovic-risan	J08038	NULL	NULL	NULL	4918	percutaneous-transluminal-angioplasty	Percutaneous Transluminal Angioplasty	Perkutana transluminalna angioplastika (PTA) - dilatacija krvnih sudova
specijalna-bolnica-za-ortopediju-neurohirurgiju-i-neurologiju-vaso-cukovic-risan	J08040	NULL	NULL	NULL	4920	myelography	Myelography	Mijelografija
specijalna-bolnica-za-ortopediju-neurohirurgiju-i-neurologiju-vaso-cukovic-risan	J09011	225.00	NULL	NULL	4921	mri-musculoskeletal-system	MRI Musculoskeletal System	MR pregled osteomuskularnog sistema
specijalna-bolnica-za-ortopediju-neurohirurgiju-i-neurologiju-vaso-cukovic-risan	J09013	270.00	NULL	NULL	4922	mri-angiography-brain-and-neck-vessels	MRI Angiography Brain and Neck Vessels	MR angiografija krvnih sudova vrata i mozga
specijalna-bolnica-za-ortopediju-neurohirurgiju-i-neurologiju-vaso-cukovic-risan	J01001	NULL	NULL	NULL	4924	first-radiologist-examination	First Radiologist Examination	Prvi specijalistički pregled - radiolog
specijalna-bolnica-za-ortopediju-neurohirurgiju-i-neurologiju-vaso-cukovic-risan	J06004	6.45	NULL	7.74	4925	foreign-body-localization-x-ray-except-eye	Foreign Body Localization X-Ray (Except Eye)	Lokalizacija stranog tijela u bilo kojem organu (osim oka)
specijalna-bolnica-za-ortopediju-neurohirurgiju-i-neurologiju-vaso-cukovic-risan	J06005	6.45	NULL	7.74	4926	pharynx-and-larynx-x-ray	Pharynx and Larynx X-Ray	Snimanje ždrijela i grkljana
specijalna-bolnica-za-ortopediju-neurohirurgiju-i-neurologiju-vaso-cukovic-risan	J06007	2.58	NULL	4.30	4927	lung-fluorography	Lung Fluorography	Fluorografija pluća
specijalna-bolnica-za-ortopediju-neurohirurgiju-i-neurologiju-vaso-cukovic-risan	J06009	6.45	NULL	7.74	4928	mediastinum-x-ray	Mediastinum X-Ray	Snimak medijastinuma
specijalna-bolnica-za-ortopediju-neurohirurgiju-i-neurologiju-vaso-cukovic-risan	J06011	6.45	NULL	7.74	4929	hepatobiliary-tract-x-ray	Hepatobiliary Tract X-Ray	Snimanje hepatobilijarnog trakta
specijalna-bolnica-za-ortopediju-neurohirurgiju-i-neurologiju-vaso-cukovic-risan	J06014	5.16	NULL	6.45	4930	mammography	Mammography	Mamografija
specijalna-bolnica-za-ortopediju-neurohirurgiju-i-neurologiju-vaso-cukovic-risan	J06016	7.74	NULL	35.93	4931	hysterosalpingography	Hysterosalpingography	Histerosalpingografija
specijalna-bolnica-za-ortopediju-neurohirurgiju-i-neurologiju-vaso-cukovic-risan	J06017	25.00	NULL	43.11	4932	intravenous-cholangiocholecystography	Intravenous Cholangiocholecystography	Intravenska holangioholecistografija
specijalna-bolnica-za-ortopediju-neurohirurgiju-i-neurologiju-vaso-cukovic-risan	J06018	18.75	NULL	30.00	4933	barium-enema	Barium Enema	Irigoskopija i irigografija
specijalna-bolnica-za-ortopediju-neurohirurgiju-i-neurologiju-vaso-cukovic-risan	J06019	22.50	NULL	NULL	4934	double-contrast-barium-enema-fischer-method	Double Contrast Barium Enema (Fischer Method)	Irigoskopija i irigografija sa duplim kontrastom po Fišeru
specijalna-bolnica-za-ortopediju-neurohirurgiju-i-neurologiju-vaso-cukovic-risan	J06020	3.75	NULL	18.75	4935	targeted-upper-gi-tract-x-ray	Targeted X-Ray of Esophagus, Stomach, Duodenum and Intestine (per Image)	Ciljano snimanje jednjaka, želuca, duodenuma i crijeva (za svaki snimak)
specijalna-bolnica-za-ortopediju-neurohirurgiju-i-neurologiju-vaso-cukovic-risan	J06021	3.75	NULL	12.33	4936	intestinal-barium-passage	Intestinal Barium Passage	Pasaža crijeva
specijalna-bolnica-za-ortopediju-neurohirurgiju-i-neurologiju-vaso-cukovic-risan	J06022	22.50	NULL	NULL	4937	intravenous-urography	Intravenous Urography	Intravenska urografija
specijalna-bolnica-za-ortopediju-neurohirurgiju-i-neurologiju-vaso-cukovic-risan	J06023	14.79	NULL	14.85	4938	voiding-cystourethrography	Voiding Cystourethrography	Mikciona cistografija
specijalna-bolnica-za-ortopediju-neurohirurgiju-i-neurologiju-vaso-cukovic-risan	J06024	20.33	NULL	24.39	4939	infusion-urography-with-descending-cystography	Infusion Urography with Descending Cystography	Infuziona urografija sa descendentnom cistografijom
specijalna-bolnica-za-ortopediju-neurohirurgiju-i-neurologiju-vaso-cukovic-risan	J06025	9.40	NULL	11.28	4940	eye-bulb-x-ray-vogt-method	Eye Bulb X-Ray (Vogt Method)	Snimanje očnog bulbusa po Vogtu
specijalna-bolnica-za-ortopediju-neurohirurgiju-i-neurologiju-vaso-cukovic-risan	J06026	12.53	NULL	NULL	4941	foreign-body-localization-in-eye-with-fluoroscopy	Foreign Body Localization in Eye with Fluoroscopy	Lokalizacija stranog tijela u oku uz RTG kontrolu
specijalna-bolnica-za-ortopediju-neurohirurgiju-i-neurologiju-vaso-cukovic-risan	J06027	12.53	NULL	NULL	4942	foreign-body-fluoroscopy-and-x-ray	Foreign Body Fluoroscopy and X-Ray	Radioskopija i snimanje stranog tijela
specijalna-bolnica-za-ortopediju-neurohirurgiju-i-neurologiju-vaso-cukovic-risan	J06028	18.75	NULL	NULL	4943	intravenous-cholangiography-through-t-drain	Intravenous Cholangiography through T-Drain	Intravenska holangiografija kroz T-dren
specijalna-bolnica-za-ortopediju-neurohirurgiju-i-neurologiju-vaso-cukovic-risan	J06029	14.85	NULL	NULL	4944	standard-cystourethrography	Standard Cystourethrography	Standardna cistografija (uretrocistografija)
specijalna-bolnica-za-ortopediju-neurohirurgiju-i-neurologiju-vaso-cukovic-risan	J06030	NULL	NULL	NULL	4945	percutaneous-urography	Percutaneous Urography	Perkutana urografija
specijalna-bolnica-za-ortopediju-neurohirurgiju-i-neurologiju-vaso-cukovic-risan	J06031	NULL	NULL	NULL	4946	percutaneous-renal-cyst-sclerotherapy	Percutaneous Renal Cyst Sclerotherapy	Perkutana sklerotizacija ciste bubrega
specijalna-bolnica-za-ortopediju-neurohirurgiju-i-neurologiju-vaso-cukovic-risan	J06032	31.68	NULL	252.30	4947	pathological-fluid-collection-and-biliary-drainage-control	Drainage Check of Pathological Fluid Collections, Biliary Tract and Nephrostomy	Kontrola drenaže patoloških tečnih kolekcija, bilijarnih puteva i nefrostome
specijalna-bolnica-za-ortopediju-neurohirurgiju-i-neurologiju-vaso-cukovic-risan	J06033	NULL	NULL	NULL	4948	antegrade-urography	Antegrade Urography	Anterogradna urografija
specijalna-bolnica-za-ortopediju-neurohirurgiju-i-neurologiju-vaso-cukovic-risan	J06034	252.30	NULL	NULL	4949	cyst-puncture-under-ultrasound-guidance	Cyst Puncture under Ultrasound Guidance	Punkcija ciste pod kontrolom ultrazvuka
specijalna-bolnica-za-ortopediju-neurohirurgiju-i-neurologiju-vaso-cukovic-risan	J06036	37.65	NULL	62.78	4950	thoracic-fluid-drainage-under-ultrasound-guidance	Thoracic Fluid Drainage under Ultrasound Guidance	Drenaža tečnih kolekcija iz torakalne šupljine pod kontrolom ultrazvuka
specijalna-bolnica-za-ortopediju-neurohirurgiju-i-neurologiju-vaso-cukovic-risan	J06037	62.78	NULL	NULL	4951	abdominal-fluid-drainage-under-ultrasound-guidance	Abdominal Fluid Drainage under Ultrasound Guidance	Drenaža tečnih kolekcija iz abdominalne šupljine pod kontrolom ultrazvuka
specijalna-bolnica-za-ortopediju-neurohirurgiju-i-neurologiju-vaso-cukovic-risan	J06038	75.33	NULL	245.05	4952	percutaneous-nephrostomy-under-ultrasound-guidance	Percutaneous Nephrostomy under Ultrasound Guidance	Perkutana nefrostomija pod kontrolom ultrazvuka
specijalna-bolnica-za-ortopediju-neurohirurgiju-i-neurologiju-vaso-cukovic-risan	J06039	294.06	NULL	NULL	4953	fistulography	Fistulography	Fistulografija
specijalna-bolnica-za-ortopediju-neurohirurgiju-i-neurologiju-vaso-cukovic-risan	J06042	12.54	NULL	25.00	4954	oral-cholecystography	Oral Cholecystography	Peroralna holecistografija
specijalna-bolnica-za-ortopediju-neurohirurgiju-i-neurologiju-vaso-cukovic-risan	J06044	12.33	NULL	NULL	4956	minute-urography	Minute Urography	Minutna urografija
specijalna-bolnica-za-ortopediju-neurohirurgiju-i-neurologiju-vaso-cukovic-risan	J06045	NULL	NULL	NULL	4957	colon-x-ray-through-stoma	Colon X-Ray through Stoma	RTG pregled debelog crijeva kroz stomu
specijalna-bolnica-za-ortopediju-neurohirurgiju-i-neurologiju-vaso-cukovic-risan	J06046	22.50	NULL	35.93	4958	retrograde-urography	Retrograde Urography	Retrogradna urografija
specijalna-bolnica-za-ortopediju-neurohirurgiju-i-neurologiju-vaso-cukovic-risan	J06047	43.11	NULL	NULL	4959	pharynx-and-larynx-x-ray-with-fluoroscopy	Pharynx and Larynx X-Ray with Fluoroscopy	Snimanje ždrijela i grkljana uz rentgenoskopiju
specijalna-bolnica-za-ortopediju-neurohirurgiju-i-neurologiju-vaso-cukovic-risan	J06048	NULL	NULL	NULL	4960	soft-tissue-neck-x-ray	Soft Tissue Neck X-Ray	Snimanje mekog tkiva vrata
specijalna-bolnica-za-ortopediju-neurohirurgiju-i-neurologiju-vaso-cukovic-risan	J06049	6.25	NULL	7.50	4961	lung-fluoroscopy	Lung Fluoroscopy	Radioskopija pluća
specijalna-bolnica-za-ortopediju-neurohirurgiju-i-neurologiju-vaso-cukovic-risan	J06050	6.25	NULL	NULL	4962	heart-fluoroscopy	Heart Fluoroscopy	Radioskopija srca
specijalna-bolnica-za-ortopediju-neurohirurgiju-i-neurologiju-vaso-cukovic-risan	J06053	15.03	NULL	NULL	4963	esophagus-stomach-and-duodenum-fluoroscopy	Esophagus, Stomach and Duodenum Fluoroscopy	Radioskopija jednjaka, želuca i duodenuma
specijalna-bolnica-za-ortopediju-neurohirurgiju-i-neurologiju-vaso-cukovic-risan	J06055	NULL	NULL	NULL	4965	hypotonic-duodenography	Hypotonic Duodenography	Hipotona duodenografija
specijalna-bolnica-za-ortopediju-neurohirurgiju-i-neurologiju-vaso-cukovic-risan	J06056	12.53	NULL	NULL	4966	stomach-stump-x-ray-with-catheter	Stomach Stump X-Ray with Catheter	RTG pregled batrljka želuca sa kateterom
specijalna-bolnica-za-ortopediju-neurohirurgiju-i-neurologiju-vaso-cukovic-risan	J06057	18.75	NULL	22.50	4967	gastroduodenum-x-ray-through-stoma	Gastroduodenum X-Ray through Stoma	RTG pregled gastroduodenuma kroz stomu
specijalna-bolnica-za-ortopediju-neurohirurgiju-i-neurologiju-vaso-cukovic-risan	J06058	12.53	NULL	15.03	4968	small-bowel-standard-fluoroscopic-passage	Standard Fluoroscopic Small Bowel Follow-Through	Standardna rentgenoskopska pasaža tankog crijeva
specijalna-bolnica-za-ortopediju-neurohirurgiju-i-neurologiju-vaso-cukovic-risan	J06059	12.33	NULL	14.79	4969	intravenous-cystography	Intravenous Cystography	Intravenska cistografija
specijalna-bolnica-za-ortopediju-neurohirurgiju-i-neurologiju-vaso-cukovic-risan	J06063	15.83	NULL	18.99	4971	unilateral-sialography	Unilateral Sialography	Sijalografija jedne pljuvačne žlijezde na jednoj strani
specijalna-bolnica-za-ortopediju-neurohirurgiju-i-neurologiju-vaso-cukovic-risan	J06064	21.10	NULL	25.32	4972	bilateral-sialography	Bilateral Sialography	Sijalografija pljuvačnih žlijezda na obje strane
specijalna-bolnica-za-ortopediju-neurohirurgiju-i-neurologiju-vaso-cukovic-risan	J06065	21.10	NULL	25.32	4973	temporomandibular-joint-arthrography	Temporomandibular Joint Arthrography	Artrografija temporomandibularnog zgloba
specijalna-bolnica-za-ortopediju-neurohirurgiju-i-neurologiju-vaso-cukovic-risan	J06066	69.50	NULL	83.40	4974	bronchography	Bronchography	Bronhografija
specijalna-bolnica-za-ortopediju-neurohirurgiju-i-neurologiju-vaso-cukovic-risan	Z04001	2.50	NULL	NULL	4979	venous-blood-draw	Venous Blood Draw	Uzimanje krvi iz vene
specijalna-bolnica-za-ortopediju-neurohirurgiju-i-neurologiju-vaso-cukovic-risan	Z04002	2.50	NULL	NULL	4980	capillary-blood-draw	Capillary Blood Draw	Uzimanje krvi iz prsta
specijalna-bolnica-za-ortopediju-neurohirurgiju-i-neurologiju-vaso-cukovic-risan	Z04003	2.50	NULL	NULL	4981	serum-separation	Serum Separation	Odvajanje seruma
specijalna-bolnica-za-ortopediju-neurohirurgiju-i-neurologiju-vaso-cukovic-risan	M02001	4.03	NULL	NULL	5139	manual-segmental-massage	Manual Segmental Massage	Manuelna segmentna masaža
specijalna-bolnica-za-ortopediju-neurohirurgiju-i-neurologiju-vaso-cukovic-risan	M02003	2.67	NULL	10.34	5140	apparatus-assisted-massage	Apparatus-Assisted Massage	Aparaturna masaža
specijalna-bolnica-za-ortopediju-neurohirurgiju-i-neurologiju-vaso-cukovic-risan	M02005	4.88	NULL	12.51	5141	high-frequency-current-therapy	High-Frequency Current Therapy	Visokofrekventne struje
specijalna-bolnica-za-ortopediju-neurohirurgiju-i-neurologiju-vaso-cukovic-risan	M02010	3.90	NULL	8.34	5142	underwater-ultrasound-therapy	Underwater Ultrasound Therapy	Terapija ultrazvukom u vodi
specijalna-bolnica-za-ortopediju-neurohirurgiju-i-neurologiju-vaso-cukovic-risan	M02014	6.50	NULL	16.68	5143	pearl-bath-therapy	Pearl Bath Therapy	Terapija bisernim kupkama
specijalna-bolnica-za-ortopediju-neurohirurgiju-i-neurologiju-vaso-cukovic-risan	M02017	2.67	NULL	6.84	5144	manual-muscle-test-per-extremity	Manual Muscle Test per Extremity	Manuelni mišićni test po ekstremitetu
specijalna-bolnica-za-ortopediju-neurohirurgiju-i-neurologiju-vaso-cukovic-risan	M02018	4.03	NULL	10.34	5145	infrared-ultraviolet-and-bioptron-lamp-irradiation	Infrared, Ultraviolet and Bioptron Lamp Irradiation	Zračenje infracrvenom, ultravioletnom i bioptron lampom
specijalna-bolnica-za-ortopediju-neurohirurgiju-i-neurologiju-vaso-cukovic-risan	M02020	1.63	NULL	4.17	5146	galvanic-current-therapy-in-water	Galvanic Current Therapy in Water	Terapija galvanskom strujom u vodi
specijalna-bolnica-za-ortopediju-neurohirurgiju-i-neurologiju-vaso-cukovic-risan	M02024	5.36	NULL	13.76	5147	short-wave-diathermy	Short-Wave Diathermy	KTD (kratkotalasna dijatermija)
specijalna-bolnica-za-ortopediju-neurohirurgiju-i-neurologiju-vaso-cukovic-risan	M02025	4.03	NULL	13.76	5148	microwave-diathermy	Microwave Diathermy	Mikrotalasna dijatermija
specijalna-bolnica-za-ortopediju-neurohirurgiju-i-neurologiju-vaso-cukovic-risan	M02026	4.03	NULL	10.34	5149	sonophoresis	Sonophoresis	Sonoforeza
specijalna-bolnica-za-ortopediju-neurohirurgiju-i-neurologiju-vaso-cukovic-risan	M02027	6.50	NULL	10.34	5150	electrical-excitability-test-of-nerves-and-muscles-with-faradic-and-galvanic-currents	Electrical Excitability Test of Nerves and Muscles with Faradic and Galvanic Currents	Ispitivanje električne podražljivosti živaca i mišića primjenom faradskih i galvanskih struja
specijalna-bolnica-za-ortopediju-neurohirurgiju-i-neurologiju-vaso-cukovic-risan	M02028	5.36	NULL	16.68	5151	activities-of-daily-living-training	Condition-Specific Activities of Daily Living Training	Uvježbavanje aktivnosti svakodnevnog života prema patološkim stanjima
specijalna-bolnica-za-ortopediju-neurohirurgiju-i-neurologiju-vaso-cukovic-risan	M02029	4.03	NULL	13.76	5152	gait-exercises	Gait Exercises	Vježbe hoda
specijalna-bolnica-za-ortopediju-neurohirurgiju-i-neurologiju-vaso-cukovic-risan	M02030	5.36	NULL	13.76	5153	gait-training-with-walking-aid	Gait Training with Walking Aid	Obuka hoda sa pomagalom
specijalna-bolnica-za-ortopediju-neurohirurgiju-i-neurologiju-vaso-cukovic-risan	M02031	5.36	NULL	13.76	5154	gait-coordination-correction-and-balance-automation-exercises	Gait Coordination, Correction and Balance Automation Exercises	Vježbe koordinacije, korekcije i automatizacije balansa hoda
specijalna-bolnica-za-ortopediju-neurohirurgiju-i-neurologiju-vaso-cukovic-risan	M02032	4.03	NULL	10.34	5155	breathing-exercises	Breathing Exercises	Vježbe disanja
specijalna-bolnica-za-ortopediju-neurohirurgiju-i-neurologiju-vaso-cukovic-risan	M02033	4.17	NULL	12.06	5156	group-exercises-in-corrective-cast-for-scoliosis-or-milwaukee-brace	Group Exercises in Corrective Cast for Scoliosis or Milwaukee Brace (Per Person)	Grupne vježbe po osobi u korektivnom gipsu za skoliozu ili u Milwaukee mideru
specijalna-bolnica-za-ortopediju-neurohirurgiju-i-neurologiju-vaso-cukovic-risan	M02034	5.36	NULL	30.94	5157	stimulative-exercises-for-at-risk-infants	Stimulative Exercises for At-Risk Infants	Stimulativne vježbe kod rizično rođene djece
specijalna-bolnica-za-ortopediju-neurohirurgiju-i-neurologiju-vaso-cukovic-risan	M02036	5.36	NULL	13.76	5158	passive-and-assisted-exercises	Passive and Assisted Exercises	Pasivne i potpomognute vježbe
specijalna-bolnica-za-ortopediju-neurohirurgiju-i-neurologiju-vaso-cukovic-risan	M02038	3.25	NULL	13.76	5159	active-and-resistance-exercises	Active and Resistance Exercises	Aktivne vježbe i vježbe protiv otpora
specijalna-bolnica-za-ortopediju-neurohirurgiju-i-neurologiju-vaso-cukovic-risan	M02039	6.50	NULL	8.34	5160	exercises-on-equipment-pulley-ergocycle-cpm-suspension	Exercises on Equipment (Pulley, Ergocycle, CPM, Suspension)	Vježbe na spravama: puli aparat ili ergobicikl, kinetička šina, suspenzija
specijalna-bolnica-za-ortopediju-neurohirurgiju-i-neurologiju-vaso-cukovic-risan	M02040	4.03	NULL	16.68	5161	joint-range-of-motion-measurement-per-pair-of-extremities	Joint Range of Motion Measurement per Pair of Extremities	Mjerenje obima pokreta pojedinih zglobova po jednom paru ekstremiteta
specijalna-bolnica-za-ortopediju-neurohirurgiju-i-neurologiju-vaso-cukovic-risan	M02041	3.25	NULL	10.34	5162	segmental-isometric-exercises	Segmental Isometric Exercises	Izometrijske vježbe — segmentne
specijalna-bolnica-za-ortopediju-neurohirurgiju-i-neurologiju-vaso-cukovic-risan	M02042	8.03	NULL	8.34	5163	mechanical-spinal-traction	Mechanical Spinal Traction	Trakcija kičmenog stuba na aparatu
specijalna-bolnica-za-ortopediju-neurohirurgiju-i-neurologiju-vaso-cukovic-risan	M02044	8.03	NULL	20.60	5164	activities-of-daily-living-test	Activities of Daily Living Test	Test aktivnosti svakodnevnog života
specijalna-bolnica-za-ortopediju-neurohirurgiju-i-neurologiju-vaso-cukovic-risan	M02045	20.60	NULL	NULL	5165	patient-training-in-specific-protective-body-positions	Patient Training in Specific Protective Body Positions	Obuka pacijenta specifičnim zaštitnim položajima tijela
specijalna-bolnica-za-ortopediju-neurohirurgiju-i-neurologiju-vaso-cukovic-risan	M02047	4.17	NULL	NULL	5166	vacuum-massage	Vacuum Massage	Vakum masaža
specijalna-bolnica-za-ortopediju-neurohirurgiju-i-neurologiju-vaso-cukovic-risan	M02048	NULL	NULL	NULL	5167	postural-drainage-in-bed	Postural Drainage in Bed	Posturalna drenaža u postelji
specijalna-bolnica-za-ortopediju-neurohirurgiju-i-neurologiju-vaso-cukovic-risan	M02053	8.34	NULL	NULL	5169	upper-extremity-coordination-exercises	Upper Extremity Coordination Exercises	Vježbe koordinacije gornjih ekstremiteta
specijalna-bolnica-za-ortopediju-neurohirurgiju-i-neurologiju-vaso-cukovic-risan	M02054	8.34	NULL	NULL	5170	lower-extremity-coordination-exercises	Lower Extremity Coordination Exercises	Vježbe koordinacije donjih ekstremiteta
specijalna-bolnica-za-ortopediju-neurohirurgiju-i-neurologiju-vaso-cukovic-risan	M02055	8.34	NULL	NULL	5171	extremity-coordination-and-gait-balance-exercises	Extremity Coordination and Gait Balance Exercises	Vježbe koordinacije pokreta ekstremiteta i balansa hoda
specijalna-bolnica-za-ortopediju-neurohirurgiju-i-neurologiju-vaso-cukovic-risan	M02056	8.34	NULL	NULL	5172	assisted-segmental-exercises	Assisted Segmental Exercises	Potpomognute segmentne vježbe
specijalna-bolnica-za-ortopediju-neurohirurgiju-i-neurologiju-vaso-cukovic-risan	M02057	3.25	NULL	8.34	5173	progressive-resistance-exercises	Progressive Resistance Exercises	Progresivne vježbe sa otporom
specijalna-bolnica-za-ortopediju-neurohirurgiju-i-neurologiju-vaso-cukovic-risan	M02058	8.34	NULL	NULL	5174	active-segmental-exercises-with-graded-loading	Active Segmental Exercises with Graded Loading	Aktivne segmentne vježbe sa doziranim opterećenjem
specijalna-bolnica-za-ortopediju-neurohirurgiju-i-neurologiju-vaso-cukovic-risan	M02061	3.25	NULL	8.34	5175	upper-and-lower-extremity-deformity-correction-exercises	Upper and Lower Extremity Deformity Correction Exercises	Vježbe za korekciju deformiteta gornjih i donjih ekstremiteta
specijalna-bolnica-za-ortopediju-neurohirurgiju-i-neurologiju-vaso-cukovic-risan	M02062	16.68	NULL	NULL	5176	postural-exercises	Postural Exercises	Posturalne vježbe
specijalna-bolnica-za-ortopediju-neurohirurgiju-i-neurologiju-vaso-cukovic-risan	M02063	8.34	NULL	NULL	5177	extremity-dynamometry	Extremity Dynamometry	Dinamometrija ekstremiteta
specijalna-bolnica-za-ortopediju-neurohirurgiju-i-neurologiju-vaso-cukovic-risan	M02064	6.50	NULL	12.51	5178	ultra-short-wave-therapy	Ultra-Short Wave Therapy	Terapija ultrakratkim talasima
specijalna-bolnica-za-ortopediju-neurohirurgiju-i-neurologiju-vaso-cukovic-risan	M02065	13.00	NULL	16.68	5179	chronaximetry-of-sensory-and-motor-nerves	Chronaximetry of Sensory and Motor Nerves	Hronaksimetrija senzitivnih i motornih živaca
specijalna-bolnica-za-ortopediju-neurohirurgiju-i-neurologiju-vaso-cukovic-risan	M02066	33.36	NULL	NULL	5180	strength-duration-curve-determination	Strength-Duration Curve Determination	Određivanje I/T (intenzitet–vrijeme) krive
specijalna-bolnica-za-ortopediju-neurohirurgiju-i-neurologiju-vaso-cukovic-risan	M02067	16.68	NULL	NULL	5181	contact-and-non-contact-dermatothermometry	Contact and Non-Contact Dermatothermometry	Kontaktna i beskontaktna dermatotermometrija
specijalna-bolnica-za-ortopediju-neurohirurgiju-i-neurologiju-vaso-cukovic-risan	M02069	8.34	NULL	NULL	5183	progressive-quadriceps-resistance-exercises	Progressive Resistance Exercises on a Quadriceps Machine	Progresivne vježbe sa otporom na kvadriceps aparatu
specijalna-bolnica-za-ortopediju-neurohirurgiju-i-neurologiju-vaso-cukovic-risan	M02070	3.25	NULL	8.34	5184	mechanotherapy-on-equipment	Mechanotherapy on Equipment	Mehanoterapija na aparatu
specijalna-bolnica-za-ortopediju-neurohirurgiju-i-neurologiju-vaso-cukovic-risan	M02071	6.50	NULL	8.34	5185	sympathetic-ganglion-block-with-diadynamic-currents	Sympathetic Ganglion Block with Diadynamic Currents	Blokada simpatičnih ganglija DD strujama
specijalna-bolnica-za-ortopediju-neurohirurgiju-i-neurologiju-vaso-cukovic-risan	M02072	1.63	NULL	16.68	5186	bladder-electrical-stimulation	Bladder Electrical Stimulation	Elektrostimulacija mokraćnog mjehura
specijalna-bolnica-za-ortopediju-neurohirurgiju-i-neurologiju-vaso-cukovic-risan	M02073	4.17	NULL	NULL	5187	stable-faradization	Stable Faradization	Stabilna faradizacija
specijalna-bolnica-za-ortopediju-neurohirurgiju-i-neurologiju-vaso-cukovic-risan	M02074	6.50	NULL	8.34	5188	phonophoresis	Phonophoresis	Fonoforeza
specijalna-bolnica-za-ortopediju-neurohirurgiju-i-neurologiju-vaso-cukovic-risan	M02075	16.68	NULL	NULL	5189	co2-bath-therapy	CO2 Bath Therapy	Terapija sa CO2 kupkama
specijalna-bolnica-za-ortopediju-neurohirurgiju-i-neurologiju-vaso-cukovic-risan	M02076	4.17	NULL	NULL	5190	hydrocollator-therapy	Hydrocollator Therapy	Terapija hidrokolatorom
specijalna-bolnica-za-ortopediju-neurohirurgiju-i-neurologiju-vaso-cukovic-risan	M03003	4.88	NULL	25.02	5191	first-physiatrist-examination-for-children-with-special-needs	First Physiatrist Examination for Children with Special Needs	Prvi pregled fizijatra za djecu sa posebnim potrebama
specijalna-bolnica-za-ortopediju-neurohirurgiju-i-neurologiju-vaso-cukovic-risan	M03004	12.51	NULL	NULL	5192	follow-up-physiatrist-examination-for-children-with-special-needs	Follow-up Physiatrist Examination for Children with Special Needs	Kontrolni pregled fizijatra za djecu sa posebnim potrebama
specijalna-bolnica-za-ortopediju-neurohirurgiju-i-neurologiju-vaso-cukovic-risan	H13014	6.50	NULL	NULL	5231	paravertebral-muscle-infiltration	Paravertebral Muscle Infiltration	Paravertebralna infiltracija mišića
specijalna-bolnica-za-ortopediju-neurohirurgiju-i-neurologiju-vaso-cukovic-risan	H13016	4.88	NULL	NULL	5233	mini-mental-state-examination-mmse	Mini-Mental State Examination (MMSE)	MMS testiranje
specijalna-bolnica-za-ortopediju-neurohirurgiju-i-neurologiju-vaso-cukovic-risan	H13018	4.88	NULL	NULL	5235	single-fiber-emg-sfemg	Single Fiber EMG (SFEMG)	Single fiber EMG — SFEMG (EMG jednog vlakna)
specijalna-bolnica-za-ortopediju-neurohirurgiju-i-neurologiju-vaso-cukovic-risan	V01001	1.15	NULL	NULL	5266	chronic-hemodialysis-session	Chronic Hemodialysis Session	Hronična hemodijaliza — intermitentna zamjena bubrežne funkcije
specijalna-bolnica-za-ortopediju-neurohirurgiju-i-neurologiju-vaso-cukovic-risan	V01002	16.68	NULL	NULL	5267	functional-renal-test	Functional Renal Test	Funkcionalno ispitivanje bubrežne funkcije
specijalna-bolnica-za-ortopediju-neurohirurgiju-i-neurologiju-vaso-cukovic-risan	V01003	16.68	NULL	NULL	5268	tubular-function-test	Tubular Function Test	Ispitivanje tubulskih funkcija
specijalna-bolnica-za-ortopediju-neurohirurgiju-i-neurologiju-vaso-cukovic-risan	V01004	16.68	NULL	NULL	5269	loading-tests-for-suspected-renal-tubular-acidosis	Loading Tests for Suspected Renal Tubular Acidosis	Testovi opterećenja kod sumnje na renalnu tubulsku acidozu
specijalna-bolnica-za-ortopediju-neurohirurgiju-i-neurologiju-vaso-cukovic-risan	V01005	16.68	NULL	NULL	5270	renal-concentration-test	Renal Concentration Test	Test koncentracione sposobnosti bubrega
specijalna-bolnica-za-ortopediju-neurohirurgiju-i-neurologiju-vaso-cukovic-risan	V01006	107.31	NULL	NULL	5271	continuous-renal-replacement-therapy-crrt	Continuous Renal Replacement Therapy (CRRT)	Kontinuirana zamjena bubrežne funkcije (CRRT)
specijalna-bolnica-za-ortopediju-neurohirurgiju-i-neurologiju-vaso-cukovic-risan	V01008	107.31	NULL	NULL	5273	peritoneal-dialysis	Peritoneal Dialysis	Peritoneumska dijaliza — intermitentna zamjena bubrežne funkcije
specijalna-bolnica-za-ortopediju-neurohirurgiju-i-neurologiju-vaso-cukovic-risan	W04002	412.80	NULL	NULL	5274	follicle-aspiration	Follicle Aspiration	Aspiracija folikula
specijalna-bolnica-za-ortopediju-neurohirurgiju-i-neurologiju-vaso-cukovic-risan	W04003	171.45	NULL	NULL	5275	ivf-anesthesia	IVF Anesthesia	Anestezija u IVF postupku
specijalna-bolnica-za-ortopediju-neurohirurgiju-i-neurologiju-vaso-cukovic-risan	W04004	7.79	NULL	NULL	5276	ivf-laboratory-procedure	IVF Laboratory Procedure	Laboratorija — IVF
specijalna-bolnica-za-ortopediju-neurohirurgiju-i-neurologiju-vaso-cukovic-risan	W04005	9.90	NULL	NULL	5277	icsi-laboratory-procedure	ICSI Laboratory Procedure	Laboratorija — ICSI
specijalna-bolnica-za-ortopediju-neurohirurgiju-i-neurologiju-vaso-cukovic-risan	W04006	260.16	NULL	NULL	5278	embryo-transfer	Embryo Transfer	Embriotransfer
specijalna-bolnica-za-ortopediju-neurohirurgiju-i-neurologiju-vaso-cukovic-risan	S03001	25.02	NULL	NULL	5281	first-vascular-surgeon-examination	First Vascular Surgeon Examination	Prvi pregled — vaskularni hirurg
specijalna-bolnica-za-ortopediju-neurohirurgiju-i-neurologiju-vaso-cukovic-risan	S03002	8.34	NULL	NULL	5282	follow-up-vascular-surgeon-examination	Follow-up Vascular Surgeon Examination	Kontrolni pregled — vaskularni hirurg
specijalna-bolnica-za-ortopediju-neurohirurgiju-i-neurologiju-vaso-cukovic-risan	S04001	25.02	NULL	NULL	5283	first-thoracic-surgeon-examination	First Thoracic Surgeon Examination	Prvi pregled — grudni hirurg
specijalna-bolnica-za-ortopediju-neurohirurgiju-i-neurologiju-vaso-cukovic-risan	X01004	8.34	NULL	NULL	5290	topical-local-anesthesia	Topical Local Anesthesia	Lokalna anestezija — površinska
specijalna-bolnica-za-ortopediju-neurohirurgiju-i-neurologiju-vaso-cukovic-risan	X01006	8.34	NULL	NULL	5291	oxygen-administration	Oxygen Administration	Davanje kiseonika
specijalna-bolnica-za-ortopediju-neurohirurgiju-i-neurologiju-vaso-cukovic-risan	X01007	1.67	NULL	NULL	5292	swab-collection-for-laboratory-analysis	Swab Collection for Laboratory Analysis	Uzimanje briseva sa slanjem na analizu
specijalna-bolnica-za-ortopediju-neurohirurgiju-i-neurologiju-vaso-cukovic-risan	X01011	12.51	NULL	NULL	5294	aspiration-puncture-of-abscess-or-hematoma	Aspiration Puncture of Abscess or Hematoma	Aspiraciona punkcija apscesa ili hematoma
specijalna-bolnica-za-ortopediju-neurohirurgiju-i-neurologiju-vaso-cukovic-risan	X01013	4.17	NULL	NULL	5296	artificial-anus-care	Colostomy Care	Toaleta vještačkog anusa
specijalna-bolnica-za-ortopediju-neurohirurgiju-i-neurologiju-vaso-cukovic-risan	X01014	8.34	NULL	NULL	5297	primary-wound-care-without-sutures	Primary Wound Care without Sutures	Primarna obrada rane (bez šavova)
specijalna-bolnica-za-ortopediju-neurohirurgiju-i-neurologiju-vaso-cukovic-risan	X01021	0.83	NULL	NULL	5298	subcutaneous-or-intramuscular-injection	Subcutaneous or Intramuscular Injection	Davanje subkutanih i intramuskularnih injekcija
specijalna-bolnica-za-ortopediju-neurohirurgiju-i-neurologiju-vaso-cukovic-risan	X01025	8.34	NULL	NULL	5300	lymph-node-biopsy-or-excision	Lymph Node Biopsy or Excision	Ekstirpacija ili biopsija limfne žlijezde
specijalna-bolnica-za-ortopediju-neurohirurgiju-i-neurologiju-vaso-cukovic-risan	X01029	1.67	NULL	NULL	5301	sputum-collection-for-cytology	Sputum Collection for Cytology	Uzimanje sputuma za citološku analizu
specijalna-bolnica-za-ortopediju-neurohirurgiju-i-neurologiju-vaso-cukovic-risan	X01039	8.34	NULL	NULL	5302	cleansing-enema	Cleansing Enema	Provođenje klizme za čišćenje
specijalna-bolnica-za-ortopediju-neurohirurgiju-i-neurologiju-vaso-cukovic-risan	X01047	16.68	NULL	NULL	5303	endotracheal-intubation	Endotracheal Intubation	Endotrahealna intubacija
specijalna-bolnica-za-ortopediju-neurohirurgiju-i-neurologiju-vaso-cukovic-risan	X01049	16.68	NULL	NULL	5305	incision-and-drainage-of-furuncle-carbuncle-or-abscessed-cyst	Incision and Drainage of Furuncle, Carbuncle, Abscessed Cyst, Smaller Skin or Subcutaneous Abscess, Paronychia or Hematoma	Incizija i drenaža furunkula, karbunkula, zagnojenih cista, manjeg kožnog ili potkožnog apscesa, paronihije ili hematoma
specijalna-bolnica-za-ortopediju-neurohirurgiju-i-neurologiju-vaso-cukovic-risan	X01051	16.68	NULL	NULL	5306	blood-and-blood-derivatives-transfusion	Blood and Blood Derivatives Transfusion	Transfuzija krvi i krvnih derivata
specijalna-bolnica-za-ortopediju-neurohirurgiju-i-neurologiju-vaso-cukovic-risan	X01052	16.68	NULL	NULL	5307	complicated-wound-examination-and-dressing	Complicated Wound Examination and Dressing	Pregled, kontrola i previjanje komplikovane rane
specijalna-bolnica-za-ortopediju-neurohirurgiju-i-neurologiju-vaso-cukovic-risan	X01054	16.68	NULL	NULL	5309	nasogastric-or-orogastric-tube-placement-with-lavage	Nasogastric or Orogastric Tube Placement with Lavage	Plasiranje/evakuacija nazogastrične ili orogastrične sonde sa lavažom
specijalna-bolnica-za-ortopediju-neurohirurgiju-i-neurologiju-vaso-cukovic-risan	X01055	16.68	NULL	NULL	5310	tube-feeding-per-meal	Tube Feeding (per meal)	Ishrana bolesnika preko sonde — jedan obrok
specijalna-bolnica-za-ortopediju-neurohirurgiju-i-neurologiju-vaso-cukovic-risan	X01058	16.68	NULL	NULL	5311	minor-local-anesthesia	Minor Local Anesthesia	Lokalna anestezija — manja
specijalna-bolnica-za-ortopediju-neurohirurgiju-i-neurologiju-vaso-cukovic-risan	X01059	25.02	NULL	NULL	5312	foreign-body-removal-from-ear-nose-or-oropharynx	Foreign Body Removal from Ear, Nose or Oropharynx	Odstranjivanje stranog tijela iz slušnog kanala, nosne šupljine i orofarinksa
specijalna-bolnica-za-ortopediju-neurohirurgiju-i-neurologiju-vaso-cukovic-risan	X01060	8.34	NULL	NULL	5313	tuberculin-skin-test	Tuberculin Skin Test	Tuberkulinsko testiranje
specijalna-bolnica-za-ortopediju-neurohirurgiju-i-neurologiju-vaso-cukovic-risan	X01063	12.51	NULL	NULL	5315	thermography	Thermography	Termografija
specijalna-bolnica-za-ortopediju-neurohirurgiju-i-neurologiju-vaso-cukovic-risan	X01064	33.36	NULL	NULL	5316	occlusive-plethysmography-of-arterial-or-venous-flow	Occlusive Plethysmography of Arterial or Venous Flow	Okluzivna pletizmografija arterijskog ili venskog protoka
specijalna-bolnica-za-ortopediju-neurohirurgiju-i-neurologiju-vaso-cukovic-risan	X01065	33.36	NULL	NULL	5317	photoplethysmography	Photoplethysmography	Fotopletizmografija
specijalna-bolnica-za-ortopediju-neurohirurgiju-i-neurologiju-vaso-cukovic-risan	X01066	33.36	NULL	NULL	5318	rheography-of-upper-or-lower-extremities	Rheography of Upper or Lower Extremities	Reografija gornjih ili donjih ekstremiteta
specijalna-bolnica-za-ortopediju-neurohirurgiju-i-neurologiju-vaso-cukovic-risan	X01067	12.51	NULL	NULL	5319	superficial-vein-pressure-measurement	Superficial Vein Pressure Measurement	Mjerenje pritiska površinskih vena
specijalna-bolnica-za-ortopediju-neurohirurgiju-i-neurologiju-vaso-cukovic-risan	X01068	16.68	NULL	NULL	5320	intra-arterial-therapy-via-perfusor	Intra-arterial Therapy via Perfusor	Intraarterijalna aplikacija terapije perfuzorom
specijalna-bolnica-za-ortopediju-neurohirurgiju-i-neurologiju-vaso-cukovic-risan	X01069	8.34	NULL	NULL	5321	pyrotherapy	Pyrotherapy	Piroterapija
specijalna-bolnica-za-ortopediju-neurohirurgiju-i-neurologiju-vaso-cukovic-risan	X01070	12.51	NULL	NULL	5322	phlebomat-apparatus-therapy	Phlebomat Apparatus Therapy	Terapija Flebomat aparatom
specijalna-bolnica-za-ortopediju-neurohirurgiju-i-neurologiju-vaso-cukovic-risan	X02003	25.02	NULL	NULL	5324	incision-and-drainage-of-larger-skin-or-subcutaneous-abscess-carbuncle-or-hematoma	Incision and Drainage of Larger Skin or Subcutaneous Abscess, Carbuncle, Phlegmon or Hematoma	Incizija i drenaža većeg kožnog ili potkožnog apscesa, karbunkula, flegmone ili hematoma
specijalna-bolnica-za-ortopediju-neurohirurgiju-i-neurologiju-vaso-cukovic-risan	X02015	33.36	NULL	NULL	5325	pleural-puncture-with-lavage	Pleural Puncture with Lavage	Evakuaciona punkcija pleure sa lavažom
specijalna-bolnica-za-ortopediju-neurohirurgiju-i-neurologiju-vaso-cukovic-risan	X02019	25.02	NULL	NULL	5326	paraphimosis-reduction	Paraphimosis Reduction	Repozicija parafimoze
specijalna-bolnica-za-ortopediju-neurohirurgiju-i-neurologiju-vaso-cukovic-risan	X02020	25.02	NULL	NULL	5327	incarcerated-hernia-reduction	Incarcerated Hernia Reduction	Repozicija uklještene kile
specijalna-bolnica-za-ortopediju-neurohirurgiju-i-neurologiju-vaso-cukovic-risan	X02021	41.70	NULL	NULL	5328	atheroma-cyst-xanthoma-or-small-benign-tumor-excision	Atheroma, Cyst, Xanthoma or Small Benign Tumor Excision	Ekstirpacija ateroma, ciste, ksantoma ili manjeg benignog tumora
specijalna-bolnica-za-ortopediju-neurohirurgiju-i-neurologiju-vaso-cukovic-risan	X02027	NULL	NULL	NULL	5330	rectoscopy-with-biopsy	Rectoscopy with Biopsy	Rektoskopija sa uzimanjem isječka
specijalna-bolnica-za-ortopediju-neurohirurgiju-i-neurologiju-vaso-cukovic-risan	X02030	20.85	NULL	NULL	5331	sternal-puncture	Sternal Puncture	Sternalna punkcija
specijalna-bolnica-za-ortopediju-neurohirurgiju-i-neurologiju-vaso-cukovic-risan	X02031	25.02	NULL	NULL	5332	cauterization-electrocauterization-or-cryocauterization-of-benign-skin-lesions-small	Cauterization, Electrocauterization or Cryocauterization of Benign or Premalignant Skin and Mucosal Lesions (1 Lesion)	Kauterizacija, elektrokauterizacija ili kriokauterizacija benignih ili premalignih lezija kože i sluznica (1 lezija)
specijalna-bolnica-za-ortopediju-neurohirurgiju-i-neurologiju-vaso-cukovic-risan	X02032	37.53	NULL	NULL	5333	cauterization-electrocauterization-or-cryocauterization-of-benign-skin-lesions-medium	Cauterization, Electrocauterization or Cryocauterization of Benign or Premalignant Skin and Mucosal Lesions (2 Lesions)	Kauterizacija, elektrokauterizacija ili kriokauterizacija benignih ili premalignih lezija kože i sluznica (2 lezije)
specijalna-bolnica-za-ortopediju-neurohirurgiju-i-neurologiju-vaso-cukovic-risan	X02033	25.02	NULL	NULL	5334	foreign-body-removal-from-skin-and-subcutaneous-tissue	Foreign Body Removal from Skin and Subcutaneous Tissue	Odstranjivanje stranog tijela iz kože i potkožnog tkiva
specijalna-bolnica-za-ortopediju-neurohirurgiju-i-neurologiju-vaso-cukovic-risan	X02034	25.02	NULL	NULL	5335	excisional-biopsy-of-skin-subcutaneous-tissue-or-mucosa	Excisional Biopsy of Skin, Subcutaneous Tissue or Mucosa with Direct Suture	Ekscizijska biopsija kože, potkožnog tkiva i sluznice sa direktnim šavom
specijalna-bolnica-za-ortopediju-neurohirurgiju-i-neurologiju-vaso-cukovic-risan	X02035	25.02	NULL	NULL	5336	microscopic-gastric-juice-analysis	Microscopic Gastric Juice Analysis	Obrada stomačnog soka — mikroskopska
specijalna-bolnica-za-ortopediju-neurohirurgiju-i-neurologiju-vaso-cukovic-risan	X02036	NULL	NULL	NULL	5337	primary-wound-care-with-sutures	Primary Wound Care with Sutures	Primarna obrada rane (sa šavovima)
specijalna-bolnica-za-ortopediju-neurohirurgiju-i-neurologiju-vaso-cukovic-risan	X02037	33.36	NULL	NULL	5338	arterial-blood-ph-measurement	Arterial Blood pH Measurement	Uzimanje krvi i određivanje pH arterijske krvi
specijalna-bolnica-za-ortopediju-neurohirurgiju-i-neurologiju-vaso-cukovic-risan	X02038	NULL	NULL	NULL	5339	excision-of-small-benign-tumor-scars-fibromas-or-cysts	Excision of Small Benign Tumor-Like Scars, Fibromas or Cysts	Ekscizija manjih benignih tumoroznih ožiljaka, fibroznih, cističnih promjena
specijalna-bolnica-za-ortopediju-neurohirurgiju-i-neurologiju-vaso-cukovic-risan	X02039	41.70	NULL	NULL	5340	secondary-wound-care	Secondary Wound Care	Sekundarna obrada rane
specijalna-bolnica-za-ortopediju-neurohirurgiju-i-neurologiju-vaso-cukovic-risan	X02041	33.36	NULL	NULL	5341	major-local-anesthesia	Major Local Anesthesia	Lokalna anestezija — veća
specijalna-bolnica-za-ortopediju-neurohirurgiju-i-neurologiju-vaso-cukovic-risan	X02042	16.68	NULL	NULL	5342	gastric-lavage	Gastric Lavage	Ispiranje želuca
specijalna-bolnica-za-ortopediju-neurohirurgiju-i-neurologiju-vaso-cukovic-risan	X02043	50.04	NULL	NULL	5343	cauterization-electrocauterization-or-cryocauterization-of-benign-skin-lesions-larger	Cauterization, Electrocauterization or Cryocauterization of Benign or Premalignant Skin and Mucosal Lesions (3 Lesions)	Kauterizacija, elektrokauterizacija ili kriokauterizacija benignih ili premalignih lezija kože i sluznica (3 lezije)
specijalna-bolnica-za-ortopediju-neurohirurgiju-i-neurologiju-vaso-cukovic-risan	X02044	62.55	NULL	NULL	5344	cauterization-electrocauterization-or-cryocauterization-of-benign-skin-lesions-extensive	Cauterization, Electrocauterization or Cryocauterization of Benign or Premalignant Skin and Mucosal Lesions (4 Lesions)	Kauterizacija, elektrokauterizacija ili kriokauterizacija benignih ili premalignih lezija kože i sluznica (4 lezije)
specijalna-bolnica-za-ortopediju-neurohirurgiju-i-neurologiju-vaso-cukovic-risan	X02045	66.72	NULL	NULL	5345	cauterization-electrocauterization-or-cryocauterization-of-benign-skin-lesions-multiple	Cauterization, Electrocauterization or Cryocauterization of Benign or Premalignant Skin and Mucosal Lesions (5 or More Lesions)	Kauterizacija, elektrokauterizacija ili kriokauterizacija benignih ili premalignih lezija kože i sluznica (5 i više lezija)
specijalna-bolnica-za-ortopediju-neurohirurgiju-i-neurologiju-vaso-cukovic-risan	X02046	25.02	NULL	NULL	5346	nonspecific-bronchial-provocation-test	Nonspecific Bronchial Provocation Test	Nespecifični bronhoprovokacioni test
specijalna-bolnica-za-ortopediju-neurohirurgiju-i-neurologiju-vaso-cukovic-risan	X03002	41.70	NULL	NULL	5349	external-cardiac-defibrillation	External Cardiac Defibrillation	Spoljašnja defibrilacija srca
specijalna-bolnica-za-ortopediju-neurohirurgiju-i-neurologiju-vaso-cukovic-risan	X03012	NULL	NULL	NULL	5350	dxa-bone-densitometry	DXA Bone Densitometry	DXA (osteodenzitometrija)
specijalna-bolnica-za-ortopediju-neurohirurgiju-i-neurologiju-vaso-cukovic-risan	X03019	NULL	NULL	NULL	5352	burn-wound-care-primary-delayed-primary-or-secondary	Burn Wound Care up to 10% of Body Surface (Primary, Delayed Primary or Secondary)	Primarna, primarno odložena ili sekundarna obrada opekotina do 10% površine tijela
specijalna-bolnica-za-ortopediju-neurohirurgiju-i-neurologiju-vaso-cukovic-risan	X03020	58.38	NULL	NULL	5353	esophagogastroduodenoscopy-with-injection-hemostasis	Esophagogastroduodenoscopy with Injection Hemostasis	Ezofagogastroduodenoskopija sa injekcionom hemostazom
specijalna-bolnica-za-ortopediju-neurohirurgiju-i-neurologiju-vaso-cukovic-risan	X03021	50.04	NULL	NULL	5354	excision-and-direct-suture-of-benign-skin-lesions	Excision and Direct Suture of Benign Skin Lesions over 4 cm in Diameter	Ekscizija i direktna sutura benignih lezija kože dijametra preko 4 cm
specijalna-bolnica-za-ortopediju-neurohirurgiju-i-neurologiju-vaso-cukovic-risan	X28005	13.00	NULL	83.40	5579	intraoral-abscess-incision	Intraoral Abscess Incision	Incizija apscesa intraoralnim putem
specijalna-bolnica-za-ortopediju-neurohirurgiju-i-neurologiju-vaso-cukovic-risan	X28004	8.34	NULL	32.50	5589	extraoral-abscess-incision	Extraoral Abscess Incision	Incizija apscesa ekstraoralnim putem
specijalna-bolnica-za-ortopediju-neurohirurgiju-i-neurologiju-vaso-cukovic-risan	X09007	13.00	NULL	NULL	5649	closed-reduction-of-habitual-or-traumatic-dislocations	Closed Reduction of Habitual or Traumatic Dislocations	Manipulativna repozicija habitualnih ili traumatskih iščašenja
specijalna-bolnica-za-ortopediju-neurohirurgiju-i-neurologiju-vaso-cukovic-risan	X09008	19.50	NULL	50.04	5650	closed-reduction-of-wrist-joint	Closed Reduction of Wrist Joint (Radiocarpal, Radioulnar or Intercarpal)	Zatvorena manipulativna repozicija ručnog zgloba (radiokarpalnog, radioulnarnog ili interkarpalnog)
specijalna-bolnica-za-ortopediju-neurohirurgiju-i-neurologiju-vaso-cukovic-risan	X09041	3.25	NULL	8.34	5651	plaster-cast-correction	Plaster Cast Correction	Korekcija ranije stavljenog gipsa
specijalna-bolnica-za-ortopediju-neurohirurgiju-i-neurologiju-vaso-cukovic-risan	X09044	4.88	NULL	12.51	5652	ankle-fixation-bandage	Ankle Fixation Bandage	Fiksacioni zavoj gležnja
specijalna-bolnica-za-ortopediju-neurohirurgiju-i-neurologiju-vaso-cukovic-risan	X09045	6.50	NULL	16.68	5653	above-elbow-plaster-immobilization	Above-Elbow Plaster Immobilization	Nadlakatna gips imobilizacija (longeta ili puni gips)
specijalna-bolnica-za-ortopediju-neurohirurgiju-i-neurologiju-vaso-cukovic-risan	X09048	6.50	NULL	16.68	5654	below-elbow-plaster-immobilization	Below-Elbow Plaster Immobilization	Podlakatna gips imobilizacija (longeta ili puni gips)
specijalna-bolnica-za-ortopediju-neurohirurgiju-i-neurologiju-vaso-cukovic-risan	X09049	6.50	NULL	16.68	5655	thoracic-fixation-bandage	Thoracic Fixation Bandage	Fiksacioni zavoj toraksa
specijalna-bolnica-za-ortopediju-neurohirurgiju-i-neurologiju-vaso-cukovic-risan	X09050	6.50	NULL	16.68	5656	elbow-or-wrist-fixation-bandage	Elbow or Wrist Fixation Bandage	Fiksacioni zavoj lakta ili zgloba ručja
specijalna-bolnica-za-ortopediju-neurohirurgiju-i-neurologiju-vaso-cukovic-risan	X09051	6.50	NULL	16.68	5657	knee-fixation-bandage	Knee Fixation Bandage	Fiksacioni zavoj koljena
specijalna-bolnica-za-ortopediju-neurohirurgiju-i-neurologiju-vaso-cukovic-risan	X09054	8.13	NULL	20.85	5658	plaster-cast-or-splint-removal	Plaster Cast or Splint Removal	Skidanje gipsa ili longete
specijalna-bolnica-za-ortopediju-neurohirurgiju-i-neurologiju-vaso-cukovic-risan	X09058	9.75	NULL	25.02	5659	desault-shoulder-fixation-bandage	Desault Shoulder Fixation Bandage	Fiksacioni zavoj ramena (Desault)
specijalna-bolnica-za-ortopediju-neurohirurgiju-i-neurologiju-vaso-cukovic-risan	X09059	9.75	NULL	25.02	5660	below-knee-walking-cast	Below-Knee Walking Cast Reduction	Repozicija — gips potkoljenice za kretanje
specijalna-bolnica-za-ortopediju-neurohirurgiju-i-neurologiju-vaso-cukovic-risan	X09060	9.75	NULL	25.02	5661	thigh-plaster-immobilization	Thigh Plaster Immobilization	Repozicija — gips natkoljenice (longeta ili puni gips)
specijalna-bolnica-za-ortopediju-neurohirurgiju-i-neurologiju-vaso-cukovic-risan	X09062	13.00	NULL	33.36	5662	interphalangeal-joint-dislocation-reduction	Interphalangeal Joint Dislocation Reduction	Repozicija dislokacije interfalangealnog zgloba
specijalna-bolnica-za-ortopediju-neurohirurgiju-i-neurologiju-vaso-cukovic-risan	X09063	13.00	NULL	33.36	5663	coxofemoral-circular-plaster-reduction	Coxofemoral Circular Plaster Reduction with Spreader Bar	Repozicija — koksofemoralni cirkularni gips sa prečagom
specijalna-bolnica-za-ortopediju-neurohirurgiju-i-neurologiju-vaso-cukovic-risan	X09064	13.00	NULL	33.36	5664	hip-to-ankle-plaster-reduction	Hip-to-Ankle Plaster Reduction	Repozicija — gips kuk-gležanj
specijalna-bolnica-za-ortopediju-neurohirurgiju-i-neurologiju-vaso-cukovic-risan	X09065	13.00	NULL	33.36	5665	below-knee-plaster-reduction	Below-Knee Plaster Reduction	Repozicija — gips imobilizacija potkoljenice (longeta ili puni gips)
specijalna-bolnica-za-ortopediju-neurohirurgiju-i-neurologiju-vaso-cukovic-risan	X09067	19.50	NULL	41.70	5666	closed-joint-reduction-with-mobilization	Closed Joint Reduction with Immobilization	Zatvorena repozicija zgloba i primjena sredstava imobilizacije
specijalna-bolnica-za-ortopediju-neurohirurgiju-i-neurologiju-vaso-cukovic-risan	X09076	19.50	NULL	50.04	5667	vertebral-body-fracture-or-dislocation-reduction	Cervical Vertebral Body Fracture or Dislocation Reduction with Halo Traction	Repozicija frakture ili dislokacije tijela jednog ili više pršljenova sa Halo trakcijom — vratni dio kičme
specijalna-bolnica-za-ortopediju-neurohirurgiju-i-neurologiju-vaso-cukovic-risan	X09078	50.04	NULL	NULL	5668	distal-phalanx-fracture-manipulation-reduction	Distal Phalanx Fracture Manipulation Reduction (Finger or Thumb)	Manipulativna repozicija frakture distalne falange palca ili prsta šake
specijalna-bolnica-za-ortopediju-neurohirurgiju-i-neurologiju-vaso-cukovic-risan	X09080	19.50	NULL	50.04	5669	big-toe-phalanx-fracture-manipulation-reduction	Big Toe Phalanx Fracture Manipulation Reduction	Manipulativna repozicija frakture falange palca stopala
specijalna-bolnica-za-ortopediju-neurohirurgiju-i-neurologiju-vaso-cukovic-risan	X09085	32.50	NULL	66.72	5670	closed-manipulation-reduction-of-proximal-fracture	Closed Manipulation Reduction of Proximal or Middle Finger Phalanx Fracture	Zatvorena manipulativna repozicija frakture proksimalne ili srednje falange prstiju šake
specijalna-bolnica-za-ortopediju-neurohirurgiju-i-neurologiju-vaso-cukovic-risan	X09087	83.40	NULL	NULL	5671	metacarpal-fracture-manipulation-reduction	Metacarpal Fracture Manipulation Reduction	Zatvorena manipulativna repozicija frakture metakarpalnih kostiju
specijalna-bolnica-za-ortopediju-neurohirurgiju-i-neurologiju-vaso-cukovic-risan	X09090	32.50	NULL	83.40	5672	metatarsal-fracture-manipulation-reduction	Metatarsal Fracture Manipulation Reduction	Zatvorena manipulativna repozicija frakture metatarzalnih kostiju
specijalna-bolnica-za-ortopediju-neurohirurgiju-i-neurologiju-vaso-cukovic-risan	X09092	39.00	NULL	100.08	5673	acromioclavicular-joint-dislocation-reduction-closed	Acromioclavicular Joint Dislocation Reduction (Closed)	Manipulativna repozicija dislokacije akromioklavikularnog zgloba — zatvorena
specijalna-bolnica-za-ortopediju-neurohirurgiju-i-neurologiju-vaso-cukovic-risan	X09094	48.75	NULL	125.10	5674	closed-manipulation-reduction-of-clavicle-fracture	Closed Manipulation Reduction of Clavicle Fracture	Manipulativna repozicija frakture klavikule — zatvorena
specijalna-bolnica-za-ortopediju-neurohirurgiju-i-neurologiju-vaso-cukovic-risan	X09095	48.75	NULL	125.10	5675	reduction-of-shoulder-dislocation-with-greater-tuberosity-fracture	Reduction of Shoulder Dislocation with Greater Tuberosity Fracture	Repozicija dislokacije ramena sa frakturom tuberkulum majus humerusa
specijalna-bolnica-za-ortopediju-neurohirurgiju-i-neurologiju-vaso-cukovic-risan	X09096	48.75	NULL	125.10	5676	closed-manipulation-reduction-of-radius-head-and-neck-fracture	Closed Manipulation Reduction of Radius Head and Neck Fracture	Zatvorena manipulativna repozicija frakture glave i vrata radijusa
specijalna-bolnica-za-ortopediju-neurohirurgiju-i-neurologiju-vaso-cukovic-risan	X09097	125.10	NULL	NULL	5677	closed-manipulation-reduction-of-proximal-end-fracture	Closed Manipulation Reduction of Proximal Ulna (Olecranon) Fracture	Zatvorena manipulativna repozicija frakture proksimalnog kraja ulne (olekranona)
specijalna-bolnica-za-ortopediju-neurohirurgiju-i-neurologiju-vaso-cukovic-risan	X09098	48.75	NULL	NULL	5678	closed-manipulation-reduction-of-distal-tibia-fracture	Closed Manipulation Reduction of Distal Tibia or Medial/Lateral Malleolus Fracture	Zatvorena manipulativna repozicija frakture distalnog dijela potkoljenice, medijalnog ili lateralnog maleolusa
specijalna-bolnica-za-ortopediju-neurohirurgiju-i-neurologiju-vaso-cukovic-risan	X09099	48.75	NULL	125.10	5679	closed-manipulation-reduction-of-calcaneus-fracture	Closed Manipulation Reduction of Calcaneus Fracture	Zatvorena manipulativna repozicija frakture kalkaneusa
specijalna-bolnica-za-ortopediju-neurohirurgiju-i-neurologiju-vaso-cukovic-risan	X09100	48.75	NULL	125.10	5680	closed-manipulation-reduction-of-patellar-dislocation	Closed Manipulation Reduction of Patellar Dislocation	Zatvorena manipulativna repozicija dislokacije patele
specijalna-bolnica-za-ortopediju-neurohirurgiju-i-neurologiju-vaso-cukovic-risan	X09101	65.00	NULL	166.80	5681	closed-reduction-of-humerus-neck-fracture	Closed Reduction of Humerus Neck Fracture (Surgical or Anatomical)	Zatvorena repozicija frakture vrata humerusa (hirurškog ili anatomskog)
specijalna-bolnica-za-ortopediju-neurohirurgiju-i-neurologiju-vaso-cukovic-risan	X09102	166.80	NULL	NULL	5682	closed-manipulation-reduction-of-ulnar-diaphysis-fracture	Closed Manipulation Reduction of Ulnar Diaphysis Fracture	Zatvorena manipulativna repozicija frakture dijafize ulne
specijalna-bolnica-za-ortopediju-neurohirurgiju-i-neurologiju-vaso-cukovic-risan	X09103	65.00	NULL	166.80	5683	closed-manipulation-reduction-of-radius-and-ulna-diaphysis-fracture	Closed Manipulation Reduction of Radius and Ulna Diaphysis Fracture	Zatvorena manipulativna repozicija frakture dijafize radijusa i ulne
specijalna-bolnica-za-ortopediju-neurohirurgiju-i-neurologiju-vaso-cukovic-risan	X09111	71.50	NULL	183.48	5684	closed-manipulation-reduction-of-radial-diaphysis-fracture	Closed Manipulation Reduction of Radial Diaphysis Fracture	Zatvorena manipulativna repozicija frakture dijafize radijusa
specijalna-bolnica-za-ortopediju-neurohirurgiju-i-neurologiju-vaso-cukovic-risan	X09113	81.25	NULL	208.50	5685	closed-manipulation-reduction-of-humerus-diaphysis-fracture	Closed Manipulation Reduction of Humerus Diaphysis Fracture	Zatvorena manipulativna repozicija frakture dijafize humerusa
specijalna-bolnica-za-ortopediju-neurohirurgiju-i-neurologiju-vaso-cukovic-risan	X09114	81.25	NULL	208.50	5686	closed-manipulation-reduction-of-supracondylar-or-transcondylar-humerus-fracture	Closed Manipulation Reduction of Supracondylar or Transcondylar Humerus Fracture	Zatvorena manipulativna repozicija suprakondilarne ili transkondilarne frakture humerusa
specijalna-bolnica-za-ortopediju-neurohirurgiju-i-neurologiju-vaso-cukovic-risan	X09115	81.25	NULL	208.50	5687	closed-manipulation-reduction-of-proximal-tibia-fracture	Closed Manipulation Reduction of Proximal Tibia Fracture	Zatvorena manipulativna repozicija frakture proksimalnog dijela tibije
specijalna-bolnica-za-ortopediju-neurohirurgiju-i-neurologiju-vaso-cukovic-risan	X09116	81.25	NULL	208.50	5688	closed-manipulation-reduction-of-bimalleolar-ankle-fracture	Closed Manipulation Reduction of Bimalleolar Ankle Fracture	Zatvorena manipulativna repozicija bimaleolarne frakture gležnja
specijalna-bolnica-za-ortopediju-neurohirurgiju-i-neurologiju-vaso-cukovic-risan	X09117	97.50	NULL	NULL	5689	closed-manipulation-reduction-of-scaphoid-fracture	Closed Manipulation Reduction of Scaphoid Fracture	Zatvorena manipulativna repozicija frakture skafoidne kosti
specijalna-bolnica-za-ortopediju-neurohirurgiju-i-neurologiju-vaso-cukovic-risan	X09118	NULL	NULL	NULL	5690	closed-manipulation-reduction-of-tibia-and-fibula-diaphysis-fracture	Closed Manipulation Reduction of Tibia and Fibula Diaphysis Fracture	Zatvorena manipulativna repozicija frakture dijafize potkoljenice (tibije i fibule)
specijalna-bolnica-za-ortopediju-neurohirurgiju-i-neurologiju-vaso-cukovic-risan	X09127	6.50	NULL	NULL	5691	schanz-collar-application	Schanz Collar Application	Šancov okovratnik
specijalna-bolnica-za-ortopediju-neurohirurgiju-i-neurologiju-vaso-cukovic-risan	X09128	9.75	NULL	NULL	5692	shoulder-sling-mitella	Shoulder Sling (Mitella)	Zaštitni podizač ramena — mitela
specijalna-bolnica-za-ortopediju-neurohirurgiju-i-neurologiju-vaso-cukovic-risan	X09138	25.02	NULL	65.00	5693	closed-reduction-of-sacroiliac-joint-dislocation	Closed Reduction of Sacroiliac Joint or Pubic Symphysis Dislocation	Zatvorena manipulativna repozicija dislokacije sakroilijačnog zgloba ili simfize pubisa
specijalna-bolnica-za-ortopediju-neurohirurgiju-i-neurologiju-vaso-cukovic-risan	X09140	65.00	NULL	166.80	5694	open-or-closed-coccyx-fracture-reduction	Open or Closed Coccyx Fracture Reduction	Zatvorena ili otvorena manipulativna repozicija frakture kokcigeusa
specijalna-bolnica-za-ortopediju-neurohirurgiju-i-neurologiju-vaso-cukovic-risan	X09141	22.75	NULL	58.38	5695	hanging-cast-reduction	Hanging Cast Reduction	Repozicija — viseći gips
specijalna-bolnica-za-ortopediju-neurohirurgiju-i-neurologiju-vaso-cukovic-risan	X09142	9.75	NULL	25.02	5696	u-splint-application	U-Splint Application	U-šina
specijalna-bolnica-za-ortopediju-neurohirurgiju-i-neurologiju-vaso-cukovic-risan	X09143	13.00	NULL	33.36	5697	tutor-plaster-cast	Tutor Plaster Cast	Tutor gips
specijalna-bolnica-za-ortopediju-neurohirurgiju-i-neurologiju-vaso-cukovic-risan	X09144	16.25	NULL	41.70	5698	sarmiento-cast-reduction	Sarmiento Cast Reduction	Repozicija — Sarmiento gips
specijalna-bolnica-za-ortopediju-neurohirurgiju-i-neurologiju-vaso-cukovic-risan	X09145	35.75	NULL	NULL	5699	minerva-plaster-cast-reduction	Minerva Plaster Cast Reduction	Repozicija — Minerva gips
specijalna-bolnica-za-ortopediju-neurohirurgiju-i-neurologiju-vaso-cukovic-risan	X09146	48.75	NULL	91.74	5700	plaster-corset-reduction	Plaster Corset Reduction	Repozicija — korzet gips
specijalna-bolnica-za-ortopediju-neurohirurgiju-i-neurologiju-vaso-cukovic-risan	X09147	27.63	NULL	125.10	5701	plaster-brace-reduction	Plaster Brace Reduction	Repozicija — mider gips
specijalna-bolnica-za-ortopediju-neurohirurgiju-i-neurologiju-vaso-cukovic-risan	X09148	9.75	NULL	70.89	5702	closed-thoracobrachial-plaster-reduction	Closed Thoracobrachial Plaster Reduction	Repozicija — zatvoreni torakobrahijalni gips
specijalna-bolnica-za-ortopediju-neurohirurgiju-i-neurologiju-vaso-cukovic-risan	X09149	13.00	NULL	25.02	5703	thoracobrachial-splint-reduction	Thoracobrachial Splint Reduction	Repozicija — torakobrahijalna longeta
specijalna-bolnica-za-ortopediju-neurohirurgiju-i-neurologiju-vaso-cukovic-risan	X09150	13.00	NULL	33.36	5704	abdominal-femoral-plaster-reduction	Abdominal-Femoral Plaster Reduction	Repozicija — abdominalno-femoralni gips
specijalna-bolnica-za-ortopediju-neurohirurgiju-i-neurologiju-vaso-cukovic-risan	X09151	13.00	NULL	33.36	5705	lorenz-cast-reduction	Lorenz Cast Reduction	Repozicija — Lorencov gips
specijalna-bolnica-za-ortopediju-neurohirurgiju-i-neurologiju-vaso-cukovic-risan	X09152	19.50	NULL	33.36	5706	plaster-splint-for-hand-and-fingers	Hand and Finger Plaster Splint Reduction	Repozicija — gips longeta za šaku i prste
specijalna-bolnica-za-ortopediju-neurohirurgiju-i-neurologiju-vaso-cukovic-risan	X09153	19.50	NULL	50.04	5707	beller-apparatus-application	Böhler Apparatus Application	Repozicija — aplikacija Belerovog aparata
specijalna-bolnica-za-ortopediju-neurohirurgiju-i-neurologiju-vaso-cukovic-risan	X09154	8.13	NULL	50.04	5708	macen-bandage	Macen Bandage	Macenov zavoj
specijalna-bolnica-za-ortopediju-neurohirurgiju-i-neurologiju-vaso-cukovic-risan	X10001	32.50	NULL	83.40	5709	excision-of-malignant-skin-lesions-with-wound-suturing	Excision of Malignant Skin Lesions with Wound Suturing	Ekscizija malignih lezija kože sa suturom rane
specijalna-bolnica-za-ortopediju-neurohirurgiju-i-neurologiju-vaso-cukovic-risan	X10006	32.50	NULL	83.40	5710	nail-plate-and-matrix-excision	Nail Plate and Matrix Excision	Ekscizija nokatne ploče sa matriksom
specijalna-bolnica-za-ortopediju-neurohirurgiju-i-neurologiju-vaso-cukovic-risan	X10007	48.75	NULL	125.10	5711	primary-wound-care-with-electrocauterization	Primary Wound Care with Electrocauterization	Primarna obrada rane uz primjenu elektrokauterizacije
specijalna-bolnica-za-ortopediju-neurohirurgiju-i-neurologiju-vaso-cukovic-risan	X10008	19.50	NULL	50.04	5712	treatment-of-larger-lacerations-and-contusions	Treatment of Larger Lacerations and Contusions	Obrada većih lacerokontuznih rana
specijalna-bolnica-za-ortopediju-neurohirurgiju-i-neurologiju-vaso-cukovic-risan	X10014	9.75	NULL	25.02	5713	superficial-papilloma-excision	Simple Superficial Papilloma Excision	Ekscizija prostog papiloma — površnog
specijalna-bolnica-za-ortopediju-neurohirurgiju-i-neurologiju-vaso-cukovic-risan	X10015	9.75	NULL	25.02	5714	hemorrhoid-treatment-with-electric-destruction	Hemorrhoid Treatment by Electrocoagulation (per Session)	Liječenje hemoroida električnom destrukcijom (po seansi)
specijalna-bolnica-za-ortopediju-neurohirurgiju-i-neurologiju-vaso-cukovic-risan	X10019	16.25	NULL	41.70	5715	sphincterotomy	Sphincterotomy	Sfinkterotomija
specijalna-bolnica-za-ortopediju-neurohirurgiju-i-neurologiju-vaso-cukovic-risan	X10020	16.25	NULL	41.70	5716	simple-cryptectomy	Simple Cryptectomy	Kriptektomija — prosta
specijalna-bolnica-za-ortopediju-neurohirurgiju-i-neurologiju-vaso-cukovic-risan	X10021	16.25	NULL	41.70	5717	external-hemorrhoid-excision	External Hemorrhoid Excision	Ekscizija spoljašnjih hemoroidalnih čvorova
specijalna-bolnica-za-ortopediju-neurohirurgiju-i-neurologiju-vaso-cukovic-risan	X10022	16.25	NULL	41.70	5718	excision-of-external-thrombosed-hemorrhoids	Excision of External Thrombosed Hemorrhoids	Ekscizija spoljašnjih tromboziranih hemoroida
specijalna-bolnica-za-ortopediju-neurohirurgiju-i-neurologiju-vaso-cukovic-risan	X10023	16.25	NULL	41.70	5719	enucleation-or-excision-of-external-thrombosed-hemorrhoids	Enucleation or Excision of External Thrombosed Hemorrhoids	Enukleacija ili ekscizija spoljašnjih tromboziranih hemoroida
specijalna-bolnica-za-ortopediju-neurohirurgiju-i-neurologiju-vaso-cukovic-risan	X10024	16.25	NULL	41.70	5720	endoscopic-foreign-body-removal-from-rectum	Endoscopic Foreign Body Removal from Rectum	Vađenje stranog tijela iz rektuma endoskopskim putem
specijalna-bolnica-za-ortopediju-neurohirurgiju-i-neurologiju-vaso-cukovic-risan	X10026	22.75	NULL	58.38	5721	multiple-unilateral-thoracocentesis	Multiple Unilateral Thoracocentesis in Severe Chest Injuries	Torakocenteza, multiple unilateralne punkcije kod težih povreda grudnog koša
specijalna-bolnica-za-ortopediju-neurohirurgiju-i-neurologiju-vaso-cukovic-risan	X10028	26.00	NULL	66.72	5722	treatment-of-smaller-wounds-without-deep-structure-lesion-direct	Treatment of Smaller Wounds without Deep Structure Lesion by Direct Suture (Face, Eyelids, Nose, Lip, Ear, Hand)	Obrada manjih rana bez lezije dubokih struktura direktnom suturom na licu, očnim kapcima, nosu, usni, ušnoj školjci i šaci
specijalna-bolnica-za-ortopediju-neurohirurgiju-i-neurologiju-vaso-cukovic-risan	X10029	32.50	NULL	NULL	5723	premammary-deep-breast-abscess-treatment	Premammary Deep Breast Abscess Treatment	Duboki absces dojke — premamarni
specijalna-bolnica-za-ortopediju-neurohirurgiju-i-neurologiju-vaso-cukovic-risan	X10030	32.50	NULL	83.40	5724	multiple-bilateral-thoracocentesis	Multiple Bilateral Thoracocentesis in Severe Chest Injuries	Torakocenteza, multiple bilateralne punkcije kod težih povreda grudnog koša
specijalna-bolnica-za-ortopediju-neurohirurgiju-i-neurologiju-vaso-cukovic-risan	X10032	32.50	NULL	83.40	5725	subcutaneous-anal-fistulotomy-or-fistulectomy	Subcutaneous Anal Fistulotomy or Fistulectomy	Fistulotomija ili fistulektomija analne regije — subkutana
specijalna-bolnica-za-ortopediju-neurohirurgiju-i-neurologiju-vaso-cukovic-risan	X10033	32.50	NULL	83.40	5726	ischiorectal-abscess-incision-and-drainage	Ischiorectal Abscess Incision and Drainage	Incizija i drenaža išiorektalnog abscesa
specijalna-bolnica-za-ortopediju-neurohirurgiju-i-neurologiju-vaso-cukovic-risan	X10034	32.50	NULL	83.40	5727	excision-of-irregular-scars-and-defect-closure	Excision of Irregular Scars and Defect Closure by Direct Suture	Ekscizija nepravilnih ožiljaka i zatvaranje defekta direktnom suturom
specijalna-bolnica-za-ortopediju-neurohirurgiju-i-neurologiju-vaso-cukovic-risan	X10035	48.75	NULL	125.10	5728	pilonidal-sinus-or-cyst-excision-without-primary-suture	Pilonidal Sinus or Cyst Excision without Primary Suture	Ekscizija pilonidalnog sinusa ili ciste bez primarnog šava
specijalna-bolnica-za-ortopediju-neurohirurgiju-i-neurologiju-vaso-cukovic-risan	X10036	48.75	NULL	125.10	5729	retromammary-deep-breast-abscess-treatment	Retromammary Deep Breast Abscess Treatment	Duboki absces dojke — retromamarni
specijalna-bolnica-za-ortopediju-neurohirurgiju-i-neurologiju-vaso-cukovic-risan	X10037	48.75	NULL	125.10	5730	aspiration-drainage-of-empyema	Aspiration Drainage of Empyema	Aspiraciona drenaža grudnog koša kod empijema
specijalna-bolnica-za-ortopediju-neurohirurgiju-i-neurologiju-vaso-cukovic-risan	X12063	33.35	NULL	NULL	5813	erythrocyte-suspension-in-oas-preparation	Erythrocyte Preparation in Additive Solution (OAS)	Priprema eritrocita u OAS-u
specijalna-bolnica-za-ortopediju-neurohirurgiju-i-neurologiju-vaso-cukovic-risan	X12064	33.35	NULL	NULL	5814	washed-erythrocyte-preparation	Washed Erythrocyte Preparation	Priprema opranih eritrocita
specijalna-bolnica-za-ortopediju-neurohirurgiju-i-neurologiju-vaso-cukovic-risan	X12065	33.35	NULL	NULL	5815	filtered-erythrocyte-preparation	Filtered Erythrocyte Preparation	Priprema filtriranih eritrocita
specijalna-bolnica-za-ortopediju-neurohirurgiju-i-neurologiju-vaso-cukovic-risan	X13002	93.95	NULL	NULL	5818	donor-plasmapheresis	Donor Plasmapheresis	Donorska plazmafereza
specijalna-bolnica-za-ortopediju-neurohirurgiju-i-neurologiju-vaso-cukovic-risan	X13003	93.95	NULL	NULL	5819	therapeutic-plasmapheresis	Therapeutic Plasmapheresis	Terapijska plazmafereza
specijalna-bolnica-za-ortopediju-neurohirurgiju-i-neurologiju-vaso-cukovic-risan	X13004	60.55	NULL	NULL	5820	therapeutic-cytapheresis	Therapeutic Cytapheresis	Terapijska citafereza
specijalna-bolnica-za-ortopediju-neurohirurgiju-i-neurologiju-vaso-cukovic-risan	X14004	32.50	NULL	NULL	5821	ergocycle-stress-test-with-complete-ecg	Ergocycle Stress Test with Complete ECG	Test opterećenja na ergociklu sa kompletnim EKG snimkom
specijalna-bolnica-za-ortopediju-neurohirurgiju-i-neurologiju-vaso-cukovic-risan	X14006	48.75	NULL	NULL	5822	pharmacological-test-for-ischemia-or-myocardial-viability	Pharmacological Test for Ischemia or Myocardial Viability	Farmakološki testovi za procjenu ishemije i/ili vijabilnosti miokarda
specijalna-bolnica-za-ortopediju-neurohirurgiju-i-neurologiju-vaso-cukovic-risan	X14007	14.63	NULL	NULL	5823	cardiac-telemetry	Cardiac Telemetry	Telemetrija srca
specijalna-bolnica-za-ortopediju-neurohirurgiju-i-neurologiju-vaso-cukovic-risan	X15001	16.25	NULL	NULL	5824	spinal-anesthesiaanalgesia	Spinal Anesthesia/Analgesia	Spinalna anestezija/analgezija
specijalna-bolnica-za-ortopediju-neurohirurgiju-i-neurologiju-vaso-cukovic-risan	X15002	19.50	NULL	NULL	5825	central-nerve-block-for-surgical-interventions	Central Nerve Block for Surgical Interventions	Centralni nervni blokovi za izvođenje hirurških intervencija
specijalna-bolnica-za-ortopediju-neurohirurgiju-i-neurologiju-vaso-cukovic-risan	X15005	32.50	NULL	NULL	5826	electric-cardioversion	Electric Cardioversion	Konverzija ritma elektrošokom
specijalna-bolnica-za-ortopediju-neurohirurgiju-i-neurologiju-vaso-cukovic-risan	X15006	16.25	NULL	NULL	5827	central-venous-catheter-placement	Central Venous Catheter Placement	Plasiranje centralnog venskog katetera
specijalna-bolnica-za-ortopediju-neurohirurgiju-i-neurologiju-vaso-cukovic-risan	X15007	9.75	NULL	NULL	5828	sedation-and-anesthesia-for-ambulatory-surgery	Sedation and Anesthesia for Ambulatory Surgery	Sedacija i anestezija za izvođenje ambulantnih hirurških intervencija
specijalna-bolnica-za-ortopediju-neurohirurgiju-i-neurologiju-vaso-cukovic-risan	X15008	3.25	NULL	NULL	5829	single-point-pharmacopuncture	Single-Point Pharmacopuncture	Aplikacija u jednoj tački — farmakopunktura
specijalna-bolnica-za-ortopediju-neurohirurgiju-i-neurologiju-vaso-cukovic-risan	X15009	6.50	NULL	NULL	5830	intercostal-nerve-block	Intercostal Nerve Block	Blokada interkostalnih nerava
specijalna-bolnica-za-ortopediju-neurohirurgiju-i-neurologiju-vaso-cukovic-risan	X15010	6.50	NULL	NULL	5831	other-peripheral-nerve-block	Other Peripheral Nerve Block	Blokada drugih perifernih živaca
specijalna-bolnica-za-ortopediju-neurohirurgiju-i-neurologiju-vaso-cukovic-risan	X15011	9.75	NULL	NULL	5832	lumbar-sacral-or-coccygeal-block	Lumbar, Sacral or Coccygeal Block	Lumbalna, sakralna i kokcigealna blokada
specijalna-bolnica-za-ortopediju-neurohirurgiju-i-neurologiju-vaso-cukovic-risan	X15012	9.75	NULL	NULL	5833	pudendal-block	Pudendal Block	Pudendalna blokada
specijalna-bolnica-za-ortopediju-neurohirurgiju-i-neurologiju-vaso-cukovic-risan	X15013	9.75	NULL	NULL	5834	ilioinguinal-or-iliohypogastric-block	Ilioinguinal or Iliohypogastric Block	Ilioingvinalna ili iliohipogastrična blokada
specijalna-bolnica-za-ortopediju-neurohirurgiju-i-neurologiju-vaso-cukovic-risan	X15014	9.75	NULL	NULL	5835	sciatic-nerve-block	Sciatic Nerve Block	Blokada išijadičnog nerva
specijalna-bolnica-za-ortopediju-neurohirurgiju-i-neurologiju-vaso-cukovic-risan	X15015	9.75	NULL	NULL	5836	brachial-plexus-block	Brachial Plexus Block	Blokada brahijalnog pleksusa
specijalna-bolnica-za-ortopediju-neurohirurgiju-i-neurologiju-vaso-cukovic-risan	X15016	16.25	NULL	NULL	5837	vima-volatile-induction-and-maintenance-anesthesia	VIMA (Volatile Induction and Maintenance Anesthesia)	VIMA — uvod i održavanje inhalacionom anestezijom
specijalna-bolnica-za-ortopediju-neurohirurgiju-i-neurologiju-vaso-cukovic-risan	X15018	26.00	NULL	NULL	5839	treatment-of-patients-with-respiratory-insufficiency	Treatment of Patients with Respiratory Insufficiency	Tretiranje bolesnika koji imaju respiratornu insuficijenciju
specijalna-bolnica-za-ortopediju-neurohirurgiju-i-neurologiju-vaso-cukovic-risan	X15019	32.50	NULL	NULL	5840	continuous-epidural-anesthesiaanalgesia	Continuous Epidural Anesthesia/Analgesia	Kontinuirana epiduralna anestezija/analgezija
specijalna-bolnica-za-ortopediju-neurohirurgiju-i-neurologiju-vaso-cukovic-risan	X15020	16.25	NULL	NULL	5841	laryngeal-mask-placement	Laryngeal Mask Placement	Plasiranje laringealne maske
specijalna-bolnica-za-ortopediju-neurohirurgiju-i-neurologiju-vaso-cukovic-risan	X26001	48.75	NULL	125.10	5884	electroretinography	Electroretinography	Elektroretinografija
specijalna-bolnica-za-ortopediju-neurohirurgiju-i-neurologiju-vaso-cukovic-risan	X26002	333.60	NULL	NULL	5885	intravitreal-drug-application	Intravitreal Drug Injection	Intravitrealna aplikacija lijeka
specijalna-bolnica-za-ortopediju-neurohirurgiju-i-neurologiju-vaso-cukovic-risan	X27001	133.44	NULL	NULL	5886	treatment-of-head-lacerations-and-minor-skull-depression-fractures	Treatment of Head Lacerations and Minor Skull Depression Fractures	Obrada laceracionih rana na glavi i manjih depresivnih fraktura kostiju glave
specijalna-bolnica-za-ortopediju-neurohirurgiju-i-neurologiju-vaso-cukovic-risan	X27002	166.80	NULL	NULL	5887	nerve-suture-or-marking-without-operating-microscope	Nerve Suture or Marking (without Operating Microscope)	Šav ili markiranje nerava — bez upotrebe operativnog mikroskopa
specijalna-bolnica-za-ortopediju-neurohirurgiju-i-neurologiju-vaso-cukovic-risan	X27003	55.25	NULL	141.78	5888	crutchfield-cervical-spine-traction	Crutchfield Cervical Spine Traction	Ekstenzija cervikalne kičme po Krečfildu
specijalna-bolnica-za-ortopediju-neurohirurgiju-i-neurologiju-vaso-cukovic-risan	X27004	65.00	NULL	166.80	5889	direct-neurorrhaphy	Direct Neurorrhaphy	Direktna neurorafija
specijalna-bolnica-za-ortopediju-neurohirurgiju-i-neurologiju-vaso-cukovic-risan	X27005	9.75	NULL	25.02	5890	muscle-biopsy	Muscle Biopsy	Biopsija mišića
specijalna-bolnica-za-ortopediju-neurohirurgiju-i-neurologiju-vaso-cukovic-risan	X27006	26.00	NULL	66.72	5891	peripheral-nerve-biopsy	Peripheral Nerve Biopsy	Biopsija perifernog nerva
specijalna-bolnica-za-ortopediju-neurohirurgiju-i-neurologiju-vaso-cukovic-risan	X27007	48.75	NULL	125.10	5892	epicranial-hematoma-removal	Epicranial Hematoma Removal	Uklanjanje epikranijalnog hematoma
specijalna-bolnica-za-ortopediju-neurohirurgiju-i-neurologiju-vaso-cukovic-risan	D04079	260.00	NULL	NULL	6386	bilateral-choanal-bony-atresia-plasty	Bilateral Bony Choanal Atresia Repair	Plastika hoanalne koštane atrezije — obostrano
specijalna-bolnica-za-ortopediju-neurohirurgiju-i-neurologiju-vaso-cukovic-risan	D04080	325.00	NULL	NULL	6387	unilateral-de-lima-sinus-operation	Unilateral De Lima Sinus Operation	Operacija sinusa (De Lima) — jednostrano
specijalna-bolnica-za-ortopediju-neurohirurgiju-i-neurologiju-vaso-cukovic-risan	D04081	455.00	NULL	NULL	6388	bilateral-de-lima-sinus-operation	Bilateral De Lima Sinus Operation	Operacija sinusa (De Lima) — obostrano
specijalna-bolnica-za-ortopediju-neurohirurgiju-i-neurologiju-vaso-cukovic-risan	D04083	81.25	NULL	NULL	6390	laryngotomy-or-laryngofissure	Laryngotomy or Laryngofissure	Laringotomija ili laringofisura
specijalna-bolnica-za-ortopediju-neurohirurgiju-i-neurologiju-vaso-cukovic-risan	D05001	650.00	NULL	NULL	6392	acetabulum-and-proximal-femur-arthroplasty	Acetabulum and Proximal Femur Arthroplasty (Total Hip)	Artroplastika acetabuluma i proksimalnog dijela femura (cijeli kuk)
specijalna-bolnica-za-ortopediju-neurohirurgiju-i-neurologiju-vaso-cukovic-risan	D05002	325.00	NULL	NULL	6393	femur-fracture-reduction-closed-or-open	Femur Fracture Reduction (Closed or Open) with/without Internal Fixation	Fraktura femura — zatvorena ili otvorena (složena) repozicija sa ili bez unutrašnje fiksacije
specijalna-bolnica-za-ortopediju-neurohirurgiju-i-neurologiju-vaso-cukovic-risan	D05003	227.50	NULL	NULL	6394	above-knee-amputation-through-femur	Above-Knee Amputation Through Femur	Amputacija noge kroz femur, bilo koje visine
specijalna-bolnica-za-ortopediju-neurohirurgiju-i-neurologiju-vaso-cukovic-risan	D05004	162.50	NULL	NULL	6395	humerus-diaphysis-fracture-closed-or-open-reduction	Humerus Diaphysis Fracture (Open Reduction with/without Fixation)	Fraktura dijafize humerusa — zatvorena ili otvorena (složena), otvorena repozicija sa/bez fiksacije
specijalna-bolnica-za-ortopediju-neurohirurgiju-i-neurologiju-vaso-cukovic-risan	D05005	130.00	NULL	NULL	6396	ulnar-diaphysis-fracture-open-reduction-withwithout-fixation	Ulnar Diaphysis Fracture (Open Reduction with/without Fixation)	Fraktura dijafize ulne — zatvorena ili otvorena, otvorena repozicija sa/bez fiksacije
specijalna-bolnica-za-ortopediju-neurohirurgiju-i-neurologiju-vaso-cukovic-risan	D05006	195.00	NULL	NULL	6397	knee-arthrotomy-capsulotomy-with-exploration-and-foreign-body-removal	Knee Arthrotomy (Capsulotomy) with Exploration, Drainage and Foreign Body Removal	Artrotomija (kapsulotomija) koljena sa eksploracijom, drenažom i odstranjivanjem stranog tijela
specijalna-bolnica-za-ortopediju-neurohirurgiju-i-neurologiju-vaso-cukovic-risan	D05007	227.50	NULL	NULL	6398	tibial-fracture-reduction-closed-or-open-withwithout-fixation	Tibial Fracture Reduction (Closed or Open) with/without Fixation	Fraktura tibije — zatvorena ili otvorena, sa ili bez unutrašnje fiksacije
specijalna-bolnica-za-ortopediju-neurohirurgiju-i-neurologiju-vaso-cukovic-risan	D05009	195.00	NULL	NULL	6399	open-reduction-of-patellar-fracture-with-repair	Open Reduction of Patellar Fracture with Repair and/or Excision	Fraktura patele — otvorena (složena) repozicija sa reparacijom i/ili ekscizijom
specijalna-bolnica-za-ortopediju-neurohirurgiju-i-neurologiju-vaso-cukovic-risan	D05010	178.75	NULL	NULL	6400	achilles-tendon-rupture-repair	Achilles Tendon Rupture Repair	Sutura rupturirane Ahilove tetive
specijalna-bolnica-za-ortopediju-neurohirurgiju-i-neurologiju-vaso-cukovic-risan	D05012	195.00	NULL	NULL	6402	total-fasciotomy-for-dupuytren-contracture	Total Fasciotomy for Dupuytren Contracture	Totalna fasciotomija kod Dupuytren-ove kontrakture
specijalna-bolnica-za-ortopediju-neurohirurgiju-i-neurologiju-vaso-cukovic-risan	D05013	146.25	NULL	NULL	6403	guillotine-hand-amputation	Guillotine Arm Amputation	Giljotinska amputacija ruke
specijalna-bolnica-za-ortopediju-neurohirurgiju-i-neurologiju-vaso-cukovic-risan	D05014	97.50	NULL	NULL	6404	open-reduction-of-radius-and-ulna-diaphysis-fracture	Reduction of Open Radius and Ulna Diaphysis Fracture with Fixation and Soft Tissue Closure	Fraktura dijafize radiusa i ulne — otvorena (složena), sa prostim zatvaranjem mekog tkiva, manipulativna repozicija sa fiksacijom
specijalna-bolnica-za-ortopediju-neurohirurgiju-i-neurologiju-vaso-cukovic-risan	D05016	97.50	NULL	NULL	6405	forearm-amputation-through-radius-and-ulna	Forearm Amputation Through Radius and Ulna	Amputacija podlaktice kroz radijus i ulnu
specijalna-bolnica-za-ortopediju-neurohirurgiju-i-neurologiju-vaso-cukovic-risan	D05017	130.00	NULL	NULL	6406	open-flexor-tenotomy-of-multiple-tendons-same-incision	Open Flexor Tenotomy of Multiple Tendons (Same Incision)	Tenotomija fleksora, otvorena, više od jedne tenotomije, kroz isti rez
specijalna-bolnica-za-ortopediju-neurohirurgiju-i-neurologiju-vaso-cukovic-risan	D05018	113.75	NULL	NULL	6407	open-flexor-tenotomy-of-multiple-fingers	Open Flexor Tenotomy of Multiple Fingers	Tenotomija fleksora, otvorena, više prstiju
specijalna-bolnica-za-ortopediju-neurohirurgiju-i-neurologiju-vaso-cukovic-risan	D05019	162.50	NULL	NULL	6408	metacarpal-fracture-reduction	Metacarpal Fracture Reduction	Frakture metakarpusa — zatvorena ili otvorena (komplikovana) repozicija
specijalna-bolnica-za-ortopediju-neurohirurgiju-i-neurologiju-vaso-cukovic-risan	D05020	113.75	NULL	NULL	6409	hand-amputation-through-metacarpal-joint	Hand Amputation Through Metacarpal Joint	Amputacija šake kroz metakarpalni zglob
specijalna-bolnica-za-ortopediju-neurohirurgiju-i-neurologiju-vaso-cukovic-risan	D05021	48.75	NULL	NULL	6410	single-metacarpal-amputation-with-finger-or-thumb	Single Metacarpal Amputation with Finger or Thumb	Amputacija jednog metakarpusa sa prstom ili palcem
specijalna-bolnica-za-ortopediju-neurohirurgiju-i-neurologiju-vaso-cukovic-risan	D05022	438.75	NULL	NULL	6411	finger-amputation-at-any-phalanx	Single Finger Amputation at Any Joint or Phalanx	Amputacija jednog prsta šake na nivou bilo kojeg zgloba ili falange
specijalna-bolnica-za-ortopediju-neurohirurgiju-i-neurologiju-vaso-cukovic-risan	D05023	81.25	NULL	NULL	6412	hip-disarticulation	Hip Disarticulation	Dezartikulacija kuka
specijalna-bolnica-za-ortopediju-neurohirurgiju-i-neurologiju-vaso-cukovic-risan	D05024	195.00	NULL	NULL	6413	prepatellar-bursectomy	Prepatellar Bursectomy	Ekscizija prepatelarne burze
specijalna-bolnica-za-ortopediju-neurohirurgiju-i-neurologiju-vaso-cukovic-risan	D05025	318.50	NULL	NULL	6414	partial-bone-excision-curettage-sequestrectomy-diaphysectomy	Partial Bone Excision for Osteomyelitis of Femur, Tibia or Fibula	Parcijalna ekscizija kosti (kiretaža, sekvestracija, dijafizektomija) kod osteomijelitisa femura, tibije ili fibule
specijalna-bolnica-za-ortopediju-neurohirurgiju-i-neurologiju-vaso-cukovic-risan	D05026	195.00	NULL	NULL	6415	collateral-or-cruciate-ligament-repair	Collateral or Cruciate Ligament Repair	Reparacija kolateralnog ili ukrštenog ligamenta
specijalna-bolnica-za-ortopediju-neurohirurgiju-i-neurologiju-vaso-cukovic-risan	D05029	195.00	NULL	NULL	6416	tibial-osteotomy	Tibial Osteotomy	Osteotomija tibije
specijalna-bolnica-za-ortopediju-neurohirurgiju-i-neurologiju-vaso-cukovic-risan	D05030	NULL	NULL	NULL	6417	tibia-diaphysis-fracture-reduction-with-internalexternal-fixation	Tibia Diaphysis Fracture Reduction with Internal/External Fixation	Fraktura dijafize tibije — zatvorena ili otvorena, sa unutrašnjom ili spoljnom fiksacijom
specijalna-bolnica-za-ortopediju-neurohirurgiju-i-neurologiju-vaso-cukovic-risan	D05032	195.00	NULL	NULL	6418	below-knee-amputation-through-tibia-and-fibula	Below-Knee Amputation Through Tibia and Fibula	Amputacija noge kroz tibiju i fibulu
specijalna-bolnica-za-ortopediju-neurohirurgiju-i-neurologiju-vaso-cukovic-risan	D05033	39.00	NULL	NULL	6419	subcutaneous-plantar-or-toe-fasciotomy	Subcutaneous Plantar or Toe Fasciotomy	Subkutana plantarna fasciotomija i/ili fasciotomija prsta
specijalna-bolnica-za-ortopediju-neurohirurgiju-i-neurologiju-vaso-cukovic-risan	D05034	52.00	NULL	NULL	6420	multiple-foot-flexor-tenolysis-same-incision	Multiple Foot Flexor Tenolysis (Same Incision)	Tenoliza fleksora stopala, više (kroz isti rez)
specijalna-bolnica-za-ortopediju-neurohirurgiju-i-neurologiju-vaso-cukovic-risan	D05035	162.50	NULL	NULL	6421	multiple-foot-extensor-tenolysis-same-incision	Multiple Foot Extensor Tenolysis (Same Incision)	Tenoliza ekstenzora stopala, više (kroz isti rez)
specijalna-bolnica-za-ortopediju-neurohirurgiju-i-neurologiju-vaso-cukovic-risan	D05036	162.50	NULL	NULL	6422	chopart-tarsal-amputation	Chopart Tarsal Amputation	Amputacija stopala kroz tarzus (Chopart tip)
specijalna-bolnica-za-ortopediju-neurohirurgiju-i-neurologiju-vaso-cukovic-risan	D05037	32.50	NULL	NULL	6423	transmetatarsal-foot-amputation	Transmetatarsal Foot Amputation	Transmetatarzalna amputacija stopala
specijalna-bolnica-za-ortopediju-neurohirurgiju-i-neurologiju-vaso-cukovic-risan	D05038	32.50	NULL	NULL	6424	second-phalanx-osteotomy-any-toe	Second Phalanx Osteotomy (Any Toe)	Osteotomija druge falange, bilo koji prst
specijalna-bolnica-za-ortopediju-neurohirurgiju-i-neurologiju-vaso-cukovic-risan	D05045	48.75	NULL	NULL	6426	excision-of-tendon-sheath-or-capsule-lesion-cyst-ganglion	Excision of Tendon Sheath or Capsule Lesion (Cyst, Ganglion) of Lower Leg or Foot	Ekscizija lezije tetivnog omotača ili kapsule (npr. ciste ili gangliona) potkoljenice ili stopala
specijalna-bolnica-za-ortopediju-neurohirurgiju-i-neurologiju-vaso-cukovic-risan	D05046	48.75	NULL	NULL	6427	manipulative-reduction-of-ankle-joint-dislocation	Manipulative Reduction of Ankle Joint Dislocation	Dislokacija zgloba gležnja — manipulativna repozicija
specijalna-bolnica-za-ortopediju-neurohirurgiju-i-neurologiju-vaso-cukovic-risan	D05048	48.75	NULL	NULL	6428	big-toe-phalanx-fracture-reduction	Big Toe Phalanx Fracture Reduction	Fraktura falange palca stopala — zatvorena ili otvorena
specijalna-bolnica-za-ortopediju-neurohirurgiju-i-neurologiju-vaso-cukovic-risan	D05049	65.00	NULL	NULL	6429	single-fingertoe-amputation	Single Finger/Toe Amputation	Amputacija jednog prsta
specijalna-bolnica-za-ortopediju-neurohirurgiju-i-neurologiju-vaso-cukovic-risan	D05051	65.00	NULL	NULL	6430	monteggia-elbow-fracture-proximal-end	Closed Reduction of Monteggia Elbow Fracture (Proximal Ulna with Radial Head Dislocation)	Fraktura lakta, Monteggia tip (proksimalni kraj ulne sa dislokacijom glave radiusa) — zatvorena manipulativna repozicija
specijalna-bolnica-za-ortopediju-neurohirurgiju-i-neurologiju-vaso-cukovic-risan	D05053	65.00	NULL	NULL	6431	hand-proximal-or-middle-phalanx-fracture-reduction	Hand Proximal or Middle Phalanx Fracture Reduction	Fraktura proksimalne ili srednje falange prsta šake — zatvorena ili otvorena
specijalna-bolnica-za-ortopediju-neurohirurgiju-i-neurologiju-vaso-cukovic-risan	D05054	65.00	NULL	NULL	6432	trochanteric-bursa-or-calcification-excision	Trochanteric Bursa or Calcification Excision	Ekscizija trohanteričnih burza ili kalcifikata
specijalna-bolnica-za-ortopediju-neurohirurgiju-i-neurologiju-vaso-cukovic-risan	D05055	65.00	NULL	NULL	6433	primary-extensor-tendon-repair-one-or-more	Primary Extensor Tendon Repair (One or More)	Primarna reparacija tetive ekstenzora, jedne ili više
specijalna-bolnica-za-ortopediju-neurohirurgiju-i-neurologiju-vaso-cukovic-risan	D05056	65.00	NULL	NULL	6434	metatarsal-head-ostectomy-one-or-more	Metatarsal Head Ostectomy (One or More)	Ostektomija glavice metatarzalne kosti, jedna ili više
specijalna-bolnica-za-ortopediju-neurohirurgiju-i-neurologiju-vaso-cukovic-risan	D05057	65.00	NULL	NULL	6435	metatarsophalangeal-joint-dislocation-reduction	Metatarsophalangeal Joint Dislocation Reduction	Dislokacija metatarzo-falangealnog zgloba — zatvorena ili otvorena
specijalna-bolnica-za-ortopediju-neurohirurgiju-i-neurologiju-vaso-cukovic-risan	D05058	65.00	NULL	NULL	6436	primary-peripheral-nerve-neurorrhaphy	Primary Peripheral Nerve Neurorrhaphy	Primarna neurorafija perifernog živca
specijalna-bolnica-za-ortopediju-neurohirurgiju-i-neurologiju-vaso-cukovic-risan	D05059	78.00	NULL	NULL	6437	hallux-valgus-correction-with-x-ostectomy	Hallux Valgus Correction with Exostectomy	Hallux valgus, korekcija pomoću egzostektomije
specijalna-bolnica-za-ortopediju-neurohirurgiju-i-neurologiju-vaso-cukovic-risan	D05060	81.25	NULL	NULL	6438	open-flexor-tenotomy-of-one-or-more-fingers	Open Flexor Tenotomy of One or More Fingers	Tenotomija fleksora, otvorena, jedan ili više prstiju
specijalna-bolnica-za-ortopediju-neurohirurgiju-i-neurologiju-vaso-cukovic-risan	D05061	81.25	NULL	NULL	6439	hand-and-foot-extensor-tenotomy	Hand and Foot Extensor Tenotomy (One or More)	Tenotomija ekstenzora šake i stopala, jednog ili više
specijalna-bolnica-za-ortopediju-neurohirurgiju-i-neurologiju-vaso-cukovic-risan	D05062	81.25	NULL	NULL	6440	clavicle-fracture-open-or-closed-manipulative-reduction	Clavicle Fracture (Open or Closed Manipulative Reduction)	Fraktura klavikule — otvorena ili zatvorena manipulativna repozicija
specijalna-bolnica-za-ortopediju-neurohirurgiju-i-neurologiju-vaso-cukovic-risan	D05065	81.25	NULL	NULL	6441	distal-radial-epiphysis-fracture-open-or-closed-reduction	Manipulative Reduction of Distal Radial Epiphysis Fracture (Open or Closed)	Manipulativna repozicija frakture distalne epifize radijusa (otvorene ili zatvorene)
specijalna-bolnica-za-ortopediju-neurohirurgiju-i-neurologiju-vaso-cukovic-risan	D05066	81.25	NULL	NULL	6442	subcutaneous-palmar-fasciotomy-dupuytren	Subcutaneous Palmar Fasciotomy (Dupuytren)	Subkutana palmarna fasciotomija kod Dupuytren-ove kontrakture
specijalna-bolnica-za-ortopediju-neurohirurgiju-i-neurologiju-vaso-cukovic-risan	D05068	81.25	NULL	NULL	6443	excision-of-cyst-or-benign-tumor-iliac-crest-etc-withwithout-autograft	Excision of Cyst or Benign Tumor (Iliac Crest, etc.) with/without Autograft	Ekscizija ciste ili benignog tumora (npr. krilo bedrene kosti) sa ili bez autografta
specijalna-bolnica-za-ortopediju-neurohirurgiju-i-neurologiju-vaso-cukovic-risan	D05069	81.25	NULL	NULL	6444	lower-leg-fasciotomy-with-decompression	Lower Leg Fasciotomy with Decompression	Fasciotomija potkoljenice dekompresijom
specijalna-bolnica-za-ortopediju-neurohirurgiju-i-neurologiju-vaso-cukovic-risan	D05070	81.25	NULL	NULL	6445	foot-flexor-tenolysis-one-or-more	Foot Flexor Tenolysis (One or More)	Tenoliza fleksora stopala, jedna ili više
specijalna-bolnica-za-ortopediju-neurohirurgiju-i-neurologiju-vaso-cukovic-risan	D05071	91.00	NULL	NULL	6446	metatarsal-osteotomy-one-or-more	Metatarsal Osteotomy (One or More)	Osteotomija metatarzalne kosti, jedne ili više
specijalna-bolnica-za-ortopediju-neurohirurgiju-i-neurologiju-vaso-cukovic-risan	D05072	91.00	NULL	NULL	6447	proximal-phalanx-big-toe-osteotomy-for-shortening-or-rotation	Big Toe Proximal Phalanx Osteotomy for Shortening, Angular or Rotational Correction (Hallux Valgus)	Osteotomija proksimalne falange palca za skraćenje, ugaonu ili rotacionu korekciju (Hallux valgus)
specijalna-bolnica-za-ortopediju-neurohirurgiju-i-neurologiju-vaso-cukovic-risan	D05073	97.50	NULL	NULL	6448	foot-flexor-tendon-repair-primary-or-secondary-one-or-more	Foot Flexor Tendon Repair (Primary or Secondary, One or More)	Reparacija/sutura fleksornih tetiva stopala, primarna ili sekundarna, jedna ili više
specijalna-bolnica-za-ortopediju-neurohirurgiju-i-neurologiju-vaso-cukovic-risan	D05074	97.50	NULL	NULL	6449	lateral-or-medial-fasciotomy-tennis-elbow	Lateral or Medial Fasciotomy (Tennis Elbow)	Lateralna ili medijalna fasciotomija (npr. epikondilitis, teniski lakat)
specijalna-bolnica-za-ortopediju-neurohirurgiju-i-neurologiju-vaso-cukovic-risan	D05075	97.50	NULL	NULL	6450	medial-or-lateral-epicondyle-fracture-open-with-k-wire-or-plate	Medial or Lateral Epicondyle Fracture (Open with K-wire or Plate)	Fraktura medijalnog ili lateralnog epikondila — otvorena (složena), sa Kiršnerovom iglom ili pločom
specijalna-bolnica-za-ortopediju-neurohirurgiju-i-neurologiju-vaso-cukovic-risan	D05076	97.50	NULL	NULL	6451	carpal-bone-fracture-open-reduction-with-k-wire	Carpal Bone Fracture Open Reduction with K-wire	Fraktura karpalne kosti — zatvorena ili otvorena, otvorena repozicija sa Kiršnerovom iglom
specijalna-bolnica-za-ortopediju-neurohirurgiju-i-neurologiju-vaso-cukovic-risan	D05078	97.50	NULL	NULL	6452	metacarpophalangeal-joint-dislocation-reduction	Metacarpophalangeal Joint Dislocation Reduction	Metakarpofalangealna dislokacija — zatvorena ili otvorena
specijalna-bolnica-za-ortopediju-neurohirurgiju-i-neurologiju-vaso-cukovic-risan	D05079	97.50	NULL	NULL	6453	lower-leg-flexor-tendon-primary-repair-one-or-more	Lower Leg Flexor Tendon Primary Repair (One or More)	Primarna reparacija ili sutura tetive fleksora potkoljenice, jedna ili više
specijalna-bolnica-za-ortopediju-neurohirurgiju-i-neurologiju-vaso-cukovic-risan	D05080	97.50	NULL	NULL	6454	below-knee-re-amputation-through-tibiafibula	Below-Knee Re-amputation Through Tibia/Fibula	Reamputacija noge kroz tibiju ili fibulu
specijalna-bolnica-za-ortopediju-neurohirurgiju-i-neurologiju-vaso-cukovic-risan	D05081	97.50	NULL	NULL	6455	arthrotomy-with-exploration-and-drainage	Intertarsal or Tarsometatarsal Arthrotomy with Exploration, Drainage and Foreign Body Removal	Artrotomija (kapsulotomija) intertarzalnog ili tarzometatarzalnog zgloba sa eksploracijom, drenažom i vađenjem stranog tijela
specijalna-bolnica-za-ortopediju-neurohirurgiju-i-neurologiju-vaso-cukovic-risan	D05082	97.50	NULL	NULL	6456	tarsal-bone-fracture-reduction-withwithout-fixation	Tarsal Bone Fracture Reduction with/without Fixation	Fraktura tarzalne kosti — zatvorena ili otvorena sa/bez unutrašnje ili spoljne fiksacije
specijalna-bolnica-za-ortopediju-neurohirurgiju-i-neurologiju-vaso-cukovic-risan	D05083	97.50	NULL	NULL	6457	metatarsal-bone-fracture-reduction-withwithout-fixation	Metatarsal Bone Fracture Reduction with/without Fixation	Fraktura metatarzalne kosti — zatvorena ili otvorena sa/bez fiksacije
specijalna-bolnica-za-ortopediju-neurohirurgiju-i-neurologiju-vaso-cukovic-risan	D05084	97.50	NULL	NULL	6458	tarsal-bone-dislocation-reduction-withwithout-fixation	Tarsal Bone Dislocation Reduction with/without Fixation	Dislokacija tarzalnih kosti — zatvorena ili otvorena sa/bez fiksacije
specijalna-bolnica-za-ortopediju-neurohirurgiju-i-neurologiju-vaso-cukovic-risan	D05085	97.50	NULL	NULL	6459	tarsometatarsal-joint-dislocation-reduction	Tarsometatarsal Joint Dislocation Reduction	Dislokacija tarzometatarzalnog zgloba — zatvorena ili otvorena
specijalna-bolnica-za-ortopediju-neurohirurgiju-i-neurologiju-vaso-cukovic-risan	D05086	97.50	NULL	NULL	6460	metatarsal-amputation-with-one-or-more-toes	Metatarsal Amputation with One or More Toes	Amputacija metatarzusa sa jednim prstom ili više
specijalna-bolnica-za-ortopediju-neurohirurgiju-i-neurologiju-vaso-cukovic-risan	D05087	97.50	NULL	NULL	6461	partial-dupuytren-fasciectomy	Partial Dupuytren Fasciectomy	Fasciektomija Dupuytren-ove kontrakture, parcijalna
specijalna-bolnica-za-ortopediju-neurohirurgiju-i-neurologiju-vaso-cukovic-risan	D05088	113.75	NULL	NULL	6462	metatarsal-osteotomy	Metatarsal Osteotomy	Osteotomija metatarzalne kosti
specijalna-bolnica-za-ortopediju-neurohirurgiju-i-neurologiju-vaso-cukovic-risan	D05089	113.75	NULL	NULL	6463	excision-of-radius-or-ulna-cyst-or-benign-tumor	Excision of Radius or Ulna Cyst or Benign Tumor	Ekscizija ciste ili benignog tumora radijusa ili ulne
specijalna-bolnica-za-ortopediju-neurohirurgiju-i-neurologiju-vaso-cukovic-risan	D05090	113.75	NULL	NULL	6464	partial-bone-excision-curettage-sequestrectomy	Partial Bone Excision for Osteomyelitis of Radius or Ulna	Parcijalna ekscizija kosti (kiretaža, sekvestracija, dijafizektomija) kod osteomijelitisa radijusa ili ulne
specijalna-bolnica-za-ortopediju-neurohirurgiju-i-neurologiju-vaso-cukovic-risan	D05091	113.75	NULL	NULL	6465	capsulotomy-or-capsuloplasty-for-contracture	Capsulotomy or Capsuloplasty for Metacarpophalangeal Contracture (Single Joint)	Kapsulotomija ili kapsuloplastika kod kontrakture metakarpofalangealnog zgloba (jedan zglob)
specijalna-bolnica-za-ortopediju-neurohirurgiju-i-neurologiju-vaso-cukovic-risan	D05092	130.00	NULL	NULL	6466	capsulotomycapsuloplasty-for-interphalangeal-contracture	Capsulotomy or Capsuloplasty for Interphalangeal Contracture (One or More Joints)	Kapsulotomija ili kapsuloplastika kod kontrakture interfalangealnog zgloba (jedan ili više zglobova)
specijalna-bolnica-za-ortopediju-neurohirurgiju-i-neurologiju-vaso-cukovic-risan	D05096	NULL	NULL	NULL	6469	baker-cyst-excision	Baker Cyst Excision	Ekscizija sinovijalne ciste poplitealne jame (Bakerova cista)
specijalna-bolnica-za-ortopediju-neurohirurgiju-i-neurologiju-vaso-cukovic-risan	D05097	NULL	NULL	NULL	6470	radial-head-resection	Radial Head Resection	Resekcija glavice radiusa
specijalna-bolnica-za-ortopediju-neurohirurgiju-i-neurologiju-vaso-cukovic-risan	D05099	NULL	NULL	NULL	6472	forearm-and-wrist-joint-synovectomy	Forearm and Wrist Joint Synovectomy	Sinovektomija podlaktice i zgloba ručja
specijalna-bolnica-za-ortopediju-neurohirurgiju-i-neurologiju-vaso-cukovic-risan	D05100	NULL	NULL	NULL	6473	radial-diaphysis-fracture-closed-or-open-withwithout-fixation	Radial Diaphysis Fracture (Closed or Open) with/without Fixation	Fraktura dijafize radiusa — zatvorena ili otvorena sa otvorenom repozicijom, sa/bez fiksacije
specijalna-bolnica-za-ortopediju-neurohirurgiju-i-neurologiju-vaso-cukovic-risan	D05102	NULL	NULL	NULL	6475	partial-bone-excision-curettage-sequestrectomy-or	Superficial Partial Bone Excision for Osteomyelitis (Curettage, Sequestrectomy or Diaphysectomy)	Parcijalna ekscizija kosti (kiretaža, sekvestracija ili dijafizektomija) kod osteomijelitisa, superficijalno
specijalna-bolnica-za-ortopediju-neurohirurgiju-i-neurologiju-vaso-cukovic-risan	D05103	NULL	NULL	NULL	6476	fibula-fracture-reduction-withwithout-fixation	Fibula Fracture Reduction (Closed or Open) with/without Internal or External Fixation	Fraktura fibule — zatvorena ili otvorena (složena) repozicija sa ili bez unutrašnje ili spoljašnje fiksacije
specijalna-bolnica-za-ortopediju-neurohirurgiju-i-neurologiju-vaso-cukovic-risan	D05105	NULL	NULL	NULL	6478	primary-ulnar-or-median-nerve-neurorrhaphy	Primary Ulnar or Median Nerve Neurorrhaphy at Forearm Level	Primarna neurorafija ulnarisa ili medianusa u visini podlaktice
specijalna-bolnica-za-ortopediju-neurohirurgiju-i-neurologiju-vaso-cukovic-risan	D05106	146.25	NULL	NULL	6479	calcaneal-osteotomy-with-internal-fixation	Calcaneal Osteotomy with Internal Fixation	Osteotomija kalkaneusa, uključujući unutrašnju fiksaciju
specijalna-bolnica-za-ortopediju-neurohirurgiju-i-neurologiju-vaso-cukovic-risan	D05107	146.25	NULL	NULL	6480	talus-osteotomy	Talus Osteotomy	Osteotomija talusa
specijalna-bolnica-za-ortopediju-neurohirurgiju-i-neurologiju-vaso-cukovic-risan	D05108	146.25	NULL	NULL	6481	clavicle-fracture-closed-or-open-withwithout-fixation	Clavicle Fracture (Closed or Open) with/without Fixation	Fraktura klavikule — zatvorena ili otvorena sa/bez unutrašnje ili spoljne fiksacije
specijalna-bolnica-za-ortopediju-neurohirurgiju-i-neurologiju-vaso-cukovic-risan	D05109	146.25	NULL	NULL	6482	excision-of-humerus-cyst-or-benign-tumor	Excision of Humerus Cyst or Benign Tumor	Ekscizija ciste ili benignog tumora humerusa
specijalna-bolnica-za-ortopediju-neurohirurgiju-i-neurologiju-vaso-cukovic-risan	D05111	146.25	NULL	NULL	6484	hallux-valgus-correction-with-metatarsal-osteotomy	Hallux Valgus Correction with Metatarsal Osteotomy	Hallux valgus, korekcija sa metatarzalnom osteotomijom
specijalna-bolnica-za-ortopediju-neurohirurgiju-i-neurologiju-vaso-cukovic-risan	D05112	156.00	NULL	NULL	6485	closed-manipulative-reduction-of-femoral-neck-fracture	Closed Manipulative Reduction of Femoral Neck Fracture	Zatvorena manipulativna repozicija frakture vrata femura
specijalna-bolnica-za-ortopediju-neurohirurgiju-i-neurologiju-vaso-cukovic-risan	D05114	162.50	NULL	NULL	6487	half-palmar-fasciectomy	Half Palmar Fasciectomy	Fasciektomija — ekscizija do jedne polovine palmarne fascije
specijalna-bolnica-za-ortopediju-neurohirurgiju-i-neurologiju-vaso-cukovic-risan	D05115	162.50	NULL	NULL	6488	supracondylar-or-transcondylar-humerus-fracture-closed	Supracondylar or Transcondylar Humerus Fracture (Closed)	Suprakondilarna ili transkondilarna fraktura humerusa — zatvorena
specijalna-bolnica-za-ortopediju-neurohirurgiju-i-neurologiju-vaso-cukovic-risan	D05116	162.50	NULL	NULL	6489	excision-of-tibia-or-fibula-cyst-or-benign-tumor	Excision of Tibia or Fibula Cyst or Benign Tumor	Ekscizija ciste ili benignog tumora tibije ili fibule
specijalna-bolnica-za-ortopediju-neurohirurgiju-i-neurologiju-vaso-cukovic-risan	D05117	162.50	NULL	NULL	6490	shoulder-arthrotomy-capsulotomy-with-exploration	Shoulder Arthrotomy (Capsulotomy) with Exploration, Drainage and Foreign Body Removal	Artrotomija (kapsulotomija) ramena sa eksploracijom, drenažom i odstranjenjem stranog tijela
specijalna-bolnica-za-ortopediju-neurohirurgiju-i-neurologiju-vaso-cukovic-risan	D05118	162.50	NULL	NULL	6491	elbow-joint-arthrotomy-capsulotomy-with-exploration	Elbow Joint Arthrotomy (Capsulotomy) with Exploration, Drainage and Foreign Body Removal	Artrotomija (kapsulotomija) lakatnog zgloba sa eksploracijom, drenažom i vađenjem stranog tijela
specijalna-bolnica-za-ortopediju-neurohirurgiju-i-neurologiju-vaso-cukovic-risan	D05120	162.50	NULL	NULL	6493	carpometacarpal-thumb-joint-dislocation-reduction	Carpometacarpal Thumb Joint Dislocation Reduction	Karpo-metakarpalna dislokacija palca — zatvorena ili otvorena
specijalna-bolnica-za-ortopediju-neurohirurgiju-i-neurologiju-vaso-cukovic-risan	D05121	162.50	NULL	NULL	6494	re-amputation-through-femur	Re-amputation Through Femur	Reamputacija noge kroz femur
specijalna-bolnica-za-ortopediju-neurohirurgiju-i-neurologiju-vaso-cukovic-risan	D05122	162.50	NULL	NULL	6495	primary-suture-of-ruptured-collateral-ligament	Primary Suture of Ruptured Ankle Collateral Ligament	Primarna sutura rupturiranog ili prekinutog kolateralnog ligamenta gležnja
specijalna-bolnica-za-ortopediju-neurohirurgiju-i-neurologiju-vaso-cukovic-risan	D05123	162.50	NULL	NULL	6496	calcaneus-fracture-open-or-closed	Calcaneus Fracture (Open or Closed)	Fraktura kalkaneusa — zatvorena ili otvorena (složena)
specijalna-bolnica-za-ortopediju-neurohirurgiju-i-neurologiju-vaso-cukovic-risan	D05124	178.75	NULL	NULL	6497	excision-of-femur-cyst-or-benign-tumor	Excision of Femur Cyst or Benign Tumor	Ekscizija ciste ili benignog tumora femura
specijalna-bolnica-za-ortopediju-neurohirurgiju-i-neurologiju-vaso-cukovic-risan	D05126	195.00	NULL	NULL	6499	patellar-dislocation-closed-or-open-reduction	Patellar Dislocation (Closed or Open Reduction)	Dislokacija patele — zatvorena ili otvorena
specijalna-bolnica-za-ortopediju-neurohirurgiju-i-neurologiju-vaso-cukovic-risan	D05127	195.00	NULL	NULL	6500	bimalleolar-ankle-fracture-open-or-closed-withwithout-fixation	Bimalleolar Ankle Fracture (Open or Closed) with/without Fixation	Bimaleolarna fraktura gležnja — zatvorena ili otvorena sa/bez fiksacije
specijalna-bolnica-za-ortopediju-neurohirurgiju-i-neurologiju-vaso-cukovic-risan	D05128	195.00	NULL	NULL	6501	acromioclavicular-joint-dislocation-open-or-closed	Acromioclavicular Joint Dislocation (Open or Closed)	Dislokacija akromioklavikularnog zgloba — zatvorena ili otvorena
specijalna-bolnica-za-ortopediju-neurohirurgiju-i-neurologiju-vaso-cukovic-risan	D05129	195.00	NULL	NULL	6502	surgical-neck-of-scapula-fracture-closed-or-open	Surgical Neck of Scapula Fracture (Closed or Open)	Fraktura hirurškog vrata skapule — zatvorena ili otvorena
specijalna-bolnica-za-ortopediju-neurohirurgiju-i-neurologiju-vaso-cukovic-risan	D05130	195.00	NULL	NULL	6503	shoulder-dislocation-open-or-closed	Shoulder Dislocation (Open or Closed)	Dislokacija ramena — zatvorena ili otvorena (složena)
specijalna-bolnica-za-ortopediju-neurohirurgiju-i-neurologiju-vaso-cukovic-risan	D05134	195.00	NULL	NULL	6507	transnavicular-perilunate-fracture-open-or-closed	Transnavicular Perilunate Fracture (Open or Closed)	Transnavikularna perilunarna fraktura — zatvorena ili otvorena
specijalna-bolnica-za-ortopediju-neurohirurgiju-i-neurologiju-vaso-cukovic-risan	D05137	227.50	NULL	NULL	6510	quadriceps-rupture-suture	Quadriceps Rupture Suture	Sutura kod rupture m. quadricepsa
specijalna-bolnica-za-ortopediju-neurohirurgiju-i-neurologiju-vaso-cukovic-risan	D05140	227.50	NULL	NULL	6513	navicular-pseudarthrosis-repair-withwithout-bone-graft	Navicular Pseudarthrosis Repair with/without Radial Styloidectomy, Including Bone Graft and Fixation	Reparacija pseudoartroze navikularne kosti sa ili bez stiloidektomije radiusa, uključujući koštani kalem i fiksaciju
specijalna-bolnica-za-ortopediju-neurohirurgiju-i-neurologiju-vaso-cukovic-risan	D05141	227.50	NULL	NULL	6514	complete-fasciectomy	Complete Fasciectomy	Kompletna fasciektomija
specijalna-bolnica-za-ortopediju-neurohirurgiju-i-neurologiju-vaso-cukovic-risan	D05143	227.50	NULL	NULL	6515	trimalleolar-ankle-fracture-open-or-closed-withwithout-fixation	Trimalleolar Ankle Fracture (Open or Closed) with/without Fixation	Trimaleolarna fraktura gležnja — zatvorena ili otvorena, sa ili bez fiksacije
specijalna-bolnica-za-ortopediju-neurohirurgiju-i-neurologiju-vaso-cukovic-risan	D05144	NULL	NULL	NULL	6516	primary-multi-tendon-flexor-repair-with-excision	Primary Multi-Tendon Flexor Repair with Excision of Flexor Digitorum Superficialis	Primarna tendorafija više fleksornih tetiva uz ekstirpaciju sublimisa
specijalna-bolnica-za-ortopediju-neurohirurgiju-i-neurologiju-vaso-cukovic-risan	D05146	227.50	NULL	NULL	6517	anterior-capsulorrhaphy-for-recurrent-shoulder-dislocation	Anterior Capsulorrhaphy for Recurrent Shoulder Dislocation	Prednja kapsulorafija kod povratnih dislokacija ramena
specijalna-bolnica-za-ortopediju-neurohirurgiju-i-neurologiju-vaso-cukovic-risan	D05147	308.75	NULL	NULL	6518	knee-dislocation-closed-or-open-reduction-withwithout-fixation	Knee Dislocation (Closed or Open Reduction with/without Fixation)	Dislokacija koljena — zatvorena ili otvorena sa/bez unutrašnje fiksacije
specijalna-bolnica-za-ortopediju-neurohirurgiju-i-neurologiju-vaso-cukovic-risan	D05148	NULL	NULL	NULL	6519	secondary-repair-of-medial-ligament-and-capsule	Secondary Repair of Medial Ligament and Capsule	Sekundarna reparacija medijalnog ligamenta i kapsule
specijalna-bolnica-za-ortopediju-neurohirurgiju-i-neurologiju-vaso-cukovic-risan	D05149	325.00	NULL	NULL	6520	traumatic-hip-dislocation-closed-or-open	Open Reduction of Traumatic Hip Dislocation (Closed or Open)	Traumatska dislokacija zgloba kuka — zatvorena ili otvorena, otvorena repozicija
specijalna-bolnica-za-ortopediju-neurohirurgiju-i-neurologiju-vaso-cukovic-risan	D05150	325.00	NULL	NULL	6521	medial-or-lateral-femoral-condyle-fracture-open-reduction	Medial or Lateral Femoral Condyle Fracture (Open Reduction with/without Fixation)	Fraktura medijalnog ili lateralnog kondila femura — zatvorena ili otvorena, otvorena repozicija sa/bez fiksacije
specijalna-bolnica-za-ortopediju-neurohirurgiju-i-neurologiju-vaso-cukovic-risan	D05151	487.50	NULL	NULL	6522	intertrochanteric-or-peritrochanteric-fracture	Intertrochanteric or Peritrochanteric Fracture (Open Reduction with Internal Fixation)	Intertrohanterična ili peritrohanterična fraktura — otvorena repozicija sa unutrašnjom fiksacijom
specijalna-bolnica-za-ortopediju-neurohirurgiju-i-neurologiju-vaso-cukovic-risan	D05152	585.00	NULL	NULL	6523	acetabular-cup-arthroplasty-prosthesis	Acetabular Cup Arthroplasty / Prosthesis	Artroplastika čašice ili proteza
specijalna-bolnica-za-ortopediju-neurohirurgiju-i-neurologiju-vaso-cukovic-risan	D05153	113.75	NULL	NULL	6524	osteosynthetic-material-removal	Osteosynthetic Material Removal	Vađenje osteosintetskog materijala
specijalna-bolnica-za-ortopediju-neurohirurgiju-i-neurologiju-vaso-cukovic-risan	D05154	162.50	NULL	NULL	6525	removal-of-subtotal-hip-prosthesis-with-reintervention-prep	Removal of Subtotal Hip Prosthesis with Reintervention Prep	Vađenje subtotalne proteze kuka i priprema za reintervenciju proteze
specijalna-bolnica-za-ortopediju-neurohirurgiju-i-neurologiju-vaso-cukovic-risan	D05155	162.50	NULL	NULL	6526	removal-of-total-hip-prosthesis-with-reintervention-prep	Removal of Total Hip Prosthesis with Reintervention Prep	Vađenje totalne proteze kuka i priprema za reintervenciju proteze
specijalna-bolnica-za-ortopediju-neurohirurgiju-i-neurologiju-vaso-cukovic-risan	D05156	NULL	NULL	NULL	6527	total-knee-replacement	Total Knee Replacement	Implantacija totalne proteze koljena
specijalna-bolnica-za-ortopediju-neurohirurgiju-i-neurologiju-vaso-cukovic-risan	D05158	65.00	NULL	NULL	6529	manipulative-reduction-of-open-iliacpubic-fracture	Manipulative Reduction of Open Iliac, Pubic or Ischial Fracture	Manipulativna repozicija otvorene frakture ilijačne, pubične i sjedalne kosti
specijalna-bolnica-za-ortopediju-neurohirurgiju-i-neurologiju-vaso-cukovic-risan	D05159	65.00	NULL	NULL	6530	manipulative-reduction-of-open-distal-fracture	Manipulative Reduction of Open Distal Tibia (Medial Malleolus) Fracture	Manipulativna repozicija otvorene frakture distalnog dijela potkoljenice (medijalnog maleolusa)
specijalna-bolnica-za-ortopediju-neurohirurgiju-i-neurologiju-vaso-cukovic-risan	D05160	65.00	NULL	NULL	6531	manipulative-reduction-of-open-fibula-fracture	Manipulative Reduction of Open Fibula Fracture (Shaft or Proximal)	Manipulativna repozicija otvorene frakture fibule (dijafiza ili proksimalni dio)
specijalna-bolnica-za-ortopediju-neurohirurgiju-i-neurologiju-vaso-cukovic-risan	D05161	65.00	NULL	NULL	6532	manipulative-reduction-of-open-distal-fracture-variant	Manipulative Reduction of Open Distal Fibula Fracture	Manipulativna repozicija otvorene frakture distalnog dijela fibule
specijalna-bolnica-za-ortopediju-neurohirurgiju-i-neurologiju-vaso-cukovic-risan	D05162	65.00	NULL	NULL	6533	manipulative-reduction-of-open-calcaneus-fracture	Manipulative Reduction of Open Calcaneus Fracture	Manipulativna repozicija otvorene frakture kalkaneusa
specijalna-bolnica-za-ortopediju-neurohirurgiju-i-neurologiju-vaso-cukovic-risan	D05165	78.00	NULL	NULL	6536	closed-manipulative-reduction-of-femoral-condyle-fracture	Closed Manipulative Reduction of Femoral Condyle Fracture	Zatvorena manipulativna repozicija frakture kondila femura
specijalna-bolnica-za-ortopediju-neurohirurgiju-i-neurologiju-vaso-cukovic-risan	D05166	146.25	NULL	NULL	6537	distal-tibiofibular-joint-dislocation	Distal Tibiofibular Joint Dislocation (Closed or Open) with Open Reduction or Fixation	Dislokacija distalnog tibiofibularnog zgloba — zatvorena ili otvorena, sa otvorenom repozicijom ili fiksacijom
specijalna-bolnica-za-ortopediju-neurohirurgiju-i-neurologiju-vaso-cukovic-risan	D06002	48.75	NULL	NULL	6540	surgical-treatment-of-xanthelasma-molluscum-or-verruca-unilateral	Surgical Treatment of Xanthelasma, Molluscum or Verruca (Unilateral)	Hirurški tretman ksantelazme, moluske ili veruke — jednostrano
specijalna-bolnica-za-ortopediju-neurohirurgiju-i-neurologiju-vaso-cukovic-risan	D06003	81.25	NULL	NULL	6541	surgical-treatment-of-xanthelasma-molluscum-or-verruca-bilateral	Surgical Treatment of Xanthelasma, Molluscum or Verruca (Bilateral)	Hirurški tretman ksantelazme, moluske ili veruke — obostrano
specijalna-bolnica-za-ortopediju-neurohirurgiju-i-neurologiju-vaso-cukovic-risan	D06005	227.50	NULL	NULL	6542	senile-cataract-lens-extraction	Senile Cataract Lens Extraction	Ekstrakcija sočiva kod senilne katarakte
specijalna-bolnica-za-ortopediju-neurohirurgiju-i-neurologiju-vaso-cukovic-risan	D06006	227.50	NULL	NULL	6543	glaucoma-filtering-surgery	Glaucoma Filtering Surgery	Fistulizirajuća operacija glaukoma
specijalna-bolnica-za-ortopediju-neurohirurgiju-i-neurologiju-vaso-cukovic-risan	D06007	227.50	NULL	NULL	6544	intracapsular-lens-extraction	Intracapsular Lens Extraction	Intrakapsularna ekstrakcija sočiva
specijalna-bolnica-za-ortopediju-neurohirurgiju-i-neurologiju-vaso-cukovic-risan	D06008	292.50	NULL	NULL	6545	capsulectomy-with-lens-mass-aspiration-soft-cataract	Capsulectomy with Lens Mass Aspiration (Soft Cataract)	Kapsulektomija sa aspiracijom sočivnih masa (operacija meke mrene)
specijalna-bolnica-za-ortopediju-neurohirurgiju-i-neurologiju-vaso-cukovic-risan	D06009	NULL	NULL	NULL	6546	cataract-extraction-with-anterior-vitrectomy	Cataract Extraction with Anterior Vitrectomy	Ekstrakcija katarakte sa prednjom vitrektomijom
specijalna-bolnica-za-ortopediju-neurohirurgiju-i-neurologiju-vaso-cukovic-risan	D06010	81.25	NULL	NULL	6547	eyelid-tumor-surgery	Eyelid Tumor Surgery	Operacija tumora na očnom kapku
specijalna-bolnica-za-ortopediju-neurohirurgiju-i-neurologiju-vaso-cukovic-risan	D06011	130.00	NULL	NULL	6548	eyelid-tumor-excision-with-skin-flap	Eyelid Tumor Excision with Skin Flap	Ekscizija tumora na očnom kapku sa kožnim režnjem
specijalna-bolnica-za-ortopediju-neurohirurgiju-i-neurologiju-vaso-cukovic-risan	D06012	195.00	NULL	NULL	6549	conjunctival-tumor-surgery	Conjunctival Tumor Surgery	Operacija tumora vežnjače
specijalna-bolnica-za-ortopediju-neurohirurgiju-i-neurologiju-vaso-cukovic-risan	D26132	520.00	NULL	NULL	6735	femoral-artery-aneurysmectomy-and-reconstruction	Femoral Artery Aneurysmectomy and Reconstruction	Aneurizmektomija i rekonstrukcija femoralne arterije
specijalna-bolnica-za-ortopediju-neurohirurgiju-i-neurologiju-vaso-cukovic-risan	D26133	520.00	NULL	NULL	6736	popliteal-and-other-leg-arteries-aneurysmectomy-and-reconstruction	Popliteal and Other Leg Arteries Aneurysmectomy and Reconstruction	Aneurizmektomija i rekonstrukcija arterije popliteae i ostalih arterija nogu
specijalna-bolnica-za-ortopediju-neurohirurgiju-i-neurologiju-vaso-cukovic-risan	D26134	325.00	NULL	NULL	6737	upper-thoracic-sympathectomy	Upper Thoracic Sympathectomy	Gornja grudna simpatektomija
specijalna-bolnica-za-ortopediju-neurohirurgiju-i-neurologiju-vaso-cukovic-risan	D26135	260.00	NULL	NULL	6738	lumbar-sympathectomy	Lumbar Sympathectomy	Lumbalna simpatektomija
specijalna-bolnica-za-ortopediju-neurohirurgiju-i-neurologiju-vaso-cukovic-risan	D26136	292.50	NULL	NULL	6739	cervical-artery-or-vein-exploration	Cervical Artery or Vein Exploration	Eksploracija arterije ili vene vrata
specijalna-bolnica-za-ortopediju-neurohirurgiju-i-neurologiju-vaso-cukovic-risan	D26137	162.50	NULL	NULL	6740	arm-vessels-exploration	Arm Vessels Exploration	Eksploracija krvnih sudova ruke
specijalna-bolnica-za-ortopediju-neurohirurgiju-i-neurologiju-vaso-cukovic-risan	D26138	292.50	NULL	NULL	6741	abdominal-aorta-visceral-or-renal-vessels-exploration	Abdominal Aorta, Visceral or Renal Vessels Exploration	Eksploracija abdominalne aorte, visceralnih arterija ili vena ili renalnih arterija i vena
specijalna-bolnica-za-ortopediju-neurohirurgiju-i-neurologiju-vaso-cukovic-risan	D26139	162.50	NULL	NULL	6742	leg-vessels-exploration	Leg Vessels Exploration	Eksploracija krvnih sudova nogu
specijalna-bolnica-za-ortopediju-neurohirurgiju-i-neurologiju-vaso-cukovic-risan	D26140	585.00	NULL	NULL	6743	endovascular-stent-graft-in-thoracic-aorta	Endovascular Stent Graft in Thoracic Aorta	Endovaskularna procedura — plasiranje stent grafta u grudnu (torakalnu) aortu
specijalna-bolnica-za-ortopediju-neurohirurgiju-i-neurologiju-vaso-cukovic-risan	D26141	373.75	NULL	NULL	6744	endovascular-stent-graft-in-abdominal-aorta	Endovascular Stent Graft in Abdominal Aorta	Endovaskularna procedura — plasiranje stent grafta u abdominalnu aortu
specijalna-bolnica-za-ortopediju-neurohirurgiju-i-neurologiju-vaso-cukovic-risan	D26142	373.75	NULL	NULL	6745	endovascular-stent-graft-in-iliac-arteries	Endovascular Stent Graft in Iliac Arteries	Endovaskularna procedura — plasiranje stent grafta u ilijačne arterije
specijalna-bolnica-za-ortopediju-neurohirurgiju-i-neurologiju-vaso-cukovic-risan	D26143	373.75	NULL	NULL	6746	endovascular-stent-graft-in-femoral-artery	Endovascular Stent Graft in Femoral Artery	Endovaskularna procedura — plasiranje stent grafta u femoralnu arteriju
specijalna-bolnica-za-ortopediju-neurohirurgiju-i-neurologiju-vaso-cukovic-risan	D26144	373.75	NULL	NULL	6747	endovascular-stent-graft-in-poplitealcrural-arteries	Endovascular Stent Graft in Popliteal/Crural Arteries	Endovaskularna procedura — plasiranje stent grafta u poplitealnu i/ili kruralne arterije
specijalna-bolnica-za-ortopediju-neurohirurgiju-i-neurologiju-vaso-cukovic-risan	D26145	260.00	NULL	NULL	6748	cervical-thoracic-duct-suture-or-ligation	Cervical Thoracic Duct Suture or Ligation	Sutura ili ligatura ductus thoracicus na vratu
specijalna-bolnica-za-ortopediju-neurohirurgiju-i-neurologiju-vaso-cukovic-risan	D27001	325.00	NULL	NULL	6749	acute-episubdural-hematoma-removal-by-osteoplastic-craniotomy	Acute Epi/Subdural Hematoma Removal by Osteoplastic Craniotomy	Odstranjenje akutnog epi- ili subduralnog hematoma osteoplastičnom kraniotomijom
specijalna-bolnica-za-ortopediju-neurohirurgiju-i-neurologiju-vaso-cukovic-risan	D27002	487.50	NULL	NULL	6750	chronic-subdural-hematoma-removal	Chronic Subdural Hematoma Removal	Odstranjenje hroničnog subduralnog hematoma
specijalna-bolnica-za-ortopediju-neurohirurgiju-i-neurologiju-vaso-cukovic-risan	D27003	536.25	NULL	NULL	6751	exploratory-supratentorial-or-infratentorial-trepanation	Exploratory Supratentorial or Infratentorial Trepanation	Eksplorativna supra- ili infratentorijalna trepanacija
specijalna-bolnica-za-ortopediju-neurohirurgiju-i-neurologiju-vaso-cukovic-risan	D27004	390.00	NULL	NULL	6752	epidural-abscess-puncture-and-drainage	Epidural Abscess Puncture and Drainage	Punkcija i drenaža epiduralnog abscesa
specijalna-bolnica-za-ortopediju-neurohirurgiju-i-neurologiju-vaso-cukovic-risan	D27005	130.00	NULL	NULL	6753	neuroma-removal-for-phantom-pain	Neuroma Removal for Phantom Pain	Odstranjenje neuroma kod fantomske boli
specijalna-bolnica-za-ortopediju-neurohirurgiju-i-neurologiju-vaso-cukovic-risan	D27006	373.75	NULL	NULL	6754	trigeminal-nerve-branch-sectioning	Trigeminal Nerve Branch Sectioning	Presijecanje grane n. trigeminusa
specijalna-bolnica-za-ortopediju-neurohirurgiju-i-neurologiju-vaso-cukovic-risan	D27007	97.50	NULL	NULL	6755	extensive-scalp-soft-tissue-tumor-removal-with-bone-destruction	Extensive Scalp Soft Tissue Tumor Removal with Bone Destruction	Odstranjenje opsežnog tumora mekih tkiva poglavine sa destrukcijom kosti
specijalna-bolnica-za-ortopediju-neurohirurgiju-i-neurologiju-vaso-cukovic-risan	D27008	97.50	NULL	NULL	6756	cranial-osteomyelitis	Cranial Osteomyelitis Treatment	Osteomijelitis kranijuma
specijalna-bolnica-za-ortopediju-neurohirurgiju-i-neurologiju-vaso-cukovic-risan	D27009	97.50	NULL	NULL	6757	skull-bone-tumor-removal	Skull Bone Tumor Removal	Odstranjenje tumora lobanjskih kostiju
specijalna-bolnica-za-ortopediju-neurohirurgiju-i-neurologiju-vaso-cukovic-risan	D27010	390.00	NULL	NULL	6758	depressed-skull-fracture-withwithout-dural-injury	Treatment of Depressed Skull Fracture (with/without Dural Injury)	Depresivna fraktura kosti lobanje (sa ili bez povrede dura mater)
specijalna-bolnica-za-ortopediju-neurohirurgiju-i-neurologiju-vaso-cukovic-risan	D27011	650.00	NULL	NULL	6759	depressed-fracture-with-dural-and-major-venous-injury	Treatment of Depressed Fracture with Dural and Major Venous Injury	Depresivna fraktura sa ozljedom dura matris i velikih venskih krvnih sudova
specijalna-bolnica-za-ortopediju-neurohirurgiju-i-neurologiju-vaso-cukovic-risan	D27012	97.50	NULL	NULL	6760	fixation-transducer-for-icp-monitoring-in-various-etiologies	ICP Transducer Placement for Continuous Monitoring in Raised ICP of Various Etiologies	Fiksiranje transdjusera za kontinuirano mjerenje povećanog intrakranijalnog pritiska različite etiologije
specijalna-bolnica-za-ortopediju-neurohirurgiju-i-neurologiju-vaso-cukovic-risan	D27013	260.00	NULL	NULL	6761	acute-supratentorial-epidural-hematoma	Acute Supratentorial Epidural Hematoma Treatment	Akutni epiduralni hematom supratentorijalne lokalizacije
specijalna-bolnica-za-ortopediju-neurohirurgiju-i-neurologiju-vaso-cukovic-risan	D27014	260.00	NULL	NULL	6762	acute-infratentorial-epidural-hematoma	Acute Infratentorial Epidural Hematoma Treatment	Akutni epiduralni hematom infratentorijalne lokalizacije
specijalna-bolnica-za-ortopediju-neurohirurgiju-i-neurologiju-vaso-cukovic-risan	D27015	260.00	NULL	NULL	6763	acute-supratentorial-subdural-hematoma	Acute Supratentorial Subdural Hematoma Treatment	Akutni subduralni hematom supratentorijalne lokalizacije
specijalna-bolnica-za-ortopediju-neurohirurgiju-i-neurologiju-vaso-cukovic-risan	D27016	341.25	NULL	NULL	6764	acute-infratentorial-subdural-hematoma	Acute Infratentorial Subdural Hematoma Treatment	Akutni subduralni hematom infratentorijalne lokalizacije
specijalna-bolnica-za-ortopediju-neurohirurgiju-i-neurologiju-vaso-cukovic-risan	D27017	585.00	NULL	NULL	6765	surgical-treatment-of-extensive-cranio-cerebral-injuries	Surgical Treatment of Extensive Cranio-Cerebral Injuries	Operativno zbrinjavanje opsežnih kranio-cerebralnih povreda
specijalna-bolnica-za-ortopediju-neurohirurgiju-i-neurologiju-vaso-cukovic-risan	D27018	487.50	NULL	NULL	6766	surgery-for-frontobasal-injuries	Surgery for Frontobasal Injuries	Operacije kod frontobazilarnih povreda
specijalna-bolnica-za-ortopediju-neurohirurgiju-i-neurologiju-vaso-cukovic-risan	D27019	390.00	NULL	NULL	6767	csf-fistula-plasty	CSF Fistula Plasty	Plastika likvor fistule
specijalna-bolnica-za-ortopediju-neurohirurgiju-i-neurologiju-vaso-cukovic-risan	D27020	292.50	NULL	NULL	6768	epidural-and-subdural-hematoma-removal	Epidural and Subdural Hematoma Removal	Odstranjenje epiduralnog i subduralnog hematoma
specijalna-bolnica-za-ortopediju-neurohirurgiju-i-neurologiju-vaso-cukovic-risan	D27021	390.00	NULL	NULL	6769	puncture-and-drainage-of-episubdural-or-brain-abscess	Puncture and Drainage of Epi/Subdural or Brain Abscess	Punkcija i drenaža epiduralnog ili subduralnog ili moždanog abscesa
specijalna-bolnica-za-ortopediju-neurohirurgiju-i-neurologiju-vaso-cukovic-risan	D27022	292.50	NULL	NULL	6770	cranial-bone-defect-plasty	Cranial Bone Defect Plasty	Plastika koštanog defekta kranijuma
specijalna-bolnica-za-ortopediju-neurohirurgiju-i-neurologiju-vaso-cukovic-risan	D27023	487.50	NULL	NULL	6771	acute-intracerebral-hematoma-removal	Acute Intracerebral Hematoma Removal	Odstranjenje akutnog intracerebralnog hematoma
specijalna-bolnica-za-ortopediju-neurohirurgiju-i-neurologiju-vaso-cukovic-risan	D27025	650.00	NULL	NULL	6773	cerebral-hemisphere-tumor-or-abscess-removal	Cerebral Hemisphere Tumor or Abscess Removal	Odstranjenje tumora, abscesa i sl. iz hemisfere velikog mozga
specijalna-bolnica-za-ortopediju-neurohirurgiju-i-neurologiju-vaso-cukovic-risan	D27028	585.00	NULL	NULL	6776	falx-meningioma-removal	Falx Meningioma Removal	Odstranjenje falks-meningeoma
specijalna-bolnica-za-ortopediju-neurohirurgiju-i-neurologiju-vaso-cukovic-risan	D27029	812.50	NULL	NULL	6777	skull-base-meningioma-removal	Skull Base Meningioma Removal	Odstranjenje meningeoma na bazi lobanje
specijalna-bolnica-za-ortopediju-neurohirurgiju-i-neurologiju-vaso-cukovic-risan	D27030	NULL	NULL	NULL	6778	suprasellar-or-parasellar-tumor-removal	Suprasellar or Parasellar Tumor Removal	Odstranjenje supraselarnih ili paraselarnih tumora
specijalna-bolnica-za-ortopediju-neurohirurgiju-i-neurologiju-vaso-cukovic-risan	D27032	390.00	NULL	NULL	6780	craniostenosis-surgery	Craniostenosis Surgery	Operacija kod kraniostenoze
specijalna-bolnica-za-ortopediju-neurohirurgiju-i-neurologiju-vaso-cukovic-risan	D27033	NULL	NULL	NULL	6781	ventriculoatrial-or-ventriculoperitoneal-shunt	Ventriculoatrial or Ventriculoperitoneal Shunt	Ventrikuloatrijalna ili ventrikuloperitonealna drenaža
specijalna-bolnica-za-ortopediju-neurohirurgiju-i-neurologiju-vaso-cukovic-risan	D27041	650.00	NULL	NULL	6789	giant-cauda-equina-tumor-removal	Giant Cauda Equina Tumor Removal	Odstranjenje gigantskog tumora caudae equinae
specijalna-bolnica-za-ortopediju-neurohirurgiju-i-neurologiju-vaso-cukovic-risan	D27044	487.50	NULL	NULL	6792	cranioplasty	Cranioplasty	Plastika lobanje
specijalna-bolnica-za-ortopediju-neurohirurgiju-i-neurologiju-vaso-cukovic-risan	D27048	650.00	NULL	NULL	6796	spontaneous-intracerebral-hematoma-evacuation	Spontaneous Intracerebral Hematoma Evacuation	Evakuacija spontanog intracerebralnog hematoma
specijalna-bolnica-za-ortopediju-neurohirurgiju-i-neurologiju-vaso-cukovic-risan	D27052	NULL	NULL	NULL	6800	peripheral-nerve-decompressiontransposition-for-compression-neuropathy	Peripheral Nerve Decompression/Transposition for Compression Neuropathy	Dekompresija/transpozicija perifernog nerva kod kompresivnih neuropatija
specijalna-bolnica-za-ortopediju-neurohirurgiju-i-neurologiju-vaso-cukovic-risan	D27053	260.00	NULL	NULL	6801	peripheral-nerve-transplantation	Peripheral Nerve Transplantation	Transplantacija perifernog nerva
specijalna-bolnica-za-ortopediju-neurohirurgiju-i-neurologiju-vaso-cukovic-risan	D27054	325.00	NULL	NULL	6802	external-lumbar-drainage-placement	External Lumbar Drainage Placement	Plasiranje eksterne lumbalne drenaže
specijalna-bolnica-za-ortopediju-neurohirurgiju-i-neurologiju-vaso-cukovic-risan	D27056	520.00	NULL	NULL	6804	external-ventricular-drainage	External Ventricular Drainage	Spoljašnja ventrikularna drenaža
specijalna-bolnica-za-ortopediju-neurohirurgiju-i-neurologiju-vaso-cukovic-risan	D27059	NULL	NULL	NULL	6807	craniectomy-with-icp-monitoring-or-reservoir	Craniectomy with ICP Monitor, Drain or Reservoir Placement	Kranijektomija (implantacija ICP monitoringa, drenaža, rezervoar)
specijalna-bolnica-za-ortopediju-neurohirurgiju-i-neurologiju-vaso-cukovic-risan	D27062	487.50	NULL	NULL	6810	intracerebral-hematoma	Treatment of Intracerebral Hematoma	Intracerebralni hematom
specijalna-bolnica-za-ortopediju-neurohirurgiju-i-neurologiju-vaso-cukovic-risan	Y01001	6.50	NULL	NULL	6918	initial-hospital-workup	Initial Hospital Workup	Početna bolnička obrada
specijalna-bolnica-za-ortopediju-neurohirurgiju-i-neurologiju-vaso-cukovic-risan	Y01002	3.25	NULL	NULL	6919	follow-up-hospital-round	Follow-up Hospital Round	Dalja bolnička obrada (vizita)
specijalna-bolnica-za-ortopediju-neurohirurgiju-i-neurologiju-vaso-cukovic-risan	Y01003	19.50	NULL	NULL	6920	hospital-discharge-letter	Hospital Discharge Letter	Otpusno pismo
specijalna-bolnica-za-ortopediju-neurohirurgiju-i-neurologiju-vaso-cukovic-risan	Y01004	6.50	NULL	NULL	6921	specialist-consultative-examination	Specialist Consultative Examination	Konsultativni pregled specijaliste
specijalna-bolnica-za-ortopediju-neurohirurgiju-i-neurologiju-vaso-cukovic-risan	Y01005	19.50	NULL	NULL	6922	professor-consultative-examination	Professor Consultative Examination	Konsultativni pregled profesora
specijalna-bolnica-za-ortopediju-neurohirurgiju-i-neurologiju-vaso-cukovic-risan	Y01006	13.00	NULL	NULL	6923	nursing-care-discharge-letter	Nursing Care Discharge Letter	Otpusno pismo zdravstvene njege
specijalna-bolnica-za-ortopediju-neurohirurgiju-i-neurologiju-vaso-cukovic-risan	Y01007	9.75	NULL	NULL	6924	newborn-discharge	Newborn Discharge	Otpust novorođenčeta
specijalna-bolnica-za-ortopediju-neurohirurgiju-i-neurologiju-vaso-cukovic-risan	Y01019	NULL	NULL	NULL	6925	newborn-initial-hospital-workup	Newborn Initial Hospital Workup	Početna bolnička obrada novorođenčeta
specijalna-bolnica-za-ortopediju-neurohirurgiju-i-neurologiju-vaso-cukovic-risan	Y01020	6.50	NULL	NULL	6926	infant-initial-hospital-workup	Infant Initial Hospital Workup	Početna bolnička obrada odojčeta
specijalna-bolnica-za-ortopediju-neurohirurgiju-i-neurologiju-vaso-cukovic-risan	Y01021	6.50	NULL	NULL	6927	child-initial-hospital-workup	Child Initial Hospital Workup	Početna bolnička obrada djeteta
specijalna-bolnica-za-ortopediju-neurohirurgiju-i-neurologiju-vaso-cukovic-risan	Y01022	6.50	NULL	NULL	6928	initial-hospital-workup-of-involuntarily-hospitalized-patient	Initial Hospital Workup of Involuntarily Hospitalized Patient	Početna bolnička obrada prisilno hospitalizovanog pacijenta
specijalna-bolnica-za-ortopediju-neurohirurgiju-i-neurologiju-vaso-cukovic-risan	Y01024	3.25	NULL	NULL	6930	infant-follow-up-hospital-round	Infant Follow-up Hospital Round	Dalja bolnička obrada odojčeta
specijalna-bolnica-za-ortopediju-neurohirurgiju-i-neurologiju-vaso-cukovic-risan	Y01025	3.25	NULL	NULL	6931	child-follow-up-hospital-round	Child Follow-up Hospital Round	Dalja bolnička obrada djeteta
specijalna-bolnica-za-ortopediju-neurohirurgiju-i-neurologiju-vaso-cukovic-risan	Y01026	3.25	NULL	NULL	6932	hospital-care-for-involuntarily-hospitalized-patient	Hospital Care for Involuntarily Hospitalized Patients and Patients under Compulsory Treatment Order	Bolnička obrada prisilno hospitalizovanih pacijenata i pacijenata sa mjerom obaveznog liječenja i čuvanja
specijalna-bolnica-za-ortopediju-neurohirurgiju-i-neurologiju-vaso-cukovic-risan	Y01027	19.50	NULL	NULL	6933	consilium-medical-examination	Consilium Medical Examination	Konzilijarni pregled
specijalna-bolnica-za-ortopediju-neurohirurgiju-i-neurologiju-vaso-cukovic-risan	Y02001	114.87	NULL	NULL	6934	intensive-nursing-care-for-children-1-month-to-7-years	Intensive Nursing Care for Children 1 Month to 7 Years	Intenzivna njega za dijete od 1 mjeseca do 7 godina
specijalna-bolnica-za-ortopediju-neurohirurgiju-i-neurologiju-vaso-cukovic-risan	Y02003	35.32	NULL	NULL	6936	semi-intensive-nursing-care-for-children-1-month-to-7-years	Semi-Intensive Nursing Care for Children 1 Month to 7 Years	Poluintenzivna njega za dijete od 1 mjeseca do 7 godina
specijalna-bolnica-za-ortopediju-neurohirurgiju-i-neurologiju-vaso-cukovic-risan	Y02004	26.41	NULL	NULL	6937	semi-intensive-nursing-care-for-patients-over-7-years	Semi-Intensive Nursing Care for Patients Over 7 Years	Poluintenzivna njega za starije od 7 godina
specijalna-bolnica-za-ortopediju-neurohirurgiju-i-neurologiju-vaso-cukovic-risan	Y02005	12.11	NULL	NULL	6938	standard-nursing-care-for-patients-over-7-years	Standard Nursing Care for Patients Over 7 Years	Obična njega za starije od 7 godina
specijalna-bolnica-za-ortopediju-neurohirurgiju-i-neurologiju-vaso-cukovic-risan	Y02009	35.32	NULL	NULL	6939	newborn-standard-nursing-care	Newborn Standard Nursing Care	Obična njega novorođenčeta
specijalna-bolnica-za-ortopediju-neurohirurgiju-i-neurologiju-vaso-cukovic-risan	Y02012	7.45	NULL	NULL	6941	chronic-patient-nursing-care	Chronic Patient Nursing Care	Njega hroničara
specijalna-bolnica-za-ortopediju-neurohirurgiju-i-neurologiju-vaso-cukovic-risan	Y03001	26.63	NULL	NULL	6942	delivery-room-usage-per-birth	Delivery Room Usage Per Birth	Upotreba porođajne sale po porođaju
specijalna-bolnica-za-ortopediju-neurohirurgiju-i-neurologiju-vaso-cukovic-risan	Y04001	2.88	NULL	NULL	6943	food-costs-for-children-under-1-year	Food Costs for Children Under 1 Year	Troškovi ishrane djece do 1 godine
specijalna-bolnica-za-ortopediju-neurohirurgiju-i-neurologiju-vaso-cukovic-risan	Y04002	5.75	NULL	NULL	6944	food-costs-for-patients-over-1-year	Food Costs for Patients Over 1 Year	Troškovi ishrane za starije od 1 godine
specijalna-bolnica-za-ortopediju-neurohirurgiju-i-neurologiju-vaso-cukovic-risan	Y04003	26.18	NULL	NULL	6945	non-medical-bed-day-cost-general-and-special-hospitals	Non-Medical Bed-Day Costs in General and Special Hospitals	Nemedicinski dio bolničkog dana - opšte i specijalne bolnice
specijalna-bolnica-za-ortopediju-neurohirurgiju-i-neurologiju-vaso-cukovic-risan	Y04004	52.36	NULL	NULL	6946	non-medical-bed-day-cost-intensive-coronary-and-neonatal	Non-Medical Bed-Day Costs in Intensive Care, Coronary Care and Neonatal Units	Nemedicinski dio bolničkog dana u intenzivnoj njezi, koronarnoj jedinici i neonatologiji
specijalna-bolnica-za-ortopediju-neurohirurgiju-i-neurologiju-vaso-cukovic-risan	Y05001	13.35	NULL	NULL	6948	operating-theatre-costs-tier-i-5-to-20-points	Operating Theatre Costs in General Hospitals (Operations of 5 to 20 Points)	Troškovi operacione sale u opštim bolnicama (operacije od 5 do 20 bodova)
specijalna-bolnica-za-ortopediju-neurohirurgiju-i-neurologiju-vaso-cukovic-risan	Y05002	26.63	NULL	NULL	6949	operating-theatre-costs-tier-i-21-to-50-points	Operating Theatre Costs in General Hospitals (Operations of 21 to 50 Points)	Troškovi operacione sale u opštim bolnicama (operacije od 21 do 50 bodova)
specijalna-bolnica-za-ortopediju-neurohirurgiju-i-neurologiju-vaso-cukovic-risan	Y05003	157.30	NULL	NULL	6950	operating-theatre-costs-tier-i-51-to-120-points	Operating Theatre Costs in General Hospitals (Operations of 51 to 120 Points)	Troškovi operacione sale u opštim bolnicama (operacije od 51 do 120 bodova)
specijalna-bolnica-za-ortopediju-neurohirurgiju-i-neurologiju-vaso-cukovic-risan	Y05004	106.63	NULL	NULL	6951	operating-theatre-costs-tier-i-121-to-180-points	Operating Theatre Costs in General Hospitals (Operations of 121 to 180 Points)	Troškovi operacione sale u opštim bolnicama (operacije od 121 do 180 bodova)
specijalna-bolnica-za-ortopediju-neurohirurgiju-i-neurologiju-vaso-cukovic-risan	Y05007	65.00	NULL	NULL	6954	operating-theatre-costs-tier-ii-21-to-50-points	Operating Theatre Costs in Clinical Centre and Special Hospitals (Operations of 21 to 50 Points)	Troškovi operacionog bloka Kliničkog centra i specijalnih bolnica (operacije od 21 do 50 bodova)
specijalna-bolnica-za-ortopediju-neurohirurgiju-i-neurologiju-vaso-cukovic-risan	Y06004	NULL	NULL	NULL	6961	semi-intensive-care-bed-day	Semi-Intensive Care Bed-Day	Jedan dan boravka u poluintenzivnoj njezi
specijalna-bolnica-za-ortopediju-neurohirurgiju-i-neurologiju-vaso-cukovic-risan	Y06006	NULL	NULL	NULL	6963	inpatient-abortion-procedure	Inpatient Abortion Procedure	Abortus na odjeljenju
specijalna-bolnica-za-ortopediju-neurohirurgiju-i-neurologiju-vaso-cukovic-risan	Y07002	NULL	NULL	NULL	6965	operation-small-dressing-ii	Small Surgical Dressing II	Mali zavoj II (operativni)
specijalna-bolnica-za-ortopediju-neurohirurgiju-i-neurologiju-vaso-cukovic-risan	Y07003	NULL	NULL	NULL	6966	operation-medium-dressing-i	Medium Surgical Dressing I	Srednji zavoj I (operativni)
specijalna-bolnica-za-ortopediju-neurohirurgiju-i-neurologiju-vaso-cukovic-risan	Y07004	NULL	NULL	NULL	6967	operation-medium-dressing-ii	Medium Surgical Dressing II	Srednji zavoj II (operativni)
specijalna-bolnica-za-ortopediju-neurohirurgiju-i-neurologiju-vaso-cukovic-risan	Y07005	NULL	NULL	NULL	6968	operation-large-dressing	Large Surgical Dressing	Veliki zavoj (operativni)
specijalna-bolnica-za-ortopediju-neurohirurgiju-i-neurologiju-vaso-cukovic-risan	Y08001	NULL	NULL	NULL	6969	injection-materials-consumption	Consumables for Injections	Utrošak materijala kod davanja injekcija
specijalna-bolnica-za-ortopediju-neurohirurgiju-i-neurologiju-vaso-cukovic-risan	Y09001	NULL	NULL	NULL	6970	ambulatory-small-dressing	Small Outpatient Dressing	Mali zavoj (ambulantni)
specijalna-bolnica-za-ortopediju-neurohirurgiju-i-neurologiju-vaso-cukovic-risan	Y09003	NULL	NULL	NULL	6972	ambulatory-large-dressing	Large Outpatient Dressing	Veliki zavoj (ambulantni)
specijalna-bolnica-za-ortopediju-neurohirurgiju-i-neurologiju-vaso-cukovic-risan	Y10001	NULL	NULL	NULL	6973	plaster-body-jacket-including-head	Plaster Body Jacket Including Head	Gipsani žaket za tijelo uključujući glavu
specijalna-bolnica-za-ortopediju-neurohirurgiju-i-neurologiju-vaso-cukovic-risan	Y10003	NULL	NULL	NULL	6975	shoulder-plaster-cast-over-10-years	Shoulder Plaster Cast Over 10 Years	Gipsani zavoj ramena iznad 10 godina
specijalna-bolnica-za-ortopediju-neurohirurgiju-i-neurologiju-vaso-cukovic-risan	Y10005	NULL	NULL	NULL	6977	shoulder-to-fingers-plaster-cast-over-10-years	Shoulder to Fingers Plaster Cast Over 10 Years	Gipsani zavoj od ramena do prstiju iznad 10 godina
specijalna-bolnica-za-ortopediju-neurohirurgiju-i-neurologiju-vaso-cukovic-risan	Y10007	NULL	NULL	NULL	6979	elbow-plaster-cast-over-10-years	Elbow Plaster Cast Over 10 Years	Gipsani zavoj lakta iznad 10 godina
specijalna-bolnica-za-ortopediju-neurohirurgiju-i-neurologiju-vaso-cukovic-risan	Y10009	NULL	NULL	NULL	6981	forearm-and-hand-plaster-cast-over-10-years	Forearm and Hand Plaster Cast Over 10 Years	Gipsani zavoj podlaktice i šake iznad 10 godina
specijalna-bolnica-za-ortopediju-neurohirurgiju-i-neurologiju-vaso-cukovic-risan	Y10010	NULL	NULL	NULL	6982	arm-splint-shoulder-to-hand-under-10-years	Arm Splint Shoulder to Hand Under 10 Years	Longeta ruke od ramena do šake ispod 10 godina
specijalna-bolnica-za-ortopediju-neurohirurgiju-i-neurologiju-vaso-cukovic-risan	Y10013	NULL	NULL	NULL	6985	forearm-and-hand-splint-over-10-years	Forearm and Hand Splint Over 10 Years	Longeta podlaktice i šake iznad 10 godina
specijalna-bolnica-za-ortopediju-neurohirurgiju-i-neurologiju-vaso-cukovic-risan	Y10014	NULL	NULL	NULL	6986	thorax-fixation-cast	Thorax Fixation Bandage (Plaster Material)	Fiksacioni zavoj toraksa (utrošak gipsanog zavoja)
specijalna-bolnica-za-ortopediju-neurohirurgiju-i-neurologiju-vaso-cukovic-risan	Y10017	NULL	NULL	NULL	6989	elbow-or-wrist-joint-fixation-cast	Elbow or Wrist Fixation Bandage (Plaster Material)	Fiksacioni zavoj lakta ili zgloba ručja (utrošak gipsanog zavoja)
specijalna-bolnica-za-ortopediju-neurohirurgiju-i-neurologiju-vaso-cukovic-risan	Y10018	NULL	NULL	NULL	6990	hip-fixation-cast	Hip Fixation Cast	Fiksacioni zavoj kuka
specijalna-bolnica-za-ortopediju-neurohirurgiju-i-neurologiju-vaso-cukovic-risan	Y10019	NULL	NULL	NULL	6991	knee-fixation-cast	Knee Fixation Bandage (Plaster Material)	Fiksacioni zavoj koljena (utrošak gipsanog zavoja)
specijalna-bolnica-za-ortopediju-neurohirurgiju-i-neurologiju-vaso-cukovic-risan	Y10020	NULL	NULL	NULL	6992	ankle-fixation-cast	Ankle Fixation Bandage (Plaster Material)	Fiksacioni zavoj gležnja (utrošak gipsanog zavoja)
specijalna-bolnica-za-ortopediju-neurohirurgiju-i-neurologiju-vaso-cukovic-risan	Y10021	NULL	NULL	NULL	6993	unilateral-hip-plaster-cast-under-10-years	Unilateral Hip Plaster Cast Under 10 Years	Gipsani zavoj kuka unilateralni ispod 10 godina
specijalna-bolnica-za-ortopediju-neurohirurgiju-i-neurologiju-vaso-cukovic-risan	Y10023	NULL	NULL	NULL	6995	bilateral-hip-plaster-cast-under-10-years	Bilateral Hip Plaster Cast Under 10 Years	Gipsani zavoj kuka bilateralni ispod 10 godina
specijalna-bolnica-za-ortopediju-neurohirurgiju-i-neurologiju-vaso-cukovic-risan	Y10024	NULL	NULL	NULL	6996	bilateral-hip-plaster-cast-over-10-years	Bilateral Hip Plaster Cast Over 10 Years	Gipsani zavoj kuka bilateralni iznad 10 godina
specijalna-bolnica-za-ortopediju-neurohirurgiju-i-neurologiju-vaso-cukovic-risan	Y10025	NULL	NULL	NULL	6997	leg-plaster-cast-hip-to-toes-under-10-years	Leg Plaster Cast Hip to Toes Under 10 Years	Gipsani zavoj noge od kuka do prstiju ispod 10 godina
specijalna-bolnica-za-ortopediju-neurohirurgiju-i-neurologiju-vaso-cukovic-risan	Y10026	NULL	NULL	NULL	6998	leg-plaster-cast-hip-to-toes-over-10-years	Leg Plaster Cast Hip to Toes Over 10 Years	Gipsani zavoj noge od kuka do prstiju iznad 10 godina
specijalna-bolnica-za-ortopediju-neurohirurgiju-i-neurologiju-vaso-cukovic-risan	Y10027	NULL	NULL	NULL	6999	plaster-cylinder-hip-to-ankle-under-10-years	Plaster Cylinder Hip to Ankle Under 10 Years	Gipsani cilindar od kuka do gležnja ispod 10 godina
specijalna-bolnica-za-ortopediju-neurohirurgiju-i-neurologiju-vaso-cukovic-risan	Y10029	NULL	NULL	NULL	7001	lower-leg-plaster-knee-to-toes-under-10-years	Lower Leg Plaster Knee to Toes Under 10 Years	Gips potkoljenice od koljena do prstiju ispod 10 godina
specijalna-bolnica-za-ortopediju-neurohirurgiju-i-neurologiju-vaso-cukovic-risan	Y10030	NULL	NULL	NULL	7002	lower-leg-plaster-knee-to-toes-over-10-years	Lower Leg Plaster Knee to Toes Over 10 Years	Gips potkoljenice od koljena do prstiju iznad 10 godina
specijalna-bolnica-za-ortopediju-neurohirurgiju-i-neurologiju-vaso-cukovic-risan	Y10031	NULL	NULL	NULL	7003	walking-or-ambulatory-plaster-cast-under-10-years	Walking or Ambulatory Plaster Cast Under 10 Years	Gips za kretanje ili ambulantni gips ispod 10 godina
specijalna-bolnica-za-ortopediju-neurohirurgiju-i-neurologiju-vaso-cukovic-risan	Y10032	NULL	NULL	NULL	7004	walking-or-ambulatory-plaster-cast-over-10-years	Walking or Ambulatory Plaster Cast Over 10 Years	Gips za kretanje ili ambulantni gips iznad 10 godina
specijalna-bolnica-za-ortopediju-neurohirurgiju-i-neurologiju-vaso-cukovic-risan	Y10033	NULL	NULL	NULL	7005	plaster-splint-hip-to-ankle-and-toes-under-10-years	Plaster Splint Hip to Ankle and Toes Under 10 Years	Gipsane longete od kuka do gležnja i prstiju ispod 10 godina
specijalna-bolnica-za-ortopediju-neurohirurgiju-i-neurologiju-vaso-cukovic-risan	Y10035	NULL	NULL	NULL	7007	lower-leg-to-foot-plaster-splint-under-10-years	Lower Leg to Foot Plaster Splint Under 10 Years	Gipsana longeta potkoljenice do stopala ispod 10 godina
specijalna-bolnica-za-ortopediju-neurohirurgiju-i-neurologiju-vaso-cukovic-risan	Y10036	NULL	NULL	NULL	7008	lower-leg-to-foot-plaster-splint-over-10-years	Lower Leg to Foot Plaster Splint Over 10 Years	Gipsana longeta potkoljenice do stopala iznad 10 godina
specijalna-bolnica-za-ortopediju-neurohirurgiju-i-neurologiju-vaso-cukovic-risan	Y10037	NULL	NULL	NULL	7009	plaster-body-jacket	Plaster Body Jacket	Gipsani žaket za tijelo
specijalna-bolnica-za-ortopediju-neurohirurgiju-i-neurologiju-vaso-cukovic-risan	Y10038	NULL	NULL	NULL	7010	shoulder-to-hip-plaster-cast	Shoulder to Hip Plaster Cast	Gipsani zavoj od ramena do kuka
specijalna-bolnica-za-ortopediju-neurohirurgiju-i-neurologiju-vaso-cukovic-risan	Y11001	4.88	NULL	NULL	7011	on-call-doctor-specialist-examination	On-Call Specialist Examination	Specijalistički pregled dežurnog ljekara
specijalna-bolnica-za-ortopediju-neurohirurgiju-i-neurologiju-vaso-cukovic-risan	Y12001	85.75	NULL	NULL	7012	cardiac-rehabilitation-bed-day	Cardiac Rehabilitation Bed-Day	Bolnički dan kardiološke rehabilitacije
specijalna-bolnica-za-ortopediju-neurohirurgiju-i-neurologiju-vaso-cukovic-risan	I03001	34.43	NULL	NULL	7183	pediatric-articulation-speech-therapy-assessment	Pediatric Articulation Speech Therapy Assessment	Logopedska procjena artikulacijskih sposobnosti djeteta
specijalna-bolnica-za-ortopediju-neurohirurgiju-i-neurologiju-vaso-cukovic-risan	I03002	34.43	NULL	NULL	7184	speech-fluency-assessment	Speech Fluency Assessment	Logopedska procjena fluencije i tečenja
specijalna-bolnica-za-ortopediju-neurohirurgiju-i-neurologiju-vaso-cukovic-risan	I03004	34.43	NULL	NULL	7186	specific-reading-disorder-assessment	Specific Reading Disorder Assessment	Logopedska procjena specifičnih problema čitanja
specijalna-bolnica-za-ortopediju-neurohirurgiju-i-neurologiju-vaso-cukovic-risan	I03005	34.43	NULL	NULL	7187	combined-logopedic-somatopedic-oligophrenological-psychomotor-assessment	Combined Logopedic Somatopedic Oligophrenological Psychomotor Assessment	Logopedska somatopedska i oligofrenološka procjena psihomotorne sposobnosti
specijalna-bolnica-za-ortopediju-neurohirurgiju-i-neurologiju-vaso-cukovic-risan	I03006	34.43	NULL	NULL	7188	developmental-defectology-assessment-small-child	Developmental Defectology Assessment Preschool Child	Defektološko ispitivanje malog djeteta
specijalna-bolnica-za-ortopediju-neurohirurgiju-i-neurologiju-vaso-cukovic-risan	I03007	34.43	NULL	NULL	7189	developmental-defectology-assessment-school-child	Developmental Defectology Assessment School Child	Defektološko ispitivanje školskog djeteta
specijalna-bolnica-za-ortopediju-neurohirurgiju-i-neurologiju-vaso-cukovic-risan	I03012	34.43	NULL	NULL	7194	psychomotor-instability-defectology-treatment	Psychomotor Instability Defectology Treatment	Defektološki tretman psihomotorne nestabilnosti
specijalna-bolnica-za-ortopediju-neurohirurgiju-i-neurologiju-vaso-cukovic-risan	I03017	34.43	NULL	41.31	7199	group-defectology-treatment-school-child	Group Defectology Treatment School Child	Defektološki grupni tretman školskog djeteta
specijalna-bolnica-za-ortopediju-neurohirurgiju-i-neurologiju-vaso-cukovic-risan	I03018	41.31	NULL	NULL	7200	defectologist-parental-counseling	Defectologist Parental Counseling	Savjet roditeljima defektolog
specijalna-bolnica-za-ortopediju-neurohirurgiju-i-neurologiju-vaso-cukovic-risan	I03020	41.31	NULL	NULL	7201	pedagogical-assessment	Pedagogical Assessment	Pedagoška procjena
specijalna-bolnica-za-ortopediju-neurohirurgiju-i-neurologiju-vaso-cukovic-risan	I03021	41.31	NULL	NULL	7202	defectology-multidisciplinary-patient-workup	Defectology Multidisciplinary Patient Workup	Timska obrada pacijenta defektolog
specijalna-bolnica-za-ortopediju-neurohirurgiju-i-neurologiju-vaso-cukovic-risan	I03022	41.31	NULL	NULL	7203	learning-disorder-defectology-speech-therapy	Learning Disorder Defectology Speech Therapy	Defektološki logopedski tretman pacijenta sa smetnjama u učenju
specijalna-bolnica-za-ortopediju-neurohirurgiju-i-neurologiju-vaso-cukovic-risan	J10002	121.80	NULL	NULL	7922	selective-and-subselective-phlebography	Selective and Subselective Phlebography	Flebografije: selektivna i subselektivna
specijalna-bolnica-za-ortopediju-neurohirurgiju-i-neurologiju-vaso-cukovic-risan	J10009	347.98	NULL	NULL	7923	percutaneous-transhepatic-cholangiography	Percutaneous Transhepatic Cholangiography	Transkutana ili transhepatalna holegrafija
specijalna-bolnica-za-ortopediju-neurohirurgiju-i-neurologiju-vaso-cukovic-risan	J10010	347.98	NULL	NULL	7924	left-ventriculography	Left Ventriculography	Ventrikulografija lijevog srca
specijalna-bolnica-za-ortopediju-neurohirurgiju-i-neurologiju-vaso-cukovic-risan	J10012	347.98	NULL	NULL	7925	right-and-or-left-heart-catheterization	Right and/or Left Heart Catheterization	Kateterizacija desnog i/ili lijevog srca
specijalna-bolnica-za-ortopediju-neurohirurgiju-i-neurologiju-vaso-cukovic-risan	J10015	382.78	NULL	NULL	7926	aortography-of-the-thoracic-and-abdominal-aorta	Aortography of the Thoracic and Abdominal Aorta	Aortografija: torakalne i abdominalne aorte
specijalna-bolnica-za-ortopediju-neurohirurgiju-i-neurologiju-vaso-cukovic-risan	J10023	626.38	NULL	NULL	7927	percutaneous-transluminal-coronary-intervention-pci	Percutaneous Transluminal Coronary Intervention (PCI)	Perkutana transluminalna koronarna intervencija
specijalna-bolnica-za-ortopediju-neurohirurgiju-i-neurologiju-vaso-cukovic-risan	J10025	313.18	NULL	NULL	7928	transcatheter-vena-cava-filter-placement	Transcatheter Vena Cava Filter Placement	Transkateterska ugradnja kava-filtera
specijalna-bolnica-za-ortopediju-neurohirurgiju-i-neurologiju-vaso-cukovic-risan	J10026	313.18	NULL	NULL	7929	splenoportography	Splenoportography	Splenoportografija
specijalna-bolnica-za-ortopediju-neurohirurgiju-i-neurologiju-vaso-cukovic-risan	J10027	21.10	NULL	NULL	7930	arteriography	Arteriography	Arteriografija
specijalna-bolnica-za-ortopediju-neurohirurgiju-i-neurologiju-vaso-cukovic-risan	J10028	312.75	NULL	NULL	7931	vertebral-angiography	Vertebral Angiography	Vertebralna angiografija
specijalna-bolnica-za-ortopediju-neurohirurgiju-i-neurologiju-vaso-cukovic-risan	J10029	347.98	NULL	NULL	7932	selective-arteriography-celiac-superior-and-inferior-mesenteric-renal-arteries	Selective Arteriography (Celiac, Superior and Inferior Mesenteric, Renal Arteries)	Selektivna arteriografija (arterije celijake, mezenterike superior, inferior, arterije renalis...)
specijalna-bolnica-za-ortopediju-neurohirurgiju-i-neurologiju-vaso-cukovic-risan	J10031	347.98	NULL	NULL	7933	selective-arteriography-hepatic-gastroduodenal-jejunal-arteries	Selective Arteriography (Hepatic, Gastroduodenal, Jejunal Arteries)	Selektivna arteriografija (arterije hepatika proprije, gastroduodenalis, jejunalis...)
specijalna-bolnica-za-ortopediju-neurohirurgiju-i-neurologiju-vaso-cukovic-risan	J10032	347.98	NULL	NULL	7934	lymphography	Lymphography	Limfografija
specijalna-bolnica-za-ortopediju-neurohirurgiju-i-neurologiju-vaso-cukovic-risan	J10033	245.05	NULL	NULL	7935	percutaneous-nephrostomy-under-fluoroscopic-guidance	Percutaneous Nephrostomy under Fluoroscopic Guidance	Perkutana nefrostomija pod kontrolom rtg-skopskog aparata
specijalna-bolnica-za-ortopediju-neurohirurgiju-i-neurologiju-vaso-cukovic-risan	J10034	174.00	NULL	NULL	7936	adrenal-phlebography	Adrenal Phlebography	Adrenalna flebografija
specijalna-bolnica-za-ortopediju-neurohirurgiju-i-neurologiju-vaso-cukovic-risan	J10035	278.38	NULL	NULL	7937	intravenous-urography-with-renal-puncture	Intravenous Urography with Renal Puncture	I.V. urografija sa punkcijom bubrega
specijalna-bolnica-za-ortopediju-neurohirurgiju-i-neurologiju-vaso-cukovic-risan	J10037	312.75	NULL	NULL	7938	carotid-angiography	Carotid Angiography	Karotidna angiografija
specijalna-bolnica-za-ortopediju-neurohirurgiju-i-neurologiju-vaso-cukovic-risan	J10038	2.50	NULL	NULL	7939	electrophysiology-study-eps	Electrophysiology Study (EPS)	Elektrofiziološko ispitivanje
specijalna-bolnica-za-ortopediju-neurohirurgiju-i-neurologiju-vaso-cukovic-risan	J10040	243.58	NULL	NULL	7940	implantable-loop-recorder-placement	Implantable Loop Recorder Placement	Implantacija loop recordera
specijalna-bolnica-za-ortopediju-neurohirurgiju-i-neurologiju-vaso-cukovic-risan	J10045	626.38	NULL	NULL	7941	rotational-atherectomy-rotablator	Rotational Atherectomy (Rotablator)	Rotablator
specijalna-bolnica-za-ortopediju-neurohirurgiju-i-neurologiju-vaso-cukovic-risan	J10046	114.40	NULL	NULL	7942	assessment-of-borderline-coronary-lesions-ffr-and-ivus	Assessment of Borderline Coronary Lesions (FFR and IVUS)	Određivanje značajnosti graničnih lezija na koronarnim krvnim sudovima (FFR i IVUS)
specijalna-bolnica-za-ortopediju-neurohirurgiju-i-neurologiju-vaso-cukovic-risan	J10048	347.98	NULL	NULL	7943	pulmonary-circulation-catheterization-with-pressure-measurement	Pulmonary Circulation Catheterization with Pressure Measurement	Kateterizacija plućnog krvotoka sa mjerenjem pritiska
specijalna-bolnica-za-ortopediju-neurohirurgiju-i-neurologiju-vaso-cukovic-risan	J10049	347.98	NULL	NULL	7944	pulmonary-and-aortic-catheterization-with-venepuncture	Pulmonary and Aortic Catheterization with Venepuncture	Kateterizacija plućnog krvotoka i aorte sa venepunkcijom
specijalna-bolnica-za-ortopediju-neurohirurgiju-i-neurologiju-vaso-cukovic-risan	J10050	347.98	NULL	NULL	7945	pulmonary-and-aortic-catheterization-with-3-catheters	Pulmonary and Aortic Catheterization with 3 Catheters	Kateterizacija plućnog krvotoka i aorte sa 3 katetera
specijalna-bolnica-za-ortopediju-neurohirurgiju-i-neurologiju-vaso-cukovic-risan	J10052	NULL	NULL	NULL	7946	left-atrial-and-aortic-catheterization-via-percutaneous-femoral-artery-access-with-pressure-measurement	Left Atrial and Aortic Catheterization via Percutaneous Femoral Artery Access with Pressure Measurement	Kateterizacija lijeve predkomore i aorte sa perkutanim pritiskom preko femoralne arterije sa mjerenjem pritiska
specijalna-bolnica-za-ortopediju-neurohirurgiju-i-neurologiju-vaso-cukovic-risan	J10053	347.98	NULL	NULL	7947	left-atrial-and-aortic-catheterization-with-microtransducers-via-femoral-artery-modified-seldinger-technique	Left Atrial and Aortic Catheterization with Microtransducers via Femoral Artery (Modified Seldinger Technique)	Kateterizacija lijeve predkomore i aorte sa mikrotransducerima i perkutanim pristupom preko femoralne arterije po modifikovanoj Seldinger-ovoj metodi
specijalna-bolnica-za-ortopediju-neurohirurgiju-i-neurologiju-vaso-cukovic-risan	J10055	NULL	NULL	NULL	7948	left-atrial-catheterization-via-prepared-brachial-artery-with-pressure-measurement-under-ergometer-stress	Left Atrial Catheterization via Prepared Brachial Artery with Pressure Measurement under Ergometer Stress	Kateterizacija lijeve predkomore preko preparirane brahijalne arterije sa mjerenjem pritiska pod opterećenjem na ergometru
specijalna-bolnica-za-ortopediju-neurohirurgiju-i-neurologiju-vaso-cukovic-risan	H14001	51.35	NULL	NULL	7965	isoelectric-focusing-of-cerebrospinal-fluid-and-serum-ief	Isoelectric Focusing of Cerebrospinal Fluid and Serum (IEF)	Izoelektrično fokusiranje likvora i seruma (IEFL)
specijalna-bolnica-za-ortopediju-neurohirurgiju-i-neurologiju-vaso-cukovic-risan	S02002	8.34	NULL	NULL	7966	follow-up-digestive-surgeon-examination	Follow-up Digestive Surgeon Examination	Ponovni (kontrolni) pregled - digestivni hirurg
specijalna-bolnica-za-ortopediju-neurohirurgiju-i-neurologiju-vaso-cukovic-risan	S06002	8.34	NULL	NULL	7968	follow-up-cardiac-surgeon-examination	Follow-up Cardiac Surgeon Examination	Ponovni (kontrolni) pregled - kardiohirurg
specijalna-bolnica-za-ortopediju-neurohirurgiju-i-neurologiju-vaso-cukovic-risan	X28001	13.00	NULL	NULL	7969	distractor-removal	Distractor Removal	Uklanjanje distraktora
specijalna-bolnica-za-ortopediju-neurohirurgiju-i-neurologiju-vaso-cukovic-risan	X28002	33.36	NULL	48.75	7970	mandibular-joint-dislocation-reduction	Mandibular Joint Dislocation Reduction	Repozicija luksacije mandibularni zglob
specijalna-bolnica-za-ortopediju-neurohirurgiju-i-neurologiju-vaso-cukovic-risan	X28003	3.25	NULL	125.10	7971	mandibular-distractor-activation	Mandibular Distractor Activation	Aktivacija mandibularnog odiljenja
specijalna-bolnica-za-ortopediju-neurohirurgiju-i-neurologiju-vaso-cukovic-risan	X28006	3.90	NULL	33.36	7972	facial-skin-cauterization	Facial Skin Cauterization	Kauterizacija kože lica
specijalna-bolnica-za-ortopediju-neurohirurgiju-i-neurologiju-vaso-cukovic-risan	X28007	13.00	NULL	NULL	7973	sclerotherapy-of-benign-facial-skin-tumors	Sclerotherapy of Benign Facial Skin Tumors	Sklerozacija benignih tumora kože lica
specijalna-bolnica-za-ortopediju-neurohirurgiju-i-neurologiju-vaso-cukovic-risan	X28008	19.50	NULL	50.04	7974	sialometry	Sialometry	Sijalometrija
specijalna-bolnica-za-ortopediju-neurohirurgiju-i-neurologiju-vaso-cukovic-risan	X28009	32.50	NULL	83.40	7975	angular-vein-cannulation	Angular Vein Cannulation	Plasiranje kanile u angularnu venu
specijalna-bolnica-za-ortopediju-neurohirurgiju-i-neurologiju-vaso-cukovic-risan	X28011	29.25	NULL	75.06	7976	alveolar-ridge-fracture-treatment	Alveolar Ridge Fracture Treatment	Prelom-alveolarnog grebena
specijalna-bolnica-za-ortopediju-neurohirurgiju-i-neurologiju-vaso-cukovic-risan	X28012	48.75	NULL	125.10	7977	temporary-jaw-immobilization	Temporary Jaw Immobilization	Imobilizacija vilica - privremena
specijalna-bolnica-za-ortopediju-neurohirurgiju-i-neurologiju-vaso-cukovic-risan	X28013	48.75	NULL	125.10	7978	jaw-immobilization-with-facial-arch-bars	Jaw Immobilization with Facial Arch Bars	Imobilizacija vilica - fac. šine
specijalna-bolnica-za-ortopediju-neurohirurgiju-i-neurologiju-vaso-cukovic-risan	X28014	26.00	NULL	66.72	7979	surgical-tooth-crown-excision	Surgical Tooth Crown Excision	Hiruška ekscizija krune zuba
specijalna-bolnica-za-ortopediju-neurohirurgiju-i-neurologiju-vaso-cukovic-risan	X28015	16.25	NULL	41.70	7980	conservative-treatment-of-oroantral-communication	Conservative Treatment of Oroantral Communication	Konzervativno liječenje oroantralne komunikacije
specijalna-bolnica-za-ortopediju-neurohirurgiju-i-neurologiju-vaso-cukovic-risan	X28016	48.75	NULL	125.10	7981	oroantral-closure-without-sinus-involvement	Oroantral Closure Without Sinus Involvement	Oroantralno zatvaranje - bez sinusa
specijalna-bolnica-za-ortopediju-neurohirurgiju-i-neurologiju-vaso-cukovic-risan	X35004	48.75	NULL	NULL	7982	renal-scintigraphy-with-diuretic-stimulation	Renal Scintigraphy with Diuretic Stimulation	Dinamska scintigrafija bubrega sa diuretskom stimulacijom
specijalna-bolnica-za-ortopediju-neurohirurgiju-i-neurologiju-vaso-cukovic-risan	X35006	48.75	NULL	NULL	7983	dynamic-scintigraphy-of-transplanted-kidney	Dynamic Scintigraphy of Transplanted Kidney	Dinamska scintigrafija transplantiranog bubrega
specijalna-bolnica-za-ortopediju-neurohirurgiju-i-neurologiju-vaso-cukovic-risan	X35007	39.00	NULL	NULL	7984	static-renal-scintigraphy	Static Renal Scintigraphy	Statička scintigrafija bubrega
specijalna-bolnica-za-ortopediju-neurohirurgiju-i-neurologiju-vaso-cukovic-risan	X35008	32.50	NULL	NULL	7985	dynamic-salivary-gland-scintigraphy	Dynamic Salivary Gland Scintigraphy	Dinamska scintigrafija pljuvačnih žlijezda
specijalna-bolnica-za-ortopediju-neurohirurgiju-i-neurologiju-vaso-cukovic-risan	X35009	22.75	NULL	NULL	7986	dynamic-thyroid-scintigraphy	Dynamic Thyroid Scintigraphy	Dinamska scintigrafija štitaste žlijezde
specijalna-bolnica-za-ortopediju-neurohirurgiju-i-neurologiju-vaso-cukovic-risan	X35010	32.50	NULL	NULL	7987	parathyroid-gland-scintigraphy	Parathyroid Gland Scintigraphy	Scintigrafija paratiroidnih žlijezda
specijalna-bolnica-za-ortopediju-neurohirurgiju-i-neurologiju-vaso-cukovic-risan	X35011	65.00	NULL	NULL	7988	colloid-liver-scintigraphy	Colloid Liver Scintigraphy	Koloidna scintigrafija jetre
specijalna-bolnica-za-ortopediju-neurohirurgiju-i-neurologiju-vaso-cukovic-risan	X35013	58.50	NULL	NULL	7989	pulmonary-perfusion-scintigraphy	Pulmonary Perfusion Scintigraphy	Perfuziona scintigrafija pluća
specijalna-bolnica-za-ortopediju-neurohirurgiju-i-neurologiju-vaso-cukovic-risan	X35014	42.25	NULL	NULL	7990	myocardial-perfusion-scintigraphy	Myocardial Perfusion Scintigraphy	Perfuziona scintigrafija srca
specijalna-bolnica-za-ortopediju-neurohirurgiju-i-neurologiju-vaso-cukovic-risan	X35015	42.25	NULL	NULL	7991	meckel-s-diverticulum-scintigraphy	Meckel's Diverticulum Scintigraphy	Scintigrafija Meckelovog divertikuluma
specijalna-bolnica-za-ortopediju-neurohirurgiju-i-neurologiju-vaso-cukovic-risan	X35019	65.00	NULL	NULL	7992	treatment-of-hyperthyroid-patients-with-therapeutic-i-131-dose	Treatment of Hyperthyroid Patients with Therapeutic I-131 Dose	Liječenje hipertireoidnih pacijenata terapijskom dozom I-131
specijalna-bolnica-za-ortopediju-neurohirurgiju-i-neurologiju-vaso-cukovic-risan	X35020	16.25	NULL	NULL	7993	radionuclide-synovectomy-with-y-90	Radionuclide Synovectomy with Y-90	Radionuklidna sinovektomija sa Y-90
specijalna-bolnica-za-ortopediju-neurohirurgiju-i-neurologiju-vaso-cukovic-risan	X35021	97.50	NULL	NULL	7994	postoperative-treatment-of-differentiated-thyroid-carcinoma-with-therapeutic-i-131-dose	Postoperative Treatment of Differentiated Thyroid Carcinoma with Therapeutic I-131 Dose	Postoperativno liječenje DTK terapijskom dozom I-131
specijalna-bolnica-za-ortopediju-neurohirurgiju-i-neurologiju-vaso-cukovic-risan	X35023	97.50	NULL	NULL	7995	therapy-of-neuroblastoma-and-pheochromocytoma-with-mibg-i-131	Therapy of Neuroblastoma and Pheochromocytoma with MIBG I-131	Terapija neuroblastoma i feohromocitoma sa MIBI-I-131
specijalna-bolnica-za-ortopediju-neurohirurgiju-i-neurologiju-vaso-cukovic-risan	X35024	97.50	NULL	NULL	7996	therapy-with-radiolabeled-somatostatin-analogues	Therapy with Radiolabeled Somatostatin Analogues	Terapija radioobeleženim analozima somatostatina
specijalna-bolnica-za-ortopediju-neurohirurgiju-i-neurologiju-vaso-cukovic-risan	X29001	26.00	NULL	66.72	7997	neonatal-mechanical-ventilation	Neonatal Mechanical Ventilation	Mehanička ventilacija novorođenčeta
specijalna-bolnica-za-ortopediju-neurohirurgiju-i-neurologiju-vaso-cukovic-risan	X29002	26.00	NULL	66.72	7998	neonatal-high-frequency-oscillatory-ventilation	Neonatal High-Frequency Oscillatory Ventilation	Visokofrekventna oscilatorna ventilacija novorođenčeta
specijalna-bolnica-za-ortopediju-neurohirurgiju-i-neurologiju-vaso-cukovic-risan	X29003	9.75	NULL	25.02	7999	continuous-positive-airway-pressure-cpap	Continuous Positive Airway Pressure (CPAP)	Primjena Kontinuirajućeg pozitivnog pritiska u disajnim putevima - CPAP
specijalna-bolnica-za-ortopediju-neurohirurgiju-i-neurologiju-vaso-cukovic-risan	X29004	6.50	NULL	16.68	8000	nitric-oxide-no-administration	Nitric Oxide (NO) Administration	Primjena azot oksida (NO)
specijalna-bolnica-za-ortopediju-neurohirurgiju-i-neurologiju-vaso-cukovic-risan	X29005	6.50	NULL	150.12	8001	surfactant-administration-in-neonates	Surfactant Administration in Neonates	Primjena surfaktanta kod novorođenčadi
specijalna-bolnica-za-ortopediju-neurohirurgiju-i-neurologiju-vaso-cukovic-risan	X29006	16.68	NULL	NULL	8002	neonatal-oxygen-therapy	Neonatal Oxygen Therapy	Oksigenoterapija kod novorođenčeta
specijalna-bolnica-za-ortopediju-neurohirurgiju-i-neurologiju-vaso-cukovic-risan	X29007	42.25	NULL	108.42	8003	umbilical-vein-catheterization	Umbilical Vein Catheterization	Kateterizacija umbilikalne vene
specijalna-bolnica-za-ortopediju-neurohirurgiju-i-neurologiju-vaso-cukovic-risan	X29008	48.75	NULL	125.10	8004	exchange-transfusion	Exchange Transfusion	Eksangvinotransfuzija
specijalna-bolnica-za-ortopediju-neurohirurgiju-i-neurologiju-vaso-cukovic-risan	X29009	6.50	NULL	16.68	8005	enteral-nutrition	Enteral Nutrition	Enteralna ishrana
specijalna-bolnica-za-ortopediju-neurohirurgiju-i-neurologiju-vaso-cukovic-risan	X29010	4.88	NULL	12.51	8006	total-parenteral-nutrition-tpn	Total Parenteral Nutrition (TPN)	Totalna parenteralna ishrana (TPI)
specijalna-bolnica-za-ortopediju-neurohirurgiju-i-neurologiju-vaso-cukovic-risan	D26146	959.90	NULL	NULL	8007	peripheral-vein-surgery	Peripheral Vein Surgery	Operacija perifernih vena
specijalna-bolnica-za-ortopediju-neurohirurgiju-i-neurologiju-vaso-cukovic-risan	I03019	34.43	NULL	41.31	8017	defectologists-findings-and-opinion	Defectologist's Findings and Opinion	Nalaz i mišljenje defektologa
specijalna-bolnica-za-ortopediju-neurohirurgiju-i-neurologiju-vaso-cukovic-risan	J10013	347.98	NULL	NULL	8021	pneumoangiography	Pneumoangiography	Pneumoangiografija
specijalna-bolnica-za-ortopediju-neurohirurgiju-i-neurologiju-vaso-cukovic-risan	J10016	417.58	NULL	NULL	8022	coronary-angiography	Coronary Angiography	Koronarografija
specijalna-bolnica-za-ortopediju-neurohirurgiju-i-neurologiju-vaso-cukovic-risan	J10044	349.28	NULL	NULL	8023	endocardial-electrode-repair	Endocardial Electrode Repair	Popravak endokardijalne elektrode
specijalna-bolnica-za-ortopediju-neurohirurgiju-i-neurologiju-vaso-cukovic-risan	Y13002	99.80	NULL	NULL	8027	day-hospital-therapy-administration-for-children-aged-1-month-to-7-years-ukccg	Day Hospital Therapy Administration for Children Aged 1 Month to 7 Years (UKCCG)	Primjena terapije kroz dnevnu bolnicu za djecu uzrasta od 1 mj. do 7 g. (UKCCG)
specijalna-bolnica-za-ortopediju-neurohirurgiju-i-neurologiju-vaso-cukovic-risan	Y13003	90.88	NULL	NULL	8028	day-hospital-therapy-administration-for-patients-older-than-7-years-ukccg	Day Hospital Therapy Administration for Patients Older Than 7 Years (UKCCG)	Primjena terapije kroz dnevnu bolnicu za starije od 7 g. (UKCCG)
