"URL","Impressions","Clicks","Last crawled","Discovered on","HTTP code","Document size","Backlinks"
"https://docta.me/services/thyroidectomy","3","3","2026-05-28","2026-05-31","200","310573","0"
"https://docta.me/services/esophagogastroduodenoscopy-with-dilatation","3","2","2026-07-19","2026-05-09","200","269730","0"
"https://docta.me/services/3771","1","1","2026-01-24","2026-01-24","200","104598","0"
"https://docta.me/services/hickman-permanent-dialysis-catheter-placement","2","1","2026-07-24","2026-05-31","200","308712","0"
"https://docta.me/services/autologous-transfusion","1","1","2026-05-15","2026-05-17","200","241825","0"
"https://docta.me/services/gastroscopy-and-colonoscopy","3","1","2026-07-04","2026-04-01","200","258277","0"
"https://docta.me/services/hearing-loss-percentage-calculation-fowler-sabine-formula","2","1","2026-04-01","2026-04-01","200","129873","0"
"https://docta.me/services/wedge-gastric-resection","1","1","2026-07-01","2026-04-09","200","257251","0"
"https://docta.me/services/quick-aligner","1","1","2026-07-19","2026-05-27","200","262079","0"
"https://docta.me/services/nipple-reduction","3","1","2026-07-09","2026-04-01","200","256896","0"
"https://docta.me/services/liposuction-under-general-anesthesia?lang=en","1","1","2026-07-11","2026-04-01","200","295324","0"
"https://docta.me/services/hyalubrix-60mg-with-clinic-ampoule","1","1","2026-04-10","2026-04-10","200","0","0"
"https://docta.me/services/ecg?lang=en","3","1","2026-07-18","2026-04-01","200","423528","0"
"https://docta.me/services/rhinoplasty","1","1","2026-07-04","2026-06-07","200","308686","0"
"https://docta.me/services/small-bowel-partial-resection-with-primary-anastomosis","1","1","2026-05-09","2026-04-01","200","255098","0"
"https://docta.me/services/diffusion-and-spirometry","1","1","2026-04-01","2026-04-01","200","128153","0"
"https://docta.me/services/blood-vessels-doppler","2","1","2026-04-01","2026-04-01","200","198781","0"
"https://docta.me/services/primary-hand-extensor-tendon-repair","3","1","2026-05-28","2026-05-30","200","255227","0"
"https://docta.me/services/breast-ultrasound?lang=ru","1","1","2026-07-08","2026-04-27","200","565589","0"
"https://docta.me/services/prostate-biopsy","2","1","2026-07-19","2026-05-16","200","260422","0"
"https://docta.me/services/1979","2","1","2026-01-24","2026-01-24","200","151109","0"
"https://docta.me/services/laparoscopic-liver-biopsy","1","1","2026-07-08","2026-07-08","200","282947","0"
"https://docta.me/services/3508","1","1","2026-01-24","2026-01-24","200","105578","0"
"https://docta.me/services/surface-biopsy-punch-system","1","0","2026-07-13","2026-05-06","200","278571","0"
"https://docta.me/services/3492","0","0","2026-01-24","2026-01-24","200","105645","0"
"https://docta.me/services/urinary-catheter-placement","0","0","2026-04-01","2026-04-01","200","144832","0"
"https://docta.me/services/selective-and-subselective-phlebography","0","0","2026-07-01","2026-06-23","200","261711","0"
"https://docta.me/services/fixed-orthodontic-check-up","0","0","2026-04-01","2026-04-01","200","159454","0"
"https://docta.me/services/medical-transport-als-up-to-50km","0","0","2026-05-10","2026-05-11","200","232172","0"
"https://docta.me/services/mri-lumbosacral-plexus","0","0","2026-06-28","2026-04-01","200","257943","0"
"https://docta.me/services/autoimmune-neurological-disease-treatment","0","0","2026-05-23","2026-05-24","200","248289","0"
"https://docta.me/services/professor-colposcopy?lang=tr","0","0","2026-04-01","2026-04-01","200","132763","0"
"https://docta.me/services/prp-vampire-facelift-own-plasma","0","0","2026-05-21","2026-04-01","200","255974","0"
"https://docta.me/services/influenza-a-virus-igg-elisa","0","0","2026-07-22","2026-07-22","200","275857","0"
"https://docta.me/services/cardiologist-examination-with-ultrasound?lang=en","0","0","2026-04-01","2026-04-01","200","148891","0"
"https://docta.me/services/histopathology-of-uterus","0","0","2026-07-26","2026-07-26","200","302458","0"
"https://docta.me/services/oxygen-administration","0","0","2026-06-11","2026-06-11","200","288127","0"
"https://docta.me/services/upper-and-lower-extremity-doppler","1","0","2026-04-01","2026-04-01","200","147790","0"
"https://docta.me/services/adult-personality-structure-assessment","0","0","2026-06-03","2026-06-05","200","267789","0"
"https://docta.me/services/segmental-fixed-orthodontic-appliance","1","0","2026-05-30","2026-04-01","200","284843","0"
"https://docta.me/services/sports-medical-examination","0","0","2026-07-05","2026-05-12","200","270496","0"
"https://docta.me/services/borrelia-burgdorferi-igg-antibodies-confirmatory-test-western-blot","0","0","2026-07-22","2026-07-22","200","278250","0"
"https://docta.me/services/iv-cannula-application","0","0","2026-04-01","2026-04-01","200","179976","0"
"https://docta.me/services/x-ray-temporomandibular-joint","1","0","2026-07-16","2026-05-07","200","259568","0"
"https://docta.me/services/3192","0","0","2026-03-01","2026-01-24","200","113397","0"
"https://docta.me/services/mri-brain-with-head-arteriography","0","0","2026-07-13","2026-04-01","200","259659","0"
"https://docta.me/services/endocrinologist-examination-with-ultrasound","0","0","2026-04-01","2026-04-01","200","146326","0"
"https://docta.me/services/inverted-nipple-correction","0","0","2026-04-01","2026-04-01","200","130919","0"
"https://docta.me/services/transthoracic-diaphragm-plication","0","0","2026-06-30","2026-06-30","200","257980","0"
"https://docta.me/services/laparoscopic-sacral-colpopexy","0","0","2026-04-01","2026-04-01","200","131054","0"
"https://docta.me/services/msct-head-with-orbits?lang=en","0","0","2026-05-09","2026-05-10","200","231844","0"
"https://docta.me/services/4088","0","0","2026-01-24","2026-01-24","200","103223","0"
"https://docta.me/services/indirect-unilateral-tep-inguinal-hernia-repair","0","0","2026-07-08","2026-07-08","200","259250","0"
"https://docta.me/services/maryland-bridge","2","0","2026-04-01","2026-04-01","200","140272","0"
"https://docta.me/services/euthyscopy","0","0","2026-07-10","2026-07-12","200","254195","0"
"https://docta.me/services/root-canal-preparation","0","0","2026-04-01","2026-04-01","200","131425","0"
"https://docta.me/services/msc-male-package","0","0","2026-07-10","2026-04-01","200","255846","0"
"https://docta.me/services/laparoscopic-gastroesophageal-antireflux-surgery","0","0","2026-07-06","2026-07-06","200","260065","0"
"https://docta.me/services/msct-four-regions-native","0","0","2026-04-28","2026-04-29","200","169950","0"
"https://docta.me/services/axillary-hyperhidrosis-botox","0","0","2026-04-01","2026-04-01","200","131627","0"
"https://docta.me/services/body-composition-analysis?lang=en","0","0","2026-04-01","2026-04-01","200","143578","0"
"https://docta.me/services/temporary-bridge-relining?lang=en","0","0","2026-04-30","2026-04-30","200","183172","0"
"https://docta.me/services/temporary-crown-digital-smile-design?lang=en","3","0","2026-04-30","2026-04-30","200","183912","0"
"https://docta.me/services/3460","0","0","2026-01-24","2026-01-24","200","105101","0"
"https://docta.me/services/medical-certificate-for-general-work?lang=en","0","0","2026-05-15","2026-05-15","200","324654","0"
"https://docta.me/services/systematic-exam-package-urology-hormones-men?lang=tr","0","0","2026-04-01","2026-04-01","200","131909","0"
"https://docta.me/services/autovenous-graft-resection-of-cervical-vessels","0","0","2026-06-23","2026-06-24","200","258397","0"
"https://docta.me/services/pessary-insertion?lang=en","0","0","2026-04-01","2026-04-01","200","151925","0"
"https://docta.me/services/internist-examination","0","0","2026-05-11","2026-04-01","200","252267","0"
"https://docta.me/services/mri-abdomen-pelvis-with-mrcp","0","0","2026-04-01","2026-04-01","200","130235","0"
"https://docta.me/services/digital-smile-design","0","0","2026-07-05","2026-07-05","200","299897","0"
"https://docta.me/services/thyroid-ultrasound?lang=en","0","0","2026-04-01","2026-04-01","200","299649","0"
"https://docta.me/services/epididymal-exploration-with-or-without-biopsy","0","0","2026-05-20","2026-05-21","200","255213","0"
"https://docta.me/services/first-neurologist-examination?lang=en","0","0","2026-04-01","2026-04-01","200","199803","0"
"https://docta.me/services/legionella-pneumophila-igm-elisa","0","0","2026-07-22","2026-07-22","200","276614","0"
"https://docta.me/services/3187","0","0","2026-01-24","2026-01-24","200","124456","0"
"https://docta.me/services/endotracheal-intubation","0","0","2026-06-28","2026-06-28","200","305570","0"
"https://docta.me/services/plexr-shower-treatment","0","0","2026-04-01","2026-04-01","200","128428","0"
"https://docta.me/services/extended-tympanometry","0","0","2026-04-01","2026-04-01","200","145732","0"
"https://docta.me/services/msct-calcium-score","0","0","2026-04-01","2026-04-01","200","130051","0"
"https://docta.me/services/subcutaneous-anal-fistulotomy-or-fistulectomy?lang=tr","0","0","2026-05-30","2026-05-30","200","274464","0"
"https://docta.me/services/lung-ultrasound","0","0","2026-04-12","2026-04-12","200","169362","0"
"https://docta.me/services/spinal-discopathy-and-stenosis-rehabilitation","0","0","2026-07-03","2026-06-16","200","250902","0"
"https://docta.me/services/superlasik-single-eye","0","0","2026-06-07","2026-04-01","200","254806","0"
"https://docta.me/services/1950?lang=en","0","0","2026-01-24","2026-01-24","200","103111","0"
"https://docta.me/services/cataract-surgery-with-multifocal-iol?lang=en","0","0","2026-04-01","2026-04-01","200","131052","0"
"https://docta.me/services/leptospira-igg-elisa","0","0","2026-07-22","2026-07-22","200","275514","0"
"https://docta.me/services/mycoplasma-hominis-culture","0","0","2026-07-21","2026-07-21","200","270883","0"
"https://docta.me/services/pelvic-ureteral-fistula-closure","0","0","2026-05-28","2026-05-28","200","254910","0"
"https://docta.me/services/benign-bile-duct-reconstruction-after-injury?lang=tr","0","0","2026-04-01","2026-04-01","200","132768","0"
"https://docta.me/services/flexor-tendon-repair?lang=en","0","0","2026-04-01","2026-04-01","200","135863","0"
"https://docta.me/services/laser-pilonidal-sinus-surgery","0","0","2026-04-01","2026-04-01","200","140675","0"
"https://docta.me/services/fissure-sealant-with-fluoride?lang=en","0","0","2026-04-27","2026-04-27","200","0","0"
"https://docta.me/services/3290","0","0","2026-01-24","2026-01-24","200","105891","0"
"https://docta.me/services/specialist-dental-examination","0","0","2026-04-01","2026-04-01","200","177487","0"
"https://docta.me/services/conservative-treatment-of-periapical-process-and-dental-gangrene","0","0","2026-04-01","2026-04-01","200","132218","0"
"https://docta.me/services/urethral-or-vaginal-trichomonas-vaginalis-smear-examination-grading","0","0","2026-07-22","2026-07-22","200","278464","0"
"https://docta.me/services/blood-collection-fee","0","0","2026-04-28","2026-04-28","200","235100","0"
"https://docta.me/services/dupuytren-contracture-surgery-single-tendon","0","0","2026-04-01","2026-04-01","200","132031","0"
"https://docta.me/services","0","0","2026-03-22","2026-04-08","200","1174344","0"
"https://docta.me/services/mri-enterography","1","0","2026-04-18","2026-04-21","200","178539","0"
"https://docta.me/services/non-surgical-rejuvenation-fractora-laser?lang=en","0","0","2026-04-01","2026-04-01","200","131575","0"
"https://docta.me/services/ultrasound-lymph-nodes","0","0","2026-04-01","2026-04-01","200","129959","0"
"https://docta.me/services/2075","0","0","2026-02-15","2026-07-18","200","109510","0"
"https://docta.me/services/laparoscopic-hernia-operation","0","0","2026-04-01","2026-04-01","200","140634","0"
"https://docta.me/services/chronic-subdural-hematoma-evacuation?lang=en","0","0","2026-05-27","2026-05-27","200","0","0"
"https://docta.me/services/ergometry-stress-test","0","0","2026-04-01","2026-04-01","200","200797","0"
"https://docta.me/services/sanitary-examination-for-food-industry-and-water-supply-workers","0","0","2026-07-01","2026-07-23","200","252764","0"
"https://docta.me/services/pap-test-with-smear-collection?lang=en","0","0","2026-04-01","2026-04-01","200","167359","0"
"https://docta.me/services/3472","0","0","2026-01-24","2026-01-24","200","105191","0"
"https://docta.me/services/laser-turbinoplasty-local-anesthesia?lang=en","0","0","2026-07-11","2026-07-13","200","252275","0"
"https://docta.me/services/mri-both-hip-joints","0","0","2026-04-01","2026-04-01","200","131366","0"
"https://docta.me/services/3180","0","0","2026-01-24","2026-01-24","200","124554","0"
"https://docta.me/services/bordetella-pertussis-culture-from-nasopharyngeal-swab","0","0","2026-07-22","2026-07-22","200","277868","0"
"https://docta.me/services/neck-ultrasound","0","0","2026-04-01","2026-04-01","200","198313","0"
"https://docta.me/services/vestibuloplasty","0","0","2026-07-24","2026-04-01","200","379123","0"
"https://docta.me/services/p24-antigen-detection-elisaantigen","0","0","2026-07-22","2026-07-22","200","276867","0"
"https://docta.me/services/removal-of-infected-implant-from-large-ventral-hernia","0","0","2026-06-02","2026-06-02","200","255881","0"
"https://docta.me/services/chronic-subdural-hematoma-evacuation?lang=sr-cyrl","0","0","2026-06-02","2026-06-02","200","285822","0"
"https://docta.me/services/laser-perianal-fistula-surgery?lang=ru","0","0","2026-05-14","2026-05-14","200","283815","0"
"https://docta.me/services/indirect-denture-relining-with-base-replacement","0","0","2026-05-27","2026-05-27","200","252932","0"
"https://docta.me/services/3141","1","0","2026-01-24","2026-01-24","200","124272","0"
"https://docta.me/services/daily-intraocular-pressure-profile?lang=ru","0","0","2026-04-01","2026-04-01","200","133287","0"
"https://docta.me/services/medical-certificate-for-athletes","0","0","2026-05-23","2026-05-24","200","307991","0"
"https://docta.me/services/fat-transfer-liposculpture","0","0","2026-04-01","2026-04-01","200","131119","0"
"https://docta.me/services/therapeutic-massage-complete","1","0","2026-07-12","2026-05-08","200","336484","0"
"https://docta.me/services/x-ray-urinary-tract-native","3","0","2026-04-01","2026-04-01","200","131553","0"
"https://docta.me/services/histopathology-of-labial-cyst","0","0","2026-07-11","2026-07-11","200","258761","0"
"https://docta.me/services/pterygium-removal-with-conjunctival-graft?lang=en","0","0","2026-04-09","2026-04-10","200","154451","0"
"https://docta.me/services/msct-angiography-head-and-neck-vessels","0","0","2026-04-01","2026-04-01","200","152073","0"
"https://docta.me/services/lymphatic-drainage-complete?lang=en","0","0","2026-04-01","2026-04-01","200","129377","0"
"https://docta.me/services/loop-excision-cervix-with-anesthesia?lang=ru","0","0","2026-04-01","2026-04-01","200","133358","0"
"https://docta.me/services/gynecological-swab-collection","0","0","2026-04-01","2026-04-01","200","166775","0"
"https://docta.me/services/histopathology-of-intestinal-resection-in-whipples-disease","0","0","2026-05-15","2026-05-08","200","243331","0"
"https://docta.me/services/lower-leg-defect-surgical-reconstruction","0","0","2026-07-04","2026-07-18","200","252129","0"
"https://docta.me/services/pleural-puncture","0","0","2026-04-01","2026-04-01","200","131204","0"
"https://docta.me/services/urologist-examination","0","0","2026-05-26","2026-05-26","200","361520","0"
"https://docta.me/services/4097","0","0","2026-01-24","2026-01-24","200","103293","0"
"https://docta.me/services/postural-exercises","0","0","2026-06-08","2026-06-07","200","271768","0"
"https://docta.me/services/comprehensive-gynecological-examination-with-pap","0","0","2026-04-01","2026-04-01","200","127708","0"
"https://docta.me/services/primary-tooth-extraction","0","0","2026-07-01","2026-06-23","200","340802","0"
"https://docta.me/services/salmonella-group-b-o-antibodies-widal-agglutination","0","0","2026-07-23","2026-07-23","200","277215","0"
"https://docta.me/services/vascular-surgeon-examination","0","0","2026-04-01","2026-04-01","200","130523","0"
"https://docta.me/services/surgical-guide-per-implant","0","0","2026-04-01","2026-04-01","200","140653","0"
"https://docta.me/services/histopathology-of-nevus","0","0","2026-05-08","2026-05-08","200","223676","0"
"https://docta.me/services/endocrinologist-examination?cityids=1","0","0","2026-06-15","2026-06-15","200","346603","0"
"https://docta.me/services/family-medicine-examination-with-ultrasound?lang=tr","0","0","2026-04-01","2026-04-01","200","131712","0"
"https://docta.me/services/complete-acrylic-denture","0","0","2026-07-04","2026-04-01","200","345752","0"
"https://docta.me/services/pacemaker-icd-and-crt-device-testing","0","0","2026-07-05","2026-04-01","200","256171","0"
"https://docta.me/services/first-gastroenterologist-examination?lang=ru","0","0","2026-04-04","2026-04-08","200","253277","0"
"https://docta.me/services/261","0","0","2026-01-24","2026-01-24","200","104431","0"
"https://docta.me/services/internist-consent?lang=en","0","0","2026-04-01","2026-04-01","200","130958","0"
"https://docta.me/services/mri-cervical-spine?lang=en","0","0","2026-04-01","2026-04-01","200","132011","0"
"https://docta.me/services/cardiologist-examination","0","0","2026-05-15","2026-04-01","200","337513","0"
"https://docta.me/services/fluorescein-lacrimal-patency-test","0","0","2026-06-01","2026-06-01","200","255031","0"
"https://docta.me/services/colonoscopy-with-mechanical-hemoclip-hemostasis","0","0","2026-05-08","2026-05-08","200","224906","0"
"https://docta.me/services/femoral-hernia-repair?lang=en","0","0","2026-07-11","2026-07-13","200","257928","0"
"https://docta.me/services/2029","0","0","2026-01-25","2026-01-25","200","154573","0"
"https://docta.me/services/msct-orbits","0","0","2026-04-01","2026-04-01","200","129887","0"
"https://docta.me/services/nail-ablation?lang=en","0","0","2026-04-01","2026-04-01","200","130764","0"
"https://docta.me/services/pediatric-hip-ultrasound?lang=en","0","0","2026-04-01","2026-04-01","200","146875","0"
"https://docta.me/services/electrophoresis-therapy","0","0","2026-04-15","2026-04-01","200","160752","0"
"https://docta.me/services/aerobic-bacterial-culture-of-bile","0","0","2026-07-22","2026-07-22","200","276197","0"
"https://docta.me/services/right-hemicolectomy-with-anastomosis","0","0","2026-06-27","2026-06-27","200","304548","0"
"https://docta.me/services/urologist-examination-with-ultrasound?lang=tr","0","0","2026-07-11","2026-07-12","200","366357","0"
"https://docta.me/services/laparoscopic-subtotal-gastrectomy?lang=en","0","0","2026-07-19","2026-05-10","200","294210","0"
"https://docta.me/services/lesion-excision-without-reconstruction-with-histopathology?lang=en","0","0","2026-06-08","2026-06-08","200","255777","0"
"https://docta.me/services/dermatologist-examination","0","0","2026-07-19","2026-04-01","200","404464","0"
"https://docta.me/services/iastm-therapy","0","0","2026-06-17","2026-06-17","200","320216","0"
"https://docta.me/services/vaginal-lesion-excision","1","0","2026-04-01","2026-04-01","200","130808","0"
"https://docta.me/services/professor-breast-examination-package?lang=tr","0","0","2026-04-01","2026-04-03","200","138090","0"
"https://docta.me/services/sputum-fungal-culture","0","0","2026-07-26","2026-07-11","200","308234","0"
"https://docta.me/services/invisalign-attachment?lang=tr","0","0","2026-04-01","2026-04-01","200","141495","0"
"https://docta.me/services/ankle-brachial-index-by-doppler-ultrasound","0","0","2026-06-17","2026-06-18","200","275838","0"
"https://docta.me/services/aspiration-puncture-of-abscess-or-hematoma","0","0","2026-06-27","2026-06-16","200","279032","0"
"https://docta.me/services/hematologist-oncologist-consultation?lang=en","0","0","2026-04-01","2026-04-01","200","133152","0"
"https://docta.me/services/brucella-igm-antibodies-elisa","0","0","2026-07-22","2026-07-22","200","276467","0"
"https://docta.me/services/partial-flexible-denture?lang=en","0","0","2026-05-06","2026-05-07","200","181020","0"
"https://docta.me/services/breast-ultrasound-with-axilla?lang=en","0","0","2026-04-01","2026-04-01","200","145225","0"
"https://docta.me/services/cecostomy-revision","0","0","2026-06-08","2026-06-08","200","254241","0"
"https://docta.me/services/3503","0","0","2026-01-24","2026-01-24","200","105470","0"
"https://docta.me/services/3312","0","0","2026-01-24","2026-01-24","200","105457","0"
"https://docta.me/services/klatskin-tumor-with-reconstruction","0","0","2026-04-01","2026-04-01","200","131161","0"
"https://docta.me/services/mri-two-spine-segments","0","0","2026-04-01","2026-04-01","200","130108","0"
"https://docta.me/services/3670","0","0","2026-02-21","2026-01-24","200","109927","0"
"https://docta.me/services/professor-orthopedist-examination-with-ultrasound","0","0","2026-04-01","2026-04-01","200","130799","0"
"https://docta.me/services/lasik-both-eyes","0","0","2026-05-15","2026-05-15","200","249547","0"
"https://docta.me/services/indirect-unilateral-tapp-inguinal-hernia-repair","0","0","2026-06-29","2026-06-29","200","259877","0"
"https://docta.me/services/adult-examination-for-registered-tb?lang=tr","0","0","2026-06-29","2026-06-29","200","279332","0"
"https://docta.me/services/medical-certificate-for-university-enrollment","0","0","2026-05-27","2026-05-27","200","266375","0"
"https://docta.me/services/systematic-exam-package-vitamins-hormones-minerals?lang=tr","0","0","2026-04-01","2026-04-01","200","132111","0"
"https://docta.me/services/professor-3d-tomosynthesis-mammography","0","0","2026-04-01","2026-04-01","200","132419","0"
"https://docta.me/services/buccal-fat-pad-removal","0","0","2026-07-15","2026-05-08","200","257358","0"
"https://docta.me/services/2234?lang=en","0","0","2026-01-25","2026-01-25","200","156865","0"
"https://docta.me/services/magnetic-foreign-body-extraction-from-posterior-segment","0","0","2026-05-20","2026-05-21","200","256205","0"
"https://docta.me/services/radical-mastectomy-with-axillary-evacuation","0","0","2026-06-02","2026-06-02","200","255999","0"
"https://docta.me/services/root-canal-treatment-third-root","0","0","2026-05-27","2026-05-27","200","316145","0"
"https://docta.me/services/3715?lang=en","0","0","2026-01-25","2026-01-25","200","106932","0"
"https://docta.me/services/penile-prosthesis-implantation","0","0","2026-07-09","2026-07-09","200","283216","0"
"https://docta.me/services/transrectal-drainage-of-pelvic-abscess","0","0","2026-07-25","2026-07-11","200","309972","0"
"https://docta.me/services/wound-dressing-i","0","0","2026-04-01","2026-04-01","200","128185","0"
"https://docta.me/services/thigh-lift","0","0","2026-04-24","2026-04-01","200","164859","0"
"https://docta.me/services/ergospirometry?lang=tr","0","0","2026-04-01","2026-04-01","200","151502","0"
"https://docta.me/services/laparoscopic-tumorectomy","0","0","2026-07-23","2026-06-23","200","307528","0"
"https://docta.me/services/sports-massage-45-min?lang=en","0","0","2026-05-26","2026-05-27","200","269997","0"
"https://docta.me/services/crown-removal","0","0","2026-04-01","2026-04-01","200","140251","0"
"https://docta.me/services/msct-upper-extremities-arm?lang=en","0","0","2026-04-01","2026-04-01","200","132303","0"
"https://docta.me/services/professor-echocardiography?lang=en","0","0","2026-05-07","2026-04-01","200","188689","0"
"https://docta.me/services/insulin-therapy-administration","0","0","2026-05-18","2026-05-19","200","253009","0"
"https://docta.me/services/chest-x-ray-lungs","0","0","2026-06-07","2026-06-07","200","278437","0"
"https://docta.me/services/special-needs-child-ego-perception-test","0","0","2026-06-29","2026-06-29","200","0","0"
"https://docta.me/services/complete-dental-cleaning?lang=en","0","0","2026-06-28","2026-05-24","200","439098","0"
"https://docta.me/services/hand-rejuvenation-hyaluronic-fillers?lang=en","0","0","2026-04-01","2026-04-01","200","131368","0"
"https://docta.me/services/dermatologist-examination-with-dermatoscopy","0","0","2026-07-05","2026-07-07","200","292312","0"
"https://docta.me/services/dupuytren-contracture-surgery-both-hands","0","0","2026-04-01","2026-04-01","200","131963","0"
"https://docta.me/services/echinococcus-spp-detection-stained-preparation","0","0","2026-07-22","2026-07-22","200","277361","0"
"https://docta.me/services/uterine-rupture-repair","0","0","2026-06-11","2026-06-11","200","257124","0"
"https://docta.me/services/3821","0","0","2026-01-24","2026-01-24","200","104167","0"
"https://docta.me/services/breast-biopsy","2","0","2026-06-04","2026-04-01","200","254748","0"
"https://docta.me/services/mandibular-distractor-activation","0","0","2026-07-04","2026-07-04","200","261731","0"
"https://docta.me/services/panoramic-x-ray","0","0","2026-04-01","2026-04-01","200","153781","0"
"https://docta.me/services/suture-removal","0","0","2026-04-01","2026-04-01","200","231901","0"
"https://docta.me/services/cystoscopy-male","3","0","2026-04-01","2026-04-01","200","129892","0"
"https://docta.me/services/liver-biopsy-local-anesthesia","0","0","2026-04-01","2026-04-01","200","130348","0"
"https://docta.me/services/after-hours-examination","0","0","2026-04-01","2026-04-01","200","128774","0"
"https://docta.me/services/orthopedic-reposition-with-x-ray-and-cast","0","0","2026-04-01","2026-04-01","200","130701","0"
"https://docta.me/services/radiowave-conchoplasty","0","0","2026-07-15","2026-04-01","200","259679","0"
"https://docta.me/services/abdominal-hysterectomy?lang=tr","0","0","2026-04-01","2026-04-01","200","131964","0"
"https://docta.me/services/gastroscopy-and-colonoscopy?lang=ru","0","0","2026-04-28","2026-04-28","200","173356","0"
"https://docta.me/services/root-canal-treatment-first-root","0","0","2026-06-16","2026-04-01","200","320143","0"
"https://docta.me/services/professor-expert-pregnancy-ultrasound?lang=en","0","0","2026-04-01","2026-04-01","200","133199","0"
"https://docta.me/services/x-ray-both-upper-arms?lang=en","0","0","2026-04-01","2026-04-01","200","184510","0"
"https://docta.me/services/3807","0","0","2026-01-27","2026-01-27","200","105273","0"
"https://docta.me/services/bladder-catheterization","0","0","2026-06-02","2026-06-02","200","278885","0"
"https://docta.me/services/breathing-exercises","0","0","2026-05-08","2026-05-08","200","223501","0"
"https://docta.me/services/wound-swab?lang=en","0","0","2026-04-01","2026-04-01","200","130485","0"
"https://docta.me/services/silver-diamine-fluoride-application","0","0","2026-05-12","2026-05-13","200","274897","0"
"https://docta.me/services/open-reduction-of-radius-and-ulna-diaphysis-fracture?lang=ru","0","0","2026-06-27","2026-06-27","200","282183","0"
"https://docta.me/services/3461","0","0","2026-01-24","2026-01-24","200","105051","0"
"https://docta.me/services/ingrown-toenail-surgery","0","0","2026-04-01","2026-04-01","200","185471","0"
"https://docta.me/services/otoacoustic-emissions-teoae","0","0","2026-06-28","2026-06-28","200","279600","0"
"https://docta.me/services/ck-mb-activity","0","0","2026-06-09","2026-06-09","200","267107","0"
"https://docta.me/services/general-anesthesia","0","0","2026-05-12","2026-05-13","200","234921","0"
"https://docta.me/services/ileus-surgery","0","0","2026-04-01","2026-04-01","200","130450","0"
"https://docta.me/services/wound-care-without-suturing","0","0","2026-07-17","2026-07-17","200","270294","0"
"https://docta.me/services/orthofed-method?lang=en","0","0","2026-07-26","2026-07-26","200","341634","0"
"https://docta.me/services/3377","0","0","2026-01-24","2026-01-24","200","104932","0"
"https://docta.me/services/4104","0","0","2026-01-24","2026-01-24","200","103378","0"
"https://docta.me/services/positional-test","0","0","2026-06-01","2026-06-01","200","256071","0"
"https://docta.me/services/breast-ultrasound-with-axilla","1","0","2026-04-01","2026-04-01","200","144379","0"
"https://docta.me/services/congenital-hand-anomalies-syndactyly?lang=ru","0","0","2026-05-25","2026-05-25","200","277100","0"
"https://docta.me/services/epigastric-hernia-operation","0","0","2026-06-04","2026-06-06","200","296330","0"
"https://docta.me/services/cervical-erosion-radio-wave-treatment","0","0","2026-04-06","2026-04-01","200","131465","0"
"https://docta.me/services/operative-closure-of-gastrostomy","0","0","2026-06-27","2026-06-22","200","259180","0"
"https://docta.me/services/3365","0","0","2026-01-24","2026-01-24","200","105588","0"
"https://docta.me/services/precision-attachment-for-denture","0","0","2026-05-27","2026-05-27","200","270479","0"
"https://docta.me/services/anti-hbs-antibody-test","0","0","2026-07-22","2026-07-22","200","276095","0"
"https://docta.me/services/specialist-examination-with-two-additional-services","0","0","2026-04-01","2026-04-01","200","131016","0"
"https://docta.me/services/aerobic-bacterial-culture-of-gastric-content-swab","0","0","2026-07-22","2026-07-22","200","277582","0"
"https://docta.me/services/brow-and-forehead-lift","0","0","2026-06-16","2026-04-01","200","275775","0"
"https://docta.me/services/rapid-cholesterol-test","0","0","2026-04-01","2026-04-01","200","123110","0"
"https://docta.me/services/transthoracic-diaphragmatic-rupture-repair","0","0","2026-06-19","2026-06-19","200","259636","0"
"https://docta.me/services/cataract-surgery-with-panoptix-iol?lang=tr","0","0","2026-06-24","2026-06-25","200","257247","0"
"https://docta.me/services/lumineers?lang=en","0","0","2026-05-02","2026-05-02","200","182444","0"
"https://docta.me/services/co2-laser-eyelids-upper-and-lower","0","0","2026-05-24","2026-05-24","200","253659","0"
"https://docta.me/services/serum-cholesterol","0","0","2026-06-28","2026-06-30","200","269921","0"
"https://docta.me/services/dental-first-aid","0","0","2026-04-01","2026-04-01","200","130759","0"
"https://docta.me/services/large-wound-care","0","0","2026-04-01","2026-04-01","200","147261","0"
"https://docta.me/services/chronic-wound-treatment-and-dressing?lang=en","0","0","2026-04-01","2026-04-01","200","132714","0"
"https://docta.me/services/prolactin-profile-with-iv-cannula?lang=en","0","0","2026-04-01","2026-04-01","200","129898","0"
"https://docta.me/services/follow-up-plastic-surgeon-examination","0","0","2026-07-16","2026-07-16","200","261795","0"
"https://docta.me/services/specialist-examination-with-two-ultrasounds","0","0","2026-04-01","2026-04-01","200","130707","0"
"https://docta.me/services/impacted-tooth-extraction","0","0","2026-07-17","2026-07-18","200","347243","0"
"https://docta.me/services/infiltration?lang=tr","0","0","2026-07-07","2026-07-07","200","259103","0"
"https://docta.me/services/tongue-swab","1","0","2026-04-04","2026-04-04","200","135167","0"
"https://docta.me/services/skeletal-partial-denture?lang=en","0","0","2026-05-07","2026-04-01","200","309169","0"
"https://docta.me/services/3849","0","0","2026-01-24","2026-01-24","200","104394","0"
"https://docta.me/services/x-ray-pharynx-and-larynx?lang=tr","0","0","2026-05-21","2026-05-21","200","249402","0"
"https://docta.me/services/doppler-lower-extremity-blood-vessels?lang=en","0","0","2026-06-08","2026-04-01","200","407800","0"
"https://docta.me/services/3774","0","0","2026-01-24","2026-01-24","200","104306","0"
"https://docta.me/services/extraction-of-semi-impacted-or-impacted-tooth?lang=en","2","0","2026-05-17","2026-05-18","200","300376","0"
"https://docta.me/services/carpal-tunnel-surgery","0","0","2026-04-01","2026-04-01","200","151304","0"
"https://docta.me/services/orbital-implant-insertion","0","0","2026-06-24","2026-06-24","200","258564","0"
"https://docta.me/services/redensity-ii-filler","0","0","2026-04-01","2026-04-01","200","132094","0"
"https://docta.me/services/galvanic-therapy","0","0","2026-06-23","2026-06-23","200","276864","0"
"https://docta.me/services/mri-single-spine-segment","1","0","2026-04-01","2026-04-01","200","130180","0"
"https://docta.me/services/follow-up-neurosurgeon-examination?lang=en","0","0","2026-07-09","2026-04-01","200","308670","0"
"https://docta.me/services/x-ray-maxillary-sinuses?lang=en","0","0","2026-06-16","2026-04-01","200","295516","0"
"https://docta.me/services/skin-hydration-treatment","0","0","2026-07-11","2026-04-01","200","278231","0"
"https://docta.me/services/toxocara-canis-igg-elisa","0","0","2026-07-22","2026-07-22","200","276222","0"
"https://docta.me/services/amalgam-filling","0","0","2026-06-28","2026-04-01","200","316048","0"
"https://docta.me/services/x-ray-sinuses?lang=en","0","0","2026-04-01","2026-04-01","200","145998","0"
"https://docta.me/services/first-thoracic-surgeon-examination?lang=sr-cyrl","0","0","2026-05-31","2026-05-31","200","286372","0"
"https://docta.me/services/3366","0","0","2026-01-24","2026-01-24","200","105548","0"
"https://docta.me/services/necrectomy-with-secondary-suture","1","0","2026-07-08","2026-04-01","200","257600","0"
"https://docta.me/services/adult-examination-for-registered-tb?lang=en","0","0","2026-07-06","2026-07-06","200","280103","0"
"https://docta.me/services/home-visit-follow-up?lang=en","0","0","2026-04-01","2026-04-01","200","130842","0"
"https://docta.me/services/face-and-body-skin-tightening","0","0","2026-05-23","2026-05-23","200","255730","0"
"https://docta.me/services/all-on-4-implant-prosthesis-nobel?lang=tr","0","0","2026-06-04","2026-06-05","200","300811","0"
"https://docta.me/services/1529","0","0","2026-01-24","2026-01-24","200","102757","0"
"https://docta.me/services/gynecological-subspecialist-examination-with-ultrasound","0","0","2026-04-01","2026-04-01","200","131036","0"
"https://docta.me/services/sanitary-examination-for-healthcare-and-educational-workers","0","0","2026-07-09","2026-07-09","200","252488","0"
"https://docta.me/services/anoscopy?lang=en","0","0","2026-04-01","2026-04-01","200","130463","0"
"https://docta.me/services/hymenoplasty?lang=en","0","0","2026-05-08","2026-04-01","200","242146","0"
"https://docta.me/services/gastro-entero-and-entero-entero-anastomosis","0","0","2026-04-01","2026-04-01","200","131430","0"
"https://docta.me/services/temporary-crown?lang=tr","0","0","2026-06-05","2026-04-30","200","395939","0"
"https://docta.me/services/periodontal-causal-therapy","0","0","2026-07-17","2026-07-18","200","289641","0"
"https://docta.me/services/histopathology-of-skin-tumor","0","0","2026-06-12","2026-06-14","200","257257","0"
"https://docta.me/services/acute-episubdural-hematoma-removal-by-osteoplastic-craniotomy?lang=ru","0","0","2026-05-30","2026-05-30","200","280094","0"
"https://docta.me/services/follow-up-pediatric-nephrologist-examination-infant","0","0","2026-07-13","2026-06-26","200","258433","0"
"https://docta.me/services/lower-blepharoplasty?lang=en","0","0","2026-04-01","2026-04-01","200","132275","0"
"https://docta.me/services/forearm-and-hand-splint-under-10-years","0","0","2026-06-27","2026-06-27","200","258623","0"
"https://docta.me/services/condyloma-cryotherapy-removal-with-examination","0","0","2026-05-23","2026-05-24","200","254153","0"
"https://docta.me/services/all-on-4-acrylic-titanium?lang=en","0","0","2026-04-30","2026-04-30","200","183168","0"
"https://docta.me/services/dental-fissure-sealant?cityids=7","0","0","2026-07-11","2026-07-11","200","312602","0"
"https://docta.me/services/gastroscopy-and-colonoscopy-without-anesthesia?lang=en","0","0","2026-04-30","2026-04-30","200","165857","0"
"https://docta.me/services/rf-electrocauterization-up-to-10-lesions?lang=en","0","0","2026-07-15","2026-07-17","200","271756","0"
"https://docta.me/services/brazilian-butt-lift-fat-transfer-implants","0","0","2026-06-17","2026-06-20","200","258351","0"
"https://docta.me/services/cupping-full-body","0","0","2026-07-01","2026-07-01","200","257242","0"
"https://docta.me/services/myers-cocktail-iv","1","0","2026-06-23","2026-04-01","200","257592","0"
"https://docta.me/services/incarcerated-hernia-surgery-with-bowel-resection?lang=en","0","0","2026-07-23","2026-07-23","200","310219","0"
"https://docta.me/services/3767","0","0","2026-01-24","2026-01-24","200","104476","0"
"https://docta.me/services/acupuncture","0","0","2026-05-07","2026-04-01","200","249043","0"
"https://docta.me/services/2275?lang=en","0","0","2026-02-12","2026-02-12","200","109375","0"
"https://docta.me/services/serum-uric-acid","0","0","2026-06-05","2026-06-05","200","267289","0"
"https://docta.me/services/abdomen-and-kidney-ultrasound?lang=en","0","0","2026-04-01","2026-04-01","200","146413","0"
"https://docta.me/services/iastm-therapy?lang=en","0","0","2026-07-11","2026-07-12","200","319569","0"
"https://docta.me/services/2037","0","0","2026-02-09","2026-02-09","200","159333","0"
"https://docta.me/services/3387","1","0","2026-02-10","2026-02-10","200","109134","0"
"https://docta.me/services/microhybrid-composite-filling-three-surfaces?lang=en","1","0","2026-05-05","2026-05-05","200","183250","0"
"https://docta.me/services/denture-retention-system-ceka","0","0","2026-04-01","2026-04-01","200","140656","0"
"https://docta.me/services/hematologist-oncologist-consultation","0","0","2026-04-01","2026-04-01","200","132203","0"
"https://docta.me/services/hip-ultrasound","0","0","2026-05-14","2026-04-01","200","316876","0"
"https://docta.me/services/4091","0","0","2026-01-24","2026-01-24","200","103248","0"
"https://docta.me/services/mechanical-contraceptive-device-check","0","0","2026-07-16","2026-07-17","200","259828","0"
"https://docta.me/services/internist-consent?lang=ru","0","0","2026-07-11","2026-04-01","200","262051","0"
"https://docta.me/services/3184","2","0","2026-01-24","2026-01-24","200","124166","0"
"https://docta.me/services/4086","0","0","2026-01-24","2026-01-24","200","103313","0"
"https://docta.me/services/preoperative-internist-examination","0","0","2026-04-01","2026-04-01","200","130621","0"
"https://docta.me/services/arthroscopic-subacromial-decompression","0","0","2026-05-27","2026-05-27","200","252444","0"
"https://docta.me/services/pulpitis-treatment-two-root-machine?lang=en","0","0","2026-07-03","2026-04-01","200","303158","0"
"https://docta.me/services/dental-implant-astra-tech","0","0","2026-05-08","2026-05-08","200","226901","0"
"https://docta.me/services/histopathology-of-small-intestine-partial-resection-fissures-and-fistulas?lang=en","0","0","2026-07-03","2026-07-03","200","263883","0"
"https://docta.me/services/developmental-disorder-child-follow-up-examination","0","0","2026-07-09","2026-07-09","200","265467","0"
"https://docta.me/services/cystectomy?lang=en","0","0","2026-04-30","2026-04-30","200","239949","0"
"https://docta.me/services/additional-tmj-cbct-scan","0","0","2026-04-01","2026-04-01","200","124891","0"
"https://docta.me/services/follow-up-infant-examination","0","0","2026-07-04","2026-05-08","200","258506","0"
"https://docta.me/services/full-blepharoplasty?lang=en","0","0","2026-04-01","2026-04-01","200","132264","0"
"https://docta.me/services/vestibular-plate","2","0","2026-04-01","2026-04-01","200","140347","0"
"https://docta.me/services/ophthalmic-biopsy","0","0","2026-06-24","2026-06-24","200","254581","0"
"https://docta.me/services/frenulectomy","0","0","2026-04-01","2026-04-01","200","140209","0"
"https://docta.me/services/3276","0","0","2026-01-25","2026-01-25","200","105523","0"
"https://docta.me/services/cross-section-x-ray","0","0","2026-04-01","2026-04-01","200","140417","0"
"https://docta.me/services/hepaticojejunostomy-biliodigestive-bypass?lang=tr","0","0","2026-05-09","2026-05-11","200","254789","0"
"https://docta.me/services/rapid-palatal-expander","1","0","2026-06-28","2026-06-26","200","251037","0"
"https://docta.me/services/bladder-electrical-stimulation","0","0","2026-05-08","2026-05-08","200","224146","0"
"https://docta.me/services/filler-dissolution-hyaluronidase","0","0","2026-07-08","2026-07-11","200","272413","0"
"https://docta.me/services/emergency-ligation-for-major-limb-hemorrhage","0","0","2026-06-22","2026-06-22","200","259963","0"
"https://docta.me/services/spirometry","0","0","2026-04-01","2026-04-01","200","299455","0"
"https://docta.me/services/urologist-examination-with-ultrasound","0","0","2026-04-01","2026-04-01","200","212535","0"
"https://docta.me/services/1621?lang=en","0","0","2026-01-16","2026-01-16","200","125973","0"
"https://docta.me/services/internist-examination?lang=en","0","0","2026-04-01","2026-04-01","200","131124","0"
"https://docta.me/services/ear-cerumen-irrigation","0","0","2026-07-18","2026-06-26","200","282759","0"
"https://docta.me/services/hallux-valgus-surgery","0","0","2026-05-08","2026-05-09","200","222190","0"
"https://docta.me/services/deliberatio-colonis-duodeni-et-ventriculi","0","0","2026-07-11","2026-04-01","200","258025","0"
"https://docta.me/services/excision-of-external-thrombosed-hemorrhoids?lang=en","0","0","2026-05-27","2026-05-27","200","0","0"
"https://docta.me/services/professor-gastroscopy-without-anesthesia?lang=tr","0","0","2026-04-01","2026-04-01","200","126888","0"
"https://docta.me/services/pediatric-caries-treatment","0","0","2026-04-01","2026-04-01","200","145871","0"
"https://docta.me/services/histopathology-of-brain-lobe-resection","0","0","2026-06-04","2026-05-08","200","254910","0"
"https://docta.me/services/transabdominal-diaphragmatic-rupture-repair","0","0","2026-06-02","2026-06-02","200","255377","0"
"https://docta.me/services/mri-abdomen?lang=en","0","0","2026-04-01","2026-04-01","200","151938","0"
"https://docta.me/services/first-pulmonologist-examination","0","0","2026-05-12","2026-05-14","200","228546","0"
"https://docta.me/services/internist-consent?lang=tr","0","0","2026-04-01","2026-04-01","200","131092","0"
"https://docta.me/services/congenital-cataract-surgery-with-iol-implantation","0","0","2026-06-02","2026-06-02","200","256212","0"
"https://docta.me/services/medical-certificate-for-other-purposes","0","0","2026-07-16","2026-07-16","200","270970","0"
"https://docta.me/services/anti-vegf-injection","0","0","2026-04-01","2026-04-01","200","148947","0"
"https://docta.me/services/msct-facial-bones","0","0","2026-04-01","2026-04-01","200","130073","0"
"https://docta.me/services/mri-sacroiliac-joint","0","0","2026-04-01","2026-04-01","200","131457","0"
"https://docta.me/services/screw-retained-implant-crown-zirconia","0","0","2026-07-15","2026-07-18","200","305357","0"
"https://docta.me/services/breast-ultrasound-examination","0","0","2026-06-25","2026-06-25","200","282897","0"
"https://docta.me/services/active-segmental-exercises-with-graded-loading?lang=tr","0","0","2026-05-12","2026-05-12","200","235222","0"
"https://docta.me/services/secondary-iol-implantation?lang=en","0","0","2026-04-01","2026-04-01","200","130690","0"
"https://docta.me/services/anti-echinococcus-granulosus-antibodies-indirect-hemagglutination","0","0","2026-07-22","2026-07-22","200","278171","0"
"https://docta.me/services/pressotherapy","0","0","2026-06-25","2026-04-01","200","256334","0"
"https://docta.me/services/direct-unilateral-tep-inguinal-hernia-repair","0","0","2026-06-19","2026-06-19","200","258243","0"
"https://docta.me/services/laparoscopic-adrenalectomy","0","0","2026-06-24","2026-06-25","200","257703","0"
"https://docta.me/services/endocrinologist-examination-with-thyroid-ultrasound?lang=ru","1","0","2026-07-08","2026-04-01","200","370690","0"
"https://docta.me/services/3628","1","0","2026-01-24","2026-01-24","200","104732","0"
"https://docta.me/services/aerobic-bacterial-culture-of-external-fixator-pin-site-swab","0","0","2026-07-23","2026-07-23","200","277516","0"
"https://docta.me/services/x-ray-lumbar-spine-and-sacrum?lang=tr","0","0","2026-04-01","2026-04-01","200","185147","0"
"https://docta.me/services/central-venous-catheter-placement","0","0","2026-07-09","2026-07-09","200","278727","0"
"https://docta.me/services/msct-orbits?lang=en","1","0","2026-04-01","2026-04-01","200","130623","0"
"https://docta.me/services/colonoscopy-with-anesthesia","0","0","2026-04-01","2026-04-01","200","182490","0"
"https://docta.me/services/aerobic-bacterial-culture-of-aspiration-tube-swab","0","0","2026-07-22","2026-07-22","200","277507","0"
"https://docta.me/services/genital-sampling?lang=en","0","0","2026-07-23","2026-07-24","200","287720","0"
"https://docta.me/services/laser-liposuction-upper-arm","0","0","2026-05-15","2026-04-01","200","251427","0"
"https://docta.me/services/laser-teeth-whitening?lang=en","0","0","2026-06-16","2026-06-16","200","306732","0"
"https://docta.me/services/orthodontic-removable-plate-appliance","0","0","2026-04-01","2026-04-01","200","131320","0"
"https://docta.me/services/tpha-test","0","0","2026-06-01","2026-06-01","200","252044","0"
"https://docta.me/services/temporary-crown","0","0","2026-06-01","2026-06-01","200","394769","0"
"https://docta.me/services/bone-graft-with-membrane?lang=tr","0","0","2026-07-11","2026-07-11","200","275761","0"
"https://docta.me/services/vaginal-lesion-excision?lang=ru","0","0","2026-04-01","2026-04-01","200","133075","0"
"https://docta.me/services/2250","0","0","2026-01-24","2026-01-24","200","104703","0"
"https://docta.me/services/synacthen-test","3","0","2026-07-10","2026-04-01","200","256001","0"
"https://docta.me/services/bracket-replacement","0","0","2026-05-25","2026-04-01","200","302638","0"
"https://docta.me/services/total-gastrectomy-with-d2-lymphadenectomy?lang=tr","0","0","2026-07-04","2026-06-04","200","283421","0"
"https://docta.me/services/1499","0","0","2026-01-24","2026-01-24","200","102617","0"
"https://docta.me/services/colonoscopy-and-gastroscopy-with-anesthesia","0","0","2026-04-01","2026-04-01","200","152020","0"
"https://docta.me/services/first-vascular-surgeon-examination","0","0","2026-05-25","2026-05-27","200","272484","0"
"https://docta.me/services/anti-hbc-antibodies-elisa","0","0","2026-07-22","2026-07-22","200","276196","0"
"https://docta.me/services/anti-hbeag-antibodies-elisa","0","0","2026-07-22","2026-07-22","200","276295","0"
"https://docta.me/services/intramuscular-injection-type-i","0","0","2026-06-17","2026-04-01","200","253295","0"
"https://docta.me/services/screening-audiometry","0","0","2026-05-12","2026-05-12","200","235501","0"
"https://docta.me/services/hydrocele-surgery?lang=en","0","0","2026-04-01","2026-04-01","200","148037","0"
"https://docta.me/services/abdomen-urinary-tract-and-thyroid-ultrasound?lang=en","0","0","2026-04-01","2026-04-01","200","148944","0"
"https://docta.me/services/skin-lesion-removal?lang=ru","0","0","2026-06-13","2026-06-15","200","283477","0"
"https://docta.me/services/electrotherapy-1-agent","0","0","2026-04-01","2026-04-01","200","128379","0"
"https://docta.me/services/complete-female-ultrasound","0","0","2026-07-04","2026-06-05","200","256284","0"
"https://docta.me/services/iud-removal-under-anesthesia","0","0","2026-05-02","2026-04-01","200","187120","0"
"https://docta.me/services/gastroscopy-and-colonoscopy-without-anesthesia","0","0","2026-06-23","2026-04-01","200","253987","0"
"https://docta.me/services/mri-abdomen-pelvis-with-mrcp?lang=en","0","0","2026-04-01","2026-04-01","200","131051","0"
"https://docta.me/services/co2-laser-face","0","0","2026-07-05","2026-07-05","200","256715","0"
"https://docta.me/services/laparoscopic-removal-of-ectopic-pregnancy","0","0","2026-07-20","2026-07-20","200","297069","0"
"https://docta.me/services/surgical-tooth-crown-excision","0","0","2026-07-24","2026-06-17","200","281490","0"
"https://docta.me/services/blood-and-tissue-parasites-detection-native-preparation","0","0","2026-07-22","2026-07-22","200","277802","0"
"https://docta.me/services/co2-laser-eyelids-upper-or-lower?lang=tr","0","0","2026-07-17","2026-07-17","200","258475","0"
"https://docta.me/services/unilateral-laparoscopic-femoral-hernia-repair","0","0","2026-06-02","2026-06-02","200","255656","0"
"https://docta.me/services/schroth-method-package-10-treatments","0","0","2026-05-18","2026-05-18","200","253601","0"
"https://docta.me/services/medical-security-up-to-3h?lang=en","0","0","2026-06-23","2026-04-01","200","257869","0"
"https://docta.me/services/intramuscular-injection-type-ii","0","0","2026-07-14","2026-04-27","200","253344","0"
"https://docta.me/services/3277","0","0","2026-01-24","2026-01-24","200","105481","0"
"https://docta.me/services/psychological-assessment-for-children-with-special-needs","0","0","2026-05-26","2026-05-28","200","255541","0"
"https://docta.me/services/pap-test-lab-analysis?lang=en","0","0","2026-04-01","2026-04-01","200","152070","0"
"https://docta.me/services/2025","0","0","2026-01-24","2026-01-24","200","154573","0"
"https://docta.me/services/minimally-invasive-pectus-carinatum-correction","0","0","2026-07-05","2026-07-05","200","259863","0"
"https://docta.me/services/renuvion-skin-tightening","0","0","2026-04-01","2026-04-01","200","130677","0"
"https://docta.me/services/dental-oral-vestibule-deepening?lang=tr","0","0","2026-05-09","2026-05-10","200","249624","0"
"https://docta.me/services/2177","0","0","2026-03-02","2026-03-02","200","112751","0"
"https://docta.me/services/digital-intraoral-x-ray","0","0","2026-05-17","2026-05-17","200","307295","0"
"https://docta.me/services/aerobic-bacterial-culture-of-dilation-fluid","0","0","2026-07-22","2026-07-22","200","277274","0"
"https://docta.me/services/foam-sclerotherapy","0","0","2026-06-01","2026-06-01","200","251694","0"
"https://docta.me/services/ear-reduction?lang=tr","0","0","2026-05-29","2026-04-01","200","274090","0"
"https://docta.me/services/histopathology-of-total-laryngectomy","0","0","2026-07-17","2026-05-08","200","257700","0"
"https://docta.me/services/meso-cocktails","0","0","2026-04-01","2026-04-01","200","130584","0"
"https://docta.me/services/skin-and-subcutaneous-lesion-excision?lang=en","0","0","2026-05-12","2026-04-01","200","260587","0"
"https://docta.me/services/flipper-denture","0","0","2026-05-19","2026-05-19","200","253104","0"
"https://docta.me/services/histopathology-of-oral-and-pharyngeal-mucosa-biopsy","0","0","2026-07-19","2026-07-19","200","259615","0"
"https://docta.me/services/heavy-dental-scaling-and-polishing?lang=en","0","0","2026-04-30","2026-04-30","200","183577","0"
"https://docta.me/services/pupillometry?lang=en","0","0","2026-07-16","2026-06-12","200","257665","0"
"https://docta.me/services/hospitalization-for-otitis-media-and-upper-respiratory-tract-infection","0","0","2026-07-04","2026-07-05","200","257829","0"
"https://docta.me/services/finger-ganglion-removal","0","0","2026-04-01","2026-04-01","200","131456","0"
"https://docta.me/services/intraoral-x-ray","1","0","2026-06-12","2026-04-01","200","432956","0"
"https://docta.me/services/prolactin-profile-with-iv-cannula?lang=tr","0","0","2026-05-07","2026-05-09","200","0","0"
"https://docta.me/services/mesentery-suture","0","0","2026-07-26","2026-07-26","200","309294","0"
"https://docta.me/services/perianal-abscess-incision-and-drainage","0","0","2026-05-29","2026-05-30","200","293836","0"
"https://docta.me/services/orthopedist-examination","0","0","2026-04-01","2026-04-01","200","183817","0"
"https://docta.me/services/gastroscopy-without-anesthesia?lang=en","0","0","2026-04-01","2026-04-01","200","202464","0"
"https://docta.me/services/ulnar-diaphysis-fracture-open-reduction-withwithout-fixation","0","0","2026-07-13","2026-07-15","200","277071","0"
"https://docta.me/services/3169?lang=en","0","0","2026-01-25","2026-01-25","200","105596","0"
"https://docta.me/services/anaerobic-bacterial-culture-of-tissue-segment-swab","0","0","2026-07-22","2026-07-22","200","277527","0"
"https://docta.me/services/subcapsular-orchiectomy-local-anesthesia?lang=en","0","0","2026-04-01","2026-04-01","200","148798","0"
"https://docta.me/services/heel-fissure-treatment","0","0","2026-05-12","2026-05-12","200","245312","0"
"https://docta.me/services/total-gastrectomy","0","0","2026-05-09","2026-04-01","200","253614","0"
"https://docta.me/services/histopathology-of-subcutaneous-tumor?lang=en","0","0","2026-07-19","2026-07-19","200","271027","0"
"https://docta.me/services/laser-turbinoplasty-general-anesthesia","0","0","2026-07-01","2026-07-01","200","253790","0"
"https://docta.me/services/co2-laser-decollete","0","0","2026-05-07","2026-05-07","200","223502","0"
"https://docta.me/services/ear-examination-and-irrigation?lang=en","0","0","2026-05-10","2026-04-01","200","248388","0"
"https://docta.me/services/medical-certificate-for-difficult-working-conditions-without-high-risk?lang=en","0","0","2026-07-09","2026-07-10","200","325448","0"
"https://docta.me/services/cervical-esophagostomy?lang=en","0","0","2026-07-23","2026-07-26","200","307473","0"
"https://docta.me/services/circumcision-spinal-general-anesthesia?lang=en","0","0","2026-04-01","2026-04-01","200","131413","0"
"https://docta.me/services/follow-up-psychiatric-examination","0","0","2026-04-01","2026-04-01","200","130321","0"
"https://docta.me/services/laparoscopic-total-colectomy-with-ileorectal-anastomosis","0","0","2026-05-27","2026-05-28","200","256113","0"
"https://docta.me/services/msct-two-regions-with-contrast","0","0","2026-04-01","2026-04-01","200","0","0"
"https://docta.me/services/pediatric-cardiologist-examination-with-echocardiography","0","0","2026-04-01","2026-04-01","200","129229","0"
"https://docta.me/services/radiology-second-opinion-three-regions?lang=en","0","0","2026-07-13","2026-04-01","200","258547","0"
"https://docta.me/services/pediatric-articulation-speech-therapy-assessment","0","0","2026-07-13","2026-07-13","200","263938","0"
"https://docta.me/services/medical-certificate-for-high-risk-and-difficult-working-conditions?lang=sr-cyrl","0","0","2026-07-10","2026-07-12","200","352470","0"
"https://docta.me/services/laser-therapy","0","0","2026-06-23","2026-04-01","200","360836","0"
"https://docta.me/services/single-ear-swab","0","0","2026-04-04","2026-04-06","200","135291","0"
"https://docta.me/services/3775","0","0","2026-01-24","2026-01-24","200","104216","0"
"https://docta.me/services/binocular-vision-functional-assessment","0","0","2026-05-11","2026-05-13","200","229549","0"
"https://docta.me/services/surgical-mole-removal-with-histopathology?lang=en","0","0","2026-04-01","2026-04-01","200","133351","0"
"https://docta.me/services/laparoscopic-right-hemicolectomy","2","0","2026-04-01","2026-04-01","200","131149","0"
"https://docta.me/services/lower-limb-phlebectomy-for-recurrent-varicosities","0","0","2026-07-11","2026-07-11","200","260460","0"
"https://docta.me/services/3302","0","0","2026-01-24","2026-01-24","200","142030","0"
"https://docta.me/services/arteriovenous-bypass","0","0","2026-06-16","2026-06-16","200","258213","0"
"https://docta.me/services/extra-anatomical-iliaco-femoral-cross-over-bypass","0","0","2026-06-28","2026-06-29","200","258635","0"
"https://docta.me/services/1998","1","0","2026-01-24","2026-01-24","200","199169","0"
"https://docta.me/services/acumetric-hearing-tests","0","0","2026-04-04","2026-04-05","200","132768","0"
"https://docta.me/services/all-on-4-implant-prosthesis-straumann?lang=en","2","0","2026-05-02","2026-04-30","200","208625","0"
"https://docta.me/services/4d-pregnancy-ultrasound?lang=en","0","0","2026-07-02","2026-07-02","200","276842","0"
"https://docta.me/services/pericardial-pleural-effusion-ultrasound-check?lang=de","0","0","2026-04-01","2026-04-01","200","132155","0"
"https://docta.me/services/laser-anal-fissure-surgery?lang=en","0","0","2026-07-11","2026-04-01","200","267048","0"
"https://docta.me/services/1998?lang=en","0","0","2026-01-24","2026-01-24","200","199594","0"
"https://docta.me/services/histopathology-of-radical-mastectomy","0","0","2026-05-08","2026-05-08","200","224287","0"
"https://docta.me/services/eyelid-capillary-removal?lang=en","0","0","2026-04-01","2026-04-01","200","132340","0"
"https://docta.me/services/prp-facial-treatment","0","0","2026-07-12","2026-06-07","200","302879","0"
"https://docta.me/services/unilateral-tep-femoral-hernia-repair","0","0","2026-07-09","2026-07-09","200","257850","0"
"https://docta.me/services/medical-certificate-for-court-expert?lang=en","0","0","2026-05-29","2026-05-15","200","320464","0"
"https://docta.me/services/rh-d-antigen-testing-gel-method","0","0","2026-07-21","2026-07-21","200","271141","0"
"https://docta.me/services/therapeutic-massage-partial","1","0","2026-05-10","2026-04-01","200","307419","0"
"https://docta.me/services/vulvar-biopsy-under-local-anesthesia","0","0","2026-04-01","2026-04-01","200","131813","0"
"https://docta.me/services/prostigmin-test","0","0","2026-05-28","2026-05-23","200","277499","0"
"https://docta.me/services/ultrasound-inguinal-hernia","0","0","2026-04-10","2026-04-10","200","138113","0"
"https://docta.me/services/additional-cbct-scan","0","0","2026-07-07","2026-07-07","200","273065","0"
"https://docta.me/services/dupuytren-contracture-palm-nodules","0","0","2026-05-23","2026-05-23","200","272584","0"
"https://docta.me/services/abdominal-hysterectomy-with-conservation","0","0","2026-05-24","2026-05-24","200","279163","0"
"https://docta.me/services/extended-spirometry","0","0","2026-04-01","2026-04-01","200","132957","0"
"https://docta.me/services/drainage-of-complicated-periurethral-urinary-extravasation","0","0","2026-07-09","2026-06-30","200","260166","0"
"https://docta.me/services/penile-prosthesis-implantation?lang=en","0","0","2026-04-01","2026-04-01","200","132501","0"
"https://docta.me/services/acp-therapy-plasma-for-joints","1","0","2026-05-30","2026-04-01","200","273600","0"
"https://docta.me/services/x-ray-knee","0","0","2026-07-14","2026-04-01","200","341975","0"
"https://docta.me/services/fluorescein-corneal-test","0","0","2026-07-02","2026-07-02","200","258794","0"
"https://docta.me/services/transsternal-thymectomy?lang=ru","0","0","2026-07-23","2026-07-03","200","313160","0"
"https://docta.me/services/kinesiotherapy","0","0","2026-06-18","2026-06-18","200","358434","0"
"https://docta.me/services/facial-biorevitalization","0","0","2026-04-01","2026-04-01","200","128490","0"
"https://docta.me/services/transthoracic-diaphragm-resection","0","0","2026-06-08","2026-06-08","200","254903","0"
"https://docta.me/services/partial-acrylic-denture","0","0","2026-04-08","2026-04-08","200","135031","0"
"https://docta.me/services/orbital-implant-removal","0","0","2026-06-19","2026-06-19","200","259116","0"
"https://docta.me/services/subcutaneous-injection","0","0","2026-04-01","2026-04-01","200","128376","0"
"https://docta.me/services/cranial-bone-defect-plasty?lang=en","0","0","2026-05-27","2026-05-27","200","0","0"
"https://docta.me/services/personality-structure-assessment-for-adults","0","0","2026-06-17","2026-06-17","200","260710","0"
"https://docta.me/services/eyelid-injury-surgery","0","0","2026-06-12","2026-06-12","200","257518","0"
"https://docta.me/services/acne-and-scar-treatment?lang=en","0","0","2026-07-13","2026-07-15","200","257269","0"
"https://docta.me/services/ent-specialist-examination?lang=en","0","0","2026-04-01","2026-04-01","200","184508","0"
"https://docta.me/services/excision-and-direct-suture-of-benign-skin-lesions","0","0","2026-07-23","2026-07-25","200","314514","0"
"https://docta.me/services/x-ray-both-knees-patella?lang=en","0","0","2026-04-01","2026-04-01","200","130893","0"
"https://docta.me/services/profhilo-treatment","0","0","2026-07-11","2026-04-01","200","277354","0"
"https://docta.me/services/capsulotomy-or-capsuloplasty-for-contracture","0","0","2026-07-05","2026-06-15","200","276872","0"
"https://docta.me/services/first-ophthalmologist-examination","0","0","2026-04-01","2026-04-01","200","128631","0"
"https://docta.me/services/radical-bilateral-inguinal-superficial-lymph-node-dissection","0","0","2026-06-15","2026-06-17","200","259254","0"
"https://docta.me/services/dental-fissure-sealant","0","0","2026-06-13","2026-06-13","200","359145","0"
"https://docta.me/services/x-ray-both-lower-legs","0","0","2026-05-30","2026-04-01","200","326341","0"
"https://docta.me/services/family-medicine-examination","0","0","2026-04-01","2026-04-01","200","162854","0"
"https://docta.me/services/co2-laser-scar-up-to-10cm?lang=tr","0","0","2026-07-13","2026-07-15","200","256729","0"
"https://docta.me/services/foot-ganglion-removal","0","0","2026-04-01","2026-04-01","200","131558","0"
"https://docta.me/services/brucella-igg-antibodies-elisa","0","0","2026-07-22","2026-07-22","200","276467","0"
"https://docta.me/services/x-ray-ankle","0","0","2026-04-01","2026-04-01","200","183605","0"
"https://docta.me/services/medical-certificate-for-driving-license-renewal-category-a-b-c-d-e?lang=ru","0","0","2026-06-15","2026-06-15","200","322238","0"
"https://docta.me/services/cast-post-and-core","0","0","2026-07-01","2026-06-29","200","362445","0"
"https://docta.me/services/medical-certificate-for-professional-drivers?lang=tr","0","0","2026-06-28","2026-06-28","200","327714","0"
"https://docta.me/services/ear-wick-placement","0","0","2026-04-01","2026-04-01","200","151323","0"
"https://docta.me/services/manipulative-reduction-of-open-calcaneus-fracture","0","0","2026-07-17","2026-07-20","200","275866","0"
"https://docta.me/services/wound-dressing-ii","0","0","2026-04-01","2026-04-01","200","128217","0"
"https://docta.me/services/metal-ceramic-crown-cocr","0","0","2026-04-01","2026-04-01","200","140621","0"
"https://docta.me/services/tbinger-adaptation-test","0","0","2026-07-15","2026-07-16","200","257557","0"
"https://docta.me/services/3603","0","0","2026-01-24","2026-01-24","200","99361","0"
"https://docta.me/services/direct-pulp-capping?lang=en","0","0","2026-07-24","2026-04-08","200","307841","0"
"https://docta.me/services/2026?lang=ru","0","0","2026-01-25","2026-01-25","200","157739","0"
"https://docta.me/services/ph-analysis-single-sample?lang=en","0","0","2026-04-01","2026-04-01","200","131138","0"
"https://docta.me/services/postoperative-combined-therapy-set-1?lang=en","0","0","2026-04-01","2026-04-01","200","130327","0"
"https://docta.me/services/arm-and-thigh-lift","0","0","2026-04-01","2026-04-01","200","130761","0"
"https://docta.me/services/hyperbaric-oxygen-therapy-session","0","0","2026-07-16","2026-04-01","200","281280","0"
"https://docta.me/services/pulpitis-treatment-single-root-machine","0","0","2026-07-16","2026-05-07","200","318305","0"
"https://docta.me/services/mri-brain-with-angiography-and-venography","0","0","2026-07-19","2026-04-04","200","271467","0"
"https://docta.me/services/laser-hair-removal-intimate-zone-2-women?lang=tr","0","0","2026-07-06","2026-07-06","200","258657","0"
"https://docta.me/services/retrograde-ureteropyelography-in-males-and-children","0","0","2026-07-07","2026-07-08","200","258578","0"
"https://docta.me/services/botox-three-regions?lang=en","1","0","2026-04-01","2026-04-01","200","131021","0"
"https://docta.me/services/incarcerated-hernia-operation?lang=en","0","0","2026-05-03","2026-04-01","200","191332","0"
"https://docta.me/services/diaphragm-surgery-lesion-excision-resection-suturing","0","0","2026-06-25","2026-06-25","200","260313","0"
"https://docta.me/services/laparoscopic-umbilical-hernia-repair","0","0","2026-07-24","2026-07-25","200","332588","0"
"https://docta.me/services/internist-consent?lang=de","0","0","2026-04-01","2026-04-01","200","131393","0"
"https://docta.me/services/infusion-type-i-without-medications","0","0","2026-04-01","2026-04-01","200","125637","0"
"https://docta.me/services/fungal-nail-treatment","0","0","2026-05-31","2026-05-31","200","258563","0"
"https://docta.me/services/venous-blood-draw","0","0","2026-06-06","2026-06-06","200","271966","0"
"https://docta.me/services/aerobic-bacterial-culture-of-colon-swab","0","0","2026-07-22","2026-07-22","200","277137","0"
"https://docta.me/services/histopathology-of-total-cystectomy","0","0","2026-07-11","2026-05-08","200","257834","0"
"https://docta.me/services/mri-single-spine-segment?lang=en","0","0","2026-04-08","2026-04-08","200","134930","0"
"https://docta.me/services/total-gastrectomy-with-d2-lymphadenectomy?lang=sr-cyrl","0","0","2026-06-24","2026-06-05","200","296362","0"
"https://docta.me/services/rubella-virus-igg-antibody-avidity-elisa","0","0","2026-07-22","2026-07-22","200","277052","0"
"https://docta.me/services/bilateral-tep-femoral-hernia-repair","0","0","2026-07-10","2026-07-10","200","258803","0"
"https://docta.me/services/anti-hbe-antibody-test","0","0","2026-07-22","2026-07-22","200","276095","0"
"https://docta.me/services/urinary-catheter-placement?lang=tr","0","0","2026-04-01","2026-04-01","200","145873","0"
"https://docta.me/services/3881","1","0","2026-02-09","2026-02-09","200","108742","0"
"https://docta.me/services/chronic-subdural-hematoma-evacuation?lang=de","0","0","2026-07-07","2026-07-07","200","277661","0"
"https://docta.me/services/pleural-scarification","0","0","2026-05-27","2026-05-27","200","254334","0"
"https://docta.me/services/dental-trainer-appliance","0","0","2026-04-01","2026-04-01","200","131418","0"
"https://docta.me/services/histopathology-of-liver-biopsy","0","0","2026-05-08","2026-05-08","200","223992","0"
"https://docta.me/services/1557","0","0","2026-01-24","2026-01-24","200","114482","0"
"https://docta.me/services/follow-up-specialist-examination","0","0","2026-04-01","2026-04-01","200","164586","0"
"https://docta.me/services/flap-surgery-periodontal","0","0","2026-04-01","2026-04-01","200","140491","0"
"https://docta.me/services/holter-blood-pressure-24h","0","0","2026-07-11","2026-04-01","200","437257","0"
"https://docta.me/services/mri-lumbosacral-spine","0","0","2026-04-01","2026-04-01","200","131529","0"
"https://docta.me/services/ecg-home-visit","1","0","2026-04-01","2026-04-01","200","146729","0"
"https://docta.me/services/retention-aligner-fabrication","0","0","2026-05-14","2026-04-01","200","279995","0"
"https://docta.me/services/caldwell-luc-procedure?lang=en","0","0","2026-04-01","2026-04-01","200","141313","0"
"https://docta.me/services/spontaneous-and-fixation-nystagmus-test","0","0","2026-06-27","2026-06-27","200","259475","0"
"https://docta.me/services/anti-influenza-b-virus-igg-antibodies-elisa","0","0","2026-07-22","2026-07-22","200","277078","0"
"https://docta.me/services/chalazion-injection-treatment","0","0","2026-04-01","2026-04-01","200","130690","0"
"https://docta.me/services/dental-implant-nobel-biocare?lang=de","0","0","2026-07-16","2026-06-11","200","319375","0"
"https://docta.me/services/internist-examination-with-ecg?cityids=1","0","0","2026-07-07","2026-07-07","200","316150","0"
"https://docta.me/services/medical-certificate-for-university-enrollment?lang=en","0","0","2026-05-25","2026-05-27","200","266355","0"
"https://docta.me/services/msct-temporal-bone?lang=en","0","0","2026-04-01","2026-04-01","200","130860","0"
"https://docta.me/services/histopathology-of-gastric-mucosa-endoscopic-biopsy","0","0","2026-05-08","2026-05-08","200","224898","0"
"https://docta.me/services/professor-cardiologist-examination","0","0","2026-04-01","2026-04-01","200","180196","0"
"https://docta.me/services/arm-and-thigh-lift?lang=en","1","0","2026-04-01","2026-04-01","200","130784","0"
"https://docta.me/services/subcutaneous-or-intramuscular-injection","0","0","2026-07-01","2026-07-01","200","279074","0"
"https://docta.me/services/toxoplasma-gondii-detection-stained-preparation","0","0","2026-07-22","2026-07-22","200","277395","0"
"https://docta.me/services/dental-calculus-removal-and-air-flow?lang=tr","0","0","2026-07-11","2026-05-05","200","323895","0"
"https://docta.me/services/spontaneous-intracerebral-hematoma-evacuation?lang=en","0","0","2026-05-27","2026-05-27","200","0","0"
"https://docta.me/services/1618","0","0","2026-02-08","2026-02-09","200","106964","0"
"https://docta.me/services/anti-hbc-igm-antibodies-elisa","0","0","2026-07-22","2026-07-22","200","275880","0"
"https://docta.me/services/chalazion-injection-treatment?lang=tr","0","0","2026-07-13","2026-04-01","200","274660","0"
"https://docta.me/services/x-ray-temporal-bones?lang=en","0","0","2026-07-13","2026-04-01","200","294579","0"
"https://docta.me/services/incarcerated-hernia-operation","0","0","2026-04-01","2026-04-01","200","131097","0"
"https://docta.me/services/cataract-surgery-with-standard-iol?lang=en","0","0","2026-04-01","2026-04-01","200","130986","0"
"https://docta.me/services/neck-ultrasound-salivary-glands?lang=en","0","0","2026-04-02","2026-04-01","200","165979","0"
"https://docta.me/services/knee-tendon-reconstruction","0","0","2026-05-24","2026-05-26","200","251949","0"
"https://docta.me/services/therapeutic-ultrasound","0","0","2026-04-01","2026-04-01","200","128940","0"
"https://docta.me/services/manual-muscle-test-per-extremity","0","0","2026-06-30","2026-06-30","200","306145","0"
"https://docta.me/services/sputum-collection-for-cytology","0","0","2026-05-08","2026-05-08","200","224221","0"
"https://docta.me/services/diagnostic-proctosigmoidoscopy-with-lesion-removal","0","0","2026-05-17","2026-05-17","200","243933","0"
"https://docta.me/services/echinococcus-granulosus-igg-antibodies-elisa","0","0","2026-07-22","2026-07-22","200","277203","0"
"https://docta.me/services/open-achilles-tendon-surgery","0","0","2026-07-26","2026-07-26","200","285754","0"
"https://docta.me/services/x-ray-nasal-bones","0","0","2026-04-01","2026-04-01","200","131224","0"
"https://docta.me/services/postoperative-treatment-of-differentiated-thyroid-carcinoma-with-therapeutic-i-131-dose","0","0","2026-07-24","2026-07-14","200","284179","0"
"https://docta.me/services/recurrent-hernia-after-phs-method-without-infection","0","0","2026-06-15","2026-06-15","200","258785","0"
"https://docta.me/services/professor-dermatoscopy?lang=en","0","0","2026-04-01","2026-04-01","200","132748","0"
"https://docta.me/services/chemical-peel-face","0","0","2026-07-12","2026-06-24","200","272204","0"
"https://docta.me/services/crossmatch-test-gel-method","0","0","2026-07-22","2026-07-22","200","276206","0"
"https://docta.me/services/oral-biopsy?lang=en","0","0","2026-05-23","2026-04-27","200","268484","0"
"https://docta.me/services/urethral-vaginal-or-cervical-gonorrhea-smear-examination","0","0","2026-07-22","2026-07-22","200","277955","0"
"https://docta.me/services/blood-collection-fee?lang=en","0","0","2026-07-10","2026-07-10","200","366422","0"
"https://docta.me/services/mri-sacroiliac-joint?lang=en","0","0","2026-04-01","2026-04-01","200","132084","0"
"https://docta.me/services/surgical-guide-additional-opening","0","0","2026-04-01","2026-04-01","200","140821","0"
"https://docta.me/services/2161","0","0","2026-01-24","2026-01-24","200","120824","0"
"https://docta.me/services/3463","1","0","2026-01-24","2026-01-24","200","104836","0"
"https://docta.me/services/appendectomy-with-diffuse-peritonitis","0","0","2026-05-28","2026-05-28","200","255252","0"
"https://docta.me/services/cervical-conization","0","0","2026-07-13","2026-04-01","200","257173","0"
"https://docta.me/services/orthopedic-examination-with-2-prp-treatments","0","0","2026-04-01","2026-04-01","200","148007","0"
"https://docta.me/services/abscess-incision-intraoral?cityids=1","0","0","2026-06-26","2026-06-26","200","291786","0"
"https://docta.me/services/x-ray-both-forearms?lang=en","0","0","2026-06-15","2026-04-01","200","329752","0"
"https://docta.me/services/biooss-membrane-large?lang=en","0","0","2026-04-01","2026-04-01","200","141282","0"
"https://docta.me/services/3886?lang=en","0","0","2026-02-24","2026-06-10","200","109392","0"
"https://docta.me/services/endocardial-electrode-repair","0","0","2026-07-11","2026-07-11","200","260915","0"
"https://docta.me/services/rheumatologist-examination","0","0","2026-05-21","2026-04-01","200","375573","0"
"https://docta.me/services/professor-gastroenterologist-examination-with-ultrasound","0","0","2026-04-01","2026-04-01","200","131065","0"
"https://docta.me/services/x-ray-femur-thigh","0","0","2026-04-23","2026-04-23","200","161484","0"
"https://docta.me/services/coxsackie-b-virus-igg-antibodies-elisa","0","0","2026-07-22","2026-07-22","200","276908","0"
"https://docta.me/services/evacuation-of-hydatid-cyst-of-abdominal-organs-other-than-liver","0","0","2026-06-26","2026-06-28","200","259113","0"
"https://docta.me/services/tympanic-membrane-drug-instillation?lang=de","0","0","2026-06-26","2026-06-26","200","259974","0"
"https://docta.me/services/follow-up-psychiatric-examination?lang=en","0","0","2026-04-01","2026-04-01","200","131195","0"
"https://docta.me/services/1477","0","0","2026-01-24","2026-01-24","200","122586","0"
"https://docta.me/services/silver-diamine-fluoride-application?lang=en","0","0","2026-07-13","2026-07-15","200","295030","0"
"https://docta.me/services/interferential-currents","0","0","2026-07-19","2026-07-20","200","338852","0"
"https://docta.me/services/x-ray-knee-axial-view?lang=en","0","0","2026-04-11","2026-04-01","200","138538","0"
"https://docta.me/services/amalgam-filling-three-surfaces?lang=de","0","0","2026-05-07","2026-05-07","200","223171","0"
"https://docta.me/services/breast-lift-and-tightening","0","0","2026-04-01","2026-04-01","200","130909","0"
"https://docta.me/services/transthoracic-surgery-of-incarcerated-diaphragmatic-hernia-with-resection?lang=tr","0","0","2026-07-10","2026-07-12","200","260769","0"
"https://docta.me/services/atypical-sigmoid-partial-resection","0","0","2026-06-25","2026-04-01","200","257763","0"
"https://docta.me/services/magnetic-therapy","0","0","2026-07-13","2026-04-01","200","331918","0"
"https://docta.me/services/borrelia-burgdorferi-igm-antibodies-confirmatory-test-western-blot","1","0","2026-07-22","2026-07-22","200","277738","0"
"https://docta.me/services/first-pediatric-and-adolescent-gynecology-examination","0","0","2026-07-13","2026-07-18","200","258691","0"
"https://docta.me/services/carotid-artery-ligation","0","0","2026-07-22","2026-07-22","200","300037","0"
"https://docta.me/services/joint-fluid-native-preparation","0","0","2026-05-30","2026-05-30","200","252961","0"
"https://docta.me/services/3485","0","0","2026-01-24","2026-01-24","200","104871","0"
"https://docta.me/services/capillary-blood-draw","0","0","2026-05-08","2026-05-08","200","223699","0"
"https://docta.me/services/colonoscopy-with-injection-hemostasis","0","0","2026-05-08","2026-05-08","200","224446","0"
"https://docta.me/services/rhinoallergological-examination","0","0","2026-07-24","2026-06-24","200","308035","0"
"https://docta.me/services/sports-cardiology-package-intermediate?lang=en","0","0","2026-04-01","2026-04-01","200","130160","0"
"https://docta.me/services/histopathology-of-total-gastrectomy-with-splenectomy?lang=tr","0","0","2026-07-06","2026-07-08","200","259934","0"
"https://docta.me/services/pulmonary-bullae-resection","0","0","2026-07-11","2026-07-14","200","257461","0"
"https://docta.me/services/rhbmp-2-bone-graft-application?lang=en","0","0","2026-07-11","2026-07-11","200","254450","0"
"https://docta.me/services/temporary-filling-with-medication?lang=tr","0","0","2026-07-11","2026-04-28","200","322350","0"
"https://docta.me/services/pleurectomy-and-pleural-lesion-excision","0","0","2026-06-27","2026-06-27","200","259442","0"
"https://docta.me/services/msct-angiography-aorta","0","0","2026-05-19","2026-05-19","200","313876","0"
"https://docta.me/services/diffusion-test?lang=en","0","0","2026-04-01","2026-04-01","200","128773","0"
"https://docta.me/services/upper-blepharoplasty","0","0","2026-04-01","2026-04-01","200","131831","0"
"https://docta.me/services/laparoscopic-left-hemicolectomy","0","0","2026-04-01","2026-04-01","200","131118","0"
"https://docta.me/services/4038?lang=en","0","0","2026-01-25","2026-01-25","200","105902","0"
"https://docta.me/services/lacrimal-duct-probing-adults?lang=en","0","0","2026-05-08","2026-04-01","200","242048","0"
"https://docta.me/services/pulmonologist-examination-with-diffusion-test?lang=en","0","0","2026-05-14","2026-04-01","200","248791","0"
"https://docta.me/services/aerobic-bacterial-culture-of-peritoneal-fluid","0","0","2026-07-22","2026-07-22","200","277357","0"
"https://docta.me/services/breast-implant-replacement","0","0","2026-06-16","2026-04-01","200","285035","0"
"https://docta.me/services/hospitalization-for-respiratory-infections-without-cc?lang=tr","0","0","2026-06-22","2026-06-22","200","258435","0"
"https://docta.me/services/standard-intraoral-dental-radiograph?lang=en","0","0","2026-07-10","2026-07-10","200","271564","0"
"https://docta.me/services/infrared-ultraviolet-and-bioptron-lamp-irradiation?lang=en","0","0","2026-05-12","2026-05-12","200","234907","0"
"https://docta.me/services/2043?lang=en","0","0","2026-03-26","2026-03-27","200","172587","0"
"https://docta.me/services/face-lift","0","0","2026-07-10","2026-04-01","200","300589","0"
"https://docta.me/services/indirect-denture-relining","0","0","2026-05-23","2026-04-01","200","299201","0"
"https://docta.me/services/eeg-with-hyperventilation-photostimulation-and-sleep-recording","0","0","2026-07-22","2026-07-22","200","277941","0"
"https://docta.me/services/filling-revision","0","0","2026-04-01","2026-04-01","200","130679","0"
"https://docta.me/services/haemophilus-influenzae-type-b-vaccination","0","0","2026-07-17","2026-06-12","200","256452","0"
"https://docta.me/services/frc-post-build-up","0","0","2026-04-01","2026-04-01","200","140425","0"
"https://docta.me/services/vaginal-biopsy-under-sedation?lang=en","0","0","2026-04-01","2026-04-01","200","136502","0"
"https://docta.me/services/follow-up-professor-neurologist-examination?lang=en","0","0","2026-04-01","2026-04-01","200","131546","0"
"https://docta.me/services/anaerobic-bacterial-culture-of-uterine-cavity-swab","0","0","2026-07-22","2026-07-22","200","277557","0"
"https://docta.me/services/special-perimetry-swap-and-flicker","1","0","2026-04-28","2026-04-28","200","169382","0"
"https://docta.me/services/west-nile-virus-igg-antibodies-elisa","0","0","2026-07-22","2026-07-22","200","276810","0"
"https://docta.me/services/msct-two-spine-segments","0","0","2026-04-01","2026-04-01","200","130275","0"
"https://docta.me/services/laser-varicose-vein-surgery","0","0","2026-04-22","2026-04-22","200","159779","0"
"https://docta.me/services/trochanteric-bursa-or-calcification-excision","0","0","2026-06-25","2026-06-27","200","275769","0"
"https://docta.me/services/professor-orthopedist-examination-with-ultrasound?lang=en","0","0","2026-07-19","2026-04-01","200","270349","0"
"https://docta.me/services/transthoracic-surgery-of-incarcerated-diaphragmatic-hernia-with-resection","0","0","2026-05-27","2026-05-27","200","256724","0"
"https://docta.me/services/flexor-tendon-repair?lang=tr","0","0","2026-07-13","2026-04-01","200","274471","0"
"https://docta.me/services/gluteal-suspension?lang=en","0","0","2026-05-15","2026-04-01","200","269319","0"
"https://docta.me/services/transcatheter-vena-cava-filter-placement","0","0","2026-05-23","2026-05-24","200","257469","0"
"https://docta.me/services/pleural-biopsy","0","0","2026-07-15","2026-06-26","200","256874","0"
"https://docta.me/services/hydrotherapy-underwater-massage?lang=en","0","0","2026-04-01","2026-04-01","200","131957","0"
"https://docta.me/services/enterotomy-for-polyp-or-foreign-body","0","0","2026-07-19","2026-07-20","200","258122","0"
"https://docta.me/services/rectocele-surgery","0","0","2026-04-01","2026-04-01","200","130577","0"
"https://docta.me/services/mri-pituitary-gland","0","0","2026-05-08","2026-05-09","200","225230","0"
"https://docta.me/services/daily-intraocular-pressure-profile?lang=en","0","0","2026-04-01","2026-04-01","200","131252","0"
"https://docta.me/services/tracheal-suture-thoracic-approach","0","0","2026-07-15","2026-07-18","200","257885","0"
"https://docta.me/services/palmar-hyperhidrosis-botox-xeomin","0","0","2026-05-26","2026-05-28","200","253518","0"
"https://docta.me/services/atypical-sigmoid-partial-resection?lang=en","0","0","2026-04-01","2026-04-01","200","131452","0"
"https://docta.me/services/chronic-subdural-hematoma-evacuation?lang=tr","0","0","2026-05-30","2026-05-30","200","272901","0"
"https://docta.me/services/2040","0","0","2026-01-24","2026-01-24","200","154513","0"
"https://docta.me/services/percutaneous-ureter-occlusion","0","0","2026-05-08","2026-05-08","200","224131","0"
"https://docta.me/services/first-physiatrist-examination-for-children-with-special-needs?lang=tr","0","0","2026-07-07","2026-07-07","200","279398","0"
"https://docta.me/services/breast-ultrasound","1","0","2026-06-25","2026-04-09","200","554870","0"
"https://docta.me/services/electrotherapy","0","0","2026-04-01","2026-04-01","200","146049","0"
"https://docta.me/services/mri-brain","0","0","2026-04-01","2026-04-01","200","151229","0"
"https://docta.me/services/complete-denture?lang=en","0","0","2026-04-01","2026-04-01","200","141107","0"
"https://docta.me/services/leptospira-igm-elisa","0","0","2026-07-22","2026-07-22","200","276026","0"
"https://docta.me/services/x-ray-orbits","0","0","2026-04-18","2026-04-01","200","189187","0"
"https://docta.me/services/manual-placenta-extraction","0","0","2026-06-05","2026-06-05","200","254430","0"
"https://docta.me/services/botox-single-region","0","0","2026-04-01","2026-04-01","200","130194","0"
"https://docta.me/services/electric-cardioversion","0","0","2026-05-22","2026-05-23","200","254283","0"
"https://docta.me/services/coxiella-burnetii-iga-antibodies-phase-2-elisa","0","0","2026-07-22","2026-07-22","200","277285","0"
"https://docta.me/services/benign-breast-tumor-surgery?lang=en","0","0","2026-04-12","2026-04-13","200","154417","0"
"https://docta.me/services/neonatal-high-frequency-oscillatory-ventilation","0","0","2026-06-27","2026-06-27","200","262465","0"
"https://docta.me/services/ultrasound-therapy","0","0","2026-04-01","2026-04-01","200","131202","0"
"https://docta.me/services/premium-composite-filling-two-surfaces-ivoclar-empress-direct?lang=en","0","0","2026-04-01","2026-04-01","200","142639","0"
"https://docta.me/services/bandage?lang=en","0","0","2026-04-19","2026-04-01","200","156630","0"
"https://docta.me/services/wound-care-steri-strip","0","0","2026-07-17","2026-07-12","200","279614","0"
"https://docta.me/services/surgical-guide-additional-opening?lang=tr","0","0","2026-05-07","2026-04-01","200","252048","0"
"https://docta.me/services/gangrene-treatment-two-root?lang=tr","0","0","2026-04-30","2026-04-30","200","211243","0"
"https://docta.me/services/urinary-tract-ultrasound?cityids=1","0","0","2026-06-25","2026-06-25","200","293439","0"
"https://docta.me/services/congenital-nasolacrimal-duct-obstruction-surgery","0","0","2026-04-10","2026-04-11","200","137416","0"
"https://docta.me/services/fertility-couple-subspecialist-examination?lang=en","0","0","2026-04-01","2026-04-01","200","133318","0"
"https://docta.me/services/rhinoallergological-testing?lang=en","0","0","2026-06-29","2026-06-29","200","259911","0"
"https://docta.me/services/alveolar-ridge-leveling?lang=tr","0","0","2026-06-13","2026-04-01","200","334993","0"
"https://docta.me/services/hematologist-examination?lang=en","0","0","2026-04-01","2026-04-01","200","163545","0"
"https://docta.me/services/3536","0","0","2026-01-24","2026-01-24","200","105518","0"
"https://docta.me/services/surgical-intervention-general-anesthesia?lang=en","0","0","2026-06-13","2026-04-01","200","258540","0"
"https://docta.me/services/complete-denture","0","0","2026-04-01","2026-04-01","200","140307","0"
"https://docta.me/services/x-ray-both-knees","0","0","2026-04-06","2026-04-01","200","185000","0"
"https://docta.me/services/x-ray-lumbar-spine-and-sacrum?lang=en","0","0","2026-07-14","2026-04-01","200","364776","0"
"https://docta.me/services/aerobic-bacterial-culture-of-drain-fluid","0","0","2026-07-22","2026-07-22","200","277082","0"
"https://docta.me/services/epicranial-hematoma-removal?lang=tr","0","0","2026-05-30","2026-05-30","200","273643","0"
"https://docta.me/services/mri-temporomandibular-joints?lang=en","0","0","2026-04-01","2026-04-01","200","132346","0"
"https://docta.me/services/large-immobilization","0","0","2026-04-01","2026-04-01","200","131250","0"
"https://docta.me/services/toxoplasma-gondii-igg-antibody-avidity-elisaelfa","0","0","2026-07-22","2026-07-22","200","277479","0"
"https://docta.me/services/pulpitis-treatment-two-root-niti?lang=en","0","0","2026-04-01","2026-04-01","200","141652","0"
"https://docta.me/services/electrotherapy-3-agents","0","0","2026-05-17","2026-04-01","200","248939","0"
"https://docta.me/services/lactofan-package-2-sugars","0","0","2026-04-01","2026-04-01","200","130139","0"
"https://docta.me/services/speech-therapy-assessment-of-specific-learning-disorders","0","0","2026-07-08","2026-07-08","200","254906","0"
"https://docta.me/services/3432","0","0","2026-02-11","2026-02-11","200","109532","0"
"https://docta.me/services/follow-up-thoracic-surgeon-examination","0","0","2026-07-06","2026-07-06","200","298352","0"
"https://docta.me/services/aerobic-bacterial-culture-of-bronchoscope-swab","0","0","2026-07-22","2026-07-22","200","277315","0"
"https://docta.me/services/colotomy-for-foreign-body-polyp","0","0","2026-07-02","2026-07-03","200","257846","0"
"https://docta.me/services/3852?lang=en","0","0","2026-01-25","2026-01-25","200","104955","0"
"https://docta.me/services/3254","0","0","2026-01-24","2026-01-24","200","105371","0"
"https://docta.me/services/colonoscopy-and-gastroscopy-with-anesthesia?lang=tr","0","0","2026-07-11","2026-07-11","200","320950","0"
"https://docta.me/services/dental-bridge-abutment","0","0","2026-05-23","2026-04-20","200","290527","0"
"https://docta.me/services/congenital-hand-anomalies-syndactyly","0","0","2026-07-17","2026-07-19","200","274123","0"
"https://docta.me/services/3401","0","0","2026-01-24","2026-01-24","200","105015","0"
"https://docta.me/services/professor-ergometry","0","0","2026-04-01","2026-04-01","200","128310","0"
"https://docta.me/services/ultrasound-thyroid-and-parathyroid-glands","0","0","2026-04-01","2026-04-01","200","151344","0"
"https://docta.me/services/bandage-application-for-dislocation","0","0","2026-04-01","2026-04-01","200","130447","0"
"https://docta.me/services/ent-topical-treatment-application","0","0","2026-05-31","2026-05-31","200","254592","0"
"https://docta.me/services/focal-laser-photocoagulation-single-eye","1","0","2026-05-11","2026-05-09","200","249407","0"
"https://docta.me/services/oral-fibroma-and-bone-exostosis-removal?lang=de","0","0","2026-05-11","2026-05-11","200","247476","0"
"https://docta.me/services/follow-up-neurosurgeon-examination","0","0","2026-04-01","2026-04-01","200","128710","0"
"https://docta.me/services/implant-overdenture-locators-bredent","0","0","2026-05-10","2026-05-11","200","257594","0"
"https://docta.me/services/prick-test-inhalation-allergens?cityids=1","0","0","2026-07-23","2026-06-17","200","324762","0"
"https://docta.me/services/palmar-hyperhidrosis-botox-bocouture","0","0","2026-07-10","2026-07-10","200","257994","0"
"https://docta.me/services/salmonella-group-c-h-antibodies-widal-agglutination","0","0","2026-07-22","2026-07-22","200","277034","0"
"https://docta.me/services/medical-certificate-for-professional-drivers","1","0","2026-05-18","2026-05-18","200","314181","0"
"https://docta.me/services/screw-retained-implant-crown-cocr","0","0","2026-04-01","2026-04-01","200","140870","0"
"https://docta.me/services/3308","0","0","2026-01-24","2026-01-24","200","105427","0"
"https://docta.me/services/apicoectomy","0","0","2026-04-01","2026-04-01","200","130543","0"
"https://docta.me/services/newborn-home-visit","0","0","2026-05-09","2026-05-10","200","233705","0"
"https://docta.me/services/3478","0","0","2026-01-24","2026-01-24","200","104781","0"
"https://docta.me/services/msct-angiography-neck-vessels","0","0","2026-05-12","2026-04-01","200","263869","0"
"https://docta.me/services/endometrial-cell-biopsy","0","0","2026-04-01","2026-04-01","200","128488","0"
"https://docta.me/services/medical-certificate-for-professional-drivers?lang=en","0","0","2026-07-21","2026-07-23","200","343117","0"
"https://docta.me/services/laparoscopic-left-pancreatectomy","0","0","2026-07-26","2026-07-26","200","310367","0"
"https://docta.me/services/specialist-examination-with-ultrasound","0","0","2026-04-01","2026-04-01","200","130572","0"
"https://docta.me/services/contraception-consultation","0","0","2026-05-12","2026-05-12","200","245408","0"
"https://docta.me/services/msct-upper-extremities-arm","0","0","2026-04-01","2026-04-01","200","131662","0"
"https://docta.me/services/operative-closure-of-gastrocolic-fistula","0","0","2026-05-20","2026-05-22","200","255258","0"
"https://docta.me/services/histopathology-of-cardiac-tumor","0","0","2026-05-08","2026-05-08","200","223975","0"
"https://docta.me/services/craniostenosis-surgery?lang=en","0","0","2026-05-27","2026-05-27","200","0","0"
"https://docta.me/services/ultimate-filler","0","0","2026-04-01","2026-04-01","200","130565","0"
"https://docta.me/services/hospitalization-for-diabetes-without-very-severe-or-severe-cc","0","0","2026-05-12","2026-05-14","200","234259","0"
"https://docta.me/services/bowel-disinvagination-without-resection?lang=en","0","0","2026-07-11","2026-07-11","200","258990","0"
"https://docta.me/services/skull-base-meningioma-removal?lang=en","0","0","2026-06-17","2026-06-19","200","276033","0"
"https://docta.me/services/special-perimetry-swap-and-flicker?lang=en","0","0","2026-07-16","2026-07-18","200","256574","0"
"https://docta.me/services/eyelid-lift","0","0","2026-07-03","2026-07-03","200","258231","0"
"https://docta.me/services/holter-ecg-monitoring","0","0","2026-06-04","2026-06-04","200","252439","0"
"https://docta.me/services/systematic-examination-package-3","0","0","2026-04-01","2026-04-01","200","130307","0"
"https://docta.me/services/preoperative-examination-for-refractive-surgery?lang=en","0","0","2026-04-01","2026-04-01","200","131368","0"
"https://docta.me/services/analgosedation-gastroscopy-colonoscopy?lang=en","0","0","2026-07-23","2026-07-25","200","299871","0"
"https://docta.me/services/radiowave-skin-lesion-removal","0","0","2026-05-17","2026-05-17","200","300848","0"
"https://docta.me/services/acute-supratentorial-epidural-hematoma?lang=en","0","0","2026-05-27","2026-05-27","200","0","0"
"https://docta.me/services/skin-and-soft-tissue-traumatic-injury-repair?lang=en","0","0","2026-06-24","2026-06-24","200","252298","0"
"https://docta.me/services/anterior-nasal-packing","0","0","2026-06-12","2026-06-12","200","305371","0"
"https://docta.me/services/first-gynecologist-obstetrician-examination","0","0","2026-06-24","2026-06-24","200","259204","0"
"https://docta.me/services/shock-wave-therapy","0","0","2026-04-01","2026-04-01","200","145672","0"
"https://docta.me/services/large-atheroma-lipoma-nevus-removal?lang=tr","0","0","2026-04-01","2026-04-01","200","127022","0"
"https://docta.me/services/cardiologist-examination-with-ultrasound","0","0","2026-07-25","2026-04-01","200","337974","0"
"https://docta.me/services/mri-temporomandibular-joints","0","0","2026-04-01","2026-04-01","200","131695","0"
"https://docta.me/services/all-on-6-metal-ceramic","0","0","2026-04-01","2026-04-01","200","140624","0"
"https://docta.me/services/objective-audiometry-bera","0","0","2026-04-16","2026-04-01","200","145140","0"
"https://docta.me/services/labiaplasty?lang=en","0","0","2026-04-01","2026-04-01","200","152094","0"
"https://docta.me/services/lysis-of-abdominal-adhesions-for-ileus","0","0","2026-06-18","2026-06-18","200","258039","0"
"https://docta.me/services/incarcerated-hernia-surgery-with-bowel-resection?lang=tr","0","0","2026-07-15","2026-07-15","200","261437","0"
"https://docta.me/services/mycoplasma-culture-with-antibiogram?lang=en","0","0","2026-07-01","2026-07-01","200","257632","0"
"https://docta.me/services/cystectomy-up-to-2-teeth?lang=en","0","0","2026-07-11","2026-06-06","200","277648","0"
"https://docta.me/services/msct-angiography-thoracic-aorta?lang=en","1","0","2026-06-23","2026-06-23","200","258406","0"
"https://docta.me/services/medical-certificate-for-educational-institutions","0","0","2026-07-23","2026-06-19","200","277816","0"
"https://docta.me/services/thyroid-examination-with-ultrasound?lang=en","0","0","2026-04-01","2026-04-01","200","133167","0"
"https://docta.me/services/2238?lang=en","0","0","2026-01-26","2026-01-26","200","105974","0"
"https://docta.me/services/follow-up-plastic-surgeon-examination?lang=ru","0","0","2026-05-27","2026-05-27","200","263025","0"
"https://docta.me/services/aerobic-bacterial-culture-of-expressed-prostatic-secretion","0","0","2026-07-23","2026-07-22","200","277782","0"
"https://docta.me/services/non-surgical-rejuvenation-botox?lang=en","0","0","2026-04-01","2026-04-01","200","131292","0"
"https://docta.me/services/first-psychiatric-examination","0","0","2026-05-22","2026-04-01","200","255096","0"
"https://docta.me/services/x-ray-knee-patella?lang=en","0","0","2026-04-01","2026-04-01","200","0","0"
"https://docta.me/services/juvederm-voluma-filler?lang=en","0","0","2026-04-01","2026-04-01","200","130947","0"
"https://docta.me/services/medical-certificate-for-special-course","0","0","2026-06-29","2026-06-29","200","257324","0"
"https://docta.me/services/2185","0","0","2026-01-25","2026-01-25","200","104438","0"
"https://docta.me/services/non-surgical-rejuvenation-botox","0","0","2026-07-04","2026-04-01","200","276238","0"
"https://docta.me/services/3324","0","0","2026-01-24","2026-01-24","200","105438","0"
"https://docta.me/services/histopathology-of-fractional-uterine-curettage","0","0","2026-05-08","2026-05-08","200","224635","0"
"https://docta.me/services/lower-extremity-doppler","0","0","2026-04-01","2026-04-01","200","179839","0"
"https://docta.me/services/neck-ultrasound-salivary-glands","0","0","2026-04-23","2026-04-23","200","190673","0"
"https://docta.me/services/surgical-repair-of-liver-injury-suture-tamponade","0","0","2026-06-05","2026-06-05","200","0","0"
"https://docta.me/services/active-segmental-exercises-with-graded-loading?lang=ru","0","0","2026-05-13","2026-05-13","200","239327","0"
"https://docta.me/services/msct-angiography-head-vessels","0","0","2026-05-07","2026-05-07","200","211877","0"
"https://docta.me/services/internist-examination-with-ecg?lang=en","0","0","2026-04-01","2026-04-01","200","180937","0"
"https://docta.me/services/msct-thoracic-spine","0","0","2026-04-01","2026-04-01","200","151585","0"
"https://docta.me/services/scar-correction","0","0","2026-07-16","2026-04-01","200","328202","0"
"https://docta.me/services/minor-wound-care?lang=en","0","0","2026-07-15","2026-07-15","200","280565","0"
"https://docta.me/services/mri-lumbosacral-spine?lang=en","0","0","2026-04-01","2026-04-01","200","132118","0"
"https://docta.me/services/1629","0","0","2026-01-24","2026-01-24","200","102642","0"
"https://docta.me/services/fixation-transducer-for-icp-monitoring-in-various-etiologies?lang=en","0","0","2026-05-27","2026-05-27","200","0","0"
"https://docta.me/services/incision","0","0","2026-04-01","2026-04-01","200","129653","0"
"https://docta.me/services/3d-dental-x-ray-cbct?lang=en","0","0","2026-07-13","2026-07-15","200","329842","0"
"https://docta.me/services/uroflowmetry","0","0","2026-05-12","2026-05-12","200","244807","0"
"https://docta.me/services/3314","0","0","2026-01-25","2026-01-25","200","105265","0"
"https://docta.me/services/inhalation-tb-center","0","0","2026-06-06","2026-06-06","200","274569","0"
"https://docta.me/services/laparoscopic-total-vagotomy","0","0","2026-05-10","2026-05-12","200","224306","0"
"https://docta.me/services/laser-perianal-fistula-surgery","0","0","2026-05-13","2026-05-09","200","271002","0"
"https://docta.me/services/trigger-finger-surgery-single-finger","0","0","2026-04-20","2026-04-21","200","162304","0"
"https://docta.me/services/4031?lang=en","0","0","2026-01-25","2026-01-25","200","105725","0"
"https://docta.me/services/secretion-aspiration-in-infants-and-young-children","0","0","2026-06-17","2026-06-17","200","259311","0"
"https://docta.me/services/ent-specialist-examination","1","0","2026-04-16","2026-04-16","200","198892","0"
"https://docta.me/services/witzel-nutritional-jejunostomy","0","0","2026-06-10","2026-06-10","200","254903","0"
"https://docta.me/services/professor-ultrasound-three-regions","0","0","2026-04-01","2026-04-01","200","132184","0"
"https://docta.me/services/x-ray-petrous-pyramid-stenvers","0","0","2026-05-07","2026-04-01","200","226842","0"
"https://docta.me/services/anterior-high-rectal-resection-with-protective-ileostomy","0","0","2026-04-10","2026-04-12","200","139237","0"
"https://docta.me/services/below-knee-walking-cast","0","0","2026-06-03","2026-05-08","200","272490","0"
"https://docta.me/services/podologist-examination","0","0","2026-05-12","2026-05-12","200","245252","0"
"https://docta.me/services/electrical-stimulation","0","0","2026-05-06","2026-04-01","200","191260","0"
"https://docta.me/services/lacrimal-duct-irrigation?lang=en","0","0","2026-04-01","2026-04-01","200","147868","0"
"https://docta.me/services/immobilization-correction","0","0","2026-06-17","2026-06-17","200","259063","0"
"https://docta.me/services/pediatric-gastroenterologist-examination?lang=en","0","0","2026-04-01","2026-04-01","200","146854","0"
"https://docta.me/services/polysomnography?lang=tr","0","0","2026-07-13","2026-07-08","200","280453","0"
"https://docta.me/services/subspecialist-examination-with-ultrasound?lang=en","0","0","2026-04-01","2026-04-01","200","148869","0"
"https://docta.me/services/4081","0","0","2026-01-24","2026-01-24","200","103068","0"
"https://docta.me/services/liver-resection","0","0","2026-04-01","2026-04-01","200","130693","0"
"https://docta.me/services/orthodontic-retainer","0","0","2026-04-01","2026-04-01","200","130783","0"
"https://docta.me/services/preoperative-examination-package?lang=en","0","0","2026-05-08","2026-04-01","200","225336","0"
"https://docta.me/services/coxofemoral-circular-plaster-reduction","0","0","2026-07-06","2026-07-07","200","275975","0"
"https://docta.me/services/hysterosalpingography","0","0","2026-05-08","2026-05-08","200","223689","0"
"https://docta.me/services/demodex-test?lang=tr","0","0","2026-04-01","2026-04-01","200","130767","0"
"https://docta.me/services/sensory-conduction-velocity-of-peripheral-nerve?lang=en","0","0","2026-06-10","2026-06-12","200","256293","0"
"https://docta.me/services/lymph-node-extirpation","0","0","2026-05-09","2026-04-01","200","249220","0"
"https://docta.me/services/immune-antibody-testing","0","0","2026-07-22","2026-07-22","200","276159","0"
"https://docta.me/services/surgical-hysteroscopy","0","0","2026-06-18","2026-04-01","200","257735","0"
"https://docta.me/services/x-ray-hand","0","0","2026-04-01","2026-04-01","200","183524","0"
"https://docta.me/services/doppler-portal-vein?lang=en","0","0","2026-04-01","2026-07-08","200","151449","0"
"https://docta.me/services/internist-examination?lang=ru","0","0","2026-04-01","2026-04-01","200","132809","0"
"https://docta.me/services/nail-ablation","0","0","2026-04-01","2026-04-01","200","125075","0"
"https://docta.me/services/x-ray-chest-and-heart","0","0","2026-07-15","2026-04-01","200","297677","0"
"https://docta.me/services/hair-transplantation","0","0","2026-04-01","2026-04-01","200","130703","0"
"https://docta.me/services/selective-arteriography-hepatic-gastroduodenal-jejunal-arteries","0","0","2026-07-07","2026-06-24","200","263070","0"
"https://docta.me/services/standard-intraoral-dental-radiograph","0","0","2026-06-25","2026-06-25","200","272003","0"
"https://docta.me/services/x-ray-full-spine?lang=en","0","0","2026-04-01","2026-04-01","200","184364","0"
"https://docta.me/services/laparoscopic-recurrent-inguinal-hernia-repair","1","0","2026-05-30","2026-05-30","200","255672","0"
"https://docta.me/services/postural-drainage-in-bed","0","0","2026-05-08","2026-05-08","200","223866","0"
"https://docta.me/services/bartholin-gland-incision","0","0","2026-06-25","2026-04-01","200","312630","0"
"https://docta.me/services/x-ray-thoracic-spine","0","0","2026-04-01","2026-04-01","200","183864","0"
"https://docta.me/services/eustachian-tube-catheterization","0","0","2026-07-02","2026-07-02","200","259204","0"
"https://docta.me/services/medical-transport-bls-per-km?lang=en","0","0","2026-06-24","2026-04-01","200","259398","0"
"https://docta.me/services/systematic-exam-package-bone-health-osteoporosis?lang=en","0","0","2026-04-01","2026-04-01","200","131805","0"
"https://docta.me/services/x-ray-hip?lang=en","0","0","2026-04-01","2026-04-01","200","184117","0"
"https://docta.me/services/urine-creatinine","0","0","2026-06-08","2026-06-08","200","252417","0"
"https://docta.me/services/external-hemorrhoid-excision?lang=tr","0","0","2026-05-30","2026-05-30","200","273739","0"
"https://docta.me/services/histopathology-of-cervical-polyp?lang=en","0","0","2026-07-13","2026-07-13","200","260406","0"
"https://docta.me/services/loop-excision-cervix-without-anesthesia?lang=en","0","0","2026-04-01","2026-04-01","200","131481","0"
"https://docta.me/services/medical-transport-als-reanimation-team-per-km?lang=tr","0","0","2026-04-01","2026-04-01","200","133285","0"
"https://docta.me/services/aerobic-bacterial-culture-of-tracheobronchial-tree-swab","0","0","2026-07-22","2026-07-22","200","277334","0"
"https://docta.me/services/bladder-catheterization-in-females","0","0","2026-07-22","2026-07-22","200","276470","0"
"https://docta.me/services/catheter-placement","0","0","2026-05-07","2026-05-07","200","255572","0"
"https://docta.me/services/open-reduction-of-radius-and-ulna-diaphysis-fracture","0","0","2026-06-26","2026-06-24","200","278238","0"
"https://docta.me/services/forearm-amputation-through-radius-and-ulna","0","0","2026-07-12","2026-07-15","200","275620","0"
"https://docta.me/services/podologist-examination?lang=en","0","0","2026-07-09","2026-07-12","200","260828","0"
"https://docta.me/services/giant-cauda-equina-tumor-removal","0","0","2026-05-26","2026-05-26","200","272644","0"
"https://docta.me/services/group-social-skills-training-and-behavioral-modules","0","0","2026-05-08","2026-05-08","200","225030","0"
"https://docta.me/services/endocrinologist-examination-with-thyroid-ultrasound?lang=en","0","0","2026-07-16","2026-07-16","200","364677","0"
"https://docta.me/services/epicranial-hematoma-removal?lang=en","0","0","2026-05-27","2026-05-27","200","0","0"
"https://docta.me/services/heart-fluoroscopy?lang=tr","0","0","2026-05-13","2026-05-13","200","233813","0"
"https://docta.me/services/cardiologist-examination-with-ecg-and-echocardiography-heart-ultrasound?lang=tr","0","0","2026-04-01","2026-04-01","200","210395","0"
"https://docta.me/services/intramuscular-injection?lang=en","0","0","2026-04-01","2026-04-01","200","210922","0"
"https://docta.me/services/hyaluronic-acid-filler?lang=en","0","0","2026-04-01","2026-04-01","200","148280","0"
"https://docta.me/services/direct-neurorrhaphy?lang=en","0","0","2026-05-27","2026-05-27","200","0","0"
"https://docta.me/services/3735","3","0","2026-01-24","2026-01-24","200","104351","0"
"https://docta.me/services/buttock-augmentation-caha-fillers","0","0","2026-04-01","2026-04-01","200","131136","0"
"https://docta.me/services/thermotherapy-thermo-pack","0","0","2026-04-01","2026-04-01","200","129053","0"
"https://docta.me/services/congenital-breast-asymmetry-correction","0","0","2026-06-26","2026-06-26","200","259250","0"
"https://docta.me/services/uncomplicated-phlebectomy-of-lower-limb-superficial-veins","0","0","2026-07-01","2026-07-10","200","260298","0"
"https://docta.me/services/nose-correction-rhinoplasty?lang=tr","0","0","2026-07-03","2026-07-05","200","257929","0"
"https://docta.me/services/liposuction-under-general-anesthesia","0","0","2026-04-01","2026-04-01","200","145134","0"
"https://docta.me/services/gynecological-ultrasound","0","0","2026-04-01","2026-04-01","200","229324","0"
"https://docta.me/services/tissue-biopsy-during-procedure","0","0","2026-06-07","2026-06-08","200","277439","0"
"https://docta.me/services/umbilical-hernia-operation?lang=en","0","0","2026-07-13","2026-04-01","200","316055","0"
"https://docta.me/services/hpv-test","0","0","2026-04-01","2026-04-01","200","129809","0"
"https://docta.me/services/sensory-conduction-velocity-of-peripheral-nerve","0","0","2026-05-08","2026-05-08","200","225108","0"
"https://docta.me/services/endocrinologist-examination","0","0","2026-04-01","2026-04-01","200","196644","0"
"https://docta.me/services/postoperative-puncture-and-evacuation?lang=en","0","0","2026-04-01","2026-04-01","200","148753","0"
"https://docta.me/services/medical-certificate-for-collective-accommodation?lang=tr","0","0","2026-05-24","2026-05-24","200","0","0"
"https://docta.me/services/4094?lang=en","0","0","2026-01-24","2026-01-24","200","103835","0"
"https://docta.me/services/histopathology-of-bone-marrow-biopsy?lang=tr","0","0","2026-07-14","2026-07-15","200","259125","0"
"https://docta.me/services/2164","0","0","2026-01-24","2026-01-24","200","120704","0"
"https://docta.me/services/spinal-decompression","0","0","2026-04-01","2026-04-01","200","145673","0"
"https://docta.me/services/ultrasound-femoral-hernia","0","0","2026-05-09","2026-04-01","200","233116","0"
"https://docta.me/services/urinary-tract-ultrasound?lang=en","0","0","2026-05-24","2026-05-25","200","390494","0"
"https://docta.me/services/dental-implant-biotech","0","0","2026-05-23","2026-05-23","200","253070","0"
"https://docta.me/services/speech-therapy-assessment-of-stuttering-severity?lang=tr","0","0","2026-07-19","2026-07-23","200","265398","0"
"https://docta.me/services/thyroid-biopsy?lang=en","0","0","2026-05-27","2026-04-01","200","291219","0"
"https://docta.me/services/hdl-cholesterol","0","0","2026-07-09","2026-07-09","200","256660","0"
"https://docta.me/services/cardiac-rhythm-cardioversion?lang=en","0","0","2026-04-01","2026-04-01","200","169036","0"
"https://docta.me/services/breast-augmentation","0","0","2026-04-01","2026-04-01","200","162665","0"
"https://docta.me/services/e-consultation-with-specialist","0","0","2026-07-11","2026-04-01","200","278640","0"
"https://docta.me/services/melasma-hyperpigmentation-laser","1","0","2026-06-01","2026-06-01","200","255761","0"
"https://docta.me/services/sedation-and-anesthesia-for-ambulatory-surgery","0","0","2026-07-13","2026-07-13","200","260116","0"
"https://docta.me/services/hip-and-kidney-ultrasound?lang=en","1","0","2026-05-23","2026-04-01","200","276180","0"
"https://docta.me/services/rubella-virus-igg-western-blot","0","0","2026-07-22","2026-07-22","200","276004","0"
"https://docta.me/services/fiberoptic-nasopharyngolaryngoscopy?lang=de","0","0","2026-07-11","2026-07-13","200","252990","0"
"https://docta.me/services/medical-certificate-for-foreign-marriage","0","0","2026-05-26","2026-05-26","200","253310","0"
"https://docta.me/services/holter-ecg-48h","0","0","2026-07-03","2026-04-01","200","273790","0"
"https://docta.me/services/aerobic-bacterial-culture-of-axillary-region-swab","0","0","2026-07-22","2026-07-22","200","277339","0"
"https://docta.me/services/jalupro-biorevitalization","0","0","2026-04-04","2026-04-01","200","150598","0"
"https://docta.me/services/iud-removal-under-anesthesia?lang=en","0","0","2026-07-11","2026-04-01","200","279718","0"
"https://docta.me/services/1552","1","0","2026-01-24","2026-01-24","200","138748","0"
"https://docta.me/services/lymph-node-biopsy-groin-armpit?lang=en","0","0","2026-07-11","2026-04-01","200","259562","0"
"https://docta.me/services/3d-dental-scan","0","0","2026-04-01","2026-04-01","200","130587","0"
"https://docta.me/services/capillaroscopy","0","0","2026-07-13","2026-06-21","200","280043","0"
"https://docta.me/services/pediatric-cardiologist-examination-with-echocardiography?lang=en","0","0","2026-05-13","2026-04-01","200","244620","0"
"https://docta.me/services/transthoracic-diaphragm-resection?lang=tr","0","0","2026-07-08","2026-07-09","200","259169","0"
"https://docta.me/services/benign-breast-tumor-surgery","0","0","2026-05-07","2026-04-01","200","207887","0"
"https://docta.me/services/laser-hemorrhoid-surgery","0","0","2026-04-01","2026-04-01","200","178547","0"
"https://docta.me/services/histopathology-of-aortic-aneurysm","0","0","2026-05-08","2026-05-08","200","224091","0"
"https://docta.me/services/specialist-examination","0","0","2026-07-08","2026-07-08","200","290626","0"
"https://docta.me/services/vaginal-biopsy-under-sedation","1","0","2026-04-01","2026-04-01","200","131635","0"
"https://docta.me/services/surgical-examination?lang=en","1","0","2026-04-01","2026-04-01","200","182292","0"
"https://docta.me/services/biliary-system-drainage-under-ct-guidance?lang=tr","0","0","2026-07-23","2026-05-11","200","323316","0"
"https://docta.me/services/aerobic-bacterial-culture-of-intestinal-serosa-swab","0","0","2026-07-22","2026-07-22","200","277560","0"
"https://docta.me/services/medical-certificate-for-underage-marriage?lang=ru","0","0","2026-07-03","2026-06-25","200","344126","0"
"https://docta.me/services/orthodontic-functional-monoblock-appliance?lang=en","0","0","2026-04-01","2026-04-01","200","132360","0"
"https://docta.me/services/pulmonary-wedge-resection","0","0","2026-06-03","2026-06-03","200","254471","0"
"https://docta.me/services/ultrasound-axilla-and-groin","0","0","2026-05-31","2026-06-01","200","273549","0"
"https://docta.me/services/3542","0","0","2026-01-24","2026-01-24","200","105300","0"
"https://docta.me/services/cranial-osteomyelitis?lang=tr","0","0","2026-05-30","2026-05-30","200","273125","0"
"https://docta.me/services/musculoskeletal-ultrasound","0","0","2026-05-24","2026-05-24","200","315034","0"
"https://docta.me/services/endometrial-biopsy-with-lab-analysis","0","0","2026-07-22","2026-07-23","200","292341","0"
"https://docta.me/services/pressed-ceramic-crown","0","0","2026-07-17","2026-04-01","200","329909","0"
"https://docta.me/services/auricular-hematoma-incision","0","0","2026-05-14","2026-05-15","200","244044","0"
"https://docta.me/services/distal-radial-epiphysis-fracture-open-or-closed-reduction","0","0","2026-07-01","2026-07-01","200","277892","0"
"https://docta.me/services/hysterorrhaphy-suturing-of-non-obstetric-uterine-ruptures","0","0","2026-05-11","2026-05-12","200","229841","0"
"https://docta.me/services/all-on-4-zirconia","0","0","2026-04-01","2026-04-01","200","140459","0"
"https://docta.me/services/intramuscular-medication-application","0","0","2026-07-11","2026-04-01","200","309627","0"
"https://docta.me/services/motor-conduction-velocity-of-peripheral-nerve","0","0","2026-07-18","2026-05-08","200","258586","0"
"https://docta.me/services/non-contact-tonometry","0","0","2026-06-23","2026-06-25","200","256182","0"
"https://docta.me/services/1751","0","0","2026-01-24","2026-01-24","200","0","0"
"https://docta.me/services/abdominal-puncture","0","0","2026-04-01","2026-04-01","200","131240","0"
"https://docta.me/services/pulmonary-and-aortic-catheterization-with-3-catheters","0","0","2026-07-07","2026-07-07","200","262365","0"
"https://docta.me/services/upper-extremity-doppler?lang=en","0","0","2026-04-01","2026-04-01","200","180568","0"
"https://docta.me/services/medical-certificate-for-high-risk-and-difficult-working-conditions","0","0","2026-05-11","2026-05-11","200","243539","0"
"https://docta.me/services/segmental-fixed-orthodontic-appliance?lang=en","0","0","2026-04-01","2026-04-01","200","145690","0"
"https://docta.me/services/histopathology-of-breast-needle-biopsy","0","0","2026-05-13","2026-05-14","200","234362","0"
"https://docta.me/services/x-ray-chest","1","0","2026-05-28","2026-04-12","200","326744","0"
"https://docta.me/services/tongue-fungal-culture","0","0","2026-05-28","2026-05-28","200","252688","0"
"https://docta.me/services/mucosal-autograft","0","0","2026-06-01","2026-06-01","200","283341","0"
"https://docta.me/services/3362","0","0","2026-01-24","2026-01-24","200","105891","0"
"https://docta.me/services/anaerobic-bacterial-culture-of-large-intestine-swab","0","0","2026-07-22","2026-07-22","200","277576","0"
"https://docta.me/services/esophageal-speech-training","0","0","2026-06-12","2026-05-10","200","257622","0"
"https://docta.me/services/denture-with-bleach-teeth","0","0","2026-04-01","2026-04-01","200","140592","0"
"https://docta.me/services/foreign-body-extraction-surgery","0","0","2026-07-12","2026-04-01","200","289320","0"
"https://docta.me/services/liposuction","1","0","2026-04-09","2026-04-09","200","137202","0"
"https://docta.me/services/anti-suppression-vision-exercises","0","0","2026-06-09","2026-06-09","200","254760","0"
"https://docta.me/services/infectologist-examination","0","0","2026-05-12","2026-05-12","200","245314","0"
"https://docta.me/services/cervical-erosion-application","0","0","2026-05-17","2026-05-17","200","242622","0"
"https://docta.me/services/salmonella-group-a-o-antibodies-widal-agglutination","0","0","2026-07-22","2026-07-22","200","277546","0"
"https://docta.me/services/mri-neck-soft-tissue-with-cervical-spine","0","0","2026-04-01","2026-04-01","200","130696","0"
"https://docta.me/services/histopathology-of-muscle-biopsy","0","0","2026-05-08","2026-05-08","200","224066","0"
"https://docta.me/services/cervical-amputation","0","0","2026-06-10","2026-06-10","200","278094","0"
"https://docta.me/services/follow-up-ent-specialist-examination","0","0","2026-04-01","2026-04-01","200","149914","0"
"https://docta.me/services/left-hemicolectomy-with-unipolar-colostomy","0","0","2026-04-01","2026-04-01","200","131469","0"
"https://docta.me/services/below-elbow-plaster-immobilization?lang=en","0","0","2026-06-08","2026-06-09","200","273490","0"
"https://docta.me/services/pre-employment-medical-certificate?lang=ru","0","0","2026-05-18","2026-05-20","200","251189","0"
"https://docta.me/services/professor-ultrasound-three-regions?lang=en","0","0","2026-04-01","2026-04-01","200","133064","0"
"https://docta.me/services/pulpitis-treatment-three-root-machine","0","0","2026-07-13","2026-07-15","200","302544","0"
"https://docta.me/services/home-visit-center","0","0","2026-04-01","2026-04-01","200","130130","0"
"https://docta.me/services/pre-prosthetic-soft-and-hard-tissue-correction?lang=en","0","0","2026-05-13","2026-04-30","200","256824","0"
"https://docta.me/services/total-gastrectomy-with-d2-lymphadenectomy?lang=de","0","0","2026-06-05","2026-06-05","200","280787","0"
"https://docta.me/services/benign-skin-tumor-removal?lang=en","0","0","2026-04-01","2026-04-01","200","159131","0"
"https://docta.me/services/infusion-therapy","0","0","2026-05-10","2026-05-11","200","394649","0"
"https://docta.me/services/breast-reduction","0","0","2026-04-01","2026-04-01","200","130579","0"
"https://docta.me/services/temporary-bridge-relining","0","0","2026-07-12","2026-06-15","200","274130","0"
"https://docta.me/services/transcatheter-electrocoagulation-of-tumor-vessels","0","0","2026-06-09","2026-05-08","0","225066","0"
"https://docta.me/services/electrical-cardioversion","0","0","2026-06-06","2026-06-06","200","249420","0"
"https://docta.me/services/empress-composite-veneer?lang=en","0","0","2026-04-30","2026-04-30","200","183374","0"
"https://docta.me/services/neurology-examination-with-head-and-neck-doppler?lang=tr","0","0","2026-06-13","2026-05-11","200","261142","0"
"https://docta.me/services/prick-test-nutritive-allergens","0","0","2026-07-16","2026-04-01","200","330380","0"
"https://docta.me/services/professor-gastroenterologist-examination-with-ultrasound?lang=en","0","0","2026-04-01","2026-04-01","200","131990","0"
"https://docta.me/services/internist-examination-with-ecg-home-visit?lang=en","0","0","2026-04-01","2026-04-01","200","131740","0"
"https://docta.me/services/3169","0","0","2026-01-24","2026-01-24","200","105731","0"
"https://docta.me/services/gastroscopy-with-foreign-body-removal","0","0","2026-04-01","2026-04-01","200","129232","0"
"https://docta.me/services/x-ray-paranasal-sinuses","0","0","2026-04-01","2026-04-01","200","131520","0"
"https://docta.me/services/3424","0","0","2026-01-24","2026-01-24","200","104821","0"
"https://docta.me/services/calf-implants","0","0","2026-04-01","2026-04-01","200","151968","0"
"https://docta.me/services/complete-glaucoma-examination?lang=en","0","0","2026-04-01","2026-04-01","200","131093","0"
"https://docta.me/services/follow-up-examination-after-preventive-examination","0","0","2026-06-03","2026-06-03","200","275695","0"
"https://docta.me/services/skinbuilder-lola-biorevitalization?lang=en","0","0","2026-07-08","2026-07-10","200","256626","0"
"https://docta.me/services/circumcision-general-anesthesia?lang=en","0","0","2026-04-01","2026-04-01","200","131140","0"
"https://docta.me/services/hysteroscopy-asherman-syndrome","0","0","2026-05-12","2026-04-01","200","249314","0"
"https://docta.me/services/doppler-abdominal-arteries-and-veins?lang=en","2","0","2026-04-01","2026-04-01","200","131321","0"
"https://docta.me/services/below-knee-re-amputation-through-tibiafibula","0","0","2026-07-10","2026-07-10","200","277095","0"
"https://docta.me/services/histopathology-of-conjunctival-biopsy","0","0","2026-06-11","2026-05-08","200","257632","0"
"https://docta.me/services/x-ray-sacroiliac-joints","0","0","2026-07-16","2026-07-19","200","252045","0"
"https://docta.me/services/oncosurgeon-examination?lang=en","0","0","2026-04-01","2026-04-01","200","131151","0"
"https://docta.me/services/cryptosporidium-spp-detection-stained-preparation","0","0","2026-07-22","2026-07-22","200","277507","0"
"https://docta.me/services/genital-sampling?lang=tr","0","0","2026-04-01","2026-04-01","200","131157","0"
"https://docta.me/services/hilt-laser-therapy","0","0","2026-05-05","2026-05-05","200","210622","0"
"https://docta.me/services/holter-ecg-24h?lang=en","2","0","2026-04-01","2026-04-01","200","284361","0"
"https://docta.me/services/histopathology-of-adrenal-gland","0","0","2026-05-21","2026-05-22","200","254668","0"
"https://docta.me/services/recurrent-ventral-hernia-repair","0","0","2026-07-12","2026-07-12","200","283759","0"
"https://docta.me/services/mri-cervical-spine?lang=tr","0","0","2026-04-01","2026-04-01","200","132192","0"
"https://docta.me/services/central-nerve-blocks-for-surgical-interventions","0","0","2026-07-15","2026-06-12","200","254916","0"
"https://docta.me/services/orthopedic-ultrasound-single-joint","0","0","2026-05-09","2026-05-10","200","304070","0"
"https://docta.me/services/mri-wrist-joint-not-including-hand","0","0","2026-05-02","2026-05-04","200","171665","0"
"https://docta.me/services/histopathology-of-vulvar-biopsy","0","0","2026-06-18","2026-06-18","200","258791","0"
"https://docta.me/services/follow-up-rheumatologist-examination","0","0","2026-05-03","2026-04-01","200","184575","0"
"https://docta.me/services/x-ray-knee-two-views","0","0","2026-06-04","2026-04-01","200","256117","0"
"https://docta.me/services/transthoracic-diaphragm-resection?lang=en","0","0","2026-07-01","2026-07-02","200","258713","0"
"https://docta.me/services/3157","0","0","2026-01-24","2026-01-24","200","105381","0"
"https://docta.me/services/closed-intrapleural-pneumolysis","0","0","2026-06-26","2026-06-26","200","258643","0"
"https://docta.me/services/medical-certificate-for-residence-and-work-in-montenegro","0","0","2026-07-07","2026-07-07","200","287848","0"
"https://docta.me/services/pregnancy-preventive-examination-first-trimester","0","0","2026-05-12","2026-05-12","200","252230","0"
"https://docta.me/services/medical-certificate-for-firearms-possession?lang=en","0","0","2026-05-15","2026-05-15","200","325040","0"
"https://docta.me/services/surgical-mole-removal-with-histopathology","0","0","2026-07-13","2026-04-01","200","275275","0"
"https://docta.me/services/zirconia-crown-with-veneer?lang=en","0","0","2026-04-01","2026-04-01","200","141455","0"
"https://docta.me/services/3440","0","0","2026-01-24","2026-01-24","200","105101","0"
"https://docta.me/services/operating-theatre-costs-tier-i-5-to-20-points","0","0","2026-07-03","2026-07-03","200","277012","0"
"https://docta.me/services/iv-cannula-application?lang=en","0","0","2026-04-01","2026-04-01","200","180609","0"
"https://docta.me/services/lacrimal-duct-probing-adults","0","0","2026-04-01","2026-04-01","200","130513","0"
"https://docta.me/services/internist-examination-with-ecg-home-visit","0","0","2026-04-01","2026-04-01","200","130833","0"
"https://docta.me/services/pediatric-hematologist-examination","0","0","2026-04-01","2026-04-01","200","145669","0"
"https://docta.me/services/subcutaneous-palmar-fasciotomy-dupuytren","0","0","2026-07-06","2026-07-10","200","275719","0"
"https://docta.me/services/wound-suturing-under-local-anesthesia","0","0","2026-07-12","2026-07-13","200","289219","0"
"https://docta.me/services/subclavian-artery-ligation-subclavian-region","0","0","2026-07-12","2026-07-14","200","258355","0"
"https://docta.me/services/all-on-4-implant-prosthesis-nobel","0","0","2026-04-01","2026-04-01","200","140905","0"
"https://docta.me/services/caldwell-luc-maxillary-sinus-surgery?lang=en","0","0","2026-07-09","2026-07-12","200","252269","0"
"https://docta.me/services/laser-varicose-vein-surgery?lang=en","0","0","2026-07-11","2026-04-01","200","290027","0"
"https://docta.me/services/temporary-crown-digital-smile-design?lang=tr","0","0","2026-06-17","2026-06-18","200","272068","0"
"https://docta.me/services/medical-certificate-for-collective-accommodation?lang=ru","0","0","2026-05-22","2026-05-22","200","0","0"
"https://docta.me/services/histopathology-of-bone-marrow-biopsy","0","0","2026-06-28","2026-05-08","200","259075","0"
"https://docta.me/services/endoscopic-esophageal-stent-application","0","0","2026-06-03","2026-06-03","200","255212","0"
"https://docta.me/services/tick-removal","0","0","2026-04-28","2026-04-28","200","184160","0"
"https://docta.me/services/professor-examination?lang=en","0","0","2026-04-01","2026-04-01","200","178550","0"
"https://docta.me/services/analgosedation-gastroscopy-colonoscopy","0","0","2026-04-01","2026-04-01","200","130759","0"
"https://docta.me/services/intercostal-nerve-block","0","0","2026-07-19","2026-07-02","200","286731","0"
"https://docta.me/services/cholecystectomy-with-t-tube-drainage?lang=en","0","0","2026-07-11","2026-07-11","200","303885","0"
"https://docta.me/services/hip-ultrasound?lang=en","0","0","2026-04-04","2026-04-01","200","197913","0"
"https://docta.me/services/bowel-disinvagination-without-resection","0","0","2026-05-27","2026-05-27","200","255136","0"
"https://docta.me/services/sedation-and-anesthesia-for-outpatient-surgical-interventions","0","0","2026-06-12","2026-06-12","200","254893","0"
"https://docta.me/services/vaginal-biopsy-under-local-anesthesia?lang=en","0","0","2026-04-01","2026-04-01","200","132707","0"
"https://docta.me/services/thyroid-ultrasound","0","0","2026-04-01","2026-04-01","200","299186","0"
"https://docta.me/services/fat-transfer-lipofilling?lang=en","0","0","2026-04-01","2026-04-01","200","132243","0"
"https://docta.me/services/electrophoresis","0","0","2026-04-01","2026-04-01","200","128135","0"
"https://docta.me/services/hemodialysis-services","0","0","2026-06-23","2026-06-23","200","256622","0"
"https://docta.me/services/biliary-system-drainage-under-ct-guidance?lang=en","0","0","2026-05-08","2026-05-08","200","0","0"
"https://docta.me/services/all-on-4-acrylic-titanium?lang=tr","0","0","2026-05-26","2026-04-30","200","272441","0"
"https://docta.me/services/3822","1","0","2026-01-24","2026-01-24","200","104257","0"
"https://docta.me/services/minor-laser-intervention-conjunctival-lesions","0","0","2026-05-18","2026-05-20","200","255746","0"
"https://docta.me/services/enema","0","0","2026-04-01","2026-04-01","200","129539","0"
"https://docta.me/services/brazilian-butt-lift-fat-transfer-implants?lang=en","0","0","2026-07-11","2026-07-12","200","258051","0"
"https://docta.me/services/medical-certificate-for-military-service?lang=en","0","0","2026-07-25","2026-07-27","200","347781","0"
"https://docta.me/services/medication-for-acute-disc-prolapse-and-discopathy","0","0","2026-04-09","2026-04-10","200","139207","0"
"https://docta.me/services/first-gastroenterologist-examination?lang=en","0","0","2026-04-01","2026-04-01","200","251593","0"
"https://docta.me/services/foreign-body-removal","0","0","2026-04-01","2026-04-01","200","184088","0"
"https://docta.me/services/ultrasound-infant-cns","1","0","2026-04-01","2026-04-01","200","129938","0"
"https://docta.me/services/follow-up-professor-cardiologist-examination?lang=en","0","0","2026-04-01","2026-04-01","200","129665","0"
"https://docta.me/services/medical-security-up-to-3h","0","0","2026-04-01","2026-04-01","200","130220","0"
"https://docta.me/services/msct-abdomen-with-contrast","0","0","2026-07-18","2026-04-01","200","282814","0"
"https://docta.me/services/endometrial-tissue-sampling-for-histology","0","0","2026-05-09","2026-05-09","200","224700","0"
"https://docta.me/services/spontaneous-intracerebral-hematoma-evacuation?lang=ru","0","0","2026-06-01","2026-06-01","200","278732","0"
"https://docta.me/services/ear-reduction","0","0","2026-04-18","2026-04-01","200","157681","0"
"https://docta.me/services/stretch-mark-treatment","0","0","2026-07-20","2026-06-23","200","270009","0"
"https://docta.me/services/conservative-treatment-of-periapical-process-and-dental-gangrene?lang=en","0","0","2026-04-01","2026-04-01","200","133165","0"
"https://docta.me/services/medical-certificate-for-study-abroad-and-visa","0","0","2026-05-23","2026-05-20","200","333654","0"
"https://docta.me/services/orthopedic-examination-with-1-prp-treatment?lang=en","0","0","2026-04-01","2026-04-01","200","148906","0"
"https://docta.me/services/spirometry-bronchodilator-test","0","0","2026-06-17","2026-05-20","200","253395","0"
"https://docta.me/services/pathological-fluid-collection-and-biliary-drainage-control","0","0","2026-05-08","2026-05-08","200","225400","0"
"https://docta.me/services/anterior-high-rectal-resection?lang=en","0","0","2026-07-11","2026-07-13","200","257605","0"
"https://docta.me/services/intravenous-therapy-administration?lang=en","0","0","2026-04-01","2026-04-01","200","146984","0"
"https://docta.me/services/aerobic-bacterial-culture-of-aspiration-catheter-tip","0","0","2026-07-22","2026-07-22","200","277142","0"
"https://docta.me/services/loop-excision-cervix-with-anesthesia?lang=en","0","0","2026-04-01","2026-04-01","200","131388","0"
"https://docta.me/services/pharmacological-stress-echo-test-dobutamine","2","0","2026-04-01","2026-04-01","200","151516","0"
"https://docta.me/services/intraoral-x-ray?lang=tr","0","0","2026-06-20","2026-06-20","200","435775","0"
"https://docta.me/services/genital-condyloma-removal-grade-2","1","0","2026-04-01","2026-04-01","200","149675","0"
"https://docta.me/services/loop-excision-cervix-without-anesthesia?lang=tr","0","0","2026-04-01","2026-04-01","200","131504","0"
"https://docta.me/services/endometrial-cell-biopsy?lang=tr","0","0","2026-05-07","2026-04-01","200","224046","0"
"https://docta.me/services/medical-certificate-for-study-abroad-and-visa?lang=ru","0","0","2026-06-13","2026-06-13","200","343142","0"
"https://docta.me/services/3459","0","0","2026-02-20","2026-01-24","200","109352","0"
"https://docta.me/services/abdomen-urinary-tract-and-thyroid-ultrasound","0","0","2026-05-27","2026-05-27","200","276378","0"
"https://docta.me/services/temporary-removable-partial-denture-butterfly?lang=en","0","0","2026-06-16","2026-06-17","200","279895","0"
"https://docta.me/services/full-abdominoplasty-with-liposuction","0","0","2026-04-01","2026-04-01","200","131943","0"
"https://docta.me/services/hyalubrix-30mg-with-clinic-ampoule","0","0","2026-04-01","2026-04-01","200","130583","0"
"https://docta.me/services/x-ray-both-wrists","0","0","2026-04-01","2026-04-01","200","183752","0"
"https://docta.me/services/bilateral-endonasal-maxillary-sinus-surgery?lang=tr","0","0","2026-07-12","2026-07-14","200","259861","0"
"https://docta.me/services/professor-ultrasound-two-regions","0","0","2026-04-01","2026-04-01","200","132162","0"
"https://docta.me/services/colonoscopy-with-injection-hemostasis?lang=tr","0","0","2026-07-09","2026-07-11","200","259442","0"
"https://docta.me/services/histopathology-of-breast-biopsy","0","0","2026-06-26","2026-06-26","200","258791","0"
"https://docta.me/services/2038","0","0","2026-01-24","2026-01-24","200","134814","0"
"https://docta.me/services/secondary-iol-implantation","0","0","2026-05-29","2026-04-01","200","294835","0"
"https://docta.me/services/first-physiatrist-examination-for-children-with-special-needs?lang=ru","0","0","2026-06-27","2026-06-27","200","284197","0"
"https://docta.me/services/professor-colposcopy?lang=en","0","0","2026-04-01","2026-04-01","200","132588","0"
"https://docta.me/services/histopathology-of-lung-echinococcus-cyst","0","0","2026-05-24","2026-05-26","200","254822","0"
"https://docta.me/services/epicranial-hematoma-removal","0","0","2026-07-11","2026-07-11","200","276680","0"
"https://docta.me/services/infiltration","0","0","2026-07-04","2026-05-31","200","257269","0"
"https://docta.me/services/x-ray-ankle?lang=en","0","0","2026-06-07","2026-06-05","200","339817","0"
"https://docta.me/services/cleansing-enema","0","0","2026-05-08","2026-05-08","200","223726","0"
"https://docta.me/services/professor-cardiology-package","0","0","2026-04-01","2026-04-01","200","128437","0"
"https://docta.me/services/activities-of-daily-living-training","0","0","2026-05-08","2026-05-08","200","224826","0"
"https://docta.me/services/medical-certificate-for-child-adoption?lang=ru","0","0","2026-06-15","2026-06-15","200","343549","0"
"https://docta.me/services/ischiorectal-abscess-incision-and-drainage","0","0","2026-06-16","2026-06-16","200","275785","0"
"https://docta.me/services/medium-atheroma-lipoma-nevus-removal?lang=en","0","0","2026-04-04","2026-04-08","200","130081","0"
"https://docta.me/services/hartmann-reconstruction","0","0","2026-04-01","2026-04-01","200","130900","0"
"https://docta.me/services/neonatal-mechanical-ventilation","0","0","2026-06-26","2026-06-26","200","261729","0"
"https://docta.me/services/ecg-recording-and-interpretation?lang=tr","0","0","2026-04-01","2026-04-01","200","126543","0"
"https://docta.me/services/blink-reflex-test","0","0","2026-05-08","2026-05-08","200","223427","0"
"https://docta.me/services/myringoplasty-local-anesthesia?lang=en","0","0","2026-07-15","2026-07-15","200","252001","0"
"https://docta.me/services/aerobic-bacterial-culture-of-small-intestine-swab","0","0","2026-07-22","2026-07-22","200","277309","0"
"https://docta.me/services/mri-abdomen","0","0","2026-04-01","2026-04-01","200","151310","0"
"https://docta.me/services/prp-single-region","0","0","2026-04-01","2026-04-01","200","130075","0"
"https://docta.me/services/conscious-sedation?lang=en","0","0","2026-06-29","2026-04-27","200","309536","0"
"https://docta.me/services/laser-perianal-fistula-surgery?lang=en","0","0","2026-04-01","2026-04-01","200","141483","0"
"https://docta.me/services/spinal-canal-stenosis-surgery","0","0","2026-07-13","2026-07-15","200","250162","0"
"https://docta.me/services/abdomen-ultrasound?cityids=7","1","0","2026-05-20","2026-05-20","200","292107","0"
"https://docta.me/services/synacthen-test?lang=de","0","0","2026-04-01","2026-04-01","200","129643","0"
"https://docta.me/services/stress-echocardiography?lang=tr","0","0","2026-04-01","2026-04-01","200","201797","0"
"https://docta.me/services/closed-joint-reduction-with-mobilization","0","0","2026-07-26","2026-07-26","200","326395","0"
"https://docta.me/services/urine-uric-acid","0","0","2026-07-26","2026-07-06","200","280692","0"
"https://docta.me/services/histopathology-report-single-biopsy?lang=en","0","0","2026-07-11","2026-04-01","200","296720","0"
"https://docta.me/services/inverted-nipple-correction?lang=en","0","0","2026-04-01","2026-04-01","200","131030","0"
"https://docta.me/services/incarcerated-hernia-surgery-with-bowel-resection?lang=ru","0","0","2026-07-04","2026-07-04","200","264365","0"
"https://docta.me/services/paraspinal-infiltration?lang=en","0","0","2026-04-01","2026-04-01","200","132334","0"
"https://docta.me/services/dental-implant-bredent","0","0","2026-04-01","2026-04-01","200","140559","0"
"https://docta.me/services/gangrene-treatment-two-root","0","0","2026-05-23","2026-05-23","200","299367","0"
"https://docta.me/services/histopathology-of-duodenal-and-small-intestine-endoscopic-biopsy","0","0","2026-05-08","2026-05-08","200","225440","0"
"https://docta.me/services/3730","0","0","2026-01-24","2026-01-24","200","105546","0"
"https://docta.me/services/biliary-system-drainage-under-ct-guidance","1","0","2026-05-08","2026-05-08","200","224707","0"
"https://docta.me/services/otomicroscopy","0","0","2026-05-11","2026-05-13","200","228029","0"
"https://docta.me/services/adult-examination-for-registered-tb","0","0","2026-07-09","2026-06-04","200","277818","0"
"https://docta.me/services/3140","0","0","2026-01-24","2026-01-24","200","105491","0"
"https://docta.me/services/bilateral-hernia-operation?lang=en","0","0","2026-04-01","2026-04-01","200","147880","0"
"https://docta.me/services/dynamic-scintigraphy-of-transplanted-kidney","0","0","2026-06-24","2026-06-24","200","261650","0"
"https://docta.me/services/internist-examination-with-ecg-and-ultrasound","0","0","2026-05-07","2026-05-09","200","221844","0"
"https://docta.me/services/unilateral-external-ethmoidectomy","0","0","2026-07-18","2026-07-19","200","257860","0"
"https://docta.me/services/2241","0","0","2026-01-24","2026-01-24","200","138407","0"
"https://docta.me/services/mortal-extirpation-of-single-root-teeth-with-definitive-filling?lang=tr","0","0","2026-04-30","2026-04-30","200","187713","0"
"https://docta.me/services/coxsackie-virus-igm-antibodies-elisa","0","0","2026-07-22","2026-07-22","200","276810","0"
"https://docta.me/services/co2-laser-scar-up-to-10cm?lang=en","0","0","2026-07-18","2026-07-19","200","256218","0"
"https://docta.me/services/msct-facial-bones?lang=en","1","0","2026-04-01","2026-04-01","200","130821","0"
"https://docta.me/services/3325?lang=en","2","0","2026-01-25","2026-01-25","200","106080","0"
"https://docta.me/services/aesthetic-lipoma-removal","0","0","2026-04-01","2026-04-01","200","130832","0"
"https://docta.me/services/botox-xeomin-1-region","0","0","2026-05-27","2026-05-24","200","253176","0"
"https://docta.me/services/ent-region-lesion-removal","0","0","2026-06-27","2026-06-27","200","253597","0"
"https://docta.me/services/medium-immobilization","0","0","2026-04-01","2026-04-01","200","131282","0"
"https://docta.me/services/swim-up-procedure-ii","0","0","2026-04-01","2026-04-01","200","130255","0"
"https://docta.me/services/4091?lang=en","0","0","2026-01-24","2026-01-24","200","103845","0"
"https://docta.me/services/fluorescein-biomicroscopy","0","0","2026-05-28","2026-06-01","200","254501","0"
"https://docta.me/services/histopathology-of-tonsillectomy-specimen","0","0","2026-05-08","2026-05-08","200","224272","0"
"https://docta.me/services/all-on-6-zirconia","0","0","2026-04-01","2026-04-01","200","140459","0"
"https://docta.me/services/anaerobic-bacterial-culture-of-adnexal-content","0","0","2026-07-22","2026-07-22","200","277346","0"
"https://docta.me/services/mri-foot-not-including-ankle","0","0","2026-05-06","2026-04-01","200","192119","0"
"https://docta.me/services/below-elbow-plaster-immobilization","0","0","2026-05-08","2026-05-08","200","224493","0"
"https://docta.me/services/arterial-catheter-placement","0","0","2026-06-02","2026-06-02","200","254668","0"
"https://docta.me/services/tympanometry","0","0","2026-04-01","2026-04-01","200","219893","0"
"https://docta.me/services/choledochoduodenostomy","0","0","2026-04-01","2026-04-01","200","130859","0"
"https://docta.me/services/closed-manipulation-reduction-of-proximal-fracture","0","0","2026-07-03","2026-06-25","200","277779","0"
"https://docta.me/services/guided-tissue-regeneration?lang=en","0","0","2026-04-27","2026-04-27","200","0","0"
"https://docta.me/services/histopathology-of-pilonidal-sinus?lang=en","0","0","2026-07-11","2026-07-13","200","260492","0"
"https://docta.me/services/perineal-incisional-prostate-biopsy","0","0","2026-07-25","2026-07-25","200","306963","0"
"https://docta.me/services/3345","0","0","2026-01-24","2026-01-24","200","117972","0"
"https://docta.me/services/hemithyroidectomy","0","0","2026-05-10","2026-05-11","200","232671","0"
"https://docta.me/services/medical-documentation-review-and-prescription","0","0","2026-04-01","2026-04-01","200","148229","0"
"https://docta.me/services/medical-certificate-for-maritime-workers?lang=en","0","0","2026-07-16","2026-07-19","200","320273","0"
"https://docta.me/services/open-cholecystectomy","0","0","2026-07-18","2026-07-19","200","282073","0"
"https://docta.me/services/urethral-fungal-culture","0","0","2026-07-22","2026-07-22","200","275781","0"
"https://docta.me/services/zirconia-multilayer-crown","0","0","2026-04-01","2026-04-01","200","140764","0"
"https://docta.me/services/professor-expert-pregnancy-ultrasound","0","0","2026-04-01","2026-04-01","200","132291","0"
"https://docta.me/services/aerobic-bacterial-culture-of-central-venous-catheter-insertion-site-swab","0","0","2026-07-22","2026-07-22","200","278664","0"
"https://docta.me/services/surgical-rhinolith-or-foreign-body-extraction-by-lateral-rhinotomy","0","0","2026-05-13","2026-05-13","200","235967","0"
"https://docta.me/services/anterior-high-rectal-resection","0","0","2026-07-21","2026-04-01","200","274729","0"
"https://docta.me/services/chalazion-removal-children-general-anesthesia?lang=en","0","0","2026-04-01","2026-04-01","200","131696","0"
"https://docta.me/services/anaerobic-bacterial-culture-of-abscess-content","0","0","2026-07-22","2026-07-22","200","276834","0"
"https://docta.me/services/ck-mb-activity?lang=en","0","0","2026-07-06","2026-07-08","200","270618","0"
"https://docta.me/services/3686?lang=en","0","0","2026-01-24","2026-01-24","200","99776","0"
"https://docta.me/services/internist-examination-with-ecg-and-ultrasound?lang=ru","0","0","2026-05-12","2026-05-12","200","236613","0"
"https://docta.me/services/surgical-examination-with-ultrasound","0","0","2026-04-01","2026-04-01","200","130527","0"
"https://docta.me/services/histopathology-of-subtotal-thyroidectomy","0","0","2026-06-23","2026-06-25","200","259996","0"
"https://docta.me/services/home-visit-examination","0","0","2026-04-01","2026-04-01","200","144747","0"
"https://docta.me/services/benign-skin-growth-thermocauterization-removal?lang=en","0","0","2026-04-01","2026-04-01","200","128539","0"
"https://docta.me/services/msct-angiography-pulmonary-arteries-pte","0","0","2026-04-01","2026-04-01","200","152054","0"
"https://docta.me/services/histopathology-of-tonsil-biopsy","0","0","2026-05-08","2026-05-08","200","224051","0"
"https://docta.me/services/histopathology-of-partial-ovarian-resection","0","0","2026-05-08","2026-05-08","200","224567","0"
"https://docta.me/services/home-visit-periphery","0","0","2026-04-01","2026-04-01","200","130233","0"
"https://docta.me/services/goldmann-kinetic-perimetry?lang=en","0","0","2026-07-11","2026-05-02","200","256210","0"
"https://docta.me/services/doppler-neck-blood-vessels","2","0","2026-07-17","2026-04-01","200","427224","0"
"https://docta.me/services/aerobic-bacterial-culture-of-pleural-swab","0","0","2026-07-22","2026-07-22","200","276558","0"
"https://docta.me/services/neuromuscular-transmission-test?lang=en","0","0","2026-04-01","2026-04-01","200","131323","0"
"https://docta.me/services/open-hiatal-hernia-repair-magna","0","0","2026-05-10","2026-05-11","200","232995","0"
"https://docta.me/services/follow-up-neurologist-examination","0","0","2026-04-01","2026-04-01","200","163432","0"
"https://docta.me/services/spinal-anesthesiaanalgesia","0","0","2026-06-28","2026-06-28","200","257586","0"
"https://docta.me/services/pilonidal-cyst-surgery-classic?cityids=1","0","0","2026-06-20","2026-06-20","200","304027","0"
"https://docta.me/services/cervical-canal-curettage?lang=en","1","0","2026-04-01","2026-04-01","200","130968","0"
"https://docta.me/services/paravertebral-muscle-infiltration","0","0","2026-05-31","2026-06-01","200","272460","0"
"https://docta.me/services/stomach-polypectomy","0","0","2026-07-11","2026-04-01","200","294191","0"
"https://docta.me/services/laser-photocoagulation-type-2","0","0","2026-06-17","2026-04-01","200","258020","0"
"https://docta.me/services/chemical-peel-face?lang=en","0","0","2026-07-16","2026-07-16","200","270708","0"
"https://docta.me/services/digital-dermoscopy-more-than-5-moles","0","0","2026-07-11","2026-07-11","200","275170","0"
"https://docta.me/services/secondary-orbital-implant-insertion","0","0","2026-05-18","2026-05-20","200","250003","0"
"https://docta.me/services/medical-transport-bls-multiple-technicians-per-km?lang=en","0","0","2026-06-23","2026-04-01","200","260328","0"
"https://docta.me/services/oral-cholecystography","0","0","2026-05-08","2026-05-08","200","223739","0"
"https://docta.me/services/professor-neurologist-examination","0","0","2026-05-19","2026-05-19","200","255360","0"
"https://docta.me/services/pulpitis-treatment-three-root-niti?lang=en","0","0","2026-05-28","2026-04-01","200","298685","0"
"https://docta.me/services/medical-certificate-for-taxi-driver","0","0","2026-05-27","2026-05-12","200","283338","0"
"https://docta.me/services/follow-up-vascular-surgeon-examination-with-color-doppler?lang=en","0","0","2026-05-05","2026-05-05","200","188099","0"
"https://docta.me/services/msct-angiography-aorta?lang=en","0","0","2026-04-01","2026-04-01","200","152211","0"
"https://docta.me/services/iud-insertion-under-general-anesthesia","0","0","2026-04-04","2026-04-01","200","135766","0"
"https://docta.me/services/frenulotomy","0","0","2026-04-01","2026-04-01","200","168515","0"
"https://docta.me/services/laser-trabeculoplasty","0","0","2026-04-01","2026-04-01","200","130359","0"
"https://docta.me/services/3557","0","0","2026-01-24","2026-01-24","200","99722","0"
"https://docta.me/services/aerobic-bacterial-culture-of-blood","0","0","2026-07-22","2026-07-22","200","276713","0"
"https://docta.me/services/anti-hanta-virus-igg-antibodies-elisa","0","0","2026-07-22","2026-07-22","200","276272","0"
"https://docta.me/services/compression-syndrome-carpal-tunnel","0","0","2026-07-12","2026-04-01","200","274026","0"
"https://docta.me/services/cystectomy-up-to-2-teeth","0","0","2026-07-11","2026-04-01","200","276782","0"
"https://docta.me/services/folliculometry?lang=en","0","0","2026-04-01","2026-04-01","200","168915","0"
"https://docta.me/services/3469","0","0","2026-01-25","2026-01-25","200","104742","0"
"https://docta.me/services/medical-certificate-for-military-service","0","0","2026-07-03","2026-06-15","200","306802","0"
"https://docta.me/services/mini-dental-implant?lang=en","0","0","2026-04-30","2026-04-30","200","183155","0"
"https://docta.me/services/transthoracic-thoracic-duct-surgery","0","0","2026-07-11","2026-05-30","200","258208","0"
"https://docta.me/services/partial-denture?lang=en","1","0","2026-05-24","2026-04-01","200","329255","0"
"https://docta.me/services/3513","0","0","2026-01-24","2026-01-24","200","105876","0"
"https://docta.me/services/nose-correction-rhinoplasty","0","0","2026-07-14","2026-04-01","200","257509","0"
"https://docta.me/services/transesophageal-echocardiography-tee?lang=en","0","0","2026-04-01","2026-06-01","200","169468","0"
"https://docta.me/services/non-surgical-body-rejuvenation","0","0","2026-04-01","2026-04-01","200","131150","0"
"https://docta.me/services/x-ray-upper-arm","0","0","2026-07-17","2026-07-17","200","343588","0"
"https://docta.me/services/implant-bar-attachment?lang=en","0","0","2026-04-01","2026-04-01","200","141320","0"
"https://docta.me/services/x-ray-lumbar-spine-and-sacrum","0","0","2026-07-17","2026-04-01","200","364145","0"
"https://docta.me/services/laparoscopic-operation-for-perforated-duodenal-ulcer","0","0","2026-06-04","2026-06-06","200","255828","0"
"https://docta.me/services/cataract-surgery-with-panoptix-iol","0","0","2026-06-17","2026-04-09","200","256657","0"
"https://docta.me/services/mri-sedation-single-region","0","0","2026-04-01","2026-04-01","200","130193","0"
"https://docta.me/services/frozen-section-histopathology-ex-tempore","0","0","2026-05-08","2026-05-08","200","224752","0"
"https://docta.me/services/histopathology-of-subcutaneous-tumor","0","0","2026-05-08","2026-05-08","200","224191","0"
"https://docta.me/services/contact-lens-fitting","0","0","2026-07-22","2026-07-22","200","276229","0"
"https://docta.me/services/native-microscopic-preparation-for-amoebae-with-provocation","0","0","2026-07-22","2026-07-22","200","277757","0"
"https://docta.me/services/partial-bone-excision-curettage-sequestrectomy","0","0","2026-06-28","2026-06-05","200","0","0"
"https://docta.me/services/medical-certificate-for-difficult-working-conditions-without-high-risk","0","0","2026-05-08","2026-05-08","200","238681","0"
"https://docta.me/services/vistabel-botox?lang=en","0","0","2026-06-29","2026-06-29","200","290811","0"
"https://docta.me/services/joint-and-soft-tissue-ultrasound","0","0","2026-07-19","2026-07-20","200","282099","0"
"https://docta.me/services/general-iv-anesthesia","0","0","2026-04-01","2026-04-01","200","147705","0"
"https://docta.me/services/closed-manipulation-reduction-of-supracondylar-or-transcondylar-humerus-fracture","0","0","2026-06-16","2026-06-16","200","279006","0"
"https://docta.me/services/skin-and-subcutaneous-tissue-biopsy","0","0","2026-05-21","2026-04-01","200","256755","0"
"https://docta.me/services/3300","0","0","2026-01-24","2026-01-24","200","105464","0"
"https://docta.me/services/surgical-upper-lip-lift","0","0","2026-04-01","2026-04-01","200","131600","0"
"https://docta.me/services/mri-neck-soft-tissue-with-cervical-spine?lang=en","0","0","2026-04-04","2026-04-04","200","135462","0"
"https://docta.me/services/3338","0","0","2026-02-11","2026-02-11","200","109619","0"
"https://docta.me/services/surgical-lip-correction","0","0","2026-04-01","2026-04-01","200","131430","0"
"https://docta.me/services/histopathology-of-cervical-polyp","0","0","2026-06-03","2026-06-03","200","256417","0"
"https://docta.me/services/active-tb-patient-patronage-visit","0","0","2026-06-11","2026-06-11","200","270623","0"
"https://docta.me/services/closed-manipulation-reduction-of-distal-tibia-fracture","0","0","2026-07-02","2026-07-02","200","0","0"
"https://docta.me/services/complete-dental-cleaning","0","0","2026-04-01","2026-04-01","200","188088","0"
"https://docta.me/services/follow-up-nephrologist-examination","0","0","2026-05-08","2026-05-08","200","224116","0"
"https://docta.me/services/medical-certificate-for-athletes?lang=tr","0","0","2026-05-18","2026-05-19","200","301326","0"
"https://docta.me/services/elbow-arthroscopy","0","0","2026-05-09","2026-05-11","200","228438","0"
"https://docta.me/services/throat-swab","0","0","2026-04-01","2026-04-01","200","131105","0"
"https://docta.me/services/paracervical-steroid-injection","0","0","2026-04-01","2026-04-01","200","131749","0"
"https://docta.me/services/foreign-body-localization-in-eye-with-fluoroscopy","0","0","2026-05-22","2026-05-22","200","273076","0"
"https://docta.me/services/3297","0","0","2026-01-24","2026-01-24","200","105427","0"
"https://docta.me/services/2238","0","0","2026-02-03","2026-02-03","200","108817","0"
"https://docta.me/services/tummy-tuck-abdominoplasty","0","0","2026-04-01","2026-04-01","200","131154","0"
"https://docta.me/services/purulent-skin-and-subcutaneous-incision?lang=en","0","0","2026-04-01","2026-04-01","200","131497","0"
"https://docta.me/services/subcapsular-orchiectomy-general-anesthesia?lang=en","0","0","2026-04-01","2026-04-01","200","131509","0"
"https://docta.me/services/sperm-culture","0","0","2026-07-22","2026-07-22","200","275067","0"
"https://docta.me/services/amine-test","0","0","2026-07-23","2026-07-23","200","275482","0"
"https://docta.me/services/after-hours-examination?lang=en","0","0","2026-04-01","2026-04-01","200","129606","0"
"https://docta.me/services/dupuytren-contracture-surgery-both-hands?lang=tr","0","0","2026-05-06","2026-04-01","200","171987","0"
"https://docta.me/services/anterior-low-rectal-resection","0","0","2026-06-21","2026-06-21","200","283343","0"
"https://docta.me/services/vulvectomy","0","0","2026-05-20","2026-04-07","200","277609","0"
"https://docta.me/services/allergist-examination","0","0","2026-04-01","2026-04-01","200","162037","0"
"https://docta.me/services/eustachian-tube-function-test?lang=tr","0","0","2026-04-01","2026-04-01","200","129995","0"
"https://docta.me/services/first-physiatrist-examination","0","0","2026-04-01","2026-04-01","200","161958","0"
"https://docta.me/services/pediatric-strabismus-examination?lang=en","0","0","2026-04-01","2026-04-01","200","131312","0"
"https://docta.me/services/3809","0","0","2026-01-24","2026-01-24","200","104257","0"
"https://docta.me/services/x-ray-pelvis","0","0","2026-05-11","2026-05-11","200","279960","0"
"https://docta.me/services/anaerobic-bacterial-culture-of-small-intestine-swab","0","0","2026-07-22","2026-07-22","200","277049","0"
"https://docta.me/services/dental-implant-placement","0","0","2026-05-08","2026-05-08","200","230363","0"
"https://docta.me/services/paravertebral-nerve-block","0","0","2026-07-01","2026-07-01","200","255889","0"
"https://docta.me/services/x-ray-thoracic-spine?lang=en","0","0","2026-04-06","2026-04-01","200","185756","0"
"https://docta.me/services/direct-pulp-capping","0","0","2026-04-01","2026-04-01","200","130831","0"
"https://docta.me/services/urine-bilirubin","0","0","2026-07-11","2026-06-22","200","278279","0"
"https://docta.me/services/internist-examination-with-ecg-and-ultrasound?lang=en","0","0","2026-05-12","2026-05-12","200","232759","0"
"https://docta.me/services/peripheral-region-ultrasound?lang=en","0","0","2026-04-01","2026-04-01","200","151472","0"
"https://docta.me/services/first-treatment-follow-up","0","0","2026-04-01","2026-04-01","200","130673","0"
"https://docta.me/services/sialometry","0","0","2026-07-08","2026-06-23","200","260773","0"
"https://docta.me/services/orbit-exenteration","1","0","2026-06-24","2026-06-24","200","258760","0"
"https://docta.me/services/plastic-surgeon-follow-up-examination","0","0","2026-04-04","2026-04-01","200","135952","0"
"https://docta.me/services/pigmented-nevus-surgical-removal?lang=en","0","0","2026-04-01","2026-04-01","200","152098","0"
"https://docta.me/services/ophthalmological-examination-contact-lenses","0","0","2026-07-09","2026-07-09","200","294172","0"
"https://docta.me/services/coxsackie-b-virus-igm-antibodies-elisa","0","0","2026-07-22","2026-07-22","200","276396","0"
"https://docta.me/services/lower-abdomen-ultrasound?lang=en","0","0","2026-04-01","2026-04-01","200","146063","0"
"https://docta.me/services/serial-abo-rh-blood-group-testing-gel-method","0","0","2026-07-22","2026-07-22","200","277254","0"
"https://docta.me/services/laser-photocoagulation-type-1","0","0","2026-04-01","2026-04-01","200","130294","0"
"https://docta.me/services/4071","0","0","2026-02-28","2026-02-28","200","110990","0"
"https://docta.me/services/panretinal-laser-photocoagulation-single-eye","0","0","2026-07-16","2026-04-01","200","274475","0"
"https://docta.me/services/medical-transport-als-up-to-50km?lang=de","0","0","2026-05-09","2026-05-11","200","232748","0"
"https://docta.me/services/sclerotherapy-of-smaller-hemangiomas","0","0","2026-06-18","2026-06-20","200","257802","0"
"https://docta.me/services/3145","0","0","2026-01-24","2026-01-24","200","105481","0"
"https://docta.me/services/carotid-doppler-ultrasound","0","0","2026-06-08","2026-06-08","200","252773","0"
"https://docta.me/services/anterior-high-rectal-resection?lang=tr","0","0","2026-07-13","2026-05-04","200","258090","0"
"https://docta.me/services/x-ray-paranasal-sinuses?lang=en","0","0","2026-04-01","2026-04-01","200","132189","0"
"https://docta.me/services/eyeglass-prescription-for-adults","0","0","2026-07-06","2026-07-08","200","259663","0"
"https://docta.me/services/medical-certificate-for-significant-risk-work","0","0","2026-06-11","2026-06-12","200","255982","0"
"https://docta.me/services/topical-local-anesthesia","0","0","2026-05-11","2026-05-13","200","228573","0"
"https://docta.me/services/histopathology-of-skin-tumor?lang=en","0","0","2026-07-08","2026-07-11","200","258289","0"
"https://docta.me/services/mortal-pulpotomy","0","0","2026-07-22","2026-07-22","200","293343","0"
"https://docta.me/services/complete-psychological-testing","0","0","2026-04-01","2026-04-01","200","130257","0"
"https://docta.me/services/excision-of-pelvic-abdominal-retroperitoneal-lymph-nodes","0","0","2026-06-03","2026-06-03","200","256149","0"
"https://docta.me/services/perforating-eye-injury-repair","0","0","2026-06-28","2026-06-28","200","257991","0"
"https://docta.me/services/ceramic-veneer?lang=en","0","0","2026-05-07","2026-05-08","200","328532","0"
"https://docta.me/services/first-pediatric-endocrinologist-examination","0","0","2026-05-08","2026-05-08","200","224714","0"
"https://docta.me/services/open-appendectomy","0","0","2026-04-01","2026-04-01","200","131055","0"
"https://docta.me/services/1741?lang=en","0","0","2026-01-24","2026-01-24","200","115407","0"
"https://docta.me/services/colonoscopy-and-gastroscopy-with-anesthesia?lang=en","0","0","2026-07-02","2026-04-01","200","320428","0"
"https://docta.me/services/echocardiography-heart-ultrasound","0","0","2026-04-01","2026-04-01","200","233539","0"
"https://docta.me/services/pap-test-with-smear-collection","1","0","2026-04-01","2026-04-01","200","166569","0"
"https://docta.me/services/vaginal-ring-insertion","0","0","2026-04-01","2026-04-01","200","126882","0"
"https://docta.me/services/benign-growth-and-cyst-removal-vulva-vagina-under-sedation","0","0","2026-04-06","2026-04-01","200","136686","0"
"https://docta.me/services/intra-articular-injection-without-ultrasound","0","0","2026-05-31","2026-04-01","200","255701","0"
"https://docta.me/services/anti-hiv-2-antibodies-confirmatory-test-western-blot","0","0","2026-07-22","2026-07-22","200","277336","0"
"https://docta.me/services/other-peripheral-nerve-block","0","0","2026-05-13","2026-05-13","200","237635","0"
"https://docta.me/services/atypical-sigmoid-partial-resection?lang=tr","0","0","2026-07-18","2026-04-01","200","258206","0"
"https://docta.me/services/intramuscular-injection-home-visit-suburban?lang=en","0","0","2026-04-01","2026-04-01","200","131712","0"
"https://docta.me/services/follow-up-plastic-surgeon-examination?lang=en","0","0","2026-05-27","2026-05-27","200","258182","0"
"https://docta.me/services/holter-ecg-24h?cityids=1","0","0","2026-06-18","2026-06-18","200","344035","0"
"https://docta.me/services/rh-phenotype-testing-gel-method","0","0","2026-07-22","2026-07-22","200","276526","0"
"https://docta.me/services/amalgam-filling?lang=en","0","0","2026-04-01","2026-04-01","200","141076","0"
"https://docta.me/services/acute-episubdural-hematoma-removal-by-osteoplastic-craniotomy","0","0","2026-07-01","2026-07-01","200","276920","0"
"https://docta.me/services/medical-certificate-for-professional-drivers?lang=ru","0","0","2026-07-02","2026-07-02","200","332842","0"
"https://docta.me/services/pigmented-nevus-surgical-removal-head-and-neck?lang=en","0","0","2026-04-01","2026-04-01","200","133106","0"
"https://docta.me/services/tooth-extraction?lang=en","0","0","2026-04-01","2026-04-01","200","131475","0"
"https://docta.me/services/abdominal-hysterectomy","0","0","2026-04-10","2026-04-01","200","138276","0"
"https://docta.me/services/3151","0","0","2026-03-20","2026-01-24","200","118193","0"
"https://docta.me/services/circumcision-local-anesthesia","0","0","2026-04-01","2026-04-01","200","147665","0"
"https://docta.me/services/percutaneous-nephrostomy-under-ultrasound-guidance","0","0","2026-05-08","2026-05-08","200","224909","0"
"https://docta.me/services/3668","1","0","2026-01-24","2026-01-24","200","105390","0"
"https://docta.me/services/mri-brain-with-venous-sinus-venography","0","0","2026-07-15","2026-07-15","200","260904","0"
"https://docta.me/services/super-inductive-system-therapy","0","0","2026-05-07","2026-05-07","200","267865","0"
"https://docta.me/services/gynecomastia-correction","0","0","2026-05-21","2026-04-01","200","295144","0"
"https://docta.me/services/both-ears-irrigation","0","0","2026-04-01","2026-04-01","200","131300","0"
"https://docta.me/services/complete-extirpation","0","0","2026-04-01","2026-04-01","200","130034","0"
"https://docta.me/services/2239?lang=en","0","0","2026-01-25","2026-01-25","200","156788","0"
"https://docta.me/services/1540?lang=en","0","0","2026-01-24","2026-01-24","200","103245","0"
"https://docta.me/services/wound-treatment-with-suturing","0","0","2026-04-05","2026-04-05","200","130992","0"
"https://docta.me/services/x-ray-shoulder","0","0","2026-05-10","2026-05-12","200","285390","0"
"https://docta.me/services/x-ray-maxilla-mandible-tmj?lang=en","0","0","2026-04-01","2026-04-01","200","163658","0"
"https://docta.me/services/3d-digital-tomosynthesis-mammography","0","0","2026-04-01","2026-04-01","200","132273","0"
"https://docta.me/services/x-ray-fingers","0","0","2026-04-01","2026-04-01","200","131070","0"
"https://docta.me/services/acute-supratentorial-epidural-hematoma?lang=tr","0","0","2026-05-30","2026-05-30","200","274003","0"
"https://docta.me/services/scrotal-resection","0","0","2026-07-01","2026-06-29","200","258452","0"
"https://docta.me/services/3635","0","0","2026-01-24","2026-01-24","200","105052","0"
"https://docta.me/services/ankle-reposition","0","0","2026-04-01","2026-04-01","200","131236","0"
"https://docta.me/services/first-endocrinologist-examination","0","0","2026-04-01","2026-04-01","200","128663","0"
"https://docta.me/services/intravenous-urography-with-renal-puncture","0","0","2026-07-05","2026-07-05","200","261654","0"
"https://docta.me/services/gastroduodenum-x-ray-through-stoma","0","0","2026-05-08","2026-05-08","200","224232","0"
"https://docta.me/services/cystectomy-extended","0","0","2026-04-01","2026-04-01","200","140456","0"
"https://docta.me/services/lacrimal-duct-irrigation-children","0","0","2026-07-03","2026-07-06","200","280251","0"
"https://docta.me/services/3547","0","0","2026-01-24","2026-01-24","200","105482","0"
"https://docta.me/services/direct-composite-veneer","0","0","2026-05-28","2026-04-01","200","334652","0"
"https://docta.me/services/laparoscopic-hiatal-hernia-repair","0","0","2026-06-01","2026-06-01","200","255032","0"
"https://docta.me/services/miles-rectal-amputation","0","0","2026-07-13","2026-07-13","200","302552","0"
"https://docta.me/services/anaerobic-bacterial-culture-of-peritoneal-fluid","0","0","2026-07-22","2026-07-22","200","277455","0"
"https://docta.me/services/pulpitis-treatment-two-root-machine","0","0","2026-05-22","2026-05-22","200","299686","0"
"https://docta.me/services/prescription-and-referral-issue","0","0","2026-07-16","2026-07-16","200","248527","0"
"https://docta.me/services/dental-oral-vestibule-deepening?lang=en","0","0","2026-07-08","2026-07-08","200","276887","0"
"https://docta.me/services/ent-subspecialist-examination","0","0","2026-05-07","2026-04-01","200","189824","0"
"https://docta.me/services/endoscopic-biopsy-with-single-use-forceps","0","0","2026-04-01","2026-04-01","200","125986","0"
"https://docta.me/services/group-exercises-type-a","0","0","2026-06-23","2026-06-25","200","270027","0"
"https://docta.me/services/small-immobilization","0","0","2026-04-01","2026-04-01","200","131230","0"
"https://docta.me/services/x-ray-orbits?lang=en","0","0","2026-04-01","2026-04-01","200","163170","0"
"https://docta.me/services/cervical-biopsy?lang=en","0","0","2026-04-01","2026-04-01","200","153731","0"
"https://docta.me/services/dupuytren-contracture-surgery-single-tendon?lang=en","0","0","2026-04-01","2026-04-01","200","136794","0"
"https://docta.me/services/swim-up-procedure-ii?lang=en","0","0","2026-04-01","2026-05-09","200","135973","0"
"https://docta.me/services/coxofemoral-immobilization-placement","0","0","2026-05-09","2026-05-09","200","233708","0"
"https://docta.me/services/3438","0","0","2026-01-24","2026-01-24","200","105111","0"
"https://docta.me/services/proetz-sinus-and-nasal-secretion-removal","0","0","2026-06-07","2026-06-08","200","0","0"
"https://docta.me/services/follow-up-surgical-examination","0","0","2026-04-01","2026-04-01","200","151732","0"
"https://docta.me/services/cytomegalovirus-detection-indirect-immunofluorescence","0","0","2026-07-22","2026-07-22","200","277809","0"
"https://docta.me/services/first-surgical-examination","0","0","2026-05-08","2026-05-08","200","223943","0"
"https://docta.me/services/pre-employment-medical-certificate","1","0","2026-05-08","2026-05-08","200","224065","0"
"https://docta.me/services/vistabel-botox","1","0","2026-04-01","2026-04-01","200","130544","0"
"https://docta.me/services/wound-swab-sampling?lang=en","0","0","2026-04-01","2026-04-01","200","130748","0"
"https://docta.me/services/intramuscular-injection-home-visit-suburban?lang=de","0","0","2026-04-01","2026-04-01","200","132074","0"
"https://docta.me/services/liposuction-under-general-anesthesia?lang=ru","0","0","2026-04-01","2026-04-01","200","148177","0"
"https://docta.me/services/chronic-subdural-hematoma-removal","0","0","2026-06-28","2026-06-28","200","275525","0"
"https://docta.me/services/helicobacter-pylori-antibodies-elisa","1","0","2026-07-22","2026-07-22","200","276616","0"
"https://docta.me/services/laparoscopic-liver-metastasectomy","0","0","2026-07-17","2026-07-19","200","257797","0"
"https://docta.me/services/consent-for-surgery","0","0","2026-06-17","2026-06-17","200","259449","0"
"https://docta.me/services/atheroma-removal","0","0","2026-04-01","2026-04-01","200","150248","0"
"https://docta.me/services/urine-urea","0","0","2026-06-05","2026-06-07","200","252186","0"
"https://docta.me/services/hernia-operation?lang=en","0","0","2026-07-05","2026-04-01","200","317024","0"
"https://docta.me/services/botox-2-regions","0","0","2026-04-01","2026-04-01","200","128231","0"
"https://docta.me/services/msct-abdomen-and-pelvis-with-contrast","0","0","2026-04-01","2026-04-01","200","152102","0"
"https://docta.me/services/3305","0","0","2026-01-24","2026-01-24","200","105307","0"
"https://docta.me/services/specialist-examination-with-ultrasound?lang=en","0","0","2026-07-04","2026-04-01","200","258448","0"
"https://docta.me/services/medical-transport-als-up-to-50km?lang=en","0","0","2026-04-04","2026-04-06","200","134452","0"
"https://docta.me/services/hydrotherapy-underwater-massage?lang=tr","0","0","2026-04-01","2026-04-01","200","132088","0"
"https://docta.me/services/aerobic-bacterial-culture-of-blood-swab","0","0","2026-07-22","2026-07-22","200","276972","0"
"https://docta.me/services/apparatus-assisted-massage","0","0","2026-05-13","2026-05-14","200","233782","0"
"https://docta.me/services/mediastinal-drainage-exploration-foreign-body-removal","0","0","2026-07-09","2026-07-12","200","258959","0"
"https://docta.me/services/follow-up-oncologist-examination","0","0","2026-05-13","2026-05-15","200","234145","0"
"https://docta.me/services/infiltration?lang=en","0","0","2026-04-01","2026-04-01","200","130604","0"
"https://docta.me/services/comprehensive-dental-diagnostics-with-treatment-plan","0","0","2026-06-05","2026-05-07","0","253174","0"
"https://docta.me/services/ureterovaginal-fistula-surgery","0","0","2026-04-01","2026-04-01","200","131237","0"
"https://docta.me/services/1646","1","0","2026-01-24","2026-01-24","200","97138","0"
"https://docta.me/services/arteriovenous-fistula-for-hemodialysis","0","0","2026-06-18","2026-06-18","200","259344","0"
"https://docta.me/services/msct-pelvis-native","2","0","2026-05-08","2026-05-09","200","225515","0"
"https://docta.me/services/benign-skin-tumor-removal","0","0","2026-05-09","2026-04-01","200","278865","0"
"https://docta.me/services/late-term-pregnancy-termination-by-intra-amniotic-instillation","0","0","2026-06-17","2026-06-17","200","260454","0"
"https://docta.me/services/dental-local-anesthesia?lang=en","0","0","2026-04-30","2026-04-30","200","195818","0"
"https://docta.me/services/colonoscopy-with-polyp-electrocauterization","0","0","2026-06-19","2026-06-19","200","259762","0"
"https://docta.me/services/surgical-examination","0","0","2026-05-18","2026-05-18","200","309769","0"
"https://docta.me/services/general-practitioner-examination?lang=en","0","0","2026-07-06","2026-04-01","200","396826","0"
"https://docta.me/services/acute-supratentorial-epidural-hematoma?lang=ru","0","0","2026-07-11","2026-07-11","200","281583","0"
"https://docta.me/services/direct-suture-of-larger-wounds-without-deep-structure-lesion","0","0","2026-06-13","2026-06-14","200","259252","0"
"https://docta.me/services/hbs-antigen-detection-elisaantigen","0","0","2026-07-22","2026-07-22","200","276867","0"
"https://docta.me/services/doppler-portal-vein","3","0","2026-04-11","2026-04-01","200","157126","0"
"https://docta.me/services/laser-uvulopalatoplasty-local-anesthesia?lang=en","0","0","2026-06-27","2026-06-27","200","253400","0"
"https://docta.me/services/acetabulum-and-proximal-femur-arthroplasty","0","0","2026-06-04","2026-06-06","200","273125","0"
"https://docta.me/services/dermatologist-examination-with-dermatoscopy?lang=en","0","0","2026-04-01","2026-04-01","200","130407","0"
"https://docta.me/services/abdomen-and-urinary-tract-ultrasound","0","0","2026-04-01","2026-04-01","200","162863","0"
"https://docta.me/services/3416","0","0","2026-01-24","2026-01-24","200","104951","0"
"https://docta.me/services/professor-endocrinologist-examination?lang=en","0","0","2026-06-23","2026-04-01","200","277966","0"
"https://docta.me/services/x-ray-sella-turcica","0","0","2026-05-15","2026-04-01","200","303683","0"
"https://docta.me/services/composite-filling-on-primary-tooth?lang=tr","0","0","2026-05-30","2026-07-04","200","308063","0"
"https://docta.me/services/first-infectious-disease-specialist-examination?lang=ru","0","0","2026-07-27","2026-07-27","200","334460","0"
"https://docta.me/services/epidural-abscess-puncture-and-drainage?lang=ru","0","0","2026-05-30","2026-05-30","200","278511","0"
"https://docta.me/services/contact-and-non-contact-dermatothermometry","0","0","2026-05-08","2026-05-08","200","224587","0"
"https://docta.me/services/pancreatic-head-carcinoma-whipple","0","0","2026-04-01","2026-04-01","200","131261","0"
"https://docta.me/services/anaerobic-bacterial-culture-of-intestinal-serosa-swab","0","0","2026-07-25","2026-07-22","200","277217","0"
"https://docta.me/services/4103?lang=en","0","0","2026-01-24","2026-01-24","200","103987","0"
"https://docta.me/services/laparoscopic-liver-cyst-surgery?lang=en","0","0","2026-04-01","2026-04-01","200","131341","0"
"https://docta.me/services/specialist-examination-type-2?lang=en","0","0","2026-07-11","2026-06-08","200","257986","0"
"https://docta.me/services/therapeutic-ultrasound?lang=en","0","0","2026-04-01","2026-04-01","200","129810","0"
"https://docta.me/services/eustachian-tube-function-test?lang=ru","0","0","2026-04-01","2026-04-01","200","131721","0"
"https://docta.me/services/prp-dental-application?lang=en","0","0","2026-05-10","2026-04-30","200","228428","0"
"https://docta.me/services/dupuytren-contracture-surgery-single-tendon?lang=tr","0","0","2026-04-01","2026-04-01","200","136981","0"
"https://docta.me/services/x-ray-pharynx-and-larynx?lang=en","0","0","2026-05-21","2026-05-21","200","248895","0"
"https://docta.me/services/1502","0","0","2026-01-24","2026-01-24","200","102607","0"
"https://docta.me/services/thoracoscopic-paraesophageal-hernia-repair","0","0","2026-06-02","2026-06-02","200","255392","0"
"https://docta.me/services/subcapsular-orchiectomy-local-anesthesia?lang=tr","0","0","2026-05-29","2026-06-01","200","296916","0"
"https://docta.me/services/metal-ceramic-crown","0","0","2026-04-01","2026-04-01","200","130821","0"
"https://docta.me/services/laser-photocoagulation-type-1?lang=tr","0","0","2026-06-07","2026-06-08","200","255449","0"
"https://docta.me/services/benign-bile-duct-reconstruction-after-injury","0","0","2026-04-01","2026-04-01","200","131591","0"
"https://docta.me/services/labiaplasty","0","0","2026-04-01","2026-04-01","200","151360","0"
"https://docta.me/services/frozen-section-histopathology-ex-tempore?lang=en","0","0","2026-07-07","2026-07-08","200","259032","0"
"https://docta.me/services/ultrasound-umbilical-hernia?lang=tr","0","0","2026-07-19","2026-05-10","200","271133","0"
"https://docta.me/services/skin-lesion-laser-removal","0","0","2026-07-17","2026-04-01","200","259568","0"
"https://docta.me/services/3676","0","0","2026-01-24","2026-01-24","200","105244","0"
"https://docta.me/services/dental-implant-nobel-biocare","0","0","2026-04-01","2026-04-01","200","140745","0"
"https://docta.me/services/color-vision-test-ishihara?lang=en","2","0","2026-05-13","2026-05-13","200","261265","0"
"https://docta.me/services/orthopedic-reposition","0","0","2026-04-01","2026-04-01","200","129981","0"
"https://docta.me/services/wound-dressing","0","0","2026-04-01","2026-04-01","200","170162","0"
"https://docta.me/services/vein-surgery-one-leg?lang=de","0","0","2026-04-30","2026-04-30","200","202191","0"
"https://docta.me/services/denture-repair","0","0","2026-05-21","2026-05-21","200","322093","0"
"https://docta.me/services/prominent-ear-correction","0","0","2026-04-01","2026-04-01","200","130828","0"
"https://docta.me/services/filler-dissolution-hyaluronidase?lang=en","0","0","2026-07-20","2026-07-20","200","291917","0"
"https://docta.me/services/ecg-recording-and-interpretation?lang=en","0","0","2026-07-04","2026-06-22","200","299207","0"
"https://docta.me/services/msct-angiography-abdominal-aorta-and-lower-extremities?lang=en","0","0","2026-06-23","2026-06-24","200","259448","0"
"https://docta.me/services/condyloma-laser-removal","0","0","2026-04-04","2026-04-04","200","135260","0"
"https://docta.me/services/lung-segmentectomy","0","0","2026-06-02","2026-06-02","200","254304","0"
"https://docta.me/services/therapeutic-bath","0","0","2026-05-15","2026-05-16","200","242362","0"
"https://docta.me/services/laser-trabeculoplasty?lang=en","0","0","2026-04-01","2026-04-01","200","130497","0"
"https://docta.me/services/professor-breast-examination-package?lang=ru","0","0","2026-04-01","2026-04-01","200","135060","0"
"https://docta.me/services/x-ray-thigh?lang=en","1","0","2026-04-01","2026-04-01","200","163119","0"
"https://docta.me/services/empress-composite-veneer","0","0","2026-05-22","2026-05-22","200","268272","0"
"https://docta.me/services/ear-examination-and-irrigation","1","0","2026-04-01","2026-04-01","200","145610","0"
"https://docta.me/services/gastroenterology-ultrasound-examination","0","0","2026-04-06","2026-04-01","200","153368","0"
"https://docta.me/services/lateral-neck-cystfistula-operation","0","0","2026-07-04","2026-07-04","200","259450","0"
"https://docta.me/services/anal-fissure-surgery","0","0","2026-04-01","2026-04-01","200","195601","0"
"https://docta.me/services/follow-up-pediatric-and-adolescent-gynecology-examination","0","0","2026-07-03","2026-06-14","200","258842","0"
"https://docta.me/services/iv-analgesic-therapy-for-pain","0","0","2026-05-12","2026-04-01","200","243609","0"
"https://docta.me/services/x-ray-knee-axial-view","0","0","2026-04-01","2026-04-01","200","131429","0"
"https://docta.me/services/pediatric-allergologist-examination?lang=en","0","0","2026-07-03","2026-07-06","200","254676","0"
"https://docta.me/services/balloon-atrial-septostomy-rashkind-procedure","0","0","2026-07-06","2026-07-09","200","274832","0"
"https://docta.me/services/gastroscopy-with-anesthesia?lang=en","0","0","2026-04-01","2026-04-01","200","183237","0"
"https://docta.me/services/perianal-fistula-surgery","0","0","2026-04-01","2026-04-01","200","175096","0"
"https://docta.me/services/systematic-exam-package-hormones-breast-cancer-women","0","0","2026-04-01","2026-04-01","200","131416","0"
"https://docta.me/services/x-ray-maxilla-mandible-tmj?lang=tr","0","0","2026-04-01","2026-04-01","200","163980","0"
"https://docta.me/services/subtotal-abdominal-hysterectomy-with-adnexa-conservation","0","0","2026-05-13","2026-05-15","200","235391","0"
"https://docta.me/services/internal-bleaching-of-devitalized-tooth?lang=en","0","0","2026-04-01","2026-04-01","200","132229","0"
"https://docta.me/services/medical-certificate-for-divers","0","0","2026-05-12","2026-05-12","200","250458","0"
"https://docta.me/services/objective-audiometry-bera?lang=en","0","0","2026-04-21","2026-04-01","200","159376","0"
"https://docta.me/services/professor-examination-with-ultrasound?lang=en","0","0","2026-04-01","2026-04-01","200","131411","0"
"https://docta.me/services/1624","0","0","2026-01-24","2026-01-24","200","102734","0"
"https://docta.me/services/vulva-and-vagina-condyloma-removal","0","0","2026-07-03","2026-05-30","200","270536","0"
"https://docta.me/services/1487","1","0","2026-01-24","2026-01-24","200","102672","0"
"https://docta.me/services/cataract-surgery-complicated-case","0","0","2026-04-06","2026-04-01","200","151506","0"
"https://docta.me/services/colonoscopy-without-anesthesia?lang=en","0","0","2026-04-01","2026-04-01","200","200555","0"
"https://docta.me/services/secondary-school-preventive-systematic-examination","0","0","2026-06-27","2026-06-27","200","280415","0"
"https://docta.me/services/incarcerated-hernia-surgery-with-bowel-resection","0","0","2026-06-04","2026-06-04","200","255827","0"
"https://docta.me/services/vitrectomy","0","0","2026-07-22","2026-07-22","200","274954","0"
"https://docta.me/services/endoscopic-therapy-of-lower-ureter-cystic-dilatation-procedure-b","0","0","2026-05-10","2026-05-11","200","225805","0"
"https://docta.me/services/jalupro-young-eye","1","0","2026-05-09","2026-05-09","200","230036","0"
"https://docta.me/services/aorta-ultrasound","0","0","2026-04-06","2026-04-01","200","129183","0"
"https://docta.me/services/partial-denture-with-precision-attachment","0","0","2026-07-09","2026-07-10","200","253441","0"
"https://docta.me/services/hyaluronic-acid-filler","0","0","2026-05-09","2026-04-01","200","276576","0"
"https://docta.me/services/foreign-body-removal-from-cervix?lang=en","0","0","2026-07-17","2026-04-01","200","257669","0"
"https://docta.me/services/dental-calculus-removal-and-air-flow?lang=de","0","0","2026-07-19","2026-04-30","200","335844","0"
"https://docta.me/services/hand-rejuvenation-fat-transfer","0","0","2026-07-17","2026-07-18","200","257672","0"
"https://docta.me/services/transmeatal-myringoplasty","0","0","2026-07-02","2026-07-02","200","259207","0"
"https://docta.me/services/aerobic-bacterial-culture-of-arterial-catheter-swab","0","0","2026-07-22","2026-07-22","200","277620","0"
"https://docta.me/services/immobilization?lang=en","0","0","2026-04-01","2026-04-01","200","146120","0"
"https://docta.me/services/exploratory-laparotomy?lang=en","0","0","2026-07-04","2026-04-01","200","303306","0"
"https://docta.me/services/joint-puncture","0","0","2026-04-01","2026-04-01","200","185583","0"
"https://docta.me/services/peg-gastrostomy?lang=en","0","0","2026-05-08","2026-04-01","200","225600","0"
"https://docta.me/services/soft-tissue-ultrasound-muscle?lang=en","0","0","2026-04-01","2026-04-01","200","129440","0"
"https://docta.me/services/cataract-surgery-complicated-case?lang=en","0","0","2026-04-15","2026-04-01","200","159506","0"
"https://docta.me/services/mri-mediastinum","0","0","2026-04-01","2026-04-01","200","129901","0"
"https://docta.me/services/reconstruction-after-tumor-removal?lang=en","0","0","2026-04-01","2026-04-01","200","132764","0"
"https://docta.me/services/biooss-bone-graft-05g","0","0","2026-04-01","2026-04-01","200","140478","0"
"https://docta.me/services/retroperitoneal-and-intra-abdominal-abscess-drainage","0","0","2026-05-11","2026-05-12","200","0","0"
"https://docta.me/services/2190","0","0","2026-01-24","2026-01-24","200","124494","0"
"https://docta.me/services/follow-up-physiatrist-examination","0","0","2026-04-01","2026-04-01","200","162092","0"
"https://docta.me/services/gastroscopy-without-anesthesia","0","0","2026-04-01","2026-04-01","200","199820","0"
"https://docta.me/services/professor-examination-with-ultrasound","0","0","2026-07-11","2026-04-01","200","258261","0"
"https://docta.me/services/3203","0","0","2026-01-24","2026-01-24","200","105371","0"
"https://docta.me/services/ear-reconstruction?lang=en","0","0","2026-07-05","2026-06-05","200","257099","0"
"https://docta.me/services/custom-dental-guard","0","0","2026-07-11","2026-04-01","200","301430","0"
"https://docta.me/services/tendon-repair-tenorrhaphy","1","0","2026-04-01","2026-04-01","200","131608","0"
"https://docta.me/services/medical-certificate-for-boat-operation-up-to-12-meters","1","0","2026-05-01","2026-05-01","200","163789","0"
"https://docta.me/services/all-on-6-implant-prosthesis-nobel","0","0","2026-04-01","2026-04-01","200","140905","0"
"https://docta.me/services/skin-lesion-removal","0","0","2026-04-01","2026-04-01","200","129856","0"
"https://docta.me/services/direct-composite-veneer?lang=de","0","0","2026-07-15","2026-07-15","200","338942","0"
"https://docta.me/services/local-drug-application-subcutaneous-intramuscular-tb","0","0","2026-06-25","2026-06-25","200","256967","0"
"https://docta.me/services/nasal-irrigation","0","0","2026-04-01","2026-04-01","200","128241","0"
"https://docta.me/services/wound-care","0","0","2026-05-06","2026-04-01","200","238960","0"
"https://docta.me/services/pulmonologist-examination?cityids=1","0","0","2026-06-27","2026-06-27","200","350730","0"
"https://docta.me/services/gynecological-examination-with-colposcopy","0","0","2026-04-01","2026-04-01","200","127341","0"
"https://docta.me/services/implant-bar-attachment","0","0","2026-04-01","2026-04-01","200","140524","0"
"https://docta.me/services/small-wound-care","0","0","2026-07-16","2026-04-01","200","277918","0"
"https://docta.me/services/3352","0","0","2026-01-24","2026-01-24","200","105324","0"
"https://docta.me/services/first-pediatric-nephrologist-examination","0","0","2026-06-23","2026-06-23","200","258093","0"
"https://docta.me/services/acute-supratentorial-subdural-hematoma?lang=tr","0","0","2026-05-30","2026-05-30","200","273946","0"
"https://docta.me/services/colonoscopy-with-polypectomy-and-endoclip-placement?lang=tr","0","0","2026-07-20","2026-07-20","200","298935","0"
"https://docta.me/services/alpha-amylase-activity","0","0","2026-06-06","2026-06-06","200","267416","0"
"https://docta.me/services/manual-lymphatic-drainage","0","0","2026-05-28","2026-05-31","200","274605","0"
"https://docta.me/services/mri-full-spine","0","0","2026-04-01","2026-04-01","200","129880","0"
"https://docta.me/services/1951","0","0","2026-01-24","2026-01-24","200","138889","0"
"https://docta.me/services/x-ray-elbow","0","0","2026-07-06","2026-04-01","200","341919","0"
"https://docta.me/services/gingival-recession-treatment-aloderm?lang=en","0","0","2026-04-30","2026-04-30","200","186252","0"
"https://docta.me/services/unilateral-gynecomastia-surgery","0","0","2026-07-08","2026-07-08","200","258487","0"
"https://docta.me/services/medical-certificate-for-underage-marriage","0","0","2026-06-23","2026-06-23","200","335709","0"
"https://docta.me/services/cervical-erosion-radio-wave-treatment?lang=en","0","0","2026-04-01","2026-04-01","200","128246","0"
"https://docta.me/services/3605","0","0","2026-01-24","2026-01-24","200","99649","0"
"https://docta.me/services/tmj-cbct-scan","0","0","2026-04-01","2026-04-01","200","124600","0"
"https://docta.me/services/2281","0","0","2026-01-24","2026-01-24","200","121528","0"
"https://docta.me/services/pharyngeal-endoscopy","1","0","2026-04-01","2026-04-01","200","128323","0"
"https://docta.me/services/plasma-pen-treatment-over-10-lesions?lang=tr","0","0","2026-07-09","2026-07-09","200","257153","0"
"https://docta.me/services/3495","0","0","2026-01-24","2026-01-24","200","104843","0"
"https://docta.me/services/histopathology-of-pancreatic-biopsy","0","0","2026-07-23","2026-05-13","200","299030","0"
"https://docta.me/services/benign-and-malignant-skin-tumor-removal-face-body-with-histopathology","0","0","2026-04-01","2026-04-01","200","132519","0"
"https://docta.me/services/3550","0","0","2026-02-09","2026-02-09","200","109853","0"
"https://docta.me/services/laparoscopic-left-hemicolectomy?lang=tr","0","0","2026-07-19","2026-07-19","200","258052","0"
"https://docta.me/services/first-physiatrist-examination-for-children-with-special-needs","0","0","2026-05-08","2026-05-08","200","225254","0"
"https://docta.me/services/juvederm-filler","0","0","2026-07-20","2026-06-23","200","288403","0"
"https://docta.me/services/pupillometry","9","0","2026-05-08","2026-05-08","200","223291","0"
"https://docta.me/services/ultrasonic-denture-cleaning?lang=en","0","0","2026-05-05","2026-05-05","200","166759","0"
"https://docta.me/services/x-ray-shoulder?lang=en","0","0","2026-04-01","2026-04-01","200","184276","0"
"https://docta.me/services/blood-leukocyte-reduction","0","0","2026-05-09","2026-05-11","200","223874","0"
"https://docta.me/services/first-neurosurgeon-examination","0","0","2026-04-01","2026-04-01","200","146237","0"
"https://docta.me/services/x-ray-wrist","1","0","2026-04-01","2026-04-01","200","183595","0"
"https://docta.me/services/orthofed-method","0","0","2026-06-10","2026-06-10","200","300136","0"
"https://docta.me/services/medical-certificate-for-high-risk-and-difficult-working-conditions?lang=ru","0","0","2026-07-04","2026-07-04","200","346064","0"
"https://docta.me/services/gangrene-treatment-single-root","0","0","2026-04-01","2026-04-01","200","140838","0"
"https://docta.me/services/x-ray-both-knees-two-views","0","0","2026-04-01","2026-04-01","200","131504","0"
"https://docta.me/services/vaginal-hysterectomy","0","0","2026-05-25","2026-05-26","200","278096","0"
"https://docta.me/services/x-ray-both-lower-legs?lang=en","0","0","2026-05-24","2026-04-01","200","326777","0"
"https://docta.me/services/small-bowel-partial-resection-with-primary-anastomosis?lang=en","0","0","2026-05-09","2026-04-01","200","254924","0"
"https://docta.me/services/subspecialist-examination","0","0","2026-04-01","2026-04-01","200","179692","0"
"https://docta.me/services/extensive-scalp-soft-tissue-tumor-removal-with-bone-destruction?lang=ru","0","0","2026-07-03","2026-07-03","200","283819","0"
"https://docta.me/services/x-ray-abdomen-native?lang=tr","0","0","2026-04-01","2026-04-01","200","184788","0"
"https://docta.me/services/3470","0","0","2026-01-24","2026-01-24","200","104781","0"
"https://docta.me/services/hemorrhoid-rubber-band-ligation","0","0","2026-06-22","2026-06-22","200","290717","0"
"https://docta.me/services/renal-cyst-puncture","0","0","2026-05-08","2026-05-08","200","223611","0"
"https://docta.me/services/skin-and-soft-tissue-traumatic-injury-repair","0","0","2026-06-24","2026-06-24","200","252338","0"
"https://docta.me/services/intramuscular-medication-application?lang=en","0","0","2026-04-01","2026-04-01","200","163855","0"
"https://docta.me/services/rectoscopy?lang=en","0","0","2026-04-01","2026-04-01","200","165148","0"
"https://docta.me/services/skin-dermatomycosis-examination","0","0","2026-07-22","2026-07-22","200","276551","0"
"https://docta.me/services/2175","0","0","2026-03-09","2026-02-16","200","112651","0"
"https://docta.me/services/3954","0","0","2026-01-24","2026-01-24","200","97310","0"
"https://docta.me/services/coxsackie-virus-igg-antibodies-elisa","0","0","2026-07-22","2026-07-22","200","276810","0"
"https://docta.me/services/first-orthopedist-examination","0","0","2026-07-09","2026-04-01","200","307686","0"
"https://docta.me/services/peripheral-nerve-decompressiontransposition-for-compression-neuropathy?lang=en","0","0","2026-05-27","2026-05-27","200","0","0"
"https://docta.me/services/x-ray-shoulder-with-profile?lang=tr","0","0","2026-07-11","2026-07-11","200","259612","0"
"https://docta.me/services/emergency-thoracotomy-for-hemorrhage-control","0","0","2026-05-24","2026-05-25","200","255745","0"
"https://docta.me/services/mri-kidneys-and-adrenal-glands","0","0","2026-07-05","2026-07-05","200","261058","0"
"https://docta.me/services/blood-and-tissue-parasites-detection-native-preparation-2","0","0","2026-07-22","2026-07-22","200","277930","0"
"https://docta.me/services/histopathology-of-sinus-biopsy","0","0","2026-05-08","2026-05-08","200","224008","0"
"https://docta.me/services/giant-cauda-equina-tumor-removal?lang=en","0","0","2026-05-27","2026-05-27","200","0","0"
"https://docta.me/services/msct-soft-tissue-neck-with-contrast","0","0","2026-04-01","2026-04-01","200","152000","0"
"https://docta.me/services/intramuscular-therapy","0","0","2026-04-28","2026-04-28","200","169439","0"
"https://docta.me/services/emr-endoscopic-mucosal-resection","0","0","2026-04-06","2026-04-01","200","135756","0"
"https://docta.me/services/rapid-blood-glucose-test","0","0","2026-06-20","2026-06-20","200","289610","0"
"https://docta.me/services/3731?lang=en","0","0","2026-01-25","2026-01-25","200","106934","0"
"https://docta.me/services/ha-eyes-biorevitalization","1","0","2026-07-11","2026-05-04","200","255941","0"
"https://docta.me/services/intra-articular-medication-application","0","0","2026-04-01","2026-04-01","200","128844","0"
"https://docta.me/services/histopathology-of-partial-colectomy","0","0","2026-06-26","2026-06-26","200","0","0"
"https://docta.me/services/anti-vegf-injection?lang=en","0","0","2026-04-01","2026-04-01","200","148509","0"
"https://docta.me/services/ecg?cityids=1","0","0","2026-06-24","2026-06-24","200","305905","0"
"https://docta.me/services/lower-leg-reposition","0","0","2026-06-14","2026-04-01","200","258924","0"
"https://docta.me/services/histopathology-of-aortic-aneurysm?lang=de","0","0","2026-06-15","2026-06-15","200","260636","0"
"https://docta.me/services/abscess-incision","0","0","2026-04-01","2026-04-01","200","128261","0"
"https://docta.me/services/face-and-body-tightening","0","0","2026-04-01","2026-04-01","200","130904","0"
"https://docta.me/services/3218","0","0","2026-01-24","2026-01-24","200","105461","0"
"https://docta.me/services/genital-condyloma-removal-grade-1?lang=en","0","0","2026-04-01","2026-04-01","200","150430","0"
"https://docta.me/services/spirometry?lang=en","0","0","2026-07-11","2026-04-25","200","514814","0"
"https://docta.me/services/sports-cardiology-package-basic?lang=en","0","0","2026-04-01","2026-04-01","200","129943","0"
"https://docta.me/services/pulmonologist-examination-with-diffusion-test?lang=tr","0","0","2026-04-01","2026-04-01","200","129867","0"
"https://docta.me/services/x-ray-foot","0","0","2026-04-01","2026-04-01","200","183514","0"
"https://docta.me/services/anti-influenza-b-virus-igm-antibodies-elisa","0","0","2026-07-22","2026-07-22","200","277078","0"
"https://docta.me/services/x-ray-hip","0","0","2026-04-01","2026-04-01","200","183463","0"
"https://docta.me/services/x-ray-both-thighs","0","0","2026-04-01","2026-04-01","200","162609","0"
"https://docta.me/services/histopathology-of-total-thyroidectomy","0","0","2026-06-16","2026-06-16","200","257872","0"
"https://docta.me/services/2061?lang=en","0","0","2026-01-25","2026-01-25","200","136870","0"
"https://docta.me/services/enucleation-or-excision-of-external-thrombosed-hemorrhoids?lang=ru","0","0","2026-05-30","2026-05-30","200","279982","0"
"https://docta.me/services/hyperpigmentation-treatment","0","0","2026-04-01","2026-04-01","200","130907","0"
"https://docta.me/services/medical-certificate-for-court-expert","0","0","2026-07-05","2026-06-30","200","323303","0"
"https://docta.me/services/2032","0","0","2026-03-07","2026-01-24","200","162532","0"
"https://docta.me/services/gastroenterologist-examination-with-ultrasound?lang=en","0","0","2026-04-01","2026-04-01","200","147478","0"
"https://docta.me/services/professor-cardiologist-examination-with-ultrasound?lang=en","0","0","2026-04-01","2026-04-01","200","131760","0"
"https://docta.me/services/clostridium-difficile-toxin-ab-detection-elisaelfa","0","0","2026-07-22","2026-07-22","200","277742","0"
"https://docta.me/services/left-hepatic-duct-bypass-with-roux-en-y-loop","0","0","2026-06-28","2026-06-28","200","260155","0"
"https://docta.me/services/1980?lang=en","0","0","2026-01-25","2026-01-25","200","151515","0"
"https://docta.me/services/pulpitis-treatment-single-root-niti?lang=en","0","0","2026-04-01","2026-04-01","200","141748","0"
"https://docta.me/services/apc-coagulation-of-small-intestine","0","0","2026-07-23","2026-05-12","200","299302","0"
"https://docta.me/services/botox-three-regions","1","0","2026-04-01","2026-04-01","200","130174","0"
"https://docta.me/services/condyloma-and-benign-growth-removal-vulva-vagina","0","0","2026-05-09","2026-05-09","200","265858","0"
"https://docta.me/services/vein-surgery-both-legs","0","0","2026-04-02","2026-04-06","200","135092","0"
"https://docta.me/services/x-ray-cervical-spine?lang=tr","0","0","2026-07-09","2026-07-09","200","343861","0"
"https://docta.me/services/medical-certificate-for-general-work","0","0","2026-07-02","2026-06-29","200","336691","0"
"https://docta.me/services/medical-certificate-for-prison-visit?lang=en","0","0","2026-07-12","2026-07-14","200","255945","0"
"https://docta.me/services/colposcopy-with-pap-test","0","0","2026-07-01","2026-07-01","200","282185","0"
"https://docta.me/services/hand-rejuvenation-hyaluronic-fillers","0","0","2026-04-06","2026-04-06","200","135392","0"
"https://docta.me/services/empress-composite-veneer?lang=ru","0","0","2026-07-13","2026-07-16","200","275329","0"
"https://docta.me/services/blood-and-blood-derivatives-transfusion","1","0","2026-05-08","2026-05-08","200","224420","0"
"https://docta.me/services/invisalign-aligner","0","0","2026-04-01","2026-04-01","200","140375","0"
"https://docta.me/services/single-segment-cbct-scan","0","0","2026-04-01","2026-04-01","200","125098","0"
"https://docta.me/services/quick-aligner-analysis","0","0","2026-05-09","2026-06-11","200","225333","0"
"https://docta.me/services/surgery-for-traumatic-diaphragm-rupture-with-organ-prolapse","0","0","2026-06-29","2026-06-29","200","259102","0"
"https://docta.me/services/topical-fluoride-application","0","0","2026-07-18","2026-07-18","200","290611","0"
"https://docta.me/services/follow-up-psychological-examination","0","0","2026-04-01","2026-04-01","200","130332","0"
"https://docta.me/services/large-wound-dressing","0","0","2026-04-04","2026-04-04","200","0","0"
"https://docta.me/services/pterygium-removal","0","0","2026-04-01","2026-04-01","200","130316","0"
"https://docta.me/services/3154","1","0","2026-03-08","2026-01-24","200","114019","0"
"https://docta.me/services/upper-lip-lift","0","0","2026-04-01","2026-04-01","200","130697","0"
"https://docta.me/services/insurance-report-issuance","0","0","2026-05-30","2026-05-31","200","283731","0"
"https://docta.me/services/3472?lang=en","0","0","2026-01-25","2026-01-25","200","105278","0"
"https://docta.me/services/fluorescein-angiography","0","0","2026-04-01","2026-04-01","200","130441","0"
"https://docta.me/services/3281","0","0","2026-01-24","2026-01-24","200","105451","0"
"https://docta.me/services/subcutaneous-mastectomy-with-breast-reconstruction?lang=en","0","0","2026-07-03","2026-04-01","200","260332","0"
"https://docta.me/services/breast-ultrasound?lang=en","0","0","2026-04-01","2026-04-01","200","302291","0"
"https://docta.me/services/core-biopsy-with-histopathology","0","0","2026-04-01","2026-04-01","200","132125","0"
"https://docta.me/services/3796","2","0","2026-01-24","2026-01-24","200","104307","0"
"https://docta.me/services/home-visit-doctor-and-nurse","0","0","2026-04-01","2026-04-01","200","141759","0"
"https://docta.me/services/progressive-quadriceps-resistance-exercises?lang=en","0","0","2026-07-09","2026-07-10","200","276673","0"
"https://docta.me/services/developmental-disorder-child-preventive-examination","0","0","2026-06-28","2026-06-28","200","265337","0"
"https://docta.me/services/dermatologist-examination?lang=en","0","0","2026-04-01","2026-04-01","200","229261","0"
"https://docta.me/services/cervical-polypectomy-with-histopathology","0","0","2026-06-28","2026-06-30","200","255093","0"
"https://docta.me/services/2209","0","0","2026-01-24","2026-01-24","200","124254","0"
"https://docta.me/services/thyroid-examination-with-ultrasound","1","0","2026-04-01","2026-04-01","200","132351","0"
"https://docta.me/services/primary-tooth-extraction?lang=en","0","0","2026-04-01","2026-04-01","200","146005","0"
"https://docta.me/services/systematic-exam-package-urology-hormones-men?lang=en","0","0","2026-04-01","2026-04-01","200","131661","0"
"https://docta.me/services/neck-doppler","0","0","2026-07-11","2026-04-01","200","310587","0"
"https://docta.me/services/gastroenterologist-examination-with-ultrasound","0","0","2026-07-11","2026-04-01","200","299288","0"
"https://docta.me/services/vaginal-irrigation?lang=en","0","0","2026-04-01","2026-04-01","200","127352","0"
"https://docta.me/services/1992","1","0","2026-02-07","2026-02-07","200","253261","0"
"https://docta.me/services/professor-dermatoscopy?lang=tr","0","0","2026-05-04","2026-05-06","200","171607","0"
"https://docta.me/services/kenalog-injection-zone-1","0","0","2026-04-01","2026-04-01","200","147539","0"
"https://docta.me/services/wrinkle-treatment","0","0","2026-04-01","2026-04-01","200","130647","0"
"https://docta.me/services/all-on-4-implant-prosthesis-straumann","0","0","2026-06-04","2026-06-05","200","297075","0"
"https://docta.me/services/semi-intensive-nursing-care-for-patients-over-7-years","0","0","2026-07-12","2026-07-13","200","275776","0"
"https://docta.me/services/laparoscopic-diaphragmatic-rupture-repair","0","0","2026-06-25","2026-05-23","200","258169","0"
"https://docta.me/services/retroperitoneal-tumor-surgery","0","0","2026-04-01","2026-04-01","200","131086","0"
"https://docta.me/services/hymenectomy?lang=en","0","0","2026-04-01","2026-04-01","200","130659","0"
"https://docta.me/services/aesthetic-consultation","0","0","2026-07-26","2026-06-26","200","319451","0"
"https://docta.me/services/oral-fibroma-and-bone-exostosis-removal?lang=en","0","0","2026-04-30","2026-04-30","200","184071","0"
"https://docta.me/services/incarcerated-hernia-surgery-with-bowel-resection?lang=de","0","0","2026-07-11","2026-07-13","200","260481","0"
"https://docta.me/services/hernia-with-bowel-resection","0","0","2026-07-22","2026-07-22","200","300178","0"
"https://docta.me/services/infusion-therapy?lang=en","0","0","2026-04-01","2026-04-01","200","244700","0"
"https://docta.me/services/lymphatic-drainage-partial?lang=en","0","0","2026-07-13","2026-07-16","200","256274","0"
"https://docta.me/services/mri-brain-and-spinal-cord?lang=en","0","0","2026-04-01","2026-04-01","200","132245","0"
"https://docta.me/services/breast-reconstruction-after-mastectomy?lang=tr","0","0","2026-05-03","2026-05-03","200","171114","0"
"https://docta.me/services/metal-ceramic-crown-cocr-with-porcelain-effects","0","0","2026-05-07","2026-05-09","200","240041","0"
"https://docta.me/services/nasogastric-tube-placement","0","0","2026-04-01","2026-04-01","200","130230","0"
"https://docta.me/services/external-hemorrhoid-excision?lang=ru","0","0","2026-05-30","2026-05-30","200","278267","0"
"https://docta.me/services/medical-certificate-for-collective-accommodation?lang=sr-cyrl","0","0","2026-05-26","2026-05-26","200","334782","0"
"https://docta.me/services/4003","0","0","2026-03-08","2026-01-24","200","113283","0"
"https://docta.me/services/thoracoscopic-diaphragmatic-rupture-repair","0","0","2026-07-25","2026-07-10","200","310533","0"
"https://docta.me/services/apc-coagulation-of-small-intestine?lang=en","0","0","2026-07-16","2026-07-17","200","258876","0"
"https://docta.me/services/emr-endoscopic-mucosal-resection?lang=en","0","0","2026-04-01","2026-04-01","200","132581","0"
"https://docta.me/services/postural-drainage-in-bed?lang=en","0","0","2026-05-30","2026-05-31","200","271774","0"
"https://docta.me/services/1955","0","0","2026-01-24","2026-01-24","200","154362","0"
"https://docta.me/services/electroencephalography","0","0","2026-04-01","2026-04-01","200","163048","0"
"https://docta.me/services/kenalog-injection-zone-2","0","0","2026-04-01","2026-04-01","200","147555","0"
"https://docta.me/services/medical-certificate-for-class-a-and-b-drivers","0","0","2026-07-02","2026-07-02","200","272762","0"
"https://docta.me/services/first-neurologist-examination","0","0","2026-04-22","2026-04-22","200","228072","0"
"https://docta.me/services/follow-up-endocrinologist-examination","0","0","2026-06-08","2026-04-01","200","345771","0"
"https://docta.me/services/bilateral-tapp-femoral-hernia-repair","0","0","2026-06-25","2026-06-25","200","259348","0"
"https://docta.me/services/follow-up-cardiologist-examination","0","0","2026-04-01","2026-04-01","200","169068","0"
"https://docta.me/services/tens-therapy","0","0","2026-04-01","2026-04-01","200","130927","0"
"https://docta.me/services/professor-breast-examination-package?lang=en","0","0","2026-04-01","2026-04-01","200","133153","0"
"https://docta.me/services/msct-lumbosacral-spine","0","0","2026-04-09","2026-04-11","200","157494","0"
"https://docta.me/services/histopathology-of-vulvar-biopsy?lang=en","0","0","2026-07-09","2026-07-12","200","258422","0"
"https://docta.me/services/msct-paranasal-sinuses-without-contrast","0","0","2026-04-01","2026-04-01","200","155697","0"
"https://docta.me/services/dental-implant-removal?lang=en","0","0","2026-04-30","2026-04-30","200","183282","0"
"https://docta.me/services/intracerebral-hematoma?lang=de","0","0","2026-06-08","2026-06-05","200","273498","0"
"https://docta.me/services/3328","0","0","2026-01-24","2026-01-24","200","105648","0"
"https://docta.me/services/impacted-tooth-extraction?lang=en","0","0","2026-04-30","2026-04-30","200","238719","0"
"https://docta.me/services/follow-up-professor-ent-examination","0","0","2026-05-08","2026-05-10","200","230853","0"
"https://docta.me/services/wound-care-and-bandage","0","0","2026-04-01","2026-04-01","200","143071","0"
"https://docta.me/services/hyalubrix-30mg-with-patient-ampoule","0","0","2026-04-01","2026-04-01","200","130568","0"
"https://docta.me/services/ergometry-stress-test?lang=en","0","0","2026-05-31","2026-05-31","200","329038","0"
"https://docta.me/services/anti-hepatitis-e-virus-igm-antibodies-elisa","0","0","2026-07-22","2026-07-22","200","277078","0"
"https://docta.me/services/pap-smear-collection","0","0","2026-06-02","2026-06-02","200","279522","0"
"https://docta.me/services/cephalometric-x-ray","0","0","2026-05-08","2026-05-08","200","223701","0"
"https://docta.me/services/4084","0","0","2026-01-24","2026-01-24","200","103098","0"
"https://docta.me/services/anaerobic-bacterial-culture-of-peritoneum-swab","0","0","2026-07-22","2026-07-22","200","277346","0"
"https://docta.me/services/left-ventriculography","0","0","2026-06-18","2026-06-18","200","261088","0"
"https://docta.me/services/cardiac-rhythm-cardioversion","0","0","2026-04-01","2026-04-01","200","168288","0"
"https://docta.me/services/bladder-stone-lithotripsy","0","0","2026-07-09","2026-07-09","200","258890","0"
"https://docta.me/services/2263","0","0","2026-01-24","2026-01-24","200","104400","0"
"https://docta.me/services/unilateral-inguinal-hernia-repair-without-mesh","0","0","2026-07-26","2026-07-11","200","312937","0"
"https://docta.me/services/dental-implant-removal","0","0","2026-06-16","2026-06-18","200","270961","0"
"https://docta.me/services/brucella-melitensis-antibodies-agglutination","0","0","2026-07-22","2026-07-22","200","277180","0"
"https://docta.me/services/gastroscopy-with-anesthesia","0","0","2026-05-03","2026-04-01","200","235804","0"
"https://docta.me/services/tooth-extraction","0","0","2026-04-01","2026-04-01","200","130639","0"
"https://docta.me/services/professor-consultative-examination","0","0","2026-06-16","2026-06-16","200","276338","0"
"https://docta.me/services/anti-hepatitis-e-virus-igg-antibodies-elisa","0","0","2026-07-22","2026-07-22","200","277078","0"
"https://docta.me/services/histopathology-of-total-colectomy","0","0","2026-05-08","2026-05-08","200","224368","0"
"https://docta.me/services/vaginal-discharge-analysis","0","0","2026-06-26","2026-06-29","200","257153","0"
"https://docta.me/services/1628?lang=en","0","0","2026-01-25","2026-01-25","200","119887","0"
"https://docta.me/services/holter-ecg-home-visit?lang=en","0","0","2026-04-01","2026-04-01","200","131039","0"
"https://docta.me/services/x-ray-both-hands","0","0","2026-07-18","2026-04-01","200","328864","0"
"https://docta.me/services/pulmonologist-examination","0","0","2026-04-06","2026-04-01","200","231935","0"
"https://docta.me/services/3705","1","0","2026-01-24","2026-01-24","200","0","0"
"https://docta.me/services/closed-manipulation-reduction-of-scaphoid-fracture","0","0","2026-05-10","2026-05-11","200","225115","0"
"https://docta.me/services/x-ray-mastoid-process","0","0","2026-05-09","2026-04-01","200","233095","0"
"https://docta.me/services/chemical-peel-face-and-neck","0","0","2026-06-03","2026-06-05","200","253347","0"
"https://docta.me/services/paranasal-sinus-ultrasound","0","0","2026-06-03","2026-06-03","200","248892","0"
"https://docta.me/services/aspiration-drainage-of-empyema?lang=en","0","0","2026-05-27","2026-05-27","200","0","0"
"https://docta.me/services/carotid-doppler-ultrasound?lang=en","0","0","2026-06-29","2026-06-29","200","257134","0"
"https://docta.me/services/trichinella-spiralis-antibodies-indirect-immunofluorescence","0","0","2026-07-22","2026-07-22","200","277983","0"
"https://docta.me/services/filling-revision?lang=en","0","0","2026-06-25","2026-04-01","200","276159","0"
"https://docta.me/services/calf-implants?lang=en","1","0","2026-07-06","2026-04-01","200","282250","0"
"https://docta.me/services/intramuscular-injection-home-visit-city?lang=ru","0","0","2026-05-25","2026-05-26","200","260721","0"
"https://docta.me/services/aerobic-bacterial-culture-of-intravascular-catheter-sheath-swab","0","0","2026-07-22","2026-07-22","200","278223","0"
"https://docta.me/services/1497","1","0","2026-02-03","2026-02-03","200","185706","0"
"https://docta.me/services/aerobic-bacterial-culture-of-corneal-swab","0","0","2026-07-23","2026-07-23","200","275706","0"
"https://docta.me/services/percutaneous-renal-cyst-sclerotherapy","0","0","2026-07-11","2026-07-14","200","274186","0"
"https://docta.me/services/prp-joint-treatment?lang=en","0","0","2026-04-01","2026-04-01","200","129187","0"
"https://docta.me/services/biorevitalization-1","1","0","2026-05-11","2026-05-12","200","225553","0"
"https://docta.me/services/endocrinologist-examination-with-ultrasound?lang=en","0","0","2026-04-01","2026-04-01","200","147226","0"
"https://docta.me/services/heart-fluoroscopy","0","0","2026-05-08","2026-05-08","200","223494","0"
"https://docta.me/services/botox-injection","0","0","2026-04-01","2026-04-01","200","167979","0"
"https://docta.me/services/botox-single-region?lang=en","0","0","2026-04-01","2026-04-01","200","131025","0"
"https://docta.me/services/laparoscopic-appendectomy","1","0","2026-04-01","2026-04-01","200","161448","0"
"https://docta.me/services/stool-protozoa-microscopy-concentration-method","0","0","2026-07-22","2026-07-22","200","277451","0"
"https://docta.me/services/doppler-upper-extremity-blood-vessels","0","0","2026-04-01","2026-04-01","200","217118","0"
"https://docta.me/services/endoscopic-esophageal-dilatation","0","0","2026-05-27","2026-05-27","200","254840","0"
"https://docta.me/services/histopathology-of-nerve-biopsy","0","0","2026-05-31","2026-05-31","200","254510","0"
"https://docta.me/services/bronchodilator-inhalation","0","0","2026-06-18","2026-05-11","200","261524","0"
"https://docta.me/services/medical-certificate-for-class-b-c-d-and-e-drivers","0","0","2026-07-04","2026-07-04","200","251969","0"
"https://docta.me/services/bilateral-endonasal-maxillary-sinus-surgery","0","0","2026-06-01","2026-06-01","200","255645","0"
"https://docta.me/services/plastic-cast-application","0","0","2026-07-08","2026-07-08","200","281424","0"
"https://docta.me/services/bilateral-total-hip-arthroplasty-single-stage","0","0","2026-05-09","2026-05-11","200","229798","0"
"https://docta.me/services/intravenous-therapy-administration","0","0","2026-04-21","2026-04-21","200","189357","0"
"https://docta.me/services/breast-biopsy?lang=en","0","0","2026-04-01","2026-04-01","200","130743","0"
"https://docta.me/services/hymenectomy","0","0","2026-04-01","2026-04-01","200","130456","0"
"https://docta.me/services/pediatric-pulmonologist-examination","0","0","2026-04-01","2026-04-01","200","129871","0"
"https://docta.me/services/intracerebral-hematoma?lang=en","0","0","2026-05-27","2026-05-27","200","0","0"
"https://docta.me/services/stress-echocardiography","0","0","2026-04-01","2026-04-01","200","201115","0"
"https://docta.me/services/shunt-implantation?lang=en","0","0","2026-06-24","2026-06-24","200","258030","0"
"https://docta.me/services/analgosedation-single-procedure","0","0","2026-04-01","2026-04-01","200","130453","0"
"https://docta.me/services/medical-transport-als-up-to-200km?lang=tr","0","0","2026-05-01","2026-05-02","200","170280","0"
"https://docta.me/services/artificial-anus-care","0","0","2026-05-21","2026-05-23","200","273954","0"
"https://docta.me/services/cryptococcus-spp-detection-culture","0","0","2026-07-23","2026-07-22","200","276562","0"
"https://docta.me/services/diagnostic-hysteroscopy","1","0","2026-04-01","2026-04-01","200","130175","0"
"https://docta.me/services/epidural-catheter-placement-and-first-therapy","0","0","2026-07-08","2026-04-01","200","260028","0"
"https://docta.me/services/aesthetic-vaginoplasty","0","0","2026-05-06","2026-04-01","200","170863","0"
"https://docta.me/services/follow-up-orthopedist-examination","0","0","2026-04-01","2026-04-01","200","131582","0"
"https://docta.me/services/general-practitioner-examination","0","0","2026-04-01","2026-04-01","200","243395","0"
"https://docta.me/services/ergospirometry?lang=en","2","0","2026-04-01","2026-04-01","200","151278","0"
"https://docta.me/services/transthoracic-lung-biopsy","0","0","2026-07-10","2026-06-23","200","258845","0"
"https://docta.me/services/abortion-without-anesthesia?lang=en","0","0","2026-04-01","2026-04-01","200","131089","0"
"https://docta.me/services/stress-echocardiography?lang=en","0","0","2026-04-01","2026-04-01","200","201494","0"
"https://docta.me/services/3d-dental-x-ray-cbct","0","0","2026-04-01","2026-04-01","200","153898","0"
"https://docta.me/services/acute-supratentorial-subdural-hematoma?lang=en","0","0","2026-05-27","2026-05-27","200","0","0"
"https://docta.me/services/decompensated-esophagus-resection-with-reconstruction","0","0","2026-05-01","2026-05-01","200","172239","0"
"https://docta.me/services/first-thoracic-surgeon-examination?lang=de","0","0","2026-07-07","2026-07-07","200","278403","0"
"https://docta.me/services/3464","1","0","2026-01-24","2026-01-24","200","104871","0"
"https://docta.me/services/phlebomat-apparatus-therapy","0","0","2026-05-15","2026-05-16","200","257275","0"
"https://docta.me/services/middle-ear-lesion-biopsy","0","0","2026-05-09","2026-05-09","200","224057","0"
"https://docta.me/services/female-reproductive-system-function-and-structure-assessment","0","0","2026-06-13","2026-06-14","200","259036","0"
"https://docta.me/services/anaerobic-bacterial-culture-of-abdominal-drain-swab","0","0","2026-07-22","2026-07-22","200","277621","0"
"https://docta.me/services/3855?lang=en","0","0","2026-01-24","2026-01-24","200","104915","0"
"https://docta.me/services/mri-lumbosacral-spine?lang=tr","0","0","2026-04-01","2026-04-01","200","132299","0"
"https://docta.me/services/intrauterine-insemination-package-iui-pregnyl-injection-3-ultrasound-exams","0","0","2026-04-01","2026-04-01","200","128621","0"
"https://docta.me/services/spermogram","0","0","2026-07-26","2026-07-26","200","283837","0"
"https://docta.me/services/fiberoptic-pharyngoscopy","0","0","2026-05-13","2026-05-13","200","237554","0"
"https://docta.me/services/xanthelasma-removal-eye-area","0","0","2026-04-01","2026-04-01","200","131220","0"
"https://docta.me/services/epicranial-hematoma-removal?lang=de","0","0","2026-06-02","2026-06-02","200","274047","0"
"https://docta.me/services/foreign-body-localization-x-ray-except-eye","0","0","2026-05-08","2026-05-08","200","224809","0"
"https://docta.me/services/dental-anchor?lang=de","0","0","2026-04-30","2026-04-30","200","185872","0"
"https://docta.me/services/x-ray-abdomen-native?lang=en","0","0","2026-07-19","2026-07-21","200","377181","0"
"https://docta.me/services/first-orthopedist-examination?lang=en","0","0","2026-04-28","2026-04-28","200","184199","0"
"https://docta.me/services/left-atrial-and-aortic-catheterization-with-microtransducers-via-femoral-artery-modified-seldinger-technique","0","0","2026-05-16","2026-05-16","200","249389","0"
"https://docta.me/services/all-on-4-acrylic-titanium","0","0","2026-06-08","2026-06-10","200","271213","0"
"https://docta.me/services/salmonella-group-c-o-antibodies-widal-agglutination","0","0","2026-07-22","2026-07-22","200","277546","0"
"https://docta.me/services/aerobic-bacterial-culture-of-cerebrospinal-fluid","0","0","2026-07-22","2026-07-22","200","277234","0"
"https://docta.me/services/perinatologist-ultrasound-examination","0","0","2026-04-01","2026-04-01","200","132312","0"
"https://docta.me/services/x-ray-temporal-bones","0","0","2026-04-01","2026-04-01","200","162982","0"
"https://docta.me/services/pilonidal-cyst-surgery-classic?lang=en","0","0","2026-05-28","2026-04-01","200","346560","0"
"https://docta.me/services/progesterone-injection","0","0","2026-04-01","2026-04-01","200","131875","0"
"https://docta.me/services/doppler-upper-extremity-blood-vessels?lang=en","0","0","2026-04-01","2026-04-01","200","217813","0"
"https://docta.me/services/hysterometry","0","0","2026-07-03","2026-05-08","200","258866","0"
"https://docta.me/services/specialist-examination-internist-surgeon-ophthalmologist","0","0","2026-06-09","2026-06-09","200","253819","0"
"https://docta.me/services/x-ray-urinary-tract-native?lang=en","0","0","2026-07-12","2026-04-01","200","313140","0"
"https://docta.me/services/entropion-surgery","0","0","2026-07-04","2026-04-01","200","312990","0"
"https://docta.me/services/local-anesthesia-administration","0","0","2026-05-24","2026-05-25","200","267738","0"
"https://docta.me/services/non-surgical-rejuvenation-fractora-laser","0","0","2026-04-01","2026-04-01","200","131440","0"
"https://docta.me/services/bronchodilator-test?lang=en","0","0","2026-04-01","2026-04-01","200","182329","0"
"https://docta.me/services/anti-hepatitis-c-virus-antibodies-confirmatory-test-immunoblot","0","0","2026-07-22","2026-07-22","200","277979","0"
"https://docta.me/services/breath-urea-test?lang=en","0","0","2026-04-01","2026-04-01","200","132514","0"
"https://docta.me/services/hcv-ag-ab-combo-test","0","0","2026-07-22","2026-07-22","200","275942","0"
"https://docta.me/services/implantologist-consultation","0","0","2026-04-01","2026-04-01","200","125009","0"
"https://docta.me/services/preoperative-assessment","0","0","2026-04-01","2026-04-01","200","125424","0"
"https://docta.me/services/excision-and-direct-suture-of-larger-benign-scarring-lesions","0","0","2026-06-23","2026-06-19","200","260557","0"
"https://docta.me/services/hgb-hct-determination","0","0","2026-07-22","2026-07-22","200","275815","0"
"https://docta.me/services/eyelid-capillary-removal","0","0","2026-04-01","2026-04-01","200","131630","0"
"https://docta.me/services/audiometry?lang=en","0","0","2026-04-04","2026-04-01","200","220020","0"
"https://docta.me/services/cryotherapy","0","0","2026-07-22","2026-07-22","200","275496","0"
"https://docta.me/services/small-bowel-resection-with-stoma-formation","0","0","2026-07-10","2026-06-02","200","258296","0"
"https://docta.me/services/intravitreal-anti-vegf-injection-lucentis?lang=en","0","0","2026-04-01","2026-04-01","200","131262","0"
"https://docta.me/services/breast-and-thyroid-ultrasound","0","0","2026-04-08","2026-04-08","200","150845","0"
"https://docta.me/services/mortal-extirpation-of-multi-root-teeth-with-definitive-filling","0","0","2026-04-01","2026-04-01","200","132257","0"
"https://docta.me/services/pedagogical-assessment","0","0","2026-06-05","2026-06-05","200","259554","0"
"https://docta.me/services/inhalation-administration","0","0","2026-04-01","2026-04-01","200","128467","0"
"https://docta.me/services/dental-treatment-planning?lang=en","0","0","2026-07-18","2026-04-01","200","286179","0"
"https://docta.me/services/tecar-therapy?lang=en","0","0","2026-04-01","2026-04-01","200","166199","0"
"https://docta.me/services/laparoscopic-cholecystectomy","0","0","2026-04-01","2026-04-01","200","161541","0"
"https://docta.me/services/blink-reflex-test?lang=en","0","0","2026-07-02","2026-07-02","200","259323","0"
"https://docta.me/services/first-internist-examination","0","0","2026-05-08","2026-05-08","200","223912","0"
"https://docta.me/services/3265?lang=en","0","0","2026-01-24","2026-01-24","200","123423","0"
"https://docta.me/services/dental-oral-vestibule-deepening","0","0","2026-04-02","2026-04-02","200","135954","0"
"https://docta.me/services/aerobic-bacterial-culture-of-central-venous-catheter-swab","0","0","2026-07-22","2026-07-22","200","277929","0"
"https://docta.me/services/x-ray-cervical-spine?lang=en","0","0","2026-04-01","2026-04-01","200","184514","0"
"https://docta.me/services/psychological-testing?lang=en","0","0","2026-07-09","2026-07-09","200","252350","0"
"https://docta.me/services/intramuscular-injection-home-visit-suburban","0","0","2026-06-06","2026-04-01","200","255946","0"
"https://docta.me/services/recurrent-femoral-hernia-repair","0","0","2026-06-01","2026-06-01","200","254760","0"
"https://docta.me/services/chalazion-removal-local-anesthesia","0","0","2026-04-04","2026-04-01","200","168039","0"
"https://docta.me/services/immobilization","0","0","2026-06-23","2026-04-01","200","337277","0"
"https://docta.me/services/subcutaneous-mastectomy-with-breast-reconstruction","0","0","2026-04-05","2026-04-01","200","136227","0"
"https://docta.me/services/3903","0","0","2026-01-24","2026-01-24","200","104326","0"
"https://docta.me/services/histopathology-of-neck-block-dissection","0","0","2026-05-08","2026-05-08","200","224341","0"
"https://docta.me/services/x-ray-both-feet","0","0","2026-04-10","2026-04-10","200","0","0"
"https://docta.me/services/hepaticojejunostomy-biliodigestive-bypass","0","0","2026-07-03","2026-04-01","200","282388","0"
"https://docta.me/services/gastroscopy-and-colonoscopy-with-anesthesia?lang=tr","0","0","2026-04-08","2026-04-01","200","130442","0"
"https://docta.me/services/nervus-ischiadicus-block","0","0","2026-06-26","2026-06-26","200","253681","0"
"https://docta.me/services/aerobic-bacterial-culture-of-skin-around-central-venous-catheter-swab","0","0","2026-07-22","2026-07-22","200","277945","0"
"https://docta.me/services/follow-up-professor-examination","0","0","2026-04-01","2026-04-01","200","163011","0"
"https://docta.me/services/msct-pelvis-with-hips","0","0","2026-04-28","2026-04-01","200","170932","0"
"https://docta.me/services/aerobic-bacterial-culture-of-buccal-mucosa-swab","0","0","2026-07-22","2026-07-22","200","277424","0"
"https://docta.me/services/mri-entero-colonography","0","0","2026-04-01","2026-04-01","200","130020","0"
"https://docta.me/services/pancreatic-decompression","0","0","2026-04-01","2026-04-01","200","130851","0"
"https://docta.me/services/intramuscular-therapy-2","0","0","2026-04-01","2026-04-01","200","162669","0"
"https://docta.me/services/professor-cardiologist-examination-with-ultrasound","0","0","2026-05-08","2026-05-10","200","232765","0"
"https://docta.me/services/internist-consent","0","0","2026-05-11","2026-05-11","200","232061","0"
"https://docta.me/services/lipoma-removal","2","0","2026-06-09","2026-06-09","200","277742","0"
"https://docta.me/services/histopathology-of-brain-lobe-resection?lang=en","0","0","2026-06-25","2026-06-14","200","258761","0"
"https://docta.me/services/tendon-release","0","0","2026-05-09","2026-05-09","200","228405","0"
"https://docta.me/services/minor-surgical-intervention","0","0","2026-04-01","2026-04-01","200","147618","0"
"https://docta.me/services/plastic-surgery-consultation","0","0","2026-07-13","2026-04-01","200","284014","0"
"https://docta.me/services/specialist-examination-type-1","0","0","2026-06-27","2026-06-27","200","259349","0"
"https://docta.me/services/brucella-iga-antibodies-elisa","0","0","2026-07-22","2026-07-22","200","275955","0"
"https://docta.me/services/laparoscopic-highly-selective-vagotomy","0","0","2026-07-08","2026-07-08","200","259320","0"
"https://docta.me/services/2000","0","0","2026-01-31","2026-01-31","200","269884","0"
"https://docta.me/services/3245","0","0","2026-01-24","2026-01-24","200","105441","0"
"https://docta.me/services/colposcopy-examination","0","0","2026-06-27","2026-06-24","200","278573","0"
"https://docta.me/services/cervical-esophagostomy","0","0","2026-06-29","2026-06-29","200","258726","0"
"https://docta.me/services/minor-ophthalmic-surgical-procedure?lang=en","0","0","2026-04-01","2026-04-01","200","130953","0"
"https://docta.me/services/lymphatic-drainage-complete","0","0","2026-04-01","2026-04-01","200","128507","0"
"https://docta.me/services/orthopedic-ultrasound-single-joint?lang=tr","0","0","2026-05-25","2026-05-25","200","345820","0"
"https://docta.me/services/3506","0","0","2026-01-24","2026-01-24","200","105039","0"
"https://docta.me/services/msct-angiography-full-aorta-and-lower-extremities","0","0","2026-06-14","2026-05-11","200","259162","0"
"https://docta.me/services/wrist-ganglion-removal","0","0","2026-07-11","2026-04-01","200","280029","0"
"https://docta.me/services/systematic-exam-package-vitamins-hormones-minerals","0","0","2026-04-01","2026-04-01","200","131444","0"
"https://docta.me/services/mri-ankle-joint-not-including-foot?lang=en","0","0","2026-05-25","2026-04-01","200","256493","0"
"https://docta.me/services/3291","0","0","2026-01-24","2026-01-24","200","140110","0"
"https://docta.me/services/postoperative-puncture-and-evacuation","0","0","2026-06-25","2026-06-26","200","278978","0"
"https://docta.me/services/esophagogastroduodenoscopy-with-injection-hemostasis","0","0","2026-07-05","2026-07-05","200","277664","0"
"https://docta.me/services/nutritional-diagnosis?lang=en","0","0","2026-04-01","2026-04-01","200","129638","0"
"https://docta.me/services/trigeminal-nerve-branch-sectioning?lang=en","0","0","2026-05-27","2026-05-27","200","0","0"
"https://docta.me/services/medical-transport-bls-up-to-50km","0","0","2026-04-01","2026-04-01","200","130377","0"
"https://docta.me/services/medical-certificate-for-maritime-workers","0","0","2026-06-20","2026-06-20","200","319575","0"
"https://docta.me/services/contact-and-non-contact-dermatothermometry?lang=tr","0","0","2026-06-19","2026-06-19","200","278465","0"
"https://docta.me/services/implant-suprastructure","0","0","2026-04-01","2026-04-01","200","131016","0"
"https://docta.me/services/operating-theatre-costs-tier-i-21-to-50-points","0","0","2026-07-23","2026-07-24","200","313832","0"
"https://docta.me/services/management-of-hemorrhage-and-shock-during-childbirth","0","0","2026-06-15","2026-06-15","200","259152","0"
"https://docta.me/services/2021","0","0","2026-01-24","2026-01-24","200","154683","0"
"https://docta.me/services/penalization-dosing-and-verification","0","0","2026-07-03","2026-07-11","200","259676","0"
"https://docta.me/services/orthodontic-consultation","0","0","2026-04-01","2026-04-01","200","144894","0"
"https://docta.me/services/hemorrhoid-surgery-classic?cityids=1","0","0","2026-06-20","2026-06-20","200","290992","0"
"https://docta.me/services/hidradenitis-suppurativa-surgery","0","0","2026-07-10","2026-07-10","200","258783","0"
"https://docta.me/services/additional-intramuscular-medication?lang=en","0","0","2026-07-11","2026-07-11","200","258360","0"
"https://docta.me/services/3306","0","0","2026-01-24","2026-01-24","200","105297","0"
"https://docta.me/services/antibody-identification-gel-method","0","0","2026-07-22","2026-07-22","200","276658","0"
"https://docta.me/services/pericardial-pleural-effusion-ultrasound-check?lang=en","0","0","2026-04-01","2026-04-01","200","131775","0"
"https://docta.me/services/tongue-swab?lang=en","0","0","2026-04-04","2026-04-04","200","135279","0"
"https://docta.me/services/secondary-rhinoplasty?lang=en","0","0","2026-05-11","2026-04-01","200","255146","0"
"https://docta.me/services/follow-up-psychological-examination?lang=en","0","0","2026-04-01","2026-04-01","200","131250","0"
"https://docta.me/services/left-hemicolectomy-with-unipolar-colostomy?lang=en","0","0","2026-04-01","2026-04-01","200","131720","0"
"https://docta.me/services/exploratory-curettage-without-anesthesia","0","0","2026-07-10","2026-04-01","200","280841","0"
"https://docta.me/services/dolder-bar","0","0","2026-04-01","2026-04-01","200","140177","0"
"https://docta.me/services/orthodontic-micro-implant","0","0","2026-07-23","2026-04-01","200","306560","0"
"https://docta.me/services/skin-and-subcutaneous-lesion-excision","0","0","2026-07-17","2026-04-01","200","278986","0"
"https://docta.me/services/medical-certificate-for-child-adoption","0","0","2026-07-03","2026-06-29","200","335580","0"
"https://docta.me/services/genital-condyloma-removal-grade-1?lang=tr","0","0","2026-07-24","2026-07-24","200","314450","0"
"https://docta.me/services/dental-diagnostics-and-treatment-planning","0","0","2026-04-01","2026-04-01","200","125395","0"
"https://docta.me/services/vital-extirpation-of-single-root-teeth-with-definitive-filling?lang=en","0","0","2026-04-01","2026-04-01","200","133007","0"
"https://docta.me/services/dermatoscopy","0","0","2026-04-01","2026-04-01","200","165690","0"
"https://docta.me/services/standard-platelet-concentrate-preparation-from-whole-blood-prp","0","0","2026-05-28","2026-05-31","200","256187","0"
"https://docta.me/services/colonoscopy-without-anesthesia?lang=tr","0","0","2026-05-09","2026-05-10","200","317807","0"
"https://docta.me/services/malignant-skin-lesion-removal","0","0","2026-07-09","2026-04-01","200","269831","0"
"https://docta.me/services/drainage-of-uncomplicated-periurethral-urinary-extravasation","0","0","2026-05-28","2026-05-31","200","255957","0"
"https://docta.me/services/laparoscopic-subtotal-gastrectomy","0","0","2026-04-01","2026-04-01","200","131386","0"
"https://docta.me/services/medical-documentation-review-and-prescription?lang=en","0","0","2026-07-17","2026-04-01","200","280147","0"
"https://docta.me/services/endoscopic-tracheal-stent-application","0","0","2026-05-25","2026-05-26","200","255733","0"
"https://docta.me/services/medical-certificate-for-firearms-possession?lang=ru","0","0","2026-06-18","2026-06-18","200","342611","0"
"https://docta.me/services/distal-phalanx-fracture-manipulation-reduction","0","0","2026-07-11","2026-07-11","200","277355","0"
"https://docta.me/services/vital-extirpation-of-multi-root-teeth-with-definitive-filling","0","0","2026-04-01","2026-04-01","200","132226","0"
"https://docta.me/services/colonoscopy-with-polypectomy?lang=en","0","0","2026-05-07","2026-05-07","200","241901","0"
"https://docta.me/services/laparoscopic-cholecystectomy?lang=en","0","0","2026-04-01","2026-04-01","200","162132","0"
"https://docta.me/services/3325","3","0","2026-01-24","2026-01-24","200","105486","0"
"https://docta.me/services/4033","0","0","2026-01-24","2026-01-24","200","105300","0"
"https://docta.me/services/anorectal-clinical-examination","0","0","2026-04-21","2026-04-22","200","177499","0"
"https://docta.me/services/foreign-body-extraction-from-face","0","0","2026-06-10","2026-06-10","200","257418","0"
"https://docta.me/services/oncologist-examination?lang=en","0","0","2026-04-01","2026-04-01","200","0","0"
"https://docta.me/services/pre-employment-medical-certificate?lang=en","0","0","2026-07-10","2026-05-08","200","250001","0"
"https://docta.me/services/histopathology-of-laryngeal-biopsy","0","0","2026-06-27","2026-06-27","200","260847","0"
"https://docta.me/services/histopathology-of-total-prostatectomy","0","0","2026-06-19","2026-05-08","200","257789","0"
"https://docta.me/services/botox-treatment?lang=en","0","0","2026-07-18","2026-05-07","200","290538","0"
"https://docta.me/services/multiple-unilateral-thoracocentesis?lang=tr","0","0","2026-05-29","2026-05-30","200","274000","0"
"https://docta.me/services/oral-biopsy","0","0","2026-07-23","2026-07-23","200","304028","0"
"https://docta.me/services/gynecological-oncologist-subspecialist-examination","0","0","2026-04-01","2026-04-01","200","132101","0"
"https://docta.me/services/bartholin-gland-puncture?lang=en","0","0","2026-06-16","2026-06-16","200","256264","0"
"https://docta.me/services/hematoma-puncture","0","0","2026-04-01","2026-04-01","200","131219","0"
"https://docta.me/services/drainage-of-perineal-urinary-extravasation","0","0","2026-07-25","2026-07-26","200","305920","0"
"https://docta.me/services/gingivectomy","0","0","2026-05-25","2026-05-27","200","348831","0"
"https://docta.me/services/first-gastroenterologist-examination","0","0","2026-04-01","2026-04-01","200","250880","0"
"https://docta.me/services/first-orthopedist-examination-with-ultrasound","0","0","2026-04-01","2026-04-01","200","129697","0"
"https://docta.me/services/dental-sinus-lift","0","0","2026-04-01","2026-04-01","200","130784","0"
"https://docta.me/services/hyalubrix-60mg-with-clinic-ampoule?lang=en","1","0","2026-04-01","2026-04-01","200","131486","0"
"https://docta.me/services/skeletal-denture","0","0","2026-04-01","2026-04-01","200","130708","0"
"https://docta.me/services/blood-collection-fee?lang=tr","0","0","2026-04-01","2026-04-01","200","197720","0"
"https://docta.me/services/2028","0","0","2026-01-24","2026-01-24","200","134818","0"
"https://docta.me/services/caldwell-luc-procedure","0","0","2026-04-01","2026-04-01","200","140509","0"
"https://docta.me/services/peripheral-region-ultrasound","0","0","2026-04-01","2026-04-01","200","149793","0"
"https://docta.me/services/buccal-fat-pad-removal?lang=en","0","0","2026-04-01","2026-04-01","200","130926","0"
"https://docta.me/services/3190","0","0","2026-02-08","2026-02-08","200","128732","0"
"https://docta.me/services/breast-swab-culture","0","0","2026-06-30","2026-06-30","200","266035","0"
"https://docta.me/services/other-obstetric-operations-vulvar-hematoma-evacuation-cervical-incision-uterine-tamponade","0","0","2026-05-15","2026-05-15","200","244982","0"
"https://docta.me/services/3321","0","0","2026-01-24","2026-01-24","200","105468","0"
"https://docta.me/services/complex-tooth-extraction","0","0","2026-05-23","2026-04-01","200","318792","0"
"https://docta.me/services/invisalign-analysis","0","0","2026-04-01","2026-04-01","200","140436","0"
"https://docta.me/services/intraocular-pressure-measurement","0","0","2026-04-01","2026-04-01","200","130256","0"
"https://docta.me/services/family-medicine-examination-with-ultrasound?lang=en","0","0","2026-04-01","2026-04-01","200","131639","0"
"https://docta.me/services/spirometry-bronchodilator-test?lang=en","0","0","2026-07-13","2026-04-01","200","253407","0"
"https://docta.me/services/3522","0","0","2026-01-24","2026-01-24","200","105378","0"
"https://docta.me/services/west-nile-virus-igm-antibodies-elisa","0","0","2026-07-22","2026-07-22","200","276810","0"
"https://docta.me/services/prp-joint-treatment","0","0","2026-07-03","2026-07-06","200","274181","0"
"https://docta.me/services/x-ray-sinuses-with-profiles?lang=en","0","0","2026-04-01","2026-04-01","200","163628","0"
"https://docta.me/services/face-lifting-cog-threads","0","0","2026-04-01","2026-04-01","200","130924","0"
"https://docta.me/services/vacuum-massage","0","0","2026-07-13","2026-05-08","200","274394","0"
"https://docta.me/services/holter-ecg-24h","1","0","2026-04-01","2026-04-01","200","284068","0"
"https://docta.me/services/enema?lang=en","0","0","2026-04-01","2026-04-01","200","130353","0"
"https://docta.me/services/x-ray-pelvis-with-hips?lang=en","0","0","2026-05-07","2026-04-01","200","225172","0"
"https://docta.me/services/removal-of-infected-implant-from-smaller-inguinal-hernia?lang=tr","0","0","2026-07-12","2026-06-22","200","261625","0"
"https://docta.me/services/dental-anchor?lang=en","0","0","2026-05-02","2026-05-02","200","185191","0"
"https://docta.me/services/orthopedic-examination-with-injection?lang=tr","0","0","2026-04-01","2026-04-01","200","148828","0"
"https://docta.me/services/thyroid-biopsy","0","0","2026-04-01","2026-04-01","200","128595","0"
"https://docta.me/services/chin-cap","0","0","2026-05-07","2026-05-07","200","263815","0"
"https://docta.me/services/endocrinologist-examination?lang=en","0","0","2026-04-04","2026-04-01","200","198116","0"
"https://docta.me/services/flexible-denture","0","0","2026-07-11","2026-04-01","200","308785","0"
"https://docta.me/services/umbilical-hernia-operation","0","0","2026-04-01","2026-04-01","200","155316","0"
"https://docta.me/services/leishmania-donovani-antibodies-indirect-hemagglutination","0","0","2026-07-22","2026-07-22","200","277806","0"
"https://docta.me/services/resection-and-anastomosis-of-pulmonary-vessels","0","0","2026-07-01","2026-07-03","200","258336","0"
"https://docta.me/services/cataract-surgery-with-toric-vivity-iol","0","0","2026-06-26","2026-06-26","200","258318","0"
"https://docta.me/services/vestibulometry?lang=en","0","0","2026-04-01","2026-04-01","200","150532","0"
"https://docta.me/services/arm-sling-immobilization","0","0","2026-04-01","2026-04-01","200","131423","0"
"https://docta.me/services/abdomen-ultrasound","0","0","2026-04-23","2026-04-06","200","322997","0"
"https://docta.me/services/dental-calculus-removal-and-air-flow","0","0","2026-07-02","2026-07-03","200","322444","0"
"https://docta.me/services/serial-abo-rh-blood-group-testing-microtiter-plate","0","0","2026-07-22","2026-07-22","200","277548","0"
"https://docta.me/services/prolactin-profile-with-iv-cannula","0","0","2026-04-01","2026-04-01","200","130879","0"
"https://docta.me/services/3148","0","0","2026-01-24","2026-01-24","200","105361","0"
"https://docta.me/services/bowel-suturing-with-colostomy","0","0","2026-05-26","2026-05-26","200","254779","0"
"https://docta.me/services/pulpitis-treatment?lang=en","0","0","2026-04-01","2026-04-01","200","141293","0"
"https://docta.me/services/immobilization-removal","0","0","2026-07-09","2026-04-01","200","258973","0"
"https://docta.me/services/implant-overdenture-with-locators","0","0","2026-07-27","2026-07-27","200","289930","0"
"https://docta.me/services/relaxation-technique","0","0","2026-05-08","2026-05-08","200","223352","0"
"https://docta.me/services/oral-cholecystography?lang=en","0","0","2026-05-11","2026-05-11","200","228088","0"
"https://docta.me/services/doppler-abdominal-arteries-and-veins","1","0","2026-07-08","2026-04-01","200","258540","0"
"https://docta.me/services/follow-up-urologist-examination","0","0","2026-04-01","2026-04-01","200","130239","0"
"https://docta.me/services/specialist-examination-type-3","0","0","2026-04-01","2026-04-01","200","130224","0"
"https://docta.me/services/3319","0","0","2026-01-24","2026-01-24","200","105342","0"
"https://docta.me/services/local-joint-medication-injection","0","0","2026-05-06","2026-05-06","200","191917","0"
"https://docta.me/services/medical-certificate-for-special-treatment","0","0","2026-06-18","2026-06-18","200","257438","0"
"https://docta.me/services/hymenoplasty","0","0","2026-07-18","2026-04-01","200","276912","0"
"https://docta.me/services/tongue-suturing-over-2-cm","0","0","2026-05-08","2026-05-08","200","223918","0"
"https://docta.me/services/first-ophthalmologist-examination?lang=en","0","0","2026-04-01","2026-04-01","200","129569","0"
"https://docta.me/services/ultrasound-abdomen-and-pelvis","2","0","2026-04-01","2026-04-01","200","130166","0"
"https://docta.me/services/anti-hanta-virus-igm-antibodies-elisa","0","0","2026-07-22","2026-07-22","200","276784","0"
"https://docta.me/services/fissure-sealant-with-fluoride?lang=de","0","0","2026-05-01","2026-05-01","200","197627","0"
"https://docta.me/services/medical-transport-als-up-to-200km?lang=en","0","0","2026-07-08","2026-04-01","200","258233","0"
"https://docta.me/services/pap-test-lab-analysis","0","0","2026-04-01","2026-04-01","200","151391","0"
"https://docta.me/services/individual-stress-sociotherapy","0","0","2026-07-08","2026-07-11","200","262861","0"
"https://docta.me/services/cardiologist-examination-with-ecg-and-echocardiography-heart-ultrasound","0","0","2026-04-01","2026-04-01","200","209326","0"
"https://docta.me/services/specialist-examination-with-two-ultrasounds?lang=en","0","0","2026-04-06","2026-04-01","200","134809","0"
"https://docta.me/services/nerve-suture-or-marking-without-operating-microscope?lang=de","0","0","2026-06-20","2026-06-20","200","279365","0"
"https://docta.me/services/cast-immobilization-with-examination","0","0","2026-04-01","2026-04-01","200","130396","0"
"https://docta.me/services/x-ray-forearm","0","0","2026-04-01","2026-04-01","200","183607","0"
"https://docta.me/services/chest-wall-fenestration-closure","0","0","2026-07-09","2026-06-23","200","259282","0"
"https://docta.me/services/direct-denture-relining","0","0","2026-07-13","2026-04-11","200","301854","0"
"https://docta.me/services/mini-mental-state-examination-mmse","0","0","2026-05-08","2026-05-08","200","223919","0"
"https://docta.me/services/intestinal-barium-passage","0","0","2026-05-26","2026-05-27","200","271996","0"
"https://docta.me/services/kinesiotherapy-for-children-with-deformities","0","0","2026-04-01","2026-04-01","200","167412","0"
"https://docta.me/services/peritoneal-dialysis","0","0","2026-06-01","2026-06-01","200","272356","0"
"https://docta.me/services/mri-urography","0","0","2026-04-01","2026-04-01","200","129829","0"
"https://docta.me/services/endocrinologist-examination-with-thyroid-ultrasound","0","0","2026-04-01","2026-04-01","200","180735","0"
"https://docta.me/services/fluoroscopy-examination","0","0","2026-06-09","2026-06-08","200","267451","0"
"https://docta.me/services/ergometry-ecg-stress-test","0","0","2026-07-11","2026-04-01","200","280943","0"
"https://docta.me/services/aspiration","0","0","2026-07-13","2026-05-11","200","306154","0"
"https://docta.me/services/external-urethrotomy-of-anterior-urethra","0","0","2026-05-27","2026-05-31","200","255082","0"
"https://docta.me/services/vaginal-septum-resection","0","0","2026-04-01","2026-04-01","200","130879","0"
"https://docta.me/services/periodontal-flap-surgery-with-bone-graft-per-tooth?lang=en","1","0","2026-04-30","2026-04-30","200","197278","0"
"https://docta.me/services/abdominal-hysterectomy?lang=en","0","0","2026-05-12","2026-04-01","200","249826","0"
"https://docta.me/services/arm-vessels-exploration","0","0","2026-06-18","2026-06-18","200","276418","0"
"https://docta.me/services/microbial-antigen-latex-agglutination-test","0","0","2026-07-22","2026-07-22","200","277217","0"
"https://docta.me/services/histopathology-of-small-intestine-partial-resection-fissures-and-fistulas","0","0","2026-05-08","2026-05-08","200","225797","0"
"https://docta.me/services/temporomandibular-joint-arthrography","0","0","2026-05-08","2026-05-08","200","224379","0"
"https://docta.me/services/aerobic-bacterial-culture-of-middle-ear-secretion","0","0","2026-07-22","2026-07-22","200","277508","0"
"https://docta.me/services/tmj-cbct-scan?lang=en","0","0","2026-05-12","2026-04-01","200","252869","0"
"https://docta.me/services/perinatologist-consultation","0","0","2026-05-18","2026-05-18","200","267251","0"
"https://docta.me/services/thoracentesis","0","0","2026-04-23","2026-04-01","200","155124","0"
"https://docta.me/services/3731","0","0","2026-01-25","2026-01-25","200","106221","0"
"https://docta.me/services/dental-and-soft-tissue-trauma-treatment","0","0","2026-07-27","2026-07-27","200","290176","0"
"https://docta.me/services/transcatheter-therapeutic-embolization","0","0","2026-07-23","2026-07-26","200","322162","0"
"https://docta.me/services/cast-immobilization-with-examination?lang=en","0","0","2026-04-01","2026-04-01","200","131296","0"
"https://docta.me/services/histopathology-of-nasal-polyp","0","0","2026-07-17","2026-05-08","200","259231","0"
"https://docta.me/services/skiascopy-in-children","0","0","2026-05-25","2026-05-27","200","254319","0"
"https://docta.me/services/nose-swab","0","0","2026-04-12","2026-04-12","200","138197","0"
"https://docta.me/services/anti-hiv-1-antibodies-confirmatory-test-western-blot","0","0","2026-07-22","2026-07-22","200","277489","0"
"https://docta.me/services/intraocular-pressure-measurement?lang=en","0","0","2026-04-01","2026-04-01","200","131167","0"
"https://docta.me/services/neck-doppler?lang=en","0","0","2026-04-01","2026-04-01","200","180197","0"
"https://docta.me/services/3724","1","0","2026-01-24","2026-01-24","200","106406","0"
"https://docta.me/services/assisted-segmental-exercises","0","0","2026-06-25","2026-05-08","200","275057","0"
"https://docta.me/services/implantable-loop-recorder-placement","2","0","2026-06-18","2026-06-18","200","261326","0"
"https://docta.me/services/dental-treatment-planning","0","0","2026-04-01","2026-04-01","200","140673","0"
"https://docta.me/services/histopathology-of-ovarian-biopsy","0","0","2026-05-08","2026-05-08","200","224079","0"
"https://docta.me/services/laser-hair-removal-intimate-zone-2-women","0","0","2026-05-24","2026-05-25","200","253927","0"
"https://docta.me/services/medical-certificate-for-ionizing-radiation-workers","0","0","2026-07-06","2026-05-12","200","255740","0"
"https://docta.me/services/first-aid-training-for-employees","0","0","2026-07-18","2026-05-12","200","250270","0"
"https://docta.me/services/professor-colposcopy","2","0","2026-06-23","2026-04-01","200","259435","0"
"https://docta.me/services/folliculometry","0","0","2026-07-21","2026-04-01","200","385380","0"
"https://docta.me/services/follow-up-internist-examination","0","0","2026-04-01","2026-04-01","200","130479","0"
"https://docta.me/services/blood-and-tissue-parasites-detection-stained-blood-smear","0","0","2026-07-22","2026-07-22","200","278046","0"
"https://docta.me/services/forceps-delivery-outlet","0","0","2026-07-17","2026-07-19","200","257702","0"
"https://docta.me/services/ischiorectal-abscess-incision-and-drainage?lang=ru","0","0","2026-05-30","2026-05-30","200","278765","0"
"https://docta.me/services/cystoscopy-with-biopsy-in-males-or-children","0","0","2026-05-14","2026-05-15","200","242825","0"
"https://docta.me/services/resection-and-anastomosis-of-subclavian-artery-thoracic","0","0","2026-07-23","2026-07-26","200","300396","0"
"https://docta.me/services/histopathology-of-dentogenic-cyst","0","0","2026-07-05","2026-07-05","200","258915","0"
"https://docta.me/services/intravenous-medication-application?lang=en","0","0","2026-05-22","2026-05-23","200","376927","0"
"https://docta.me/services/follow-up-subspecialist-examination","0","0","2026-06-12","2026-04-01","200","278777","0"
"https://docta.me/services/laser-capillary-treatment","0","0","2026-05-25","2026-05-25","200","255517","0"
"https://docta.me/services/3963?lang=en","0","0","2026-01-26","2026-01-26","200","114212","0"
"https://docta.me/services/laparoscopic-salpingectomy","1","0","2026-04-01","2026-04-01","200","131094","0"
"https://docta.me/services/endoscopic-pleural-biopsy","0","0","2026-06-08","2026-06-10","200","254498","0"
"https://docta.me/services/suprapubic-catheter-replacement?lang=en","0","0","2026-04-01","2026-04-01","200","129901","0"
"https://docta.me/services/partial-denture","0","0","2026-04-01","2026-04-01","200","140316","0"
"https://docta.me/services/foot-tendon-and-ligament-reconstruction","0","0","2026-05-09","2026-05-09","200","229492","0"
"https://docta.me/services/pessary-insertion","0","0","2026-04-01","2026-04-01","200","151166","0"
"https://docta.me/services/hepaticojejunostomy-biliodigestive-bypass?lang=en","0","0","2026-04-01","2026-04-01","200","131677","0"
"https://docta.me/services/radiology-second-opinion-breast?lang=en","0","0","2026-04-01","2026-04-01","200","131175","0"
"https://docta.me/services/ct-scan-reading","0","0","2026-04-01","2026-04-01","200","128193","0"
"https://docta.me/services/professor-ultrasound-two-regions?lang=en","0","0","2026-07-09","2026-04-01","200","259987","0"
"https://docta.me/services/hydrotherapy-galvanic-bath-for-whole-body","0","0","2026-04-25","2026-04-01","200","169292","0"
"https://docta.me/services/podologist-examination?lang=de","0","0","2026-05-25","2026-05-26","200","259582","0"
"https://docta.me/services/medical-certificate-for-sports-referees-and-other-purposes","0","0","2026-06-19","2026-06-19","200","252369","0"
"https://docta.me/services/mri-breast","0","0","2026-04-01","2026-04-01","200","151259","0"
"https://docta.me/services/genital-condyloma-removal-grade-2?lang=en","0","0","2026-04-01","2026-04-01","200","150432","0"
"https://docta.me/services/co2-laser-face-and-neck?lang=en","0","0","2026-06-17","2026-06-18","200","256140","0"
"https://docta.me/services/hydrotherapy-galvanic-bath-for-whole-body?lang=en","0","0","2026-07-11","2026-07-11","200","257657","0"
"https://docta.me/services/2033","0","0","2026-01-24","2026-01-24","200","154603","0"
"https://docta.me/services/underwater-ultrasound-therapy","0","0","2026-07-03","2026-05-08","200","306175","0"
"https://docta.me/services/professor-dermatoscopy","0","0","2026-04-01","2026-04-01","200","131896","0"
"https://docta.me/services/demodex-test","0","0","2026-04-01","2026-04-01","200","129793","0"
"https://docta.me/services/prp-hair-vitality","0","0","2026-04-07","2026-04-19","200","134892","0"
"https://docta.me/services/acute-intracerebral-hematoma-removal?lang=en","0","0","2026-05-27","2026-05-27","200","0","0"
"https://docta.me/services/oct-posterior-segment","0","0","2026-04-01","2026-04-01","200","0","0"
"https://docta.me/services/systematic-gynecological-examination-package?lang=en","1","0","2026-04-01","2026-04-01","200","150709","0"
"https://docta.me/services/selective-arterial-vasopressin-infusion-for-hemorrhage-control","0","0","2026-07-18","2026-07-19","200","275918","0"
"https://docta.me/services/ivf-laboratory-procedure","0","0","2026-07-11","2026-06-07","200","276448","0"
"https://docta.me/services/thermography","0","0","2026-05-12","2026-05-12","200","227914","0"
"https://docta.me/services/prostigmin-test?lang=en","0","0","2026-07-18","2026-04-01","200","281204","0"
"https://docta.me/services/acne-and-scar-treatment","0","0","2026-05-10","2026-04-01","200","231845","0"
"https://docta.me/services/msct-two-regions-native","0","0","2026-05-05","2026-05-07","200","169892","0"
"https://docta.me/services/eyelid-correction-surgery?lang=tr","0","0","2026-04-01","2026-04-01","200","130848","0"
"https://docta.me/services/telescopic-crown","0","0","2026-04-01","2026-04-01","200","140317","0"
"https://docta.me/services/benign-skin-growth-radio-wave-removal?lang=en","0","0","2026-04-01","2026-04-01","200","129622","0"
"https://docta.me/services/aerobic-bacterial-culture-of-peritoneal-swab","0","0","2026-07-22","2026-07-22","200","277247","0"
"https://docta.me/services/medium-wound-care","0","0","2026-06-18","2026-06-18","200","298123","0"
"https://docta.me/services/dental-fissure-sealant?lang=tr","0","0","2026-05-01","2026-05-01","200","243693","0"
"https://docta.me/services/medical-certificate-for-lifeguards","0","0","2026-06-28","2026-05-12","200","287206","0"
"https://docta.me/services/body-contouring-fat-transfer","0","0","2026-04-01","2026-04-01","200","131111","0"
"https://docta.me/services/3345?lang=en","0","0","2026-01-25","2026-01-25","200","118494","0"
"https://docta.me/services/vacuum-massage?lang=en","0","0","2026-06-19","2026-06-19","200","276705","0"
"https://docta.me/services/cyst-puncture-under-ultrasound-guidance","0","0","2026-07-13","2026-05-08","200","275441","0"
"https://docta.me/services/galvanic-current?lang=en","0","0","2026-06-13","2026-04-01","200","258723","0"
"https://docta.me/services/indirect-coombs-test-gel-method","0","0","2026-07-22","2026-07-22","200","276526","0"
"https://docta.me/services/acute-episubdural-hematoma-removal-by-osteoplastic-craniotomy?lang=de","0","0","2026-07-03","2026-07-03","200","279507","0"
"https://docta.me/services/cataract-surgery-complicated-case?lang=tr","0","0","2026-04-01","2026-04-01","200","131068","0"
"https://docta.me/services/professor-ent-examination","0","0","2026-07-26","2026-07-26","200","307513","0"
"https://docta.me/services/x-ray-cervical-spine","0","0","2026-04-01","2026-04-01","200","183974","0"
"https://docta.me/services/monoblock-appliance","0","0","2026-05-21","2026-05-23","200","284003","0"
"https://docta.me/services/abdomen-ultrasound?lang=en","0","0","2026-05-03","2026-05-04","200","332785","0"
"https://docta.me/services/2314","0","0","2026-01-24","2026-01-24","200","102965","0"
"https://docta.me/services/superficial-papilloma-excision?lang=en","0","0","2026-05-27","2026-05-27","200","0","0"
"https://docta.me/services/incarcerated-hernia-reduction","0","0","2026-05-25","2026-05-26","200","274233","0"
"https://docta.me/services/3687","0","0","2026-03-01","2026-03-01","200","0","0"
"https://docta.me/services/coxiella-burnetii-iga-antibodies-phase-1-elisa","0","0","2026-07-22","2026-07-22","200","277285","0"
"https://docta.me/services/treatment-of-anal-region-injuries-or-lesions-without-suture","0","0","2026-05-13","2026-05-13","200","235376","0"
"https://docta.me/services/excision-of-external-thrombosed-hemorrhoids","0","0","2026-06-29","2026-06-29","200","277372","0"
"https://docta.me/services/laparoscopic-ovarian-resection","0","0","2026-05-20","2026-05-22","200","254727","0"
"https://docta.me/services/small-atheroma-lipoma-nevus-removal?lang=en","0","0","2026-04-01","2026-04-01","200","126735","0"
"https://docta.me/services/histopathology-of-pilonidal-sinus","0","0","2026-07-19","2026-05-08","200","270920","0"
"https://docta.me/services/juvederm-voluma-filler","0","0","2026-04-01","2026-04-01","200","130712","0"
"https://docta.me/services/benign-growth-and-cyst-removal-vulva-vagina-under-sedation?lang=en","0","0","2026-04-01","2026-04-01","200","133428","0"
"https://docta.me/services/emergency-ophthalmological-examination","0","0","2026-04-01","2026-04-01","200","130413","0"
"https://docta.me/services/musculoskeletal-ultrasound?lang=tr","0","0","2026-06-18","2026-06-19","200","318759","0"
"https://docta.me/services/colonoscopy-without-biopsy","0","0","2026-06-20","2026-06-20","200","258971","0"
"https://docta.me/services/heteroanamnesis","0","0","2026-05-08","2026-05-08","200","223137","0"
"https://docta.me/services/professor-gastroscopy-without-anesthesia?lang=en","0","0","2026-04-01","2026-04-01","200","126770","0"
"https://docta.me/services/inhalation-therapy","0","0","2026-07-02","2026-06-10","200","378598","0"
"https://docta.me/services/professor-cardiologist-with-echocardiography","0","0","2026-04-01","2026-04-01","200","146112","0"
"https://docta.me/services/prp-dental-application?lang=ru","0","0","2026-07-04","2026-07-05","200","258312","0"
"https://docta.me/services/iol-power-calculation","0","0","2026-04-03","2026-04-03","200","134859","0"
"https://docta.me/services/primary-school-preventive-examination","0","0","2026-07-13","2026-06-10","200","278418","0"
"https://docta.me/services/keloid-scar-corticosteroid-injection","0","0","2026-04-01","2026-04-01","200","132325","0"
"https://docta.me/services/strabismus-examination","1","0","2026-04-05","2026-04-07","200","133774","0"
"https://docta.me/services/first-ent-examination","1","0","2026-07-16","2026-04-01","200","328857","0"
"https://docta.me/services/pediatric-testicular-trauma-surgery?lang=tr","0","0","2026-07-16","2026-07-16","200","258886","0"
"https://docta.me/services/cardiologist-examination-with-ecg?lang=en","1","0","2026-06-20","2026-04-01","200","383853","0"
"https://docta.me/services/medical-certificate-for-lifeguards-divers-and-boat-operators","1","0","2026-05-08","2026-05-08","200","225000","0"
"https://docta.me/services/msct-temporal-bone","0","0","2026-04-01","2026-04-01","200","130134","0"
"https://docta.me/services/percutaneous-aspiration-biopsy-under-ct-guidance","0","0","2026-06-23","2026-06-24","200","276469","0"
"https://docta.me/services/intramuscular-injection-home-visit-city","0","0","2026-04-04","2026-04-01","200","134695","0"
"https://docta.me/services/medical-certificate-for-life-insurance","0","0","2026-06-15","2026-06-15","200","325688","0"
"https://docta.me/services/gastroscopy-and-colonoscopy?lang=tr","0","0","2026-05-09","2026-04-01","200","232636","0"
"https://docta.me/services/retention-aligner-fabrication?lang=ru","0","0","2026-04-01","2026-04-01","200","134214","0"
"https://docta.me/services/2218?lang=en","0","0","2026-01-25","2026-01-25","200","137315","0"
"https://docta.me/services/aptos-threads","0","0","2026-04-01","2026-04-01","200","129250","0"
"https://docta.me/services/dental-implant-swiss?lang=en","0","0","2026-05-12","2026-05-12","200","237550","0"
"https://docta.me/services/perianal-fistula-surgery?lang=en","1","0","2026-04-01","2026-04-01","200","175820","0"
"https://docta.me/services/follow-up-gynecological-examination?lang=en","0","0","2026-05-09","2026-05-10","200","265225","0"
"https://docta.me/services/laparoscopic-ovarian-cystectomy","1","0","2026-07-16","2026-04-01","200","258645","0"
"https://docta.me/services/acne-laser-treatment?lang=en","0","0","2026-06-07","2026-06-08","200","255161","0"
"https://docta.me/services/trichinella-spiralis-igg-antibodies-elisa","0","0","2026-07-22","2026-07-22","200","277055","0"
"https://docta.me/services/x-ray-sinuses-with-profiles","0","0","2026-04-01","2026-04-01","200","162838","0"
"https://docta.me/services/2177?lang=en","0","0","2026-03-13","2026-03-13","200","113506","0"
"https://docta.me/services/penile-injury-repair","0","0","2026-05-28","2026-05-28","200","254380","0"
"https://docta.me/services/aerobic-bacterial-culture-of-deep-throat-swab","0","0","2026-07-21","2026-07-21","200","271805","0"
"https://docta.me/services/3968?lang=en","0","0","2026-01-26","2026-01-26","200","102710","0"
"https://docta.me/services/neck-and-submental-liposuction","1","0","2026-04-01","2026-04-01","200","131013","0"
"https://docta.me/services/vaginal-hematoma-drainage","0","0","2026-04-01","2026-04-01","200","130900","0"
"https://docta.me/services/distractor-removal?lang=tr","0","0","2026-07-07","2026-07-08","200","260910","0"
"https://docta.me/services/laser-hair-removal-full-arms-women?lang=en","0","0","2026-07-01","2026-07-02","200","256604","0"
"https://docta.me/services/crossectomy-vein-removal","0","0","2026-04-11","2026-04-11","200","137184","0"
"https://docta.me/services/follow-up-dermatologist-examination","0","0","2026-04-11","2026-04-11","200","153775","0"
"https://docta.me/services/orthokine-therapy","0","0","2026-07-11","2026-07-13","200","254086","0"
"https://docta.me/services/peg-gastrostomy","0","0","2026-04-01","2026-04-01","200","130658","0"
"https://docta.me/services/thoracoscopic-lung-segmentectomy","0","0","2026-06-23","2026-06-23","200","259116","0"
"https://docta.me/services/renal-artery-bypass-reconstruction-autovenoussynthetic","0","0","2026-07-09","2026-07-09","200","259223","0"
"https://docta.me/services/fracture-and-dislocation-treatment","0","0","2026-05-26","2026-05-26","200","247889","0"
"https://docta.me/services/x-ray-nose-with-profiles","0","0","2026-07-15","2026-04-01","200","293825","0"
"https://docta.me/services/colonoscopy-with-polypectomy-and-endoclip-placement","0","0","2026-06-29","2026-06-29","200","260292","0"
"https://docta.me/services/follow-up-professor-neurologist-examination","1","0","2026-04-01","2026-04-01","200","130625","0"
"https://docta.me/services/acrysof-iq-iol-surcharge?lang=en","0","0","2026-04-01","2026-04-01","200","130430","0"
"https://docta.me/services/atypical-sigmoid-partial-resection?lang=ru","0","0","2026-04-01","2026-04-01","200","133494","0"
"https://docta.me/services/3198","0","0","2026-01-24","2026-01-24","200","105361","0"
"https://docta.me/services/plasma-pen-treatment-up-to-3-lesions","0","0","2026-06-26","2026-06-27","200","256461","0"
"https://docta.me/services/nail-plate-and-matrix-excision?lang=ru","0","0","2026-06-03","2026-06-05","200","278229","0"
"https://docta.me/services/3142","0","0","2026-01-24","2026-01-24","200","105541","0"
"https://docta.me/services/ergospirometry","2","0","2026-04-01","2026-04-01","200","150506","0"
"https://docta.me/services/iud-insertion","1","0","2026-06-27","2026-04-01","200","387253","0"
"https://docta.me/services/professor-breast-examination-package","0","0","2026-04-01","2026-04-01","200","132463","0"
"https://docta.me/services/vaginal-septum-resection?lang=tr","0","0","2026-04-01","2026-04-01","200","131991","0"
"https://docta.me/services/denture-tooth-addition","0","0","2026-04-01","2026-04-01","200","140509","0"
"https://docta.me/services/3d-digital-tomosynthesis-mammography?lang=ru","0","0","2026-05-13","2026-05-13","200","248177","0"
"https://docta.me/services/kinesiotherapy-for-children-with-deformities?lang=tr","0","0","2026-04-26","2026-04-30","200","207599","0"
"https://docta.me/services/endoscopic-tracheal-stenosis-dilatation","0","0","2026-05-18","2026-05-19","200","255275","0"
"https://docta.me/services/hyperbaric-oxygen-therapy-with-wound-care","0","0","2026-04-01","2026-04-01","200","131040","0"
"https://docta.me/services/2202?lang=en","0","0","2026-01-24","2026-01-24","200","105079","0"
"https://docta.me/services/thoracic-esophagus-wound-or-rupture-closure","0","0","2026-07-25","2026-07-04","200","310625","0"
"https://docta.me/services/1510","0","0","2026-03-01","2026-03-03","200","128243","0"
"https://docta.me/services/urologist-examination-with-ultrasound?lang=en","0","0","2026-07-04","2026-06-14","200","365797","0"
"https://docta.me/services/large-atheroma-lipoma-nevus-removal?lang=en","0","0","2026-04-01","2026-04-01","200","126860","0"
"https://docta.me/services/gastro-entero-and-entero-entero-anastomosis?lang=ru","0","0","2026-04-01","2026-04-01","200","133711","0"
"https://docta.me/services/zenker-diverticulum-resection","0","0","2026-06-26","2026-06-26","200","259184","0"
"https://docta.me/services/dry-eye-test-schirmer?lang=en","0","0","2026-07-11","2026-07-11","200","314246","0"
"https://docta.me/services/aerobic-bacterial-culture-of-tissue-segment-swab","0","0","2026-07-22","2026-07-22","200","276917","0"
"https://docta.me/services/breast-reconstruction-after-mastectomy","0","0","2026-04-01","2026-04-01","200","131327","0"
"https://docta.me/services/deep-sclerectomy-non-penetrating-glaucoma?lang=en","0","0","2026-05-15","2026-04-10","200","250060","0"
"https://docta.me/services/ear-irrigation","0","0","2026-04-01","2026-04-01","200","231213","0"
"https://docta.me/services/screw-retained-implant-crown-cocr?lang=de","0","0","2026-07-21","2026-07-21","200","327076","0"
"https://docta.me/services/correction-of-dental-aesthetic-defects-per-tooth","0","0","2026-04-01","2026-04-01","200","131741","0"
"https://docta.me/services/mandibular-joint-dislocation-reduction","0","0","2026-06-25","2026-06-25","200","261975","0"
"https://docta.me/services/hbe-antigen-detection-elisaantigen","0","0","2026-07-22","2026-07-22","200","276714","0"
"https://docta.me/services/topical-eye-medication-application","0","0","2026-07-24","2026-07-12","200","308405","0"
"https://docta.me/services/skin-lesion-removal-with-local-flap-reconstruction","0","0","2026-05-30","2026-04-01","200","258144","0"
"https://docta.me/services/x-ray-both-knees?lang=en","0","0","2026-04-01","2026-04-01","200","184347","0"
"https://docta.me/services/3426","0","0","2026-01-24","2026-01-24","200","105231","0"
"https://docta.me/services/subspecialist-examination-with-ultrasound","0","0","2026-04-14","2026-04-14","200","159001","0"
"https://docta.me/services/gynecological-specialist-examination","0","0","2026-06-23","2026-04-01","200","381181","0"
"https://docta.me/services/doppler-lower-extremity-blood-vessels","0","0","2026-04-01","2026-04-01","200","217141","0"
"https://docta.me/services/superficial-papilloma-excision","0","0","2026-06-01","2026-06-01","200","272528","0"
"https://docta.me/services/anti-arc-spatial-exercises-elimination-method","0","0","2026-05-17","2026-05-19","200","243610","0"
"https://docta.me/services/rhinoplasty?lang=en","0","0","2026-04-04","2026-04-01","200","148712","0"
"https://docta.me/services/zirconia-inlay?lang=de","0","0","2026-07-10","2026-07-11","200","274104","0"
"https://docta.me/services/orthopedic-reposition-with-x-ray-and-cast?lang=en","0","0","2026-04-01","2026-04-01","200","131499","0"
"https://docta.me/services/vaginal-biopsy-under-sedation?lang=tr","0","0","2026-07-11","2026-07-12","200","259910","0"
"https://docta.me/services/x-ray-knee-patella","0","0","2026-06-04","2026-04-01","200","254911","0"
"https://docta.me/services/holter-ecg-home-visit","0","0","2026-04-01","2026-04-01","200","130195","0"
"https://docta.me/services/visceral-arteries-aneurysmectomy-and-reconstruction","0","0","2026-07-06","2026-07-06","200","260056","0"
"https://docta.me/services/arm-sling-immobilization?lang=en","0","0","2026-05-15","2026-04-01","200","251010","0"
"https://docta.me/services/high-frequency-current-therapy","0","0","2026-05-08","2026-05-08","200","223936","0"
"https://docta.me/services/pediatric-strabismus-examination","0","0","2026-04-01","2026-04-01","200","130732","0"
"https://docta.me/services/polysomnography?lang=en","0","0","2026-07-11","2026-04-01","200","279899","0"
"https://docta.me/services/removal-of-infected-implant-from-smaller-inguinal-hernia","0","0","2026-05-12","2026-05-12","200","235307","0"
"https://docta.me/services/vital-extirpation-of-multi-root-teeth-with-definitive-filling?lang=en","0","0","2026-06-08","2026-04-01","200","292215","0"
"https://docta.me/services/1548","0","0","2026-01-24","2026-01-24","200","102603","0"
"https://docta.me/services/ureteral-catheterization-in-females","0","0","2026-07-08","2026-07-08","200","259096","0"
"https://docta.me/services/multiple-unilateral-thoracocentesis?lang=en","0","0","2026-05-27","2026-05-27","200","0","0"
"https://docta.me/services/3186","1","0","2026-01-24","2026-01-24","200","124456","0"
"https://docta.me/services/2258","0","0","2026-01-24","2026-01-24","200","124325","0"
"https://docta.me/services/manual-lymphatic-drainage-40-min?lang=en","0","0","2026-06-03","2026-06-03","200","253326","0"
"https://docta.me/services/botulinum-toxin-injection-for-torticollis-or-blepharospasm","0","0","2026-05-12","2026-05-13","200","235291","0"
"https://docta.me/services/recurrent-pterygium-surgery","0","0","2026-05-06","2026-05-07","200","189970","0"
"https://docta.me/services/laparoscopic-disinvagination-without-resection","0","0","2026-05-31","2026-05-31","200","255420","0"
"https://docta.me/services/antibiogram","0","0","2026-06-22","2026-06-20","200","256012","0"
"https://docta.me/services/2270?lang=en","0","0","2026-01-24","2026-01-24","200","105089","0"
"https://docta.me/services/1527?lang=en","0","0","2026-02-24","2026-03-31","200","107540","0"
"https://docta.me/services/tongue-incision-and-drainage","0","0","2026-05-18","2026-05-18","200","242791","0"
"https://docta.me/services/dental-local-anesthesia?lang=tr","0","0","2026-04-30","2026-04-30","200","196147","0"
"https://docta.me/services/defectological-speech-therapy-treatment-of-a-child-with-disabilities","0","0","2026-06-21","2026-06-21","200","254753","0"
"https://docta.me/services/stable-faradization","0","0","2026-05-08","2026-05-08","200","223591","0"
"https://docta.me/services/analytically-oriented-depth-psychotherapy-session","0","0","2026-05-08","2026-05-08","200","224719","0"
"https://docta.me/services/2016","0","0","2026-01-24","2026-01-24","200","134974","0"
"https://docta.me/services/surgical-guide-per-implant?lang=en","0","0","2026-04-01","2026-04-01","200","141449","0"
"https://docta.me/services/hemorrhoid-surgery-classic?lang=en","0","0","2026-04-01","2026-04-01","200","196489","0"
"https://docta.me/services/circumcision-spinal-general-anesthesia?lang=tr","0","0","2026-04-01","2026-04-01","200","131526","0"
"https://docta.me/services/cardiologist-examination-with-ecg","0","0","2026-04-01","2026-04-01","200","230935","0"
"https://docta.me/services/tooth-extraction-complex","0","0","2026-05-15","2026-04-01","200","307825","0"
"https://docta.me/services/cystic-lesion-removal","0","0","2026-05-25","2026-04-11","200","255568","0"
"https://docta.me/services/follow-up-neurologist-examination?lang=en","0","0","2026-04-01","2026-04-01","200","164275","0"
"https://docta.me/services/x-ray-shoulder-with-profile?lang=en","0","0","2026-04-01","2026-04-01","200","132287","0"
"https://docta.me/services/gynecological-specialist-examination-with-ultrasound","0","0","2026-04-01","2026-04-01","200","150094","0"
"https://docta.me/services/complex-fixed-orthodontic-treatment?lang=en","0","0","2026-06-18","2026-06-18","200","270147","0"
"https://docta.me/services/vats-pleural-effusion-evacuation","0","0","2026-07-13","2026-07-16","200","258497","0"
"https://docta.me/services/therapeutic-massage-complete?lang=en","0","0","2026-06-12","2026-06-13","200","337208","0"
"https://docta.me/services/autokeratorefractometry","0","0","2026-07-17","2026-07-18","200","279895","0"
"https://docta.me/services/babesia-spp-detection-stained-thick-blood-film","0","0","2026-07-22","2026-07-22","200","277451","0"
"https://docta.me/services/bladder-augmentation","0","0","2026-06-11","2026-06-11","200","257113","0"
"https://docta.me/services/gastroscopy-and-colonoscopy-with-anesthesia","0","0","2026-07-04","2026-04-01","200","253917","0"
"https://docta.me/services/2260","0","0","2026-01-31","2026-01-31","200","143046","0"
"https://docta.me/services/sciatic-nerve-block","0","0","2026-06-02","2026-06-03","200","254330","0"
"https://docta.me/services/3428","0","0","2026-01-24","2026-01-24","200","105101","0"
"https://docta.me/services/goniopuncture?lang=en","0","0","2026-07-03","2026-07-04","200","256329","0"
"https://docta.me/services/breast-ultrasound-examination?lang=en","0","0","2026-07-11","2026-07-13","200","282383","0"
"https://docta.me/services/follow-up-pediatric-endocrinologist-examination","0","0","2026-07-18","2026-06-27","200","259788","0"
"https://docta.me/services/3d-digital-tomosynthesis-mammography?lang=en","0","0","2026-04-01","2026-04-01","200","133107","0"
"https://docta.me/services/cystoscopy-male?lang=en","0","0","2026-04-01","2026-04-01","200","130623","0"
"https://docta.me/services/microhybrid-composite-filling-two-surfaces?lang=en","1","0","2026-07-22","2026-05-12","200","296421","0"
"https://docta.me/services/demodex-test?lang=en","0","0","2026-04-01","2026-04-01","200","130592","0"
"https://docta.me/services/atheroma-and-lipoma-excision?lang=en","0","0","2026-06-03","2026-06-06","200","276457","0"
"https://docta.me/services/orthopedic-examination-with-injection","0","0","2026-04-01","2026-04-01","200","147796","0"
"https://docta.me/services/hand-ultrasound","0","0","2026-04-01","2026-04-01","200","147192","0"
"https://docta.me/services/superficial-papilloma-excision?lang=ru","0","0","2026-05-30","2026-05-30","200","278153","0"
"https://docta.me/services/3671","0","0","2026-01-24","2026-01-24","200","105185","0"
"https://docta.me/services/hyperhidrosis-botox-treatment","0","0","2026-04-01","2026-04-01","200","130899","0"
"https://docta.me/services/2161?lang=en","0","0","2026-01-24","2026-01-24","200","121511","0"
"https://docta.me/services/first-pediatric-endocrinologist-examination-infant","0","0","2026-05-08","2026-05-08","200","224940","0"
"https://docta.me/services/preoperative-ophthalmological-examination?lang=en","0","0","2026-04-01","2026-04-01","200","131472","0"
"https://docta.me/services/hemorrhoid-surgery-classic","0","0","2026-05-08","2026-05-09","200","309497","0"
"https://docta.me/services/blood-and-tissue-parasites-detection-stained-thick-blood-film","0","0","2026-07-22","2026-07-22","200","278155","0"
"https://docta.me/services/miles-thomson-rectal-amputation-with-vaginal-wall-resection","1","0","2026-04-01","2026-04-01","200","132046","0"
"https://docta.me/services/active-segmental-exercises-with-graded-loading","0","0","2026-05-08","2026-05-08","200","224812","0"
"https://docta.me/services/follow-up-vascular-surgeon-examination-with-color-doppler","0","0","2026-07-04","2026-07-04","200","278932","0"
"https://docta.me/services/pulmonologist-examination-with-diffusion-test?lang=ru","0","0","2026-04-01","2026-04-01","200","131503","0"
"https://docta.me/services/popliteal-artery-thrombendarterectomy","0","0","2026-07-16","2026-07-18","200","258017","0"
"https://docta.me/services/mri-abdomen-and-pelvis","0","0","2026-04-01","2026-04-01","200","130148","0"
"https://docta.me/services/color-sensitivity-test-with-anomaloscope","1","0","2026-05-26","2026-05-28","200","255318","0"
"https://docta.me/services/msct-joint-pair","0","0","2026-04-03","2026-04-05","200","134938","0"
"https://docta.me/services/follow-up-contact-lens-examination","0","0","2026-04-04","2026-04-08","200","134206","0"
"https://docta.me/services/resection-and-anastomosis-of-axillary-artery","0","0","2026-07-23","2026-07-24","200","299757","0"
"https://docta.me/services/vein-surgery-one-leg","0","0","2026-04-01","2026-04-01","200","146998","0"
"https://docta.me/services/3384","0","0","2026-01-24","2026-01-24","200","105043","0"
"https://docta.me/services/gastroscopy-with-anesthesia?lang=tr","0","0","2026-04-26","2026-04-26","200","236798","0"
"https://docta.me/services/mri-thoracic-spine","0","0","2026-04-01","2026-04-01","200","131426","0"
"https://docta.me/services/2182?lang=en","1","0","2026-01-24","2026-01-24","200","105141","0"
"https://docta.me/services/mini-dental-implant","0","0","2026-07-23","2026-07-23","200","304279","0"
"https://docta.me/services/x-ray-maxillary-sinuses","0","0","2026-05-06","2026-05-07","200","0","0"
"https://docta.me/services/holter-ecg","0","0","2026-06-29","2026-06-29","200","252487","0"
"https://docta.me/services/medium-wound-care?lang=en","0","0","2026-07-16","2026-07-16","200","297498","0"
"https://docta.me/services/temporary-jaw-immobilization","0","0","2026-06-22","2026-06-22","200","260175","0"
"https://docta.me/services/assessment-of-borderline-coronary-lesions-ffr-and-ivus","0","0","2026-07-10","2026-07-10","200","263151","0"
"https://docta.me/services/postpartum-abdominal-hysterectomy-for-atonic-bleeding","0","0","2026-05-09","2026-05-11","200","225383","0"
"https://docta.me/services/spirometry-recording-and-reading","0","0","2026-06-13","2026-06-13","200","281632","0"
"https://docta.me/services/soft-tissue-ultrasound","1","0","2026-05-17","2026-05-18","200","442850","0"
"https://docta.me/services/hand-and-foot-extensor-tenotomy","0","0","2026-06-23","2026-06-26","200","275307","0"
"https://docta.me/services/fissure-sealant","0","0","2026-04-01","2026-04-01","200","173065","0"
"https://docta.me/services/cranial-bone-defect-plasty?lang=de","0","0","2026-07-03","2026-07-04","200","276610","0"
"https://docta.me/services/2288","1","0","2026-01-26","2026-01-26","200","121260","0"
"https://docta.me/services/histopathology-of-ovarian-biopsy?lang=en","0","0","2026-07-17","2026-05-15","200","258472","0"
"https://docta.me/services/lactofan-intolerance-tests","0","0","2026-05-09","2026-05-11","200","264762","0"
"https://docta.me/services/medical-certificate-for-pension","0","0","2026-06-13","2026-06-13","200","255637","0"
"https://docta.me/services/hydrocele-surgery","0","0","2026-05-07","2026-04-01","200","242358","0"
"https://docta.me/services/pulmonologist-examination-with-diffusion-test","0","0","2026-04-01","2026-04-01","200","128734","0"
"https://docta.me/services/secondary-wound-care","0","0","2026-05-08","2026-05-08","200","223707","0"
"https://docta.me/services/follow-up-surgical-examination?lang=en","0","0","2026-04-01","2026-04-01","200","152505","0"
"https://docta.me/services/implant-bar-attachment?lang=tr","0","0","2026-07-10","2026-07-11","200","286460","0"
"https://docta.me/services/follow-up-gynecological-examination","0","0","2026-04-01","2026-04-01","200","148363","0"
"https://docta.me/services/cardiologist-examination-with-ecg-and-echocardiography-heart-ultrasound?lang=en","0","0","2026-04-01","2026-04-01","200","210226","0"
"https://docta.me/services/gastrostomy","0","0","2026-07-11","2026-04-01","200","281358","0"
"https://docta.me/services/hematologist-examination","0","0","2026-05-06","2026-05-08","200","222742","0"
"https://docta.me/services/conservative-treatment-of-oroantral-communication","0","0","2026-07-07","2026-07-07","200","262537","0"
"https://docta.me/services/epicranial-hematoma-removal?lang=ru","0","0","2026-06-02","2026-06-02","200","277873","0"
"https://docta.me/services/total-colectomy-with-ileo-rectal-anastomosis","0","0","2026-04-01","2026-04-01","200","131501","0"
"https://docta.me/services/strength-duration-curve-determination","0","0","2026-07-23","2026-05-12","200","319477","0"
"https://docta.me/services/1617","1","0","2026-01-24","2026-01-24","200","230735","0"
"https://docta.me/services/low-anterior-rectal-resection-anastomosis-below-10-cm","0","0","2026-05-09","2026-05-09","200","225460","0"
"https://docta.me/services/wound-care-steri-strip?lang=en","0","0","2026-05-09","2026-05-09","200","249800","0"
"https://docta.me/services/aerobic-bacterial-culture-of-endotracheal-tube-swab","0","0","2026-07-22","2026-07-22","200","277410","0"
"https://docta.me/services/lower-limb-perforator-vein-ligation","0","0","2026-05-27","2026-05-27","200","255495","0"
"https://docta.me/services/primary-wound-treatment-without-suturing","0","0","2026-04-01","2026-04-01","200","125767","0"
"https://docta.me/services/skin-and-soft-tissue-traumatic-injury-repair?lang=de","0","0","2026-05-23","2026-05-23","200","249702","0"
"https://docta.me/services/thoracoscopic-lung-biopsy","0","0","2026-07-12","2026-06-23","200","258397","0"
"https://docta.me/services/mri-ankle-joint-not-including-foot","0","0","2026-05-01","2026-04-01","200","171710","0"
"https://docta.me/services/histopathology-of-breast-tumor","0","0","2026-05-08","2026-05-08","200","223963","0"
"https://docta.me/services/msct-head-with-orbits","0","0","2026-07-11","2026-04-01","200","258042","0"
"https://docta.me/services/ear-wick-placement?lang=en","0","0","2026-04-01","2026-04-01","200","152049","0"
"https://docta.me/services/medical-certificate-observation?lang=en","0","0","2026-06-27","2026-06-28","200","255716","0"
"https://docta.me/services/3815","2","0","2026-01-24","2026-01-24","200","104357","0"
"https://docta.me/services/diagnostic-laparoscopy?lang=tr","0","0","2026-05-02","2026-04-30","200","171067","0"
"https://docta.me/services/spinal-decompression-therapy","0","0","2026-04-01","2026-04-01","200","144842","0"
"https://docta.me/services/temporal-lift","0","0","2026-04-01","2026-04-01","200","131100","0"
"https://docta.me/services/closed-manipulation-reduction-of-ulnar-diaphysis-fracture","0","0","2026-06-08","2026-06-09","200","273432","0"
"https://docta.me/services/subcutaneous-anal-fistulotomy-or-fistulectomy","0","0","2026-07-12","2026-07-14","200","276231","0"
"https://docta.me/services/3423","0","0","2026-01-24","2026-01-24","200","104981","0"
"https://docta.me/services/hyalift-75-pro-skin-booster","0","0","2026-05-28","2026-05-30","200","253452","0"
"https://docta.me/services/exploratory-fractional-curettage-under-anesthesia","0","0","2026-04-01","2026-04-01","200","132255","0"
"https://docta.me/services/fungal-identification","0","0","2026-07-12","2026-06-28","200","266309","0"
"https://docta.me/services/follow-up-infectologist-examination","0","0","2026-07-11","2026-07-14","200","261246","0"
"https://docta.me/services/lacrimal-duct-probing-children-general-anesthesia?lang=en","0","0","2026-04-01","2026-04-01","200","131854","0"
"https://docta.me/services/congenital-urethrorectal-fistula-treatment","0","0","2026-06-07","2026-06-07","200","255859","0"
"https://docta.me/services/lymph-node-biopsy?lang=en","0","0","2026-04-01","2026-04-01","200","130751","0"
"https://docta.me/services/3501","0","0","2026-01-24","2026-01-24","200","105610","0"
"https://docta.me/services/intracerebral-hematoma","0","0","2026-06-07","2026-06-07","200","272016","0"
"https://docta.me/services/gastroscopy-and-colonoscopy?lang=en","0","0","2026-04-01","2026-04-01","200","131222","0"
"https://docta.me/services/forearm-and-hand-splint-over-10-years","0","0","2026-06-26","2026-06-26","200","274279","0"
"https://docta.me/services/extensive-burn-surgical-treatment","0","0","2026-05-27","2026-05-28","200","255558","0"
"https://docta.me/services/treatment-of-larger-wounds-without-deep-structure-lesion","0","0","2026-05-09","2026-05-10","200","225135","0"
"https://docta.me/services/enteral-nutrition","0","0","2026-05-18","2026-05-18","200","245029","0"
"https://docta.me/services/3248","0","0","2026-01-24","2026-01-24","200","105311","0"
"https://docta.me/services/follow-up-orthopedic-ultrasound-examination","0","0","2026-07-25","2026-04-18","200","283242","0"
"https://docta.me/services/cataract-surgery-with-monofocal-clareon-iol","0","0","2026-04-28","2026-04-29","200","169930","0"
"https://docta.me/services/pigmented-lesion-removal-aesthetic","0","0","2026-04-01","2026-04-01","200","131259","0"
"https://docta.me/services/preventive-general-practitioner-examination","0","0","2026-05-27","2026-05-30","200","291774","0"
"https://docta.me/services/foreign-body-localization-x-ray-except-eye?lang=en","0","0","2026-07-11","2026-07-13","200","278616","0"
"https://docta.me/services/benign-skin-growth-thermocauterization-removal?lang=tr","0","0","2026-06-14","2026-06-15","200","256315","0"
"https://docta.me/services/histopathology-report-single-biopsy","0","0","2026-06-15","2026-06-15","200","295839","0"
"https://docta.me/services/shoulder-reposition","0","0","2026-06-14","2026-04-01","200","258821","0"
"https://docta.me/services/medical-certificate-for-psychotropic-work-monitoring","0","0","2026-07-09","2026-07-09","200","256821","0"
"https://docta.me/services/3374","0","0","2026-01-24","2026-01-24","200","105656","0"
"https://docta.me/services/endocrinologist-examination-with-thyroid-ultrasound?lang=de","0","0","2026-04-27","2026-04-28","200","251158","0"
"https://docta.me/services/2188","0","0","2026-01-24","2026-01-24","200","104385","0"
"https://docta.me/services/x-ray-pharynx-and-larynx","0","0","2026-05-15","2026-05-12","200","244144","0"
"https://docta.me/services/hcv-antibody-test-anti-hcv","0","0","2026-07-22","2026-07-22","200","276321","0"
"https://docta.me/services/pancreatic-biopsy-as-standalone-operation","0","0","2026-06-23","2026-06-23","200","258211","0"
"https://docta.me/services/orthopedic-examination-with-1-prp-treatment","0","0","2026-04-01","2026-04-01","200","148002","0"
"https://docta.me/services/bilateral-hip-plaster-cast-under-10-years","0","0","2026-07-22","2026-07-22","200","312272","0"
"https://docta.me/services/root-canal-obturation?lang=en","0","0","2026-04-01","2026-04-01","200","132171","0"
"https://docta.me/services/all-on-4-metal-ceramic-titanium","0","0","2026-07-26","2026-04-01","200","346096","0"
"https://docta.me/services/closed-manipulation-reduction-of-proximal-tibia-fracture","0","0","2026-07-05","2026-07-05","200","278135","0"
"https://docta.me/services/face-lift?lang=en","0","0","2026-05-06","2026-04-01","200","209567","0"
"https://docta.me/services/gynecological-ultrasound?lang=en","0","0","2026-06-23","2026-06-23","200","418149","0"
"https://docta.me/services/ergometry-stress-test?lang=de","0","0","2026-04-01","2026-04-01","200","202017","0"
"https://docta.me/services/sinus-closure-with-foreign-body-removal","0","0","2026-07-08","2026-04-01","200","286957","0"
"https://docta.me/services/cataract-extraction-with-anterior-vitrectomy","0","0","2026-06-10","2026-06-10","200","272105","0"
"https://docta.me/services/core-biopsy-with-histopathology?lang=tr","0","0","2026-04-01","2026-04-01","200","133144","0"
"https://docta.me/services/eustachian-tube-function-test","0","0","2026-04-01","2026-04-01","200","128966","0"
"https://docta.me/services/hiv-1-2-ag-ab-combo-test","0","0","2026-07-22","2026-07-22","200","276158","0"
"https://docta.me/services/hydrotherapy-galvanic-four-cell-bath","0","0","2026-07-26","2026-07-26","200","339486","0"
"https://docta.me/services/orthosis-fitting","0","0","2026-06-15","2026-06-15","200","260153","0"
"https://docta.me/services/shoulder-reposition?lang=en","0","0","2026-04-01","2026-04-01","200","132059","0"
"https://docta.me/services/msct-angiography-pulmonary-arteries-pte?lang=en","0","0","2026-04-01","2026-04-01","200","152794","0"
"https://docta.me/services/alveolitis-treatment","0","0","2026-07-23","2026-07-25","200","330268","0"
"https://docta.me/services/vitreous-cavity-revision","0","0","2026-04-01","2026-04-01","200","130573","0"
"https://docta.me/services/internist-examination?lang=de","0","0","2026-04-01","2026-04-01","200","131537","0"
"https://docta.me/services/2026","0","0","2026-01-24","2026-01-24","200","154618","0"
"https://docta.me/services/viral-wart-surgical-removal","0","0","2026-04-01","2026-04-01","200","151191","0"
"https://docta.me/services/urinary-tract-ultrasound","0","0","2026-04-11","2026-04-11","200","248538","0"
"https://docta.me/services/ileo-colo-anastomosis-bypass","0","0","2026-04-01","2026-04-01","200","131165","0"
"https://docta.me/services/teeth-whitening","0","0","2026-04-01","2026-04-01","200","187710","0"
"https://docta.me/services/zirconia-crown-with-veneer","0","0","2026-04-01","2026-04-01","200","140683","0"
"https://docta.me/services/medical-certificate-for-firearms-possession","0","0","2026-05-10","2026-05-10","200","237682","0"
"https://docta.me/services/2082","1","0","2026-01-24","2026-01-24","200","198488","0"
"https://docta.me/services/colonoscopy-without-anesthesia","0","0","2026-04-01","2026-04-01","200","199815","0"
"https://docta.me/services/subcutaneous-anal-fistulotomy-or-fistulectomy?lang=de","0","0","2026-05-30","2026-05-30","200","274781","0"
"https://docta.me/services/2184","0","0","2026-01-24","2026-01-24","200","104540","0"
"https://docta.me/services/specialist-examination-with-additional-service?lang=tr","0","0","2026-07-10","2026-07-12","200","258908","0"
"https://docta.me/services/salmonella-group-d-o-antibodies-widal-agglutination","0","0","2026-07-22","2026-07-22","200","277546","0"
"https://docta.me/services/3265","0","0","2026-01-24","2026-01-24","200","122822","0"
"https://docta.me/services/contact-and-non-contact-dermatothermometry?lang=de","0","0","2026-07-14","2026-07-18","200","277410","0"
"https://docta.me/services/professor-echocardiography","0","0","2026-04-01","2026-04-01","200","128337","0"
"https://docta.me/services/laparoscopic-adhesiolysis-for-ileus","1","0","2026-05-27","2026-05-27","200","255272","0"
"https://docta.me/services/mri-brain-with-mra","0","0","2026-04-01","2026-04-01","200","129954","0"
"https://docta.me/services/home-visit-center?lang=en","0","0","2026-04-01","2026-04-01","200","130926","0"
"https://docta.me/services/wound-swab-sampling","0","0","2026-07-23","2026-04-01","200","285860","0"
"https://docta.me/services/cardiologist-examination?lang=en","0","0","2026-04-01","2026-04-01","200","197400","0"
"https://docta.me/services/hydrotherapy-underwater-massage","0","0","2026-04-01","2026-04-01","200","131106","0"
"https://docta.me/services/ultra-short-wave-therapy","0","0","2026-05-12","2026-05-14","200","228950","0"
"https://docta.me/services/leishmania-spp-detection-stained-preparation-of-bone-marrow-aspirate","0","0","2026-07-22","2026-07-22","200","278438","0"
"https://docta.me/services/lower-extremities-vascular-examination-with-doppler","0","0","2026-07-22","2026-07-18","200","281578","0"
"https://docta.me/services/iv-analgesic-therapy-for-pain?lang=en","0","0","2026-04-01","2026-04-01","200","132497","0"
"https://docta.me/services/forearm-reposition","0","0","2026-04-01","2026-04-01","200","131228","0"
"https://docta.me/services/upper-extremity-doppler","0","0","2026-04-01","2026-04-01","200","179857","0"
"https://docta.me/services/medical-security-additional-hour","0","0","2026-04-01","2026-04-01","200","130447","0"
"https://docta.me/services/segmental-isokinetic-exercises","0","0","2026-07-24","2026-07-25","200","291863","0"
"https://docta.me/services/audiometry","0","0","2026-04-01","2026-04-01","200","219822","0"
"https://docta.me/services/carotid-vascular-examination-with-doppler","0","0","2026-06-24","2026-04-27","200","258989","0"
"https://docta.me/services/psychological-assessment-for-children-with-special-needs?lang=en","0","0","2026-07-04","2026-07-04","200","259315","0"
"https://docta.me/services/neuropsychological-examination-with-cognitive-assessment-for-adults","0","0","2026-06-15","2026-06-18","200","260762","0"
"https://docta.me/services/gastrostomy?lang=tr","0","0","2026-04-01","2026-04-01","200","131637","0"
"https://docta.me/services/intramuscular-injection","2","0","2026-04-01","2026-04-01","200","210211","0"
"https://docta.me/services/x-ray-sinuses-paranasal?lang=en","0","0","2026-07-06","2026-04-01","200","257679","0"
"https://docta.me/services/x-ray-zygomatic-bone","0","0","2026-07-08","2026-06-25","200","260424","0"
"https://docta.me/services/decubitus-surgical-treatment","0","0","2026-04-01","2026-04-01","200","130978","0"
"https://docta.me/services/4054?lang=en","0","0","2026-01-26","2026-01-26","200","106746","0"
"https://docta.me/services/external-hemorrhoid-excision?lang=en","0","0","2026-05-27","2026-05-27","200","0","0"
"https://docta.me/services/follow-up-pediatric-nephrologist-examination","0","0","2026-05-08","2026-05-08","200","224744","0"
"https://docta.me/services/pediatric-neurologist-examination","0","0","2026-04-01","2026-04-01","200","128451","0"
"https://docta.me/services/acute-episubdural-hematoma-removal-by-osteoplastic-craniotomy?lang=en","0","0","2026-05-27","2026-05-27","200","0","0"
"https://docta.me/services/panoramic-x-ray?cityids=1","1","0","2026-06-26","2026-06-26","200","299199","0"
"https://docta.me/services/vulval-and-perineal-repair","0","0","2026-07-11","2026-07-11","200","258784","0"
"https://docta.me/services/rectal-prolapse-excision-with-perineal-anastomosis","0","0","2026-06-06","2026-06-06","200","255876","0"
"https://docta.me/services/histopathology-of-laryngeal-polyp","0","0","2026-05-08","2026-05-08","200","224092","0"
"https://docta.me/services/dupuytren-contracture-palm-nodules?lang=en","0","0","2026-04-01","2026-04-01","200","131354","0"
"https://docta.me/services/gonococcus-culture","0","0","2026-07-22","2026-07-22","200","275356","0"
"https://docta.me/services/uterine-polypectomy-hysteroscopy?lang=en","0","0","2026-04-01","2026-04-01","200","131360","0"
"https://docta.me/services/premium-composite-filling-three-surfaces-ivoclar-empress-direct?lang=en","0","0","2026-04-01","2026-04-01","200","142701","0"
"https://docta.me/services/hepp-procedure","0","0","2026-07-10","2026-07-10","200","258341","0"
"https://docta.me/services/immune-booster-iv","0","0","2026-06-17","2026-04-10","200","258985","0"
"https://docta.me/services/tibial-fracture-reduction-closed-or-open-withwithout-fixation","0","0","2026-07-17","2026-07-19","200","276855","0"
"https://docta.me/services/3850","0","0","2026-01-24","2026-01-24","200","104334","0"
"https://docta.me/services/3874","0","0","2026-04-10","2026-01-24","0","104574","0"
"https://docta.me/services/crown-recementation-with-composite-cement","0","0","2026-05-17","2026-05-17","200","264490","0"
"https://docta.me/services/home-visit-first-curative-examination-over-15-km","0","0","2026-05-20","2026-05-22","200","276174","0"
"https://docta.me/services/x-ray-full-spine","0","0","2026-05-29","2026-04-01","200","325457","0"
"https://docta.me/services/3392","0","0","2026-01-24","2026-01-24","200","104883","0"
"https://docta.me/services/gastroscopy-and-colonoscopy-with-anesthesia?lang=en","0","0","2026-04-01","2026-04-01","200","126875","0"
"https://docta.me/services/3549","0","0","2026-01-24","2026-01-24","200","105590","0"
"https://docta.me/services/2174","0","0","2026-01-24","2026-01-24","200","104460","0"
"https://docta.me/services/maxillofacial-surgeon-examination","2","0","2026-04-01","2026-04-01","200","132277","0"
"https://docta.me/services/tecar-therapy","0","0","2026-04-01","2026-04-01","200","165366","0"
"https://docta.me/services/surgical-treatment-of-internal-hemorrhoids","0","0","2026-07-14","2026-07-14","200","259617","0"
"https://docta.me/services/first-physiatrist-examination-for-children-with-special-needs?lang=en","0","0","2026-06-23","2026-06-23","200","277611","0"
"https://docta.me/services/enucleation-or-excision-of-external-thrombosed-hemorrhoids?lang=en","0","0","2026-05-27","2026-05-27","200","0","0"
"https://docta.me/services/joint-blockade-flosteron-lidocaine?lang=en","0","0","2026-04-01","2026-04-01","200","131474","0"
"https://docta.me/services/puncture-with-histopathology","0","0","2026-04-27","2026-04-01","200","171476","0"
"https://docta.me/services/anaerobic-bacterial-culture-of-thoracic-drain-swab","0","0","2026-07-22","2026-07-22","200","277557","0"
"https://docta.me/services/ultraformer-neck-lift","0","0","2026-07-10","2026-07-10","200","253080","0"
"https://docta.me/services/colonoscopy-with-polypectomy","1","0","2026-05-07","2026-04-01","200","205919","0"
"https://docta.me/services/foreign-body-removal-from-cervix","0","0","2026-04-01","2026-04-01","200","131117","0"
"https://docta.me/services/histopathology-of-partial-nephrectomy","0","0","2026-07-05","2026-05-08","200","258679","0"
"https://docta.me/services/home-visit-outside-working-hours","0","0","2026-05-18","2026-05-18","200","252907","0"
"https://docta.me/services/leg-ulcer-dressing","0","0","2026-05-13","2026-05-15","200","233790","0"
"https://docta.me/services/rectal-prolapse-excision-with-abdominal-perineal-anastomosis","0","0","2026-07-11","2026-07-13","200","259291","0"
"https://docta.me/services/removal-of-non-penetrating-foreign-bodies","0","0","2026-06-19","2026-06-19","200","259831","0"
"https://docta.me/services/genital-sampling","0","0","2026-04-15","2026-04-01","200","142336","0"
"https://docta.me/services/vascular-surgeon-examination?lang=en","0","0","2026-04-01","2026-04-01","200","131332","0"
"https://docta.me/services/intramuscular-injection-home-visit-city?lang=en","0","0","2026-04-01","2026-04-01","200","131574","0"
"https://docta.me/services/campylobacter-culture","0","0","2026-07-22","2026-07-22","200","276016","0"
"https://docta.me/services/ear-reconstruction","0","0","2026-05-26","2026-05-26","200","255278","0"
"https://docta.me/services/legionella-pneumophila-iga-elisa","0","0","2026-07-22","2026-07-22","200","276614","0"
"https://docta.me/services/medical-certificate-for-driving-license-category-a-b-c-d-e?lang=ru","0","0","2026-06-22","2026-06-22","200","333809","0"
"https://docta.me/services/esophagogastrectomy-with-laparotomy-thoracotomy-cervical-esophagostomy","0","0","2026-07-13","2026-06-23","200","261035","0"
"https://docta.me/services/first-psychological-examination","0","0","2026-04-01","2026-04-01","200","130188","0"
"https://docta.me/services/tecar-leg","0","0","2026-04-01","2026-04-01","200","127980","0"
"https://docta.me/services/2037?lang=en","1","0","2026-02-16","2026-02-16","200","159709","0"
"https://docta.me/services/x-ray-abdomen-native","0","0","2026-06-16","2026-06-17","200","365016","0"
"https://docta.me/services/prp-hair-vitality?lang=en","0","0","2026-07-13","2026-07-14","200","278716","0"
"https://docta.me/services/3417","0","0","2026-01-24","2026-01-24","200","104961","0"
"https://docta.me/services/breast-augmentation?lang=en","0","0","2026-04-01","2026-04-01","200","163438","0"
"https://docta.me/services/ear-irrigation?lang=en","0","0","2026-04-01","2026-04-01","200","231865","0"
"https://docta.me/services/microhybrid-composite-filling-three-surfaces?lang=ru","0","0","2026-05-06","2026-05-06","200","187186","0"
"https://docta.me/services/4095","0","0","2026-02-20","2026-01-24","200","107630","0"
"https://docta.me/services/brow-lift","0","0","2026-04-07","2026-04-07","200","134631","0"
"https://docta.me/services/x-ray-mastoid-shuller","1","0","2026-04-02","2026-04-02","200","166673","0"
"https://docta.me/services/benign-skin-lesion-removal-with-electrocautery-1-lesion?lang=en","0","0","2026-06-26","2026-04-01","200","254732","0"
"https://docta.me/services/transthoracic-esophagotomy-for-ruptureperforation","0","0","2026-06-13","2026-06-14","200","258809","0"
"https://docta.me/services/choledochoduodenostomy?lang=en","0","0","2026-07-04","2026-04-01","200","257252","0"
"https://docta.me/services/pulpotomy","1","0","2026-07-19","2026-06-29","200","291749","0"
"https://docta.me/services/pilonidal-sinus-or-cyst-excision-without-primary-suture?lang=en","0","0","2026-05-27","2026-05-27","200","0","0"
"https://docta.me/services/professor-echocardiography?lang=tr","0","0","2026-04-01","2026-04-01","200","129267","0"
"https://docta.me/services/laparoscopic-liver-cyst-surgery","0","0","2026-07-15","2026-04-01","0","225547","0"
"https://docta.me/services/laser-hemorrhoid-surgery?lang=tr","0","0","2026-04-01","2026-04-01","200","179543","0"
"https://docta.me/services/laser-anal-fissure-surgery?lang=ru","0","0","2026-04-01","2026-04-01","200","143538","0"
"https://docta.me/services/profhilo-treatment?lang=en","0","0","2026-04-01","2026-04-01","200","150380","0"
"https://docta.me/services/aerobic-bacterial-culture-of-tracheoflex-tube-swab","0","0","2026-07-22","2026-07-22","200","277466","0"
"https://docta.me/services/leep-excision-with-histopathology-under-local-anesthesia","0","0","2026-07-11","2026-04-01","200","278780","0"
"https://docta.me/services/family-medicine-examination-with-ultrasound","0","0","2026-04-01","2026-04-01","200","130837","0"
"https://docta.me/services/herpes-simplex-virus-type-2-detection-direct-immunofluorescence","0","0","2026-07-22","2026-07-22","200","278284","0"
"https://docta.me/services/hbs-antigen-detection-confirmatory-test-elisa","0","0","2026-07-22","2026-07-22","200","277341","0"
"https://docta.me/services/temporary-crown-digital-smile-design","0","0","2026-07-12","2026-07-12","200","273058","0"
"https://docta.me/services/chemical-peeling-face?lang=en","0","0","2026-04-01","2026-04-01","200","130908","0"
"https://docta.me/services/anaerobic-bacterial-culture-of-placental-segment","0","0","2026-07-22","2026-07-22","200","277444","0"
"https://docta.me/services/bilateral-inguinal-hernioplasty","0","0","2026-06-29","2026-07-16","200","259271","0"
"https://docta.me/services/2000?lang=en","0","0","2026-01-25","2026-01-25","200","233400","0"
"https://docta.me/services/gastrostomy?lang=en","0","0","2026-04-01","2026-04-01","200","131455","0"
"https://docta.me/services/condyloma-removal-large-lesion","0","0","2026-04-01","2026-04-01","200","147896","0"
"https://docta.me/services/all-on-6-acrylic-titanium?lang=en","0","0","2026-05-21","2026-05-21","200","271902","0"
"https://docta.me/services/cryptococcus-spp-detection-india-ink-preparation","0","0","2026-07-22","2026-07-22","200","277398","0"
"https://docta.me/services/3964","1","0","2026-01-24","2026-01-24","200","101231","0"
"https://docta.me/services/professor-ultrasound-single-region","0","0","2026-07-12","2026-07-12","200","261432","0"
"https://docta.me/services/x-ray-foreign-body-localization","0","0","2026-05-12","2026-05-12","200","236417","0"
"https://docta.me/services/3431","0","0","2026-01-24","2026-01-24","200","104971","0"
"https://docta.me/services/first-neurosurgeon-examination?lang=en","0","0","2026-04-01","2026-04-01","200","147052","0"
"https://docta.me/services/histopathology-of-vulvectomy","0","0","2026-05-25","2026-05-08","200","254424","0"
"https://docta.me/services/cyst-marsupialization","0","0","2026-05-08","2026-05-08","200","223786","0"
"https://docta.me/services/follow-up-pediatric-examination","0","0","2026-04-01","2026-04-01","200","180039","0"
"https://docta.me/services/digital-intraoral-x-ray?lang=en","0","0","2026-04-28","2026-04-28","200","195836","0"
"https://docta.me/services/total-gastrectomy-with-d2-lymphadenectomy?lang=en","0","0","2026-06-04","2026-06-04","200","0","0"
"https://docta.me/services/coxiella-burnetii-igm-antibodies-phase-2-elisa","0","0","2026-07-22","2026-07-22","200","277285","0"
"https://docta.me/services/gastro-entero-and-entero-entero-anastomosis?lang=tr","0","0","2026-04-01","2026-04-01","200","132579","0"
"https://docta.me/services/ecg-recording-and-interpretation","0","0","2026-04-01","2026-04-01","200","125559","0"
"https://docta.me/services/ingrown-toenail-surgery?lang=en","0","0","2026-04-01","2026-04-01","200","186206","0"
"https://docta.me/services/juvederm-filler?lang=en","0","0","2026-06-22","2026-06-22","200","277151","0"
"https://docta.me/services/4062","0","0","2026-01-24","2026-01-24","200","103260","0"
"https://docta.me/services/histopathology-of-ovarian-biopsy?lang=tr","0","0","2026-07-05","2026-07-05","200","260291","0"
"https://docta.me/services/4072","0","0","2026-01-24","2026-01-24","200","103108","0"
"https://docta.me/services/medical-certificate-for-sports-referees","0","0","2026-06-30","2026-06-01","200","255000","0"
"https://docta.me/services/echinococcus-spp-detection-native-preparation","0","0","2026-07-22","2026-07-22","200","277342","0"
"https://docta.me/services/arteriovenous-shunt-special-cases","0","0","2026-05-28","2026-05-28","200","255100","0"
"https://docta.me/services/diopter-determination","0","0","2026-04-01","2026-04-01","200","128359","0"
"https://docta.me/services/rcui-under-sedation","0","0","2026-07-03","2026-04-01","200","259519","0"
"https://docta.me/services/urine-hcg-strip-test","0","0","2026-07-11","2026-07-12","200","270062","0"
"https://docta.me/services/ecg","4","0","2026-04-01","2026-04-01","200","207804","0"
"https://docta.me/services/botox-wrinkle-correction-and-hyperhidrosis-treatment","0","0","2026-04-03","2026-04-05","200","136710","0"
"https://docta.me/services/hand-foot-reposition","0","0","2026-04-01","2026-04-01","200","131295","0"
"https://docta.me/services/superficial-papilloma-excision?lang=de","0","0","2026-05-30","2026-05-30","200","274077","0"
"https://docta.me/services/necrectomy-and-wound-care","0","0","2026-04-01","2026-04-01","200","147510","0"
"https://docta.me/services/ecg?lang=tr","0","0","2026-04-01","2026-04-01","200","208056","0"
"https://docta.me/services/3858","2","0","2026-01-24","2026-01-24","200","104564","0"
"https://docta.me/services/hydrocollator-therapy","0","0","2026-05-08","2026-05-08","200","223677","0"
"https://docta.me/services/neurology-examination-with-head-and-neck-doppler?lang=en","0","0","2026-04-01","2026-04-01","200","133562","0"
"https://docta.me/services/x-ray-foot?lang=en","0","0","2026-04-01","2026-04-01","200","184154","0"
"https://docta.me/services/fat-transfer","2","0","2026-04-01","2026-04-01","200","131960","0"
"https://docta.me/services/inferior-vena-cava-ligation","0","0","2026-05-25","2026-05-27","200","254606","0"
"https://docta.me/services/heavy-dental-scaling-and-polishing?lang=tr","0","0","2026-04-30","2026-04-30","200","183994","0"
"https://docta.me/services/bilateral-laparoscopic-inguinal-hernia-repair","0","0","2026-07-02","2026-06-24","200","259828","0"
"https://docta.me/services/lost-bracket-replacement?lang=en","0","0","2026-04-01","2026-04-01","200","132261","0"
"https://docta.me/services/thoracoscopic-thoracic-duct-surgery","0","0","2026-07-19","2026-06-28","200","270889","0"
"https://docta.me/services/mri-brain-and-spinal-cord","0","0","2026-04-01","2026-04-01","200","131592","0"
"https://docta.me/services/salmonella-group-d-h-antibodies-widal-agglutination","0","0","2026-07-22","2026-07-22","200","277546","0"
"https://docta.me/services/histopathology-of-cervical-biopsy","0","0","2026-05-21","2026-05-21","200","254814","0"
"https://docta.me/services/professor-endocrinologist-examination","0","0","2026-05-21","2026-04-01","200","274172","0"
"https://docta.me/services/circumcision-local-anesthesia?lang=en","0","0","2026-04-01","2026-04-01","200","148446","0"
"https://docta.me/services/salmonella-group-b-h-antibodies-widal-agglutination","0","0","2026-07-22","2026-07-22","200","277546","0"
"https://docta.me/services/orthopedic-examination-with-2-prp-treatments?lang=en","0","0","2026-04-01","2026-04-01","200","148929","0"
"https://docta.me/services/temporary-bridge-relining?lang=tr","0","0","2026-04-30","2026-04-30","200","183514","0"
"https://docta.me/services/co2-laser-face-and-neck","0","0","2026-06-19","2026-06-19","200","257576","0"
"https://docta.me/services/full-blepharoplasty","0","0","2026-07-08","2026-04-27","200","285656","0"
"https://docta.me/services/prp-dental-application","0","0","2026-05-26","2026-05-26","200","251724","0"
"https://docta.me/services/speech-therapy-assessment-of-stuttering-severity","0","0","2026-06-08","2026-06-08","200","250305","0"
"https://docta.me/services/subtotal-laparoscopic-hysterectomy","0","0","2026-05-21","2026-04-01","200","255984","0"
"https://docta.me/services/bronchodilator-test","0","0","2026-04-01","2026-04-03","200","185319","0"
"https://docta.me/services/visceral-artery-thrombendarterectomy","0","0","2026-07-23","2026-07-24","200","299476","0"
"https://docta.me/services/pharmacological-stress-echocardiography-for-myocardial-ischemia-and-viability-assessment","1","0","2026-06-16","2026-06-16","200","256452","0"
"https://docta.me/services/direct-pulp-capping?lang=tr","0","0","2026-07-11","2026-04-25","200","276883","0"
"https://docta.me/services/paraspinal-infiltration","0","0","2026-04-01","2026-04-01","200","131503","0"
"https://docta.me/services/professor-stress-echocardiography","0","0","2026-04-01","2026-04-01","200","128484","0"
"https://docta.me/services/medical-certificate-for-secondary-school-enrollment","0","0","2026-06-01","2026-06-01","200","279909","0"
"https://docta.me/services/pulpitis-treatment","0","0","2026-06-30","2026-05-27","200","288110","0"
"https://docta.me/services/specialist-examination-internist-surgeon-ophthalmologist?lang=en","0","0","2026-07-06","2026-07-06","200","258323","0"
"https://docta.me/services/removal-of-material-used-for-chest-wall-reconstruction","0","0","2026-05-27","2026-05-27","200","256370","0"
"https://docta.me/services/intra-articular-injection","0","0","2026-07-13","2026-04-01","200","310507","0"
"https://docta.me/services/surgical-guide-additional-opening?lang=en","0","0","2026-04-01","2026-04-01","200","141663","0"
"https://docta.me/services/medical-certificate-for-collective-accommodation","0","0","2026-07-09","2026-06-17","200","324054","0"
"https://docta.me/services/systematic-exam-package-urology-hormones-men","0","0","2026-07-13","2026-04-18","200","258983","0"
"https://docta.me/services/aerobic-bacterial-culture-of-arterial-catheter-tip","0","0","2026-07-22","2026-07-22","200","277571","0"
"https://docta.me/services/benign-growth-and-cyst-removal-vulva-vagina-under-sedation?lang=tr","0","0","2026-04-01","2026-04-01","200","133712","0"
"https://docta.me/services/fixed-orthodontic-check-up?lang=en","0","0","2026-07-24","2026-07-13","200","343149","0"
"https://docta.me/services/cordocentesis","0","0","2026-06-30","2026-05-30","200","257689","0"
"https://docta.me/services/hernia-operation","0","0","2026-05-27","2026-05-27","200","313482","0"
"https://docta.me/services/schroth-method","0","0","2026-07-03","2026-07-03","200","303213","0"
"https://docta.me/services/foot-tendon-and-ligament-reconstruction?lang=en","0","0","2026-07-08","2026-07-08","200","256459","0"
"https://docta.me/services/microbial-antigen-latex-agglutination-detection-in-cerebrospinal-fluid","0","0","2026-07-21","2026-07-21","200","272948","0"
"https://docta.me/services/dupuytren-contracture-surgery-both-hands?lang=en","0","0","2026-04-01","2026-04-01","200","132829","0"
"https://docta.me/services/rapid-triglyceride-test?lang=tr","0","0","2026-04-01","2026-04-01","200","123510","0"
"https://docta.me/services/single-fingertoe-amputation?lang=ru","0","0","2026-07-07","2026-07-09","200","280368","0"
"https://docta.me/services/fertility-couple-subspecialist-examination","0","0","2026-05-02","2026-05-02","200","186203","0"
"https://docta.me/services/follow-up-vascular-surgeon-examination","0","0","2026-06-28","2026-06-29","200","275513","0"
"https://docta.me/services/frc-post","0","0","2026-07-02","2026-04-01","200","305758","0"
"https://docta.me/services/lower-limb-vein-thrombectomy","0","0","2026-07-04","2026-07-04","200","259138","0"
"https://docta.me/services/first-cardiologist-examination","0","0","2026-07-10","2026-05-08","200","257272","0"
"https://docta.me/services/first-rheumatologist-examination","0","0","2026-06-01","2026-06-01","200","254510","0"
"https://docta.me/services/peripheral-nerve-transplantation?lang=en","0","0","2026-05-27","2026-05-27","200","0","0"
"https://docta.me/services/botox-treatment","0","0","2026-04-01","2026-04-01","200","130535","0"
"https://docta.me/services/caldwell-luc-maxillary-sinus-surgery","0","0","2026-05-12","2026-05-12","200","230851","0"
"https://docta.me/services/biliary-system-drainage-under-ct-guidance?lang=de","0","0","2026-05-11","2026-05-11","200","225289","0"
"https://docta.me/services/urologist-examination?lang=en","0","0","2026-04-01","2026-04-01","200","212785","0"
"https://docta.me/services/cast-post-and-core?lang=en","0","0","2026-04-01","2026-04-01","200","141171","0"
"https://docta.me/services/craniectomy-with-icp-monitoring-or-reservoir?lang=ru","0","0","2026-05-30","2026-05-30","200","277359","0"
"https://docta.me/services/systematic-examination-package-2","1","0","2026-04-06","2026-04-01","200","165087","0"
"https://docta.me/services/internist-examination-with-ecg-and-ultrasound?lang=tr","0","0","2026-05-12","2026-05-12","200","233054","0"
"https://docta.me/services/standard-intraoral-dental-radiograph?lang=tr","0","0","2026-07-17","2026-07-19","200","272024","0"
"https://docta.me/services/bilateral-endonasal-ethmoidectomy-with-polyp-ablation","0","0","2026-07-16","2026-07-16","200","260500","0"
"https://docta.me/services/chiropractic-treatment","0","0","2026-05-27","2026-05-27","200","300438","0"
"https://docta.me/services/axillary-hyperhidrosis-botox?lang=en","0","0","2026-04-01","2026-04-01","200","132461","0"
"https://docta.me/services/aerobic-bacterial-culture-of-central-venous-catheter-tip","0","0","2026-07-22","2026-07-22","200","277880","0"
"https://docta.me/services/aerobic-bacterial-culture-of-nephrostomy-urine","0","0","2026-07-22","2026-07-22","200","277330","0"
"https://docta.me/services/flexor-tendon-repair","0","0","2026-04-01","2026-04-01","200","130839","0"
"https://docta.me/services/plasmodium-spp-detection-stained-blood-smear","0","0","2026-07-23","2026-07-23","200","277516","0"
"https://docta.me/services/3543","0","0","2026-01-24","2026-01-24","200","105450","0"
"https://docta.me/services/all-on-6-implant-prosthesis-bredent","0","0","2026-07-10","2026-04-01","200","268755","0"
"https://docta.me/services/binet-simon-intelligence-test-for-special-needs-children-under-14","0","0","2026-05-12","2026-05-14","200","253048","0"
"https://docta.me/services/histopathology-of-nevus?lang=en","0","0","2026-07-17","2026-07-19","200","259967","0"
"https://docta.me/services/synacthen-test?lang=en","0","0","2026-07-17","2026-07-19","200","255989","0"
"https://docta.me/services/hbeag-test","0","0","2026-07-22","2026-07-22","200","274965","0"
"https://docta.me/services/primary-choledochoduodenostomy-with-roux-loop","0","0","2026-04-01","2026-04-01","200","131492","0"
"https://docta.me/services/zenker-diverticulum-resection?lang=en","0","0","2026-07-19","2026-07-20","200","270064","0"
"https://docta.me/services/cytomegalovirus-igg-antibody-avidity-elisaelfa","0","0","2026-07-22","2026-07-22","200","277381","0"
"https://docta.me/services/histopathology-of-lung-bilobectomy","0","0","2026-05-08","2026-05-08","200","224194","0"
"https://docta.me/services/sphincterotomy?lang=en","0","0","2026-05-27","2026-05-27","200","0","0"
"https://docta.me/services/chalazion-removal-local-anesthesia?lang=tr","0","0","2026-06-07","2026-06-08","200","329417","0"
"https://docta.me/services/3391","0","0","2026-01-24","2026-01-24","200","104883","0"
"https://docta.me/services/dry-needling","0","0","2026-07-27","2026-06-24","200","362292","0"
"https://docta.me/services/anaerobic-bacterial-culture-of-wound-swab","0","0","2026-07-23","2026-07-22","200","277099","0"
"https://docta.me/services/marion-urethral-tunnelization-plus-cystostomy","0","0","2026-06-15","2026-06-15","200","259720","0"
"https://docta.me/services/collagen-and-elastin-remodeling?lang=en","0","0","2026-07-11","2026-05-05","200","257649","0"
"https://docta.me/services/co2-laser-scar-up-to-10cm","0","0","2026-05-24","2026-05-24","200","253363","0"
"https://docta.me/services/3d-digital-tomosynthesis-mammography?lang=tr","0","0","2026-07-16","2026-05-08","200","260518","0"
"https://docta.me/services/coronary-angiography","0","0","2026-06-16","2026-06-16","200","260885","0"
"https://docta.me/services/progesterone-injection?lang=en","0","0","2026-04-01","2026-04-01","200","132737","0"
"https://docta.me/services/mommy-makeover","0","0","2026-04-01","2026-04-01","200","130527","0"
"https://docta.me/services/histopathology-of-colon-polyp-endoscopic-resection","0","0","2026-06-16","2026-06-16","200","262126","0"
"https://docta.me/services/tummy-tuck-abdominoplasty?lang=en","0","0","2026-04-01","2026-04-01","200","131102","0"
"https://docta.me/services/1761","0","0","2026-01-24","2026-01-24","200","114960","0"
"https://docta.me/services/temporary-ventricular-drainage","0","0","2026-06-09","2026-06-09","200","254939","0"
"https://docta.me/services/open-ventral-hernia-repair","0","0","2026-05-11","2026-05-12","200","233131","0"
"https://docta.me/services/medical-certificate-for-contract-or-will-signing","0","0","2026-06-27","2026-05-12","200","254039","0"
"https://docta.me/services/mri-brain-with-epi-program","0","0","2026-04-06","2026-04-08","200","134198","0"
"https://docta.me/services/temporary-filling-with-medication","0","0","2026-04-09","2026-04-10","200","165097","0"
"https://docta.me/services/chemical-peel","0","0","2026-04-01","2026-04-01","200","130593","0"
"https://docta.me/services/eyelid-correction-surgery?lang=en","0","0","2026-04-01","2026-04-01","200","130687","0"
"https://docta.me/services/hyperhidrosis-botox-treatment?lang=en","0","0","2026-04-01","2026-04-01","200","131172","0"
"https://docta.me/services/quadriceps-rupture-suture","0","0","2026-07-17","2026-06-10","200","275045","0"
"https://docta.me/services/nasogastric-tube-placement?lang=en","0","0","2026-07-13","2026-04-01","200","297914","0"
"https://docta.me/services/pharmacological-stress-echo-test-dobutamine?lang=en","0","0","2026-07-17","2026-07-17","200","282971","0"
"https://docta.me/services/partial-unilateral-thyroidectomy","0","0","2026-05-26","2026-05-26","200","254958","0"
"https://docta.me/services/medical-transport-als-reanimation-team-per-km?lang=en","0","0","2026-05-18","2026-04-01","200","252738","0"
"https://docta.me/services/prp-vampire-facelift-own-plasma?lang=en","0","0","2026-07-13","2026-04-01","200","257675","0"
"https://docta.me/services/dental-crown-lengthening","0","0","2026-07-08","2026-07-10","200","308408","0"
"https://docta.me/services/prp-two-regions","0","0","2026-04-06","2026-04-06","200","134073","0"
"https://docta.me/services/transsternal-thymectomy","0","0","2026-07-03","2026-06-30","200","258816","0"
"https://docta.me/services/palmar-hyperhidrosis-botox-xeomin?lang=en","0","0","2026-07-16","2026-07-16","200","258021","0"
"https://docta.me/services/fungal-identification?lang=en","0","0","2026-07-17","2026-07-17","200","266677","0"
"https://docta.me/services/mri-prostate-multiparametric","0","0","2026-06-12","2026-04-01","200","259498","0"
"https://docta.me/services/follow-up-ophthalmological-examination","0","0","2026-04-01","2026-04-01","200","148474","0"
"https://docta.me/services/alveolar-ridge-leveling","0","0","2026-04-01","2026-04-01","200","140610","0"
"https://docta.me/services/dental-implant-straumann","0","0","2026-04-01","2026-04-01","200","140621","0"
"https://docta.me/services/breast-ultrasound?lang=tr","0","0","2026-04-01","2026-04-01","200","302798","0"
"https://docta.me/services/ischiorectal-abscess-incision-and-drainage?lang=en","0","0","2026-05-27","2026-05-27","200","0","0"
"https://docta.me/services/aerobic-bacterial-culture-of-uterine-cavity-swab","0","0","2026-07-22","2026-07-22","200","277458","0"
"https://docta.me/services/panoramic-jaw-x-ray","0","0","2026-04-20","2026-04-20","200","158009","0"
"https://docta.me/services/filling-retention-with-fiber-post","0","0","2026-05-18","2026-04-01","200","292107","0"
"https://docta.me/services/2314?lang=en","1","0","2026-01-25","2026-01-25","200","103536","0"
"https://docta.me/services/multifocal-iol-surcharge?lang=en","0","0","2026-04-01","2026-04-01","200","130436","0"
"https://docta.me/services/plastic-surgeon-follow-up-examination?lang=en","0","0","2026-04-01","2026-04-01","200","132781","0"
"https://docta.me/services/skull-base-meningioma-removal","0","0","2026-07-08","2026-07-08","200","0","0"
"https://docta.me/services/abortion-with-anesthesia?lang=en","0","0","2026-05-18","2026-04-01","200","250497","0"
"https://docta.me/services/x-ray-hand?lang=en","0","0","2026-07-11","2026-04-01","200","342578","0"
