"URL","Impressions","Clicks","Last crawled","Discovered on","HTTP code","Document size","Backlinks"
"https://docta.me/services/open-pectus-carinatum-correction","4","1","2026-06-09","2026-06-09","200","0","0"
"https://docta.me/services/lower-limb-arteriotomy-and-embolectomy","0","0","","","0","0","0"
"https://docta.me/services/first-infectious-disease-specialist-examination","0","0","","","0","0","0"
"https://docta.me/services/cardiologist-examination?cityids=7","0","0","","","0","0","0"
"https://docta.me/services/serum-uric-acid?lang=tr","0","0","","","0","0","0"
"https://docta.me/services/surgical-preparation-and-cannulation-of-peripheral-vein","0","0","","","0","0","0"
"https://docta.me/services/team-based-patient-evaluation","0","0","","","0","0","0"
"https://docta.me/services/unilateral-antireflux-surgery","0","0","","","0","0","0"
"https://docta.me/services/gynecological-ultrasound?lang=tr","0","0","","","0","0","0"
"https://docta.me/services/left-hemicolectomy-with-colo-colo-anastomosis","0","0","","","0","0","0"
"https://docta.me/services/antibiogram?lang=de","0","0","","","0","0","0"
"https://docta.me/services/4147","0","0","","","0","0","0"
"https://docta.me/services/clinical-intellectual-status-assessment?lang=en","0","0","2026-07-03","2026-07-03","200","0","0"
"https://docta.me/services/cervical-esophagectomy-with-esophagostomy-and-gastrostomy","0","0","","","0","0","0"
"https://docta.me/services/endovascular-stent-graft-in-femoral-artery","0","0","","","0","0","0"
"https://docta.me/services/metatarsal-fracture-manipulation-reduction","0","0","","","0","0","0"
"https://docta.me/services/direct-laryngoscopy-and-hypopharyngoscopy?lang=de","0","0","","","0","0","0"
"https://docta.me/services/renal-cyst-resection","0","0","","","0","0","0"
"https://docta.me/services/popliteal-and-other-leg-arteries-aneurysmectomy-and-reconstruction","0","0","","","0","0","0"
"https://docta.me/services/ptosis-correction-with-frontal-suspension","0","0","","","0","0","0"
"https://docta.me/services/radical-penile-amputation-with-pelvic-dissection","0","0","","","0","0","0"
"https://docta.me/services/open-reduction-of-acetabular-fracture-withwithout-fixation","0","0","","","0","0","0"
"https://docta.me/services/antibiogram-production","0","0","","","0","0","0"
"https://docta.me/services/endoscopic-bladder-lesion-biopsy","0","0","","","0","0","0"
"https://docta.me/services/eyelid-correction-surgery","0","0","2026-04-01","2026-04-01","200","0","0"
"https://docta.me/services/mammography?cityids=11","0","0","","","0","0","0"
"https://docta.me/services/aerobic-bacterial-culture-of-gastric-content","0","0","","","0","0","0"
"https://docta.me/services/tracheostomy-cannula-care","0","0","","","0","0","0"
"https://docta.me/services/glass-ionomer-filling?lang=en","0","0","","","0","0","0"
"https://docta.me/services/first-thoracic-surgeon-examination?lang=ru","0","0","","","0","0","0"
"https://docta.me/services/excision-of-benign-vaginal-lesions","0","0","","","0","0","0"
"https://docta.me/services/amalgam-filling-two-surfaces","0","0","","","0","0","0"
"https://docta.me/services/cranial-bone-defect-plasty","0","0","","","0","0","0"
"https://docta.me/services/bartholin-gland-abscess-incision-and-drainage","0","0","","","0","0","0"
"https://docta.me/services/2143","0","0","","2026-01-24","0","0","0"
"https://docta.me/services/transrectal-prostate-echosonography","0","0","","","0","0","0"
"https://docta.me/services/chest-wall-lesion-excision-with-rib-resection","0","0","","","0","0","0"
"https://docta.me/services/mini-mental-state-examination-mmse?lang=tr","0","0","","","0","0","0"
"https://docta.me/services/acute-infratentorial-subdural-hematoma?lang=en","0","0","","","0","0","0"
"https://docta.me/services/orthopedic-examination-with-2-prp-treatments?lang=tr","0","0","","","0","0","0"
"https://docta.me/services/middle-ear-lesion-biopsy?lang=en","0","0","","","0","0","0"
"https://docta.me/services/reconstruction-of-retinal-and-choroidal-lesions","0","0","","","0","0","0"
"https://docta.me/services/complete-preventive-gynecological-package-examination-ultrasound-pap-vaginal-secretion-colposcopy?lang=en","0","0","","","0","0","0"
"https://docta.me/services/open-abdominal-sterilization","0","0","2026-04-01","","0","0","0"
"https://docta.me/services/skiascopy-in-adults","0","0","","","0","0","0"
"https://docta.me/services/tympanostomy-tube-placement-local-anesthesia","0","0","","","0","0","0"
"https://docta.me/services/nitric-oxide-no-administration","0","0","","","0","0","0"
"https://docta.me/services/simple-cryptectomy?lang=sr-cyrl","0","0","","","0","0","0"
"https://docta.me/services/internal-podalic-version-with-fetal-extraction","0","0","","","0","0","0"
"https://docta.me/services/acute-supratentorial-epidural-hematoma?lang=de","0","0","","","0","0","0"
"https://docta.me/services/simple-cryptectomy?lang=ru","0","0","","","0","0","0"
"https://docta.me/services/screw-retained-implant-crown-cocr?lang=tr","0","0","","","0","0","0"
"https://docta.me/services/lacrimal-duct-irrigation","0","0","","","0","0","0"
"https://docta.me/services/enema-administration-medium?lang=en","0","0","","","0","0","0"
"https://docta.me/services/laparoscopic-tubal-corrective-surgery","0","0","","","0","0","0"
"https://docta.me/services/home-visit-follow-up-curative-examination-over-15-km","0","0","","","0","0","0"
"https://docta.me/services/autovenous-graft-of-inferior-vena-cava","0","0","","","0","0","0"
"https://docta.me/services/condyloma-removal-large-lesion?lang=en","0","0","","","0","0","0"
"https://docta.me/services/ercp-duodenoscopy-with-vater-papilla-cannulation","0","0","","","0","0","0"
"https://docta.me/services/thoracic-aorta-aneurysmectomy-and-reconstruction","0","0","","","0","0","0"
"https://docta.me/services/tone-equalization-exercises","0","0","","","0","0","0"
"https://docta.me/services/lesion-thermocauterization","0","0","","","0","0","0"
"https://docta.me/services/suture-of-smaller-blood-vessels-due-to-injury","0","0","","","0","0","0"
"https://docta.me/services/biorevitalization?lang=en","0","0","","","0","0","0"
"https://docta.me/services/extra-anatomical-axillo-bifemoral-bypass","0","0","","","0","0","0"
"https://docta.me/services/primary-wound-treatment-with-suturing","0","0","","","0","0","0"
"https://docta.me/services/incarcerated-hernia-reduction?lang=tr","0","0","","","0","0","0"
"https://docta.me/services/conjunctivodacryocystorhinostomy-with-jones-tube","0","0","","","0","0","0"
"https://docta.me/services/anti-hbc-antibody-test","0","0","","","0","0","0"
"https://docta.me/services/chronic-patient-nursing-care","0","0","","","0","0","0"
"https://docta.me/services/follow-up-neurosurgeon-examination?cityids=1&lang=en","0","0","","","0","0","0"
"https://docta.me/services/mri-cervical-spine","0","0","2026-04-01","2026-04-01","200","0","0"
"https://docta.me/services/ent-biopsy-ear-throat-nose","0","0","","","0","0","0"
"https://docta.me/services/laparoscopic-ventral-hernia-repair","0","0","","","0","0","0"
"https://docta.me/services/colonoscopy-with-injection-hemostasis?lang=en","0","0","","","0","0","0"
"https://docta.me/services/fiberoptic-laryngoscopy","0","0","","","0","0","0"
"https://docta.me/services/group-psychodynamic-and-sociodynamic-therapy","0","0","","","0","0","0"
"https://docta.me/services/craniectomy-with-icp-monitoring-or-reservoir?lang=tr","0","0","","","0","0","0"
"https://docta.me/services/tube-feeding-per-meal","0","0","","","0","0","0"
"https://docta.me/services/defectology-multidisciplinary-patient-workup","0","0","","","0","0","0"
"https://docta.me/services/skin-and-soft-tissue-traumatic-injury-repair?lang=ru","0","0","","","0","0","0"
"https://docta.me/services/mri-thorax-and-mediastinum","0","0","","","0","0","0"
"https://docta.me/services/total-knee-replacement","0","0","","","0","0","0"
"https://docta.me/services/3958?lang=en","1","0","","2026-01-24","0","0","0"
"https://docta.me/services/recurrent-hernia-after-phs-method-without-infection?lang=en","0","0","","","0","0","0"
"https://docta.me/services/cervical-drug-application?lang=en","0","0","","","0","0","0"
"https://docta.me/services/phaco-vitrectomy","0","0","","","0","0","0"
"https://docta.me/services/3982?lang=en","0","0","","","0","0","0"
"https://docta.me/services/complete-fasciectomy","0","0","2026-07-03","2026-05-30","200","276161","0"
"https://docta.me/services/cervical-polyp-removal-with-histopathology?lang=en","0","0","","","0","0","0"
"https://docta.me/services/3637","0","0","","2026-01-24","0","0","0"
"https://docta.me/services/loop-excision-cervix-with-anesthesia?lang=tr","0","0","","","0","0","0"
"https://docta.me/services/tiva-total-intravenous-anesthesia","0","0","2026-05-09","2026-05-11","200","0","0"
"https://docta.me/services/medical-certificate-for-work-abroad","0","0","","","0","0","0"
"https://docta.me/services/abdominal-wall-plasty","0","0","","","0","0","0"
"https://docta.me/services/arteriovenous-bypass?lang=tr","0","0","","","0","0","0"
"https://docta.me/services/hand-rejuvenation-hyaluronic-fillers?lang=tr","0","0","","","0","0","0"
"https://docta.me/services/ambulatory-blood-pressure-monitoring-abpm","0","0","","","0","0","0"
"https://docta.me/services/first-microbiologist-specialist-examination","0","0","","","0","0","0"
"https://docta.me/services/standard-platelet-concentrate-preparation-from-whole-blood-prp?lang=en","0","0","","","0","0","0"
"https://docta.me/services/frc-post-build-up?lang=en","0","0","","","0","0","0"
"https://docta.me/services/serum-uric-acid?lang=en","0","0","","","0","0","0"
"https://docta.me/services/colonoscopy-with-anesthesia?lang=en","0","0","","","0","0","0"
"https://docta.me/services/corrective-osteotomy-of-extremities","0","0","","","0","0","0"
"https://docta.me/services/cryptococcus-spp-detection-stained-preparation","0","0","","","0","0","0"
"https://docta.me/services/histopathology-of-lymph-node-biopsy","0","0","","","0","0","0"
"https://docta.me/services/follow-up-subspecialist-pediatric-examination","0","0","","","0","0","0"
"https://docta.me/services/1476?lang=en","0","0","","","0","0","0"
"https://docta.me/services/cryotherapy-liquid-nitrogen-over-20-lesions?lang=en","0","0","","","0","0","0"
"https://docta.me/services/uncomplicated-wound-examination-and-dressing","0","0","","","0","0","0"
"https://docta.me/services/hemorrhoid-treatment-with-electric-destruction","0","0","","","0","0","0"
"https://docta.me/services/colposcopy","0","0","2026-06-23","2026-06-24","200","0","0"
"https://docta.me/services/legionella-pneumophila-igg-elisa","0","0","","","0","0","0"
"https://docta.me/services/anterior-low-rectal-resection-with-protective-ileostomy","0","0","","","0","0","0"
"https://docta.me/services/msct-si-joints-and-hips","0","0","","","0","0","0"
"https://docta.me/services/frontal-sinus-revision-fracture-elevation","0","0","","","0","0","0"
"https://docta.me/services/subclavian-artery-or-vein-bypass-with-venous-or-synthetic-graft?lang=de","0","0","","","0","0","0"
"https://docta.me/services/arteriovenous-fistula-for-hemodialysis?lang=en","0","0","","","0","0","0"
"https://docta.me/services/ecg-recording-and-interpretation?lang=ru","0","0","","","0","0","0"
"https://docta.me/services/arterial-blood-ph-measurement","0","0","","","0","0","0"
"https://docta.me/services/metatarsal-osteotomy-one-or-more","0","0","","","0","0","0"
"https://docta.me/services/myringoplasty-general-anesthesia?lang=en","0","0","","","0","0","0"
"https://docta.me/services/neuromuscular-transmission-test","0","0","","","0","0","0"
"https://docta.me/services/eyelid-lesion-injury-and-foreign-body-examination","0","0","","","0","0","0"
"https://docta.me/services/cadcam-e-max-layered-crown","0","0","","","0","0","0"
"https://docta.me/services/joint-blockade-flosteron-lidocaine","0","0","","","0","0","0"
"https://docta.me/services/patronage-nurse-treatment-visit-over-15-km","0","0","","","0","0","0"
"https://docta.me/services/thyroid-fine-needle-biopsy-with-histopathology","0","0","","2026-04-01","0","0","0"
"https://docta.me/services/laser-hemorrhoid-surgery?lang=en","0","0","","","0","0","0"
"https://docta.me/services/internist-examination-with-ecg","0","0","","","0","0","0"
"https://docta.me/services/hospitalization-for-biliary-system-disorders-without-cc?lang=en","0","0","","","0","0","0"
"https://docta.me/services/chronic-subdural-hematoma-hygroma","0","0","","","0","0","0"
"https://docta.me/services/de-epithelialization-of-perforated-tympanic-membrane-edge","0","0","","","0","0","0"
"https://docta.me/services/eeg-after-sleep-deprivation","0","0","","","0","0","0"
"https://docta.me/services/2109?lang=en","0","0","","","0","0","0"
"https://docta.me/services/histopathology-of-gastric-mucosa-endoscopic-biopsy?lang=en","0","0","","","0","0","0"
"https://docta.me/services/axillary-hyperhidrosis-botox-xeomin?lang=tr","0","0","","","0","0","0"
"https://docta.me/services/intramuscular-injection-administration","0","0","","","0","0","0"
"https://docta.me/services/aspiration-drainage-of-empyema?lang=de","0","0","","","0","0","0"
"https://docta.me/services/bone-substitute-material","0","0","","","0","0","0"
"https://docta.me/services/stool-helminth-microscopy-cellophane-tape-method","0","0","","","0","0","0"
"https://docta.me/services/chalazion-removal-local-anesthesia?lang=tr&cityids=2","0","0","","","0","0","0"
"https://docta.me/services/initial-hospital-workup","0","0","","","0","0","0"
"https://docta.me/services/vaginal-delivery-anterior-occiput-presentation","0","0","","","0","0","0"
"https://docta.me/services/acute-supratentorial-subdural-hematoma?lang=sr-cyrl","0","0","","","0","0","0"
"https://docta.me/services/aerobic-bacterial-culture-of-adnexal-contents","0","0","","","0","0","0"
"https://docta.me/services/core-biopsy-with-histopathology-and-receptors","0","0","","","0","0","0"
"https://docta.me/services/anal-fissure-surgery?lang=en","0","0","","","0","0","0"
"https://docta.me/services/x-ray-optic-canal-rhese","0","0","","","0","0","0"
"https://docta.me/services/pulpitis-treatment-two-root-machine?lang=tr","0","0","","","0","0","0"
"https://docta.me/services/cervical-vessel-reconstruction-by-synthetic-bypass","0","0","","","0","0","0"
"https://docta.me/services/wrist-arthrolysis-and-capsular-release","0","0","","","0","0","0"
"https://docta.me/services/direct-coombs-test-gel-method","0","0","","","0","0","0"
"https://docta.me/services/quadriceps-rupture-suture?lang=en","0","0","","","0","0","0"
"https://docta.me/services/percutaneous-nephrostomy-under-fluoroscopic-guidance","0","0","","","0","0","0"
"https://docta.me/services/multi-unit-abutment-with-ti-base","0","0","2026-04-01","","0","0","0"
"https://docta.me/services/podologist-examination?lang=tr","0","0","","","0","0","0"
"https://docta.me/services/3d-implant-planning","0","0","","","0","0","0"
"https://docta.me/services/excision-of-congenital-nasal-fistula?lang=en","0","0","","","0","0","0"
"https://docta.me/services/mommy-makeover?lang=en","0","0","","","0","0","0"
"https://docta.me/services/orbital-implant-removal?lang=tr","0","0","","","0","0","0"
"https://docta.me/services/popliteal-artery-thrombendarterectomy-with-patch","0","0","","","0","0","0"
"https://docta.me/services/x-ray-nose-profiles","0","0","","","0","0","0"
"https://docta.me/services/recurrent-inguinal-hernia-after-phs-method-no-implant-infection","0","0","","","0","0","0"
"https://docta.me/services/ceramic-veneer","0","0","","","0","0","0"
"https://docta.me/services/histopathology-of-tonsillectomy-specimen?lang=en","0","0","","","0","0","0"
"https://docta.me/services/leep-excision","0","0","","","0","0","0"
"https://docta.me/services/4094","0","0","2026-01-24","2026-01-24","200","0","0"
"https://docta.me/services/babesia-spp-detection-stained-blood-smear","0","0","","","0","0","0"
"https://docta.me/services/anterior-hematoma-puncture","0","0","","","0","0","0"
"https://docta.me/services/tympanometry?lang=en","0","0","","","0","0","0"
"https://docta.me/services/surgery-for-very-large-hernia-pediatric-head-size","0","0","","","0","0","0"
"https://docta.me/services/1715","0","0","","","0","0","0"
"https://docta.me/services/single-point-pharmacopuncture","0","0","","","0","0","0"
"https://docta.me/services/renal-artery-arteriotomy-and-embolectomy","0","0","","","0","0","0"
"https://docta.me/services/co2-bath-therapy","0","0","","","0","0","0"
"https://docta.me/services/ultrasound-axilla-and-groin?lang=sr-cyrl","0","0","","","0","0","0"
"https://docta.me/services/aberrant-renal-vessels-resection","0","0","","","0","0","0"
"https://docta.me/services/abdominal-aorta-aneurysmectomy-and-reconstruction","0","0","","","0","0","0"
"https://docta.me/services/1652","0","0","","","0","0","0"
"https://docta.me/services/gastroenterology-ultrasound-examination?lang=tr","0","0","","","0","0","0"
"https://docta.me/services/bilateral-hip-plaster-cast-over-10-years","0","0","","","0","0","0"
"https://docta.me/services/congenital-diaphragmatic-defect-repair?lang=en","0","0","","","0","0","0"
"https://docta.me/services/vein-surgery-one-leg?lang=en","0","0","","","0","0","0"
"https://docta.me/services/4127","0","0","","","0","0","0"
"https://docta.me/services/hidradenitis-suppurativa-surgery?lang=en","0","0","","","0","0","0"
"https://docta.me/services/medical-certificate-for-driving-license-renewal-category-a-b-c-d-e","0","0","","","0","0","0"
"https://docta.me/services/nail-plate-and-matrix-excision","0","0","","","0","0","0"
"https://docta.me/services/endoscopic-electrocoagulation-of-tracheal-lesions","0","0","","","0","0","0"
"https://docta.me/services/melasma-treatment","0","0","","","0","0","0"
"https://docta.me/services/schroth-method-second-child-package-10-treatments","0","0","","","0","0","0"
"https://docta.me/services/pharynx-and-larynx-x-ray","0","0","","","0","0","0"
"https://docta.me/services/arteriovenous-fistula-for-hemodialysis?lang=de","0","0","","","0","0","0"
"https://docta.me/services/3339","0","0","","","0","0","0"
"https://docta.me/services/caldwell-luc-maxillary-sinus-surgery?lang=tr","0","0","","","0","0","0"
"https://docta.me/services/radical-unilateral-inguinal-superficial-lymph-node-dissection","0","0","2026-06-27","2026-06-27","200","0","0"
"https://docta.me/services/manual-therapy","0","0","2026-06-23","2026-06-23","200","0","0"
"https://docta.me/services/metal-free-zirconia-ceramic-crown?cityids=1","0","0","","","0","0","0"
"https://docta.me/services/hospitalization-for-female-reproductive-system-infections","0","0","","","0","0","0"
"https://docta.me/services/nose-correction-rhinoplasty?lang=en","0","0","","","0","0","0"
"https://docta.me/services/bilateral-partial-thyroidectomy-minor","0","0","","","0","0","0"
"https://docta.me/services/excision-of-one-or-more-lesions-without-anastomosis","0","0","","","0","0","0"
"https://docta.me/services/total-bilateral-salpingectomy-open","0","0","","","0","0","0"
"https://docta.me/services/first-neonatologist-examination","0","0","","","0","0","0"
"https://docta.me/services/pyelo-and-nephrostomy","0","0","","","0","0","0"
"https://docta.me/services/nasal-polypectomy-local-anesthesia?lang=en","0","0","","","0","0","0"
"https://docta.me/services/incomplete-miscarriage-evacuation","0","0","","","0","0","0"
"https://docta.me/services/purulent-skin-and-subcutaneous-incision","0","0","","","0","0","0"
"https://docta.me/services/major-laser-intervention-fundus","0","0","","","0","0","0"
"https://docta.me/services/urea-clearance","0","0","","","0","0","0"
"https://docta.me/services/cervical-drug-application","0","0","","","0","0","0"
"https://docta.me/services/excision-of-external-thrombosed-hemorrhoids?lang=tr","0","0","","","0","0","0"
"https://docta.me/services/endoscopic-ultrasound-of-upper-gi-tract","0","0","","","0","0","0"
"https://docta.me/services/expert-organized-assessment","0","0","","","0","0","0"
"https://docta.me/services/histopathology-of-mediastinal-tumor","0","0","","","0","0","0"
"https://docta.me/services/yellow-fever-vaccination","0","0","","","0","0","0"
"https://docta.me/services/aspiration-drainage-of-empyema?lang=tr","0","0","","","0","0","0"
"https://docta.me/services/knee-fixation-bandage","0","0","2026-05-21","2026-05-22","200","0","0"
"https://docta.me/services/myringoplasty-general-anesthesia?lang=ru","0","0","","","0","0","0"
"https://docta.me/services/frozen-section-histopathology-ex-tempore?lang=tr","0","0","","","0","0","0"
"https://docta.me/services/vaginal-myomectomy","0","0","","","0","0","0"
"https://docta.me/services/laser-hair-removal-underarms-men?lang=en","0","0","","","0","0","0"
"https://docta.me/services/postpartum-patronage-visit","0","0","","","0","0","0"
"https://docta.me/services/hospitalization-for-skin-ulcer-without-very-severe-cc","0","0","","","0","0","0"
"https://docta.me/services/professor-dermatologist-examination","0","0","2026-04-01","","0","0","0"
"https://docta.me/services/operating-theatre-costs-tier-i-5-to-20-points?lang=en","0","0","","","0","0","0"
"https://docta.me/services/bilateral-lung-transplantation","0","0","","","0","0","0"
"https://docta.me/services/total-proctocolectomy-with-terminal-ileostomy","0","0","","","0","0","0"
"https://docta.me/services/multi-segment-ultrasound-examination","0","0","2026-06-08","2026-06-09","200","0","0"
"https://docta.me/services/radiology-second-opinion-single-region","0","0","","2026-04-01","0","0","0"
"https://docta.me/services/aerobic-bacterial-culture-of-cannula-insertion-site","0","0","","","0","0","0"
"https://docta.me/services/completion-thyroidectomy-after-partial-strumectomy","0","0","","","0","0","0"
"https://docta.me/services/z-plasty-earlobe-repair?lang=en","0","0","","","0","0","0"
"https://docta.me/services/unilateral-nasal-polyp-ablation-with-ethmoidectomy","0","0","","","0","0","0"
"https://docta.me/services/histopathology-of-aortic-aneurysm?lang=tr","0","0","","","0","0","0"
"https://docta.me/services/aerobic-bacterial-culture-of-cannula-swab","0","0","","","0","0","0"
"https://docta.me/services/thigh-lift?lang=en","0","0","","","0","0","0"
"https://docta.me/services/small-skin-abscess-incision","0","0","","","0","0","0"
"https://docta.me/services/total-gastrectomy?lang=tr","0","0","","","0","0","0"
"https://docta.me/services/follow-up-ent-examination","0","0","","","0","0","0"
"https://docta.me/services/intravenous-cholangiography-through-t-drain","0","0","","","0","0","0"
"https://docta.me/services/histopathology-of-transurethral-bladder-tumor-resection","0","0","","","0","0","0"
"https://docta.me/services/2130?lang=en","0","0","","","0","0","0"
"https://docta.me/services/aerobic-bacterial-culture-of-lochia-swab","0","0","","","0","0","0"
"https://docta.me/services/surgery-for-benign-palate-and-uvula-tumors","0","0","","","0","0","0"
"https://docta.me/services/aerobic-bacterial-culture-of-urinary-catheter-tip-swab","0","0","","","0","0","0"
"https://docta.me/services/cholecystectomy-with-t-tube-drainage","0","0","","","0","0","0"
"https://docta.me/services/scrotal-abscess-incision-and-drainage","0","0","","","0","0","0"
"https://docta.me/services/individual-supportive-therapy","0","0","","","0","0","0"
"https://docta.me/services/nerve-suture-or-marking-without-operating-microscope?lang=tr","0","0","","","0","0","0"
"https://docta.me/services/csf-fistula-plasty?lang=en","0","0","","","0","0","0"
"https://docta.me/services/transthoracic-surgery-of-incarcerated-diaphragmatic-hernia-with-resection?lang=en","0","0","","","0","0","0"
"https://docta.me/services/mononucleosis-test","0","0","","","0","0","0"
"https://docta.me/services/plaster-cast-correction","0","0","","","0","0","0"
"https://docta.me/services/transmetatarsal-foot-amputation","0","0","","","0","0","0"
"https://docta.me/services/accessory-nipple-removal","0","0","","","0","0","0"
"https://docta.me/services/surgery-on-congenital-anomalous-kidneys","0","0","","","0","0","0"
"https://docta.me/services/3806?lang=tr","0","0","","","0","0","0"
"https://docta.me/services/articulation-and-motor-speech-therapy-treatment","0","0","","","0","0","0"
"https://docta.me/services/femoral-artery-aneurysmectomy-and-reconstruction","0","0","","","0","0","0"
"https://docta.me/services/mri-angiography-neck-arteries","0","0","","","0","0","0"
"https://docta.me/services/large-bilateral-subtotal-thyroidectomy","0","0","","","0","0","0"
"https://docta.me/services/vaginal-suppository-application","0","0","","","0","0","0"
"https://docta.me/services/epididymal-abscess-drainage","0","0","","","0","0","0"
"https://docta.me/services/spinal-deformity-rehabilitation","0","0","","","0","0","0"
"https://docta.me/services/adaptometry","0","0","","","0","0","0"
"https://docta.me/services/follow-up-expert-ultrasound","0","0","","","0","0","0"
"https://docta.me/services/adult-personality-structure-assessment?lang=en","0","0","","","0","0","0"
"https://docta.me/services/mri-abdomen-with-mrcp","0","0","","","0","0","0"
"https://docta.me/services/hyalubrix-30mg-with-patient-ampoule?lang=ru","0","0","","","0","0","0"
"https://docta.me/services/total-gastrectomy-with-d2-lymphadenectomy","0","0","","","0","0","0"
"https://docta.me/services/lip-augmentation","0","0","","","0","0","0"
"https://docta.me/services/unilateral-hip-plaster-cast-under-10-years","0","0","","","0","0","0"
"https://docta.me/services/ear-cerumen-irrigation?lang=en","0","0","","","0","0","0"
"https://docta.me/services/histopathology-of-partial-hepatectomy","0","0","","","0","0","0"
"https://docta.me/services/histopathology-of-fallopian-tube","0","0","","","0","0","0"
"https://docta.me/services/hyaluronic-acid-filler-charmony?lang=en","0","0","","","0","0","0"
"https://docta.me/services/gangrene-treatment-three-root","0","0","2026-04-01","2026-04-01","200","0","0"
"https://docta.me/services/resection-and-anastomosis-of-thoracic-aorta-ecc","0","0","","","0","0","0"
"https://docta.me/services/subclavian-artery-thrombendarterectomy-thoracic","0","0","","","0","0","0"
"https://docta.me/services/tongue-swab-culture","0","0","","","0","0","0"
"https://docta.me/services/mommy-makeover?lang=tr","0","0","","","0","0","0"
"https://docta.me/services/medium-atheroma-lipoma-nevus-removal","0","0","","","0","0","0"
"https://docta.me/services/mycoplasma-culture-with-antibiogram?lang=tr","0","0","","","0","0","0"
"https://docta.me/services/atheroma-and-lipoma-excision","0","0","2026-05-31","2026-06-01","200","0","0"
"https://docta.me/services/msct-head-and-chest-native","0","0","","","0","0","0"
"https://docta.me/services/ivf-anesthesia","0","0","","","0","0","0"
"https://docta.me/services/bilateral-total-hip-arthroplasty-single-stage?lang=tr","0","0","","","0","0","0"
"https://docta.me/services/aerobic-bacterial-culture-of-nephrostomy-tube-swab","0","0","","","0","0","0"
"https://docta.me/services/objective-audiometry-bera?lang=tr","0","0","","","0","0","0"
"https://docta.me/services/endoscopic-tracheal-foreign-body-removal","0","0","","","0","0","0"
"https://docta.me/services/dental-implant-swiss","0","0","","","0","0","0"
"https://docta.me/services/resorbable-membrane","0","0","","","0","0","0"
"https://docta.me/services/enema-administration-tb-center","0","0","","","0","0","0"
"https://docta.me/services/food-costs-for-patients-over-1-year","0","0","","","0","0","0"
"https://docta.me/services/tecar-stomach-leg-back","0","0","","","0","0","0"
"https://docta.me/services/liposuction?cityids=1","0","0","","","0","0","0"
"https://docta.me/services/primary-suture-of-ruptured-collateral-ligament","0","0","","","0","0","0"
"https://docta.me/services/ball-attachment-installation-in-existing-denture?lang=en","0","0","","","0","0","0"
"https://docta.me/services/histopathology-of-total-gastric-resection","0","0","2026-05-08","2026-05-08","200","0","0"
"https://docta.me/services/metatarsal-head-ostectomy-one-or-more","0","0","","","0","0","0"
"https://docta.me/services/small-lip-surgical-correction","0","0","","","0","0","0"
"https://docta.me/services/repair-of-second-degree-perineal-tear?lang=ru","0","0","","","0","0","0"
"https://docta.me/services/percutaneous-liver-abscess-drainage-under-ct-guidance","0","0","","","0","0","0"
"https://docta.me/services/colpoperineorrhaphy-repair-of-large-non-obstetric-vaginal-and-perineal-injuries","0","0","","","0","0","0"
"https://docta.me/services/4011?lang=en","0","0","","","0","0","0"
"https://docta.me/services/primary-multi-tendon-flexor-repair-with-excision","0","0","","","0","0","0"
"https://docta.me/services/closed-manipulative-reduction-of-acetabular-fracture-with-traction","0","0","","","0","0","0"
"https://docta.me/services/botox-wrinkle-correction-and-hyperhidrosis-treatment?lang=tr","0","0","","","0","0","0"
"https://docta.me/services/2065?lang=en","0","0","","2026-01-28","0","0","0"
"https://docta.me/services/ultraformer-full-face-and-neck-lift","0","0","","","0","0","0"
"https://docta.me/services/laser-hair-removal-forearms-women","0","0","2026-05-03","2026-05-04","200","0","0"
"https://docta.me/services/transesophageal-echocardiography-tee","0","0","","","0","0","0"
"https://docta.me/services/extremity-coordination-and-gait-balance-exercises","0","0","","","0","0","0"
"https://docta.me/services/laser-hair-removal-beard-men","0","0","","","0","0","0"
"https://docta.me/services/endometrial-polypectomy","0","0","","","0","0","0"
"https://docta.me/services/vaginal-fungal-culture","0","0","","","0","0","0"
"https://docta.me/services/fixed-prosthetic-impression?lang=tr","0","0","","","0","0","0"
"https://docta.me/services/mycoplasma-culture-with-antibiogram?lang=de","0","0","","","0","0","0"
"https://docta.me/services/upper-extremities-vascular-examination-with-doppler","0","0","","","0","0","0"
"https://docta.me/services/spinal-tumor-surgery?lang=ru","0","0","","","0","0","0"
"https://docta.me/services/closed-manipulation-reduction-of-ulnar-diaphysis-fracture?lang=en","0","0","","","0","0","0"
"https://docta.me/services/periodontal-scaling-root-planing?lang=tr","0","0","","","0","0","0"
"https://docta.me/services/prp-facial-treatment?lang=en","0","0","","","0","0","0"
"https://docta.me/services/demodex-test?lang=ru","0","0","","","0","0","0"
"https://docta.me/services/testicular-ultrasound?lang=tr","0","0","","","0","0","0"
"https://docta.me/services/partial-cystectomy-without-orifice-resection","0","0","","","0","0","0"
"https://docta.me/services/fixation-bandage?lang=en","0","0","","","0","0","0"
"https://docta.me/services/parental-developmental-stimulation-training","0","0","","","0","0","0"
"https://docta.me/services/specialist-examination-type-2","0","0","","","0","0","0"
"https://docta.me/services/pleural-biopsy?lang=tr","0","0","","","0","0","0"
"https://docta.me/services/bartholin-gland-incision-and-marsupialization?lang=sr-cyrl","0","0","","","0","0","0"
"https://docta.me/services/preparation-of-washed-erythrocytes","0","0","","","0","0","0"
"https://docta.me/services/activities-of-daily-living-adl-test","0","0","","","0","0","0"
"https://docta.me/services/blink-reflex-test?lang=tr","0","0","","","0","0","0"
"https://docta.me/services/bilateral-retrograde-ureteropyelography-in-females","0","0","","","0","0","0"
"https://docta.me/services/histopathology-of-salivary-gland-tumor","0","0","","","0","0","0"
"https://docta.me/services/direct-intrahepatic-bile-duct-gi-anastomosis","0","0","","","0","0","0"
"https://docta.me/services/laparoscopic-left-hemicolectomy-with-stoma-formation","0","0","","","0","0","0"
"https://docta.me/services/small-bowel-resection-with-anastomosis","0","0","","","0","0","0"
"https://docta.me/services/liver-echinococcal-cyst-surgery","0","0","","","0","0","0"
"https://docta.me/services/myringoplasty-with-ossicular-chain-reconstruction?lang=en","0","0","","","0","0","0"
"https://docta.me/services/double-balloon-enteroscopy-of-small-intestine?lang=en","0","0","","","0","0","0"
"https://docta.me/services/mri-brain-and-spinal-cord?lang=tr","0","0","","","0","0","0"
"https://docta.me/services/extensive-scalp-soft-tissue-tumor-removal-with-bone-destruction?lang=sr-cyrl","0","0","","","0","0","0"
"https://docta.me/services/medical-certificate-disability-suspicion?lang=en","0","0","","","0","0","0"
"https://docta.me/services/gastroesophageal-antireflux-surgery?lang=en","0","0","","","0","0","0"
"https://docta.me/services/biorevitalization-2","0","0","","","0","0","0"
"https://docta.me/services/home-visit-city-center","0","0","","","0","0","0"
"https://docta.me/services/follow-up-gastroenterologist-examination","0","0","","","0","0","0"
"https://docta.me/services/standard-platelet-concentrate-unit-rh-negative","0","0","","","0","0","0"
"https://docta.me/services/male-breast-reduction-gynecomastia","0","0","","","0","0","0"
"https://docta.me/services/tracheal-suture-collar-approach","0","0","","","0","0","0"
"https://docta.me/services/orbital-reparation","0","0","","","0","0","0"
"https://docta.me/services/surgical-tooth-extraction","0","0","","","0","0","0"
"https://docta.me/services/paraphimosis-reduction","0","0","2026-07-05","2026-07-05","200","0","0"
"https://docta.me/services/suprasellar-or-parasellar-tumor-removal?lang=de","0","0","","","0","0","0"
"https://docta.me/services/donor-monitoring","0","0","","","0","0","0"
"https://docta.me/services/overdenture-on-mini-implants","0","0","","","0","0","0"
"https://docta.me/services/pulpitis-treatment-three-root-machine?lang=tr","0","0","","","0","0","0"
"https://docta.me/services/hearing-aid-fitting?lang=tr","0","0","","","0","0","0"
"https://docta.me/services/aerobic-bacterial-culture-of-placental-tissue","0","0","","","0","0","0"
"https://docta.me/services/pediatric-developmental-assessment-consilium","0","0","","","0","0","0"
"https://docta.me/services/bartholin-gland-and-vulva-incision-and-drainage","0","0","","","0","0","0"
"https://docta.me/services/eyelid-tumor-excision-with-skin-flap","0","0","","","0","0","0"
"https://docta.me/services/abo-blood-group-determination-gel-method","0","0","","","0","0","0"
"https://docta.me/services/follow-up-ophthalmologist-examination","0","0","","","0","0","0"
"https://docta.me/services/apc-coagulation-of-colon","0","0","","","0","0","0"
"https://docta.me/services/resection-and-anastomosis-of-thoracic-aorta?lang=en","0","0","","","0","0","0"
"https://docta.me/services/enucleation-or-excision-of-external-thrombosed-hemorrhoids?lang=sr-cyrl","0","0","","","0","0","0"
"https://docta.me/services/tympanostomy-tube-placement-general-anesthesia","0","0","","","0","0","0"
"https://docta.me/services/congenital-cataract-surgery-with-iol-implantation?lang=en","0","0","","","0","0","0"
"https://docta.me/services/spirometry?cityids=7","0","0","","","0","0","0"
"https://docta.me/services/preoperative-ophthalmological-examination","0","0","","","0","0","0"
"https://docta.me/services/pharmacological-test-for-myocardial-ischemia?lang=de","0","0","","","0","0","0"
"https://docta.me/services/2283","0","0","","","0","0","0"
"https://docta.me/services/iliac-arteries-aneurysmectomy-and-reconstruction","0","0","","","0","0","0"
"https://docta.me/services/laser-teeth-whitening","0","0","","","0","0","0"
"https://docta.me/services/lower-extremities-vascular-examination-with-doppler?lang=en&cityids=1","0","0","","","0","0","0"
"https://docta.me/services/anterior-vaginal-wall-repair","0","0","","","0","0","0"
"https://docta.me/services/orthopedic-ultrasound-single-joint?cityids=1","0","0","","","0","0","0"
"https://docta.me/services/pancreatic-pseudocyst-with-internal-drainage","0","0","2026-04-19","2026-04-19","200","0","0"
"https://docta.me/services/pleural-drainage?lang=en","0","0","","","0","0","0"
"https://docta.me/services/bladder-neck-resection-with-stone-extraction","0","0","","","0","0","0"
"https://docta.me/services/colon-diverting-stoma-without-resection","0","0","","","0","0","0"
"https://docta.me/services/fistula-symptom-search","0","0","","","0","0","0"
"https://docta.me/services/capillary-blood-draw?cityids=10","0","0","","","0","0","0"
"https://docta.me/services/supraspinatus-or-other-rotator-cuff-tendon-repair","0","0","","","0","0","0"
"https://docta.me/services/cataract-surgery-with-panoptix-clareon-iol","0","0","","","0","0","0"
"https://docta.me/services/macular-laser-stimulation-5-sessions","0","0","","","0","0","0"
"https://docta.me/services/selective-arteriography-celiac-superior-and-inferior-mesenteric-renal-arteries","0","0","","","0","0","0"
"https://docta.me/services/saphenous-vein-corpus-cavernosum-shunt","0","0","","","0","0","0"
"https://docta.me/services/composite-filling-on-primary-tooth","0","0","","","0","0","0"
"https://docta.me/services/sleeve-gastrectomy?lang=en","0","0","","","0","0","0"
"https://docta.me/services/hallux-valgus-correction-with-x-ostectomy","0","0","","","0","0","0"
"https://docta.me/services/histopathology-of-cervical-biopsy?lang=ru","0","0","","","0","0","0"
"https://docta.me/services/eyelid-deformity-surgery","0","0","","","0","0","0"
"https://docta.me/services/peripheral-nerve-transplantation?lang=ru","0","0","","","0","0","0"
"https://docta.me/services/thoracoscopic-thymectomy","0","0","","","0","0","0"
"https://docta.me/services/nutritionist-specialist-examination","1","0","2026-04-01","2026-04-01","200","0","0"
"https://docta.me/services/unilateral-adrenalectomy","0","0","2026-06-01","2026-06-01","200","0","0"
"https://docta.me/services/medical-certificate-for-taxi-driver?lang=ru","0","0","","","0","0","0"
"https://docta.me/services/fungal-nail-treatment?lang=en","0","0","","","0","0","0"
"https://docta.me/services/3723","0","0","","","0","0","0"
"https://docta.me/services/acute-subdural-hematoma-evacuation","0","0","2026-05-13","2026-05-13","200","0","0"
"https://docta.me/services/filling-revision?lang=tr","0","0","","","0","0","0"
"https://docta.me/services/hand-tumors","0","0","","","0","0","0"
"https://docta.me/services/all-on-4-acrylic-titanium?lang=ru","0","0","","","0","0","0"
"https://docta.me/services/preoperative-cataract-examination-with-therapy","0","0","","","0","0","0"
"https://docta.me/services/immediate-implant-placement?lang=tr","0","0","","","0","0","0"
"https://docta.me/services/x-ray-both-knees-two-views?lang=en","0","0","","","0","0","0"
"https://docta.me/services/stomach-polypectomy?lang=tr","0","0","","","0","0","0"
"https://docta.me/services/bronchial-lesion-excision-via-bronchoscopy","0","0","","","0","0","0"
"https://docta.me/services/dental-consultation-with-treatment-plan","0","0","","","0","0","0"
"https://docta.me/services/pudendal-block","0","0","","","0","0","0"
"https://docta.me/services/laser-vocal-cord-surgery-polyps","0","0","","","0","0","0"
"https://docta.me/services/aesthetic-atheroma-removal","0","0","","","0","0","0"
"https://docta.me/services/iud-insertion-under-general-anesthesia?lang=en","0","0","","","0","0","0"
"https://docta.me/services/inhalation-therapy?lang=en","0","0","","","0","0","0"
"https://docta.me/services/radiology-second-opinion-two-regions?lang=en","0","0","","","0","0","0"
"https://docta.me/services/peripheral-nerve-transplantation?lang=sr-cyrl","0","0","","","0","0","0"
"https://docta.me/services/home-visit-outside-city","0","0","","","0","0","0"
"https://docta.me/services/companion-boarding-general-and-special-hospitals?lang=en","0","0","","","0","0","0"
"https://docta.me/services/1529?lang=en","0","0","","","0","0","0"
"https://docta.me/services/hymen-excision","0","0","","","0","0","0"
"https://docta.me/services/plasmodium-spp-detection-stained-thick-blood-film","0","0","","","0","0","0"
"https://docta.me/services/follow-up-ultrasound-examination","0","0","","","0","0","0"
"https://docta.me/services/histopathology-of-ear-canal-lesion","0","0","","","0","0","0"
"https://docta.me/services/spirometry?lang=de","0","0","","","0","0","0"
"https://docta.me/services/dermabrasion","0","0","","","0","0","0"
"https://docta.me/services/pulpitis-treatment-two-root-niti","0","0","","","0","0","0"
"https://docta.me/services/resection-and-anastomosis-of-extraintracranial-arteries-cervical","0","0","","","0","0","0"
"https://docta.me/services/carpal-tunnel-surgery?lang=en","0","0","","","0","0","0"
"https://docta.me/services/daily-intraocular-pressure-profile?lang=tr&cityids=1","0","0","","","0","0","0"
"https://docta.me/services/follow-up-dental-examination","0","0","","","0","0","0"
"https://docta.me/services/primary-wound-care-without-sutures","0","0","","","0","0","0"
"https://docta.me/services/oroantral-closure-without-sinus-involvement","0","0","","","0","0","0"
"https://docta.me/services/meibomian-gland-curettage","0","0","","","0","0","0"
"https://docta.me/services/frenulum-resection","0","0","","","0","0","0"
"https://docta.me/services/hydrocephalus-external-ventricular-drainage-adults","0","0","","","0","0","0"
"https://docta.me/services/infected-tooth-drainage","0","0","","","0","0","0"
"https://docta.me/services/urethral-carcinoma-excision-urethrectomy","0","0","","","0","0","0"
"https://docta.me/services/excision-of-congenital-nasal-fistula","0","0","","","0","0","0"
"https://docta.me/services/lacrimal-sac-and-gland-excision","0","0","","","0","0","0"
"https://docta.me/services/follow-up-intra-articular-injection","0","0","","","0","0","0"
"https://docta.me/services/mri-brain-with-orbits","0","0","","","0","0","0"
"https://docta.me/services/2241?lang=en","0","0","","","0","0","0"
"https://docta.me/services/histopathology-of-total-cystectomy?lang=en","0","0","","","0","0","0"
"https://docta.me/services/professor-3d-tomosynthesis-mammography?lang=tr","0","0","","","0","0","0"
"https://docta.me/services/anti-hepatitis-a-virus-igg-antibodies-elisa","0","0","","","0","0","0"
"https://docta.me/services/breast-reconstruction-after-mastectomy?lang=en","0","0","","","0","0","0"
"https://docta.me/services/1488","0","0","","2026-01-24","0","0","0"
"https://docta.me/services/inflamed-bursitis-surgical-treatment","0","0","","","0","0","0"
"https://docta.me/services/cranial-bone-defect-plasty?lang=sr-cyrl","0","0","","","0","0","0"
"https://docta.me/services/hair-demodex-examination","0","0","","","0","0","0"
"https://docta.me/services/inferior-vena-cava-bypass-reconstruction","0","0","","","0","0","0"
"https://docta.me/services/visual-field-test-both-eyes","0","0","","","0","0","0"
"https://docta.me/services/diffusion-and-spirometry?lang=en","0","0","","","0","0","0"
"https://docta.me/services/antiembolic-filter-placement","0","0","","","0","0","0"
"https://docta.me/services/follow-up-specialist-examination-type-1","0","0","","","0","0","0"
"https://docta.me/services/reduction-of-incarcerated-hernia","0","0","","","0","0","0"
"https://docta.me/services/excision-of-congenital-nasal-fistula?lang=de","0","0","","","0","0","0"
"https://docta.me/services/choledochotomy-with-biliary-intestinal-anastomosis","0","0","","","0","0","0"
"https://docta.me/services/laryngomicroscopy-with-biopsy-and-excision","0","0","","","0","0","0"
"https://docta.me/services/pediatric-echinococcal-lung-cyst-surgery","0","0","","","0","0","0"
"https://docta.me/services/sinus-ultrasound","0","0","","","0","0","0"
"https://docta.me/services/congenital-nasolacrimal-duct-obstruction-surgery?lang=tr","0","0","","","0","0","0"
"https://docta.me/services/general-iv-anesthesia?lang=en","0","0","","","0","0","0"
"https://docta.me/services/arteriography","0","0","","","0","0","0"
"https://docta.me/services/compression-syndrome-carpal-tunnel?lang=en","0","0","","","0","0","0"
"https://docta.me/services/preventive-examination-for-kindergarten-and-school-enrollment","0","0","","","0","0","0"
"https://docta.me/services/meningococcal-meningitis-vaccination","0","0","","","0","0","0"
"https://docta.me/services/2259","0","0","","","0","0","0"
"https://docta.me/services/cholecystectomy-with-choledochostomy-and-drainage","0","0","","","0","0","0"
"https://docta.me/services/urine-fungal-culture","0","0","","","0","0","0"
"https://docta.me/services/ent-topical-treatment-application?lang=en","0","0","","","0","0","0"
"https://docta.me/services/lymph-node-extirpation?lang=en","0","0","","","0","0","0"
"https://docta.me/services/visceral-osteopathy?cityids=1","0","0","","","0","0","0"
"https://docta.me/services/colostomy-closure-with-bowel-continuity-restoration","0","0","","","0","0","0"
"https://docta.me/services/manual-uterine-cavity-revision","0","0","","","0","0","0"
"https://docta.me/services/hidradenitis-suppurativa-surgery?lang=tr","0","0","","","0","0","0"
"https://docta.me/services/arm-splint-shoulder-to-hand-over-10-years","0","0","","","0","0","0"
"https://docta.me/services/histochemical-staining-methods","0","0","","","0","0","0"
"https://docta.me/services/msct-single-region-native","0","0","","","0","0","0"
"https://docta.me/services/prp-treatment-for-intimate-rejuvenation-women-and-men?lang=en","0","0","","","0","0","0"
"https://docta.me/services/denture-retention-system-bredent","0","0","","","0","0","0"
"https://docta.me/services/indirect-immunofluorescence-microscopy-of-blood-vessel-ana-ama","0","0","","","0","0","0"
"https://docta.me/services/pheochromocytoma-surgery","0","0","","","0","0","0"
"https://docta.me/services/unilateral-laparoscopic-inguinal-hernia-repair","0","0","","","0","0","0"
"https://docta.me/services/aerobic-bacterial-culture-of-abdominal-drain-swab","0","0","","","0","0","0"
"https://docta.me/services/submandibular-duct-calculus-extraction","0","0","","","0","0","0"
"https://docta.me/services/strabismus-surgery","0","0","","","0","0","0"
"https://docta.me/services/juvederm-volbella-filler?lang=en","0","0","","","0","0","0"
"https://docta.me/services/esophageal-perforation-repair-with-mediastinitis","0","0","","","0","0","0"
"https://docta.me/services/2297?lang=en","0","0","","","0","0","0"
"https://docta.me/services/individual-defectology-treatment-school-child","0","0","","","0","0","0"
"https://docta.me/services/pyelotomy-with-drainage","0","0","","","0","0","0"
"https://docta.me/services/cryotherapy-liquid-nitrogen-up-to-5-lesions?lang=en","0","0","","","0","0","0"
"https://docta.me/services/umbilical-vein-catheterization","0","0","","","0","0","0"
"https://docta.me/services/intravesical-drug-instillation","0","0","","","0","0","0"
"https://docta.me/services/foot-callus-surgical-removal","0","0","","","0","0","0"
"https://docta.me/services/neck-lift","0","0","","","0","0","0"
"https://docta.me/services/eye-swab-conjunctiva-and-lid-margin","0","0","","","0","0","0"
"https://docta.me/services/home-visit-follow-up-curative-examination-5-to-15-km","0","0","","","0","0","0"
"https://docta.me/services/mri-pituitary-gland-sella-turcica","0","0","","","0","0","0"
"https://docta.me/services/percutaneous-ureter-recanalization","0","0","","","0","0","0"
"https://docta.me/services/prepuce-swab-culture","0","0","","","0","0","0"
"https://docta.me/services/hysterosalpingography?lang=en","0","0","","","0","0","0"
"https://docta.me/services/abdominal-femoral-plaster-reduction","0","0","","","0","0","0"
"https://docta.me/services/ent-silver-nitrate-cauterization","0","0","","","0","0","0"
"https://docta.me/services/medical-certificate-for-driving-license-category-a-b-c-d-e","0","0","2026-07-15","","0","0","0"
"https://docta.me/services/pulpitis-treatment-two-root-niti?lang=tr","0","0","","","0","0","0"
"https://docta.me/services/incision?lang=en","0","0","","","0","0","0"
"https://docta.me/services/2236?lang=en","0","0","","","0","0","0"
"https://docta.me/services/intratubal-antibiotic-injection?lang=ru","0","0","","","0","0","0"
"https://docta.me/services/spermatocele-excision-with-epididymectomy","0","0","","","0","0","0"
"https://docta.me/services/first-pediatric-and-adolescent-gynecology-examination?lang=en","0","0","","","0","0","0"
"https://docta.me/services/acute-supratentorial-subdural-hematoma","0","0","","","0","0","0"
"https://docta.me/services/medical-certificate-for-driving-instructor-category-b-c-d-e?lang=ru","0","0","","","0","0","0"
"https://docta.me/services/medical-certificate-for-university-enrollment?lang=tr","0","0","","","0","0","0"
"https://docta.me/services/msct-urinary-tract-native","0","0","2026-04-26","2026-04-26","200","0","0"
"https://docta.me/services/transvaginal-incontinence-correction-tottvt-tape","0","0","","","0","0","0"
"https://docta.me/services/pediatric-dentist-consultation?lang=en","0","0","","","0","0","0"
"https://docta.me/services/cervical-biopsy","0","0","","","0","0","0"
"https://docta.me/services/medical-certificate-for-underage-marriage?lang=en","0","0","","","0","0","0"
"https://docta.me/services/visceral-vessels-suture","0","0","","","0","0","0"
"https://docta.me/services/urinalysis-with-sediment-microscopy","0","0","","","0","0","0"
"https://docta.me/services/aerobic-bacterial-culture-of-aortic-valve-swab","0","0","","","0","0","0"
"https://docta.me/services/cholecystectomy-with-open-choledochus-exploration","0","0","","","0","0","0"
"https://docta.me/services/urine-creatinine?lang=en","0","0","","","0","0","0"
"https://docta.me/services/holter-blood-pressure-24h?lang=en","0","0","","","0","0","0"
"https://docta.me/services/esophagogastroduodenoscopy-with-band-ligation","0","0","","","0","0","0"
"https://docta.me/services/hospitalization-for-uncomplicated-peptic-ulcer","0","0","","","0","0","0"
"https://docta.me/services/hygroma-extirpation","0","0","","","0","0","0"
"https://docta.me/services/root-canal-treatment-second-root?lang=tr","0","0","","","0","0","0"
"https://docta.me/services/histopathology-of-neck-cyst?lang=en","0","0","","","0","0","0"
"https://docta.me/services/medical-certificate-for-athletes?lang=en","0","0","","","0","0","0"
"https://docta.me/services/wound-swab-sampling?lang=ru","0","0","","","0","0","0"
"https://docta.me/services/soft-tissue-ultrasound?lang=en","0","0","","","0","0","0"
"https://docta.me/services/foreign-body-removal-from-blood-vessels","0","0","","","0","0","0"
"https://docta.me/services/composite-filling","0","0","","","0","0","0"
"https://docta.me/services/male-package","0","0","","","0","0","0"
"https://docta.me/services/adult-examination-for-registered-tb?lang=ru","0","0","","","0","0","0"
"https://docta.me/services/medical-certificate-for-boat-operation-up-to-12-meters?lang=ru","0","0","","","0","0","0"
"https://docta.me/services/vesicocutaneous-fistula-closure","0","0","","","0","0","0"
"https://docta.me/services/3551","0","0","","","0","0","0"
"https://docta.me/services/follow-up-curative-examination","0","0","","","0","0","0"
"https://docta.me/services/right-hemicolectomy-extended-with-stoma-formation","0","0","","","0","0","0"
"https://docta.me/services/manual-therapy?lang=en","0","0","","","0","0","0"
"https://docta.me/services/emergency-ligation-for-major-vascular-hemorrhage-of-necktrunk","0","0","","","0","0","0"
"https://docta.me/services/trichomonas-vaginalis-native-examination","0","0","","","0","0","0"
"https://docta.me/services/specific-reading-disorder-assessment","0","0","","","0","0","0"
"https://docta.me/services/laparoscopic-incarcerated-inguinal-hernia-repair","0","0","","","0","0","0"
"https://docta.me/services/coxiella-burnetii-igg-antibodies-phase-2-elisa","0","0","","","0","0","0"
"https://docta.me/services/melasma-treatment?lang=en","0","0","","","0","0","0"
"https://docta.me/services/histopathology-of-prostate-biopsy","0","0","","","0","0","0"
"https://docta.me/services/orbital-implant-exchange","0","0","","","0","0","0"
"https://docta.me/services/laser-hair-removal-chin-and-under-chin-women?lang=en","0","0","","","0","0","0"
"https://docta.me/services/repositioning-maneuver-for-bppv-treatment?lang=ru","0","0","","","0","0","0"
"https://docta.me/services/cyst-aspiration-puncture?lang=en","0","0","","","0","0","0"
"https://docta.me/services/subtotal-gastrectomy-with-d2-lymphadenectomy","0","0","","","0","0","0"
"https://docta.me/services/direct-bilateral-tep-inguinal-hernia-repair","0","0","","","0","0","0"
"https://docta.me/services/plaster-splint-hip-to-ankle-and-toes-under-10-years","0","0","","","0","0","0"
"https://docta.me/services/genital-condyloma-removal-grade-1","0","0","","","0","0","0"
"https://docta.me/services/1751?lang=tr","0","0","","","0","0","0"
"https://docta.me/services/radiowave-skin-lesion-removal?lang=tr","0","0","","","0","0","0"
"https://docta.me/services/bladder-catheterization-in-males","0","0","","","0","0","0"
"https://docta.me/services/laparoscopic-liver-biopsy?lang=en","0","0","","","0","0","0"
"https://docta.me/services/repositioning-maneuver-for-bppv-treatment?lang=en","0","0","","","0","0","0"
"https://docta.me/services/child-follow-up-hospital-round","0","0","","","0","0","0"
"https://docta.me/services/therapeutic-bandage-contact-lens-application","0","0","","","0","0","0"
"https://docta.me/services/percutaneous-nephrostomy-under-ct-guidance","0","0","","","0","0","0"
"https://docta.me/services/electrocochleography-in-adults","0","0","","","0","0","0"
"https://docta.me/services/professor-cardiologist-examination?lang=en","0","0","","","0","0","0"
"https://docta.me/services/histopathology-of-skin-biopsy","0","0","","","0","0","0"
"https://docta.me/services/intravenous-urography","0","0","","","0","0","0"
"https://docta.me/services/nonunion-and-malunion-fracture-treatment","0","0","","","0","0","0"
"https://docta.me/services/open-cholecystectomy?lang=ru","0","0","","","0","0","0"
"https://docta.me/services/carotid-aneurysmectomy-and-reconstruction","0","0","","","0","0","0"
"https://docta.me/services/intraoral-x-ray?lang=en","0","0","","","0","0","0"
"https://docta.me/services/leep-excision-with-histopathology-under-sedation","0","0","","","0","0","0"
"https://docta.me/services/x-ray-pelvis-with-hips?lang=ru","0","0","","","0","0","0"
"https://docta.me/services/multiple-unilateral-thoracocentesis?lang=sr-cyrl","0","0","","","0","0","0"
"https://docta.me/services/bleeding-control-dental","0","0","","","0","0","0"
"https://docta.me/services/cystectomy-3-teeth","0","0","","","0","0","0"
"https://docta.me/services/pediatric-allergologist-examination?lang=de","0","0","","","0","0","0"
"https://docta.me/services/histopathology-of-appendectomy-specimen","0","0","","","0","0","0"
"https://docta.me/services/non-surgical-rejuvenation-fillers","0","0","","","0","0","0"
"https://docta.me/services/transabdominal-diaphragmatic-rupture-repair?lang=en","0","0","","","0","0","0"
"https://docta.me/services/transthoracic-esophagocardiomyotomy-with-hiatus-repair","0","0","","","0","0","0"
"https://docta.me/services/organized-sociotherapy","0","0","","","0","0","0"
"https://docta.me/services/anaerobic-bacterial-culture-of-blood","0","0","","","0","0","0"
"https://docta.me/services/first-pulmonologist-curative-examination","0","0","","","0","0","0"
"https://docta.me/services/active-assisted-exercises-in-water","0","0","","","0","0","0"
"https://docta.me/services/total-mastopexy","0","0","","","0","0","0"
"https://docta.me/services/histopathology-of-total-gastrectomy","0","0","","","0","0","0"
"https://docta.me/services/spinal-adhesions-lysis","0","0","","","0","0","0"
"https://docta.me/services/hepatobiliary-x-ray","0","0","","","0","0","0"
"https://docta.me/services/speech-therapy-somatopedic-and-oligophrenological-assessment","0","0","","","0","0","0"
"https://docta.me/services/special-needs-child-psychomotor-development-assessment","0","0","","","0","0","0"
"https://docta.me/services/heavy-dental-scaling-and-polishing","0","0","","","0","0","0"
"https://docta.me/services/cast-post-and-core?cityids=8","0","0","","","0","0","0"
"https://docta.me/services/medical-certificate-for-high-risk-work?lang=en","0","0","","","0","0","0"
"https://docta.me/services/professor-ultrasound-two-regions?lang=tr","0","0","","","0","0","0"
"https://docta.me/services/abscess-incision-extraoral","0","0","","","0","0","0"
"https://docta.me/services/home-visit-type-2","0","0","","","0","0","0"
"https://docta.me/services/endoscopic-pleural-biopsy?lang=tr","0","0","","","0","0","0"
"https://docta.me/services/teeth-whitening-gel-syringe?lang=en","0","0","","","0","0","0"
"https://docta.me/services/primary-tooth-pulp-treatment","0","0","","","0","0","0"
"https://docta.me/services/otoplasty?cityids=1","0","0","","","0","0","0"
"https://docta.me/services/digital-dermoscopy-up-to-5-moles","0","0","","","0","0","0"
"https://docta.me/services/dynamic-pituitary-function-tests","0","0","","","0","0","0"
"https://docta.me/services/aerobic-bacterial-culture-of-nasogastric-tube-lavage-fluid","0","0","","","0","0","0"
"https://docta.me/services/primary-tooth-extraction-non-resorbed-root","0","0","","","0","0","0"
"https://docta.me/services/shock-wave-therapy?cityids=1","0","0","","","0","0","0"
"https://docta.me/services/pediatric-psychomotor-development-assessment","0","0","","","0","0","0"
"https://docta.me/services/standard-nursing-care-for-patients-over-7-years","0","0","","","0","0","0"
"https://docta.me/services/repositioning-maneuver-for-bppv-treatment?lang=de","0","0","","","0","0","0"
"https://docta.me/services/below-knee-amputation-through-tibia-and-fibula","0","0","","","0","0","0"
"https://docta.me/services/burn-wound-care","0","0","","","0","0","0"
"https://docta.me/services/colon-x-ray-through-stoma","0","0","","","0","0","0"
"https://docta.me/services/hyalift-75-pro-skin-booster?lang=en","0","0","","","0","0","0"
"https://docta.me/services/shoulder-plaster-cast-under-10-years","0","0","","","0","0","0"
"https://docta.me/services/pacemaker-icd-and-crt-device-testing?lang=en","0","0","","","0","0","0"
"https://docta.me/services/histopathology-of-cholecystectomy-specimen","0","0","","","0","0","0"
"https://docta.me/services/puerperal-breast-abscess-incision","0","0","","","0","0","0"
"https://docta.me/services/receding-chin-correction?lang=tr","0","0","","","0","0","0"
"https://docta.me/services/foreign-body-removal-from-skin-and-subcutaneous-tissue","0","0","","","0","0","0"
"https://docta.me/services/serum-creatinine","0","0","","","0","0","0"
"https://docta.me/services/skin-and-soft-tissue-traumatic-injury-repair?lang=tr","0","0","","","0","0","0"
"https://docta.me/services/adult-individual-function-clinical-testing","0","0","","","0","0","0"
"https://docta.me/services/endocrinologist-examination-with-thyroid-ultrasound?lang=tr","0","0","","","0","0","0"
"https://docta.me/services/pancreatic-abscess-incision-and-drainage","0","0","","","0","0","0"
"https://docta.me/services/corrective-procedures-on-renal-vessels","0","0","","","0","0","0"
"https://docta.me/services/pericardial-pleural-effusion-ultrasound-check?lang=tr","0","0","","","0","0","0"
"https://docta.me/services/suprasellar-or-parasellar-tumor-removal?lang=tr","0","0","","","0","0","0"
"https://docta.me/services/x-ray-foreign-body-localization?lang=tr","0","0","","","0","0","0"
"https://docta.me/services/serum-triglycerides","0","0","","","0","0","0"
"https://docta.me/services/4087","0","0","","","0","0","0"
"https://docta.me/services/visceral-osteopathy?lang=en","0","0","","","0","0","0"
"https://docta.me/services/single-segment-cbct-scan?lang=en","0","0","","","0","0","0"
"https://docta.me/services/otoplasty-general-anesthesia","0","0","","","0","0","0"
"https://docta.me/services/implant-suprastructure?lang=en","0","0","","","0","0","0"
"https://docta.me/services/histopathology-of-pharyngeal-biopsy","0","0","","","0","0","0"
"https://docta.me/services/rectoscopy?lang=de","0","0","","","0","0","0"
"https://docta.me/services/small-eye-patch","0","0","","","0","0","0"
"https://docta.me/services/co2-laser-eyelids-upper-and-lower?lang=de","0","0","","","0","0","0"
"https://docta.me/services/total-cystectomy-with-ileal-conduit","0","0","","","0","0","0"
"https://docta.me/services/male-breast-reduction-gynecomastia?lang=en","0","0","","","0","0","0"
"https://docta.me/services/transcatheter-electrocoagulation-of-tumor-vessels?lang=en","0","0","","","0","0","0"
"https://docta.me/services/cystectomy-up-to-2-teeth?lang=tr","0","0","","","0","0","0"
"https://docta.me/services/fixed-orthodontic-check-up?lang=tr","0","0","","","0","0","0"
"https://docta.me/services/extended-tympanometry?lang=de","0","0","","","0","0","0"
"https://docta.me/services/open-reduction-of-patellar-fracture-with-repair","0","0","","","0","0","0"
"https://docta.me/services/premammary-deep-breast-abscess-treatment","0","0","","","0","0","0"
"https://docta.me/services/silicone-oil-exchange-with-revision","0","0","","","0","0","0"
"https://docta.me/services/vaginal-plasty-anterior-and-posterior-repair","0","0","","","0","0","0"
"https://docta.me/services/abdominal-aorta-bypass-reconstruction-synthetic-graft","0","0","","","0","0","0"
"https://docta.me/services/all-on-4-implant-prosthesis","0","0","","","0","0","0"
"https://docta.me/services/nasal-polypectomy-local-anesthesia?lang=tr","0","0","","","0","0","0"
"https://docta.me/services/chemical-peel?lang=en","0","0","2026-04-01","2026-04-01","200","0","0"
"https://docta.me/services/vacuum-massage?lang=tr","0","0","","","0","0","0"
"https://docta.me/services/magnetic-foreign-body-extraction-from-posterior-segment?lang=en","0","0","","","0","0","0"
"https://docta.me/services/anti-hepatitis-a-virus-igm-antibodies-elisa","0","0","","","0","0","0"
"https://docta.me/services/artificial-intraocular-lens-removal","0","0","","","0","0","0"
"https://docta.me/services/msc-female-package","0","0","","","0","0","0"
"https://docta.me/services/convexity-meningioma-removal","0","0","","","0","0","0"
"https://docta.me/services/fracture-reduction-with-cast-immobilization","0","0","","","0","0","0"
"https://docta.me/services/fixation-transducer-for-icp-monitoring-in-various-etiologies?lang=ru","0","0","","","0","0","0"
"https://docta.me/services/caldwell-luc-procedure?lang=tr","0","0","","","0","0","0"
"https://docta.me/services/acromioclavicular-joint-dislocation-reduction-closed","0","0","","","0","0","0"
"https://docta.me/services/ureteral-sonde-placement-for-drainage-or-pelvic-lavage","0","0","","","0","0","0"
"https://docta.me/services/cold-coagulation-of-cervical-lesions","0","0","","","0","0","0"
"https://docta.me/services/t-drain-replacement-under-ct-guidance","0","0","","","0","0","0"
"https://docta.me/services/temporary-crown?lang=en","0","0","","","0","0","0"
"https://docta.me/services/aerobic-bacterial-culture-of-intravascular-catheter-tip","0","0","","","0","0","0"
"https://docta.me/services/cystoscopy-with-ureteral-meatotomy-in-females","0","0","","","0","0","0"
"https://docta.me/services/vulva-biopsy-with-lab-analysis","0","0","","","0","0","0"
"https://docta.me/services/lacrimal-canaliculus-and-punctum-repair","0","0","","","0","0","0"
"https://docta.me/services/schanz-collar-application","0","0","","","0","0","0"
"https://docta.me/services/minor-burns-surgical-treatment?lang=en","0","0","2026-05-23","2026-05-23","200","0","0"
"https://docta.me/services/ureteral-catheterization-in-males-and-children","0","0","","","0","0","0"
"https://docta.me/services/acp-max-therapy-enhanced-plasma","0","0","","","0","0","0"
"https://docta.me/services/fetal-operations-to-facilitate-delivery","0","0","","","0","0","0"
"https://docta.me/services/p24-antigen-detection-confirmatory-test-elisa","0","0","","","0","0","0"
"https://docta.me/services/face-contouring-fat-transfer-stem-cells","0","0","","","0","0","0"
"https://docta.me/services/co2-laser-face?lang=tr","0","0","","","0","0","0"
"https://docta.me/services/3777","0","0","","","0","0","0"
"https://docta.me/services/olecranon-fracture-closed-or-open-reduction","0","0","","","0","0","0"
"https://docta.me/services/crutchfield-cervical-spine-traction?lang=tr","0","0","","","0","0","0"
"https://docta.me/services/neurology-examination-with-head-and-neck-doppler","0","0","","","0","0","0"
"https://docta.me/services/3640","0","0","","","0","0","0"
"https://docta.me/services/laparoscopic-pelvic-exploration","0","0","","","0","0","0"
"https://docta.me/services/congenital-bladder-anomaly-surgery","0","0","","","0","0","0"
"https://docta.me/services/retrograde-ureteropyelography-in-females","0","0","","","0","0","0"
"https://docta.me/services/patient-body-posture-training","0","0","","","0","0","0"
"https://docta.me/services/irregular-antibody-screening-test-gel-method","0","0","","","0","0","0"
"https://docta.me/services/medical-certificate-for-professional-drivers?lang=de","0","0","","","0","0","0"
"https://docta.me/services/salivary-gland-or-duct-incision","0","0","","","0","0","0"
"https://docta.me/services/pulpitis-treatment-single-root-niti","0","0","","","0","0","0"
"https://docta.me/services/root-canal-treatment-second-root","0","0","","","0","0","0"
"https://docta.me/services/1470?lang=en","0","0","","","0","0","0"
"https://docta.me/services/individual-psychiatric-therapy-counseling","0","0","","","0","0","0"
"https://docta.me/services/merendino-procedure","0","0","","","0","0","0"
"https://docta.me/services/total-gastrectomy?lang=ru","0","0","","","0","0","0"
"https://docta.me/services/axillary-hyperhidrosis-botox-xeomin?lang=en","0","0","","","0","0","0"
"https://docta.me/services/pediatric-play-therapy","0","0","","","0","0","0"
"https://docta.me/services/chronic-subdural-hematoma-evacuation","0","0","","","0","0","0"
"https://docta.me/services/big-toe-phalanx-fracture-manipulation-reduction","0","0","","","0","0","0"
"https://docta.me/services/shunt-revision?lang=en","0","0","","","0","0","0"
"https://docta.me/services/thoracotomy-with-lung-biopsy-and-wedge-resection","0","0","","","0","0","0"
"https://docta.me/services/3156","0","0","","","0","0","0"
"https://docta.me/services/holter-blood-pressure-monitoring","0","0","","","0","0","0"
"https://docta.me/services/pulpotomy?lang=en","0","0","","","0","0","0"
"https://docta.me/services/x-ray-both-upper-arms","0","0","","","0","0","0"
"https://docta.me/services/cardiac-rehabilitation-bed-day","0","0","","","0","0","0"
"https://docta.me/services/eye-evisceration-with-orbital-implant","0","0","","","0","0","0"
"https://docta.me/services/colonoscopy-with-dilatation","0","0","","","0","0","0"
"https://docta.me/services/electrotherapy?lang=en","0","0","","","0","0","0"
"https://docta.me/services/bilateral-tympanostomy-tube-removal","0","0","","","0","0","0"
"https://docta.me/services/dental-jewelry-application","0","0","","","0","0","0"
"https://docta.me/services/home-visit-city-center?lang=en","0","0","","","0","0","0"
"https://docta.me/services/cryptosporidium-stool-examination-ziehl-neelsen","0","0","","","0","0","0"
"https://docta.me/services/surgical-suture-removal","0","0","","","0","0","0"
"https://docta.me/services/superior-vena-cava-bypass-reconstruction-synthetic-graft","0","0","","","0","0","0"
"https://docta.me/services/dental-anchor","0","0","2026-05-24","","0","0","0"
"https://docta.me/services/cardiologist-examination-with-ecg-and-echocardiography-heart-ultrasound?lang=de","0","0","","","0","0","0"
"https://docta.me/services/pilonidal-sinus-or-cyst-excision-without-primary-suture?lang=tr","0","0","2026-06-01","2026-06-01","200","0","0"
"https://docta.me/services/histopathology-of-amputated-extremity","0","0","","","0","0","0"
"https://docta.me/services/other-cervical-operations","0","0","","","0","0","0"
"https://docta.me/services/implant-overdenture-locators-nobel","0","0","","","0","0","0"
"https://docta.me/services/skin-tightening-after-weight-loss","0","0","","","0","0","0"
"https://docta.me/services/congenital-hand-anomalies-syndactyly?lang=en","0","0","","","0","0","0"
"https://docta.me/services/mini-dental-implant?lang=tr","0","0","","","0","0","0"
"https://docta.me/services/pulpitis-treatment-single-root-machine?lang=tr","0","0","","","0","0","0"
"https://docta.me/services/primary-tooth-extraction?lang=tr","0","0","","","0","0","0"
"https://docta.me/services/partial-bone-excision-curettage-sequestrectomy-diaphysectomy","0","0","","","0","0","0"
"https://docta.me/services/mechanotherapy-on-equipment","0","0","","","0","0","0"
"https://docta.me/services/congenital-urethrorectal-fistula-treatment?lang=tr","0","0","","","0","0","0"
"https://docta.me/services/congenital-diaphragmatic-defect-repair?lang=tr","0","0","","","0","0","0"
"https://docta.me/services/minor-laser-intervention-conjunctival-lesions?lang=en","0","0","","","0","0","0"
"https://docta.me/services/intralesional-drug-application","0","0","","","0","0","0"
"https://docta.me/services/histopathology-of-vaginal-biopsy?lang=en","0","0","","","0","0","0"
"https://docta.me/services/small-bowel-standard-fluoroscopic-passage","0","0","","","0","0","0"
"https://docta.me/services/major-blood-vessels-doppler-ultrasound","0","0","","","0","0","0"
"https://docta.me/services/bruxism-night-guard","0","0","","","0","0","0"
"https://docta.me/services/rapid-triglyceride-test?lang=en","0","0","","","0","0","0"
"https://docta.me/services/laser-hair-removal-sideburns-women","0","0","","","0","0","0"
"https://docta.me/services/medical-certificate-for-significant-risk-work?lang=tr","0","0","","","0","0","0"
"https://docta.me/services/gingivectomy?lang=tr","0","0","","","0","0","0"
"https://docta.me/services/histopathology-of-small-intestine-partial-resection-fissures-and-fistulas?lang=ru","0","0","","","0","0","0"
"https://docta.me/services/2232?lang=en","0","0","","","0","0","0"
"https://docta.me/services/follow-up-infectious-disease-specialist-examination","0","0","","","0","0","0"
"https://docta.me/services/dolder-bar?lang=en","0","0","","","0","0","0"
"https://docta.me/services/home-visit-type-1","0","0","","","0","0","0"
"https://docta.me/services/bilateral-pelvic-abdominal-retroperitoneal-lymph-node-excision","0","0","","","0","0","0"
"https://docta.me/services/lacrimal-duct-probing-adults?lang=tr","0","0","","","0","0","0"
"https://docta.me/services/direct-pulp-capping?lang=de","0","0","","","0","0","0"
"https://docta.me/services/xanthelasma-removal-stage-i?lang=tr","0","0","","","0","0","0"
"https://docta.me/services/endoscopic-ultrasound-of-rectum","0","0","","","0","0","0"
"https://docta.me/services/zirconia-inlay?lang=ru","0","0","","","0","0","0"
"https://docta.me/services/semi-intensive-nursing-care-for-children-1-month-to-7-years","0","0","","","0","0","0"
"https://docta.me/services/spontaneous-intracerebral-hematoma-evacuation?lang=sr-cyrl","0","0","2026-06-01","2026-06-01","200","0","0"
"https://docta.me/services/blepharoplasty","0","0","","","0","0","0"
"https://docta.me/services/lesion-excision-without-reconstruction-with-histopathology","0","0","","","0","0","0"
"https://docta.me/services/premium-composite-filling-single-surface-ivoclar-empress-direct","0","0","","","0","0","0"
"https://docta.me/services/glans-swab-culture","0","0","","","0","0","0"
"https://docta.me/services/x-ray-thigh","0","0","","","0","0","0"
"https://docta.me/services/chronic-subdural-hematoma-evacuation?lang=ru","0","0","","","0","0","0"
"https://docta.me/services/minor-burns-surgical-treatment?lang=tr","0","0","","","0","0","0"
"https://docta.me/services/emergency-ophthalmological-examination-after-hours","0","0","","","0","0","0"
"https://docta.me/services/emergency-ligation-for-major-limb-hemorrhage?lang=en","0","0","","","0","0","0"
"https://docta.me/services/reconstruction-after-tumor-removal","0","0","","","0","0","0"
"https://docta.me/services/subspecialist-examination?lang=en","0","0","","","0","0","0"
"https://docta.me/services/myringoplasty-local-anesthesia?lang=de","0","0","","","0","0","0"
"https://docta.me/services/follow-up-professor-cardiologist-examination","0","0","","","0","0","0"
"https://docta.me/services/pediatric-ventral-hernia-repair","0","0","","","0","0","0"
"https://docta.me/services/psychological-assessment-for-children-with-special-needs?lang=tr","0","0","","","0","0","0"
"https://docta.me/services/chemical-peel-face-neck-and-decollete","0","0","","","0","0","0"
"https://docta.me/services/laser-tonsil-cryptolysis","0","0","","","0","0","0"
"https://docta.me/services/special-needs-child-social-maturity-assessment","0","0","","","0","0","0"
"https://docta.me/services/spinal-canal-stenosis-surgery?lang=en","0","0","","","0","0","0"
"https://docta.me/services/ureteropelvic-junction-stenosis-surgery?lang=en","0","0","","","0","0","0"
"https://docta.me/services/msct-chest-abdomen-pelvis-native","0","0","","","0","0","0"
"https://docta.me/services/intramuscular-injection-home-visit-suburban?lang=tr","0","0","","","0","0","0"
"https://docta.me/services/extra-anatomical-femoro-femoral-cross-over-bypass","0","0","","","0","0","0"
"https://docta.me/services/intracerebral-hematoma?lang=ru","0","0","","","0","0","0"
"https://docta.me/services/aerobic-bacterial-culture-of-bronchoalveolar-lavage","0","0","","","0","0","0"
"https://docta.me/services/histopathology-of-vaginal-biopsy","0","0","2026-06-26","2026-06-24","200","0","0"
"https://docta.me/services/primary-suture-of-flexor-tendon","0","0","","","0","0","0"
"https://docta.me/services/retropharyngeal-abscess-incision-and-drainage-transoral","0","0","2026-05-10","2026-05-11","200","0","0"
"https://docta.me/services/first-specialist-curative-gynecological-examination","0","0","","","0","0","0"
"https://docta.me/services/hand-ultrasound?lang=en","0","0","2026-05-09","2026-05-10","200","0","0"
"https://docta.me/services/aerobic-bacterial-culture-of-thoracic-drain-swab","0","0","","","0","0","0"
"https://docta.me/services/histopathology-of-partial-ovarian-resection?lang=en","0","0","","","0","0","0"
"https://docta.me/services/phacoemulsification-cataract-surgery-with-iol-implantation","0","0","","","0","0","0"
"https://docta.me/services/thermotherapy-cryotherapy","0","0","","","0","0","0"
"https://docta.me/services/laparoscopic-diaphragmatic-rupture-repair?lang=en","0","0","","","0","0","0"
"https://docta.me/services/blood-vessels-doppler?lang=en","0","0","","","0","0","0"
"https://docta.me/services/1719","0","0","","2026-02-06","0","0","0"
"https://docta.me/services/trimalleolar-ankle-fracture-open-or-closed-withwithout-fixation","0","0","","","0","0","0"
"https://docta.me/services/frenulotomy?lang=en","0","0","","","0","0","0"
"https://docta.me/services/vesicovaginal-fistula-surgery","0","0","","","0","0","0"
"https://docta.me/services/fracture-and-dislocation-treatment?lang=en","0","0","","","0","0","0"
"https://docta.me/services/bartholin-gland-marsupialization","0","0","","","0","0","0"
"https://docta.me/services/genital-condyloma-removal-grade-3","0","0","","","0","0","0"
"https://docta.me/services/open-or-closed-coccyx-fracture-reduction","0","0","","","0","0","0"
"https://docta.me/services/periodontal-flap-surgery-with-bone-graft-per-tooth","0","0","","","0","0","0"
"https://docta.me/services/ceramic-crown-on-gold","0","0","","","0","0","0"
"https://docta.me/services/metal-ceramic-crown-gold?cityids=1","0","0","","","0","0","0"
"https://docta.me/services/smaller-female-urethral-polyp-ablation","0","0","","","0","0","0"
"https://docta.me/services/blink-reflex-test?lang=ru","0","0","","","0","0","0"
"https://docta.me/services/all-on-6-metal-ceramic?lang=en","0","0","","","0","0","0"
"https://docta.me/services/colonoscopy-with-or-without-terminal-ileoscopy-with-or-without-biopsy","0","0","","","0","0","0"
"https://docta.me/services/systematic-examination-package-1","0","0","","","0","0","0"
"https://docta.me/services/soft-dental-deposit-removal","0","0","","","0","0","0"
"https://docta.me/services/meckel-diverticulum-surgery","0","0","","","0","0","0"
"https://docta.me/services/myringoplasty-general-anesthesia?lang=tr","0","0","","","0","0","0"
"https://docta.me/services/single-segment-cbct-scan?lang=tr","0","0","","","0","0","0"
"https://docta.me/services/first-dental-specialist-examination","0","0","","","0","0","0"
"https://docta.me/services/hand-amputation-through-metacarpal-joint","0","0","","","0","0","0"
"https://docta.me/services/histopathology-of-lung-lobectomy","0","0","","","0","0","0"
"https://docta.me/services/subtotal-colectomy-with-anastomosis-right-transverse-left-colon","0","0","","","0","0","0"
"https://docta.me/services/eyelid-lesion-injury-and-foreign-body-examination?lang=en&cityids=1","0","0","","","0","0","0"
"https://docta.me/services/extensive-scalp-soft-tissue-tumor-removal-with-bone-destruction?lang=tr","0","0","","","0","0","0"
"https://docta.me/services/manipulative-reduction-of-open-distal-fracture","0","0","","","0","0","0"
"https://docta.me/services/shoulder-to-hip-plaster-cast","0","0","","","0","0","0"
"https://docta.me/services/silver-diamine-fluoride-application?lang=tr","0","0","","","0","0","0"
"https://docta.me/services/3500","0","0","","","0","0","0"
"https://docta.me/services/follow-up-discharge-team-home-visit-over-15-km","0","0","","","0","0","0"
"https://docta.me/services/wound-care-and-bandage?lang=en","0","0","","","0","0","0"
"https://docta.me/services/transnavicular-perilunate-fracture-open-or-closed","0","0","","","0","0","0"
"https://docta.me/services/hospitalization-for-bronchitis-and-asthma-with-cc","0","0","","","0","0","0"
"https://docta.me/services/follow-up-specialist-examination-type-2","0","0","","","0","0","0"
"https://docta.me/services/histopathology-of-pleural-biopsy","0","0","","","0","0","0"
"https://docta.me/services/heart-teleradiography?lang=en","0","0","","","0","0","0"
"https://docta.me/services/rf-electrocauterization-up-to-10-lesions?lang=tr","0","0","","","0","0","0"
"https://docta.me/services/bilateral-hernia-operation","0","0","","","0","0","0"
"https://docta.me/services/tympanic-membrane-repositioning","0","0","","","0","0","0"
"https://docta.me/services/eustachian-tube-function-test?lang=en","0","0","","","0","0","0"
"https://docta.me/services/spirometry-recording-and-reading?lang=en","0","0","","","0","0","0"
"https://docta.me/services/follow-up-phoniatric-examination","0","0","","","0","0","0"
"https://docta.me/services/follow-up-pediatric-surgeon-examination","0","0","","","0","0","0"
"https://docta.me/services/1706?lang=tr","0","0","","","0","0","0"
"https://docta.me/services/first-degree-burn-primary-treatment-and-dressing?lang=ru","0","0","","","0","0","0"
"https://docta.me/services/salivary-duct-dilatation","0","0","","","0","0","0"
"https://docta.me/services/family-group-sociotherapy","0","0","","","0","0","0"
"https://docta.me/services/pediatric-examination","0","0","","","0","0","0"
"https://docta.me/services/cryotherapy-liquid-nitrogen-6-to-20-lesions?lang=en","0","0","","","0","0","0"
"https://docta.me/services/medical-certificate-for-court-expert?lang=ru","0","0","","","0","0","0"
"https://docta.me/services/fixation-transducer-for-icp-monitoring-in-various-etiologies?lang=sr-cyrl","0","0","","","0","0","0"
"https://docta.me/services/orthofed-method?lang=tr","0","0","","","0","0","0"
"https://docta.me/services/bandage","0","0","","","0","0","0"
"https://docta.me/services/intravitreal-drug-application","0","0","","","0","0","0"
"https://docta.me/services/axillary-hyperhidrosis-botox-bocouture","0","0","","","0","0","0"
"https://docta.me/services/excision-of-multiple-lesions-without-anastomosis-variant","0","0","","","0","0","0"
"https://docta.me/services/continuous-epidural-anesthesiaanalgesia","0","0","","","0","0","0"
"https://docta.me/services/3498","0","0","2026-01-25","2026-01-25","200","0","0"
"https://docta.me/services/cytological-microscopic-examination","0","0","","","0","0","0"
"https://docta.me/services/prescription-and-referral-issue?lang=en","0","0","","","0","0","0"
"https://docta.me/services/total-cystectomy-with-ureterocutaneostomy","0","0","","","0","0","0"
"https://docta.me/services/hyaluronic-fillers-1ml?cityids=1","0","0","","","0","0","0"
"https://docta.me/services/histopathology-of-colon-endoscopic-biopsy","0","0","","","0","0","0"
"https://docta.me/services/nail-plate-and-matrix-excision?lang=tr","0","0","","","0","0","0"
"https://docta.me/services/muscle-electrical-stimulation","0","0","","","0","0","0"
"https://docta.me/services/plasma-pen-treatment-over-10-lesions?lang=en","0","0","","","0","0","0"
"https://docta.me/services/first-thoracic-surgeon-examination","0","0","","","0","0","0"
"https://docta.me/services/urethral-swab-culture","0","0","","","0","0","0"
"https://docta.me/services/wrinkle-treatment?lang=en","0","0","","","0","0","0"
"https://docta.me/services/medical-certificate-observation?lang=tr","0","0","","","0","0","0"
"https://docta.me/services/ktd-diathermy","0","0","","","0","0","0"
"https://docta.me/services/laparoscopic-sterilization","0","0","","","0","0","0"
"https://docta.me/services/unsaturated-iron-binding-capacity-uibc","0","0","","","0","0","0"
"https://docta.me/services/visceral-artery-arteriotomy-and-embolectomy","0","0","","","0","0","0"
"https://docta.me/services/pediatric-testicular-trauma-surgery?lang=en","0","0","","","0","0","0"
"https://docta.me/services/speech-development-assessment","0","0","2026-06-23","2026-06-24","200","0","0"
"https://docta.me/services/vestibular-function-evaluation-with-rotating-chair","0","0","","","0","0","0"
"https://docta.me/services/co2-laser-scar-up-to-30cm?lang=en","0","0","","","0","0","0"
"https://docta.me/services/aerobic-bacterial-culture-of-inguinal-region-swab","0","0","","","0","0","0"
"https://docta.me/services/pilonidal-sinus-or-cyst-excision-without-primary-suture?lang=sr-cyrl","0","0","","","0","0","0"
"https://docta.me/services/consciousness-disorder-treatment","0","0","","","0","0","0"
"https://docta.me/services/vacuum-extraction-delivery","0","0","","","0","0","0"
"https://docta.me/services/apicoectomy-multi-root-tooth","0","0","","","0","0","0"
"https://docta.me/services/lumbar-ureteral-fistula-closure","0","0","","","0","0","0"
"https://docta.me/services/pregnant-woman-registration-with-venipuncture","0","0","","","0","0","0"
"https://docta.me/services/enucleation-or-excision-of-external-thrombosed-hemorrhoids?lang=de","0","0","","","0","0","0"
"https://docta.me/services/medical-certificate-for-collective-accommodation?lang=en","0","0","","","0","0","0"
"https://docta.me/services/capsulectomy","0","0","","","0","0","0"
"https://docta.me/services/histopathology-of-radical-mastectomy?lang=en","0","0","","","0","0","0"
"https://docta.me/services/total-colectomy-with-terminal-ileostomy","0","0","","","0","0","0"
"https://docta.me/services/emmet-cervicoplasty","0","0","","","0","0","0"
"https://docta.me/services/plaster-brace-reduction","0","0","","","0","0","0"
"https://docta.me/services/closed-manipulative-reduction-of-femoral-condyle-fracture","0","0","","","0","0","0"
"https://docta.me/services/follow-up-cardiac-surgeon-examination","0","0","","","0","0","0"
"https://docta.me/services/multidisciplinary-developmental-disorder-patient-workup","0","0","2026-06-16","2026-06-16","200","0","0"
"https://docta.me/services/senior-patronage-visit-over-65","0","0","","","0","0","0"
"https://docta.me/services/temporary-bridge-4-units","0","0","","","0","0","0"
"https://docta.me/services/mri-hand-not-including-wrist","0","0","","","0","0","0"
"https://docta.me/services/congenital-nasolacrimal-duct-obstruction-surgery?lang=en","0","0","","","0","0","0"
"https://docta.me/services/enucleation-or-excision-of-external-thrombosed-hemorrhoids?lang=tr","0","0","","","0","0","0"
"https://docta.me/services/light-sense-and-projection-test","0","0","","","0","0","0"
"https://docta.me/services/skin-tumor-excision-with-reconstruction","0","0","","","0","0","0"
"https://docta.me/services/pilonidal-sinus-or-cyst-excision-without-primary-suture?lang=ru","0","0","","","0","0","0"
"https://docta.me/services/non-magnetic-foreign-body-extraction-from-anterior-segment","0","0","","","0","0","0"
"https://docta.me/services/acute-mandibular-joint-luxation-reduction","0","0","","","0","0","0"
"https://docta.me/services/combined-logopedic-somatopedic-oligophrenological-psychomotor-assessment","0","0","","","0","0","0"
"https://docta.me/services/partial-denture-with-precision-attachment?lang=tr","0","0","","","0","0","0"
"https://docta.me/services/coxiella-burnetii-igg-antibodies-phase-1-elisa","0","0","","","0","0","0"
"https://docta.me/services/vats-pleural-exploration-with-biopsy","0","0","","","0","0","0"
"https://docta.me/services/local-anesthesia-administration?lang=en","0","0","","","0","0","0"
"https://docta.me/services/palmar-hyperhidrosis-botox-xeomin?lang=ru","0","0","","","0","0","0"
"https://docta.me/services/anterior-atypical-rectal-resection-with-anastomosis","0","0","","","0","0","0"
"https://docta.me/services/decubitus-surgical-treatment?lang=en","0","0","","","0","0","0"
"https://docta.me/services/eyelid-or-orbital-incision-and-drainage","0","0","","","0","0","0"
"https://docta.me/services/group-defectology-treatment-school-child","0","0","","","0","0","0"
"https://docta.me/services/bone-graft-with-membrane","0","0","","","0","0","0"
"https://docta.me/services/laparoscopic-adhesiolysis-for-ileus?lang=en","0","0","","","0","0","0"
"https://docta.me/services/excision-of-external-thrombosed-hemorrhoids?lang=sr-cyrl","0","0","","","0","0","0"
"https://docta.me/services/axillary-aneurysmectomy-and-reconstruction","0","0","","","0","0","0"
"https://docta.me/services/rf-electrocauterization-up-to-3-lesions?lang=en","0","0","","","0","0","0"
"https://docta.me/services/ventral-hernia-repair-without-mesh","0","0","","","0","0","0"
"https://docta.me/services/removal-of-obstructions-in-blocked-t-drain","0","0","","","0","0","0"
"https://docta.me/services/histopathology-of-eye-globe","0","0","","","0","0","0"
"https://docta.me/services/superior-vena-cava-suture","0","0","","","0","0","0"
"https://docta.me/services/special-needs-child-diagnostic-interview","0","0","","","0","0","0"
"https://docta.me/services/ventral-hernia-plasty-with-mesh","0","0","","","0","0","0"
"https://docta.me/services/vallecular-cyst-removal","0","0","","","0","0","0"
"https://docta.me/services/mri-sedation-three-regions","0","0","","","0","0","0"
"https://docta.me/services/sleeve-lung-resection-with-radical-lymphadenectomy","0","0","","","0","0","0"
"https://docta.me/services/bilateral-nasal-polyp-ablation?lang=en","0","0","","","0","0","0"
"https://docta.me/services/digital-dermoscopy-up-to-5-moles?lang=en","0","0","","","0","0","0"
"https://docta.me/services/resorbable-membrane?lang=en","0","0","","","0","0","0"
"https://docta.me/services/cervical-lymphohemangioma-surgery","0","0","","","0","0","0"
"https://docta.me/services/thyroid-lobectomy","0","0","","","0","0","0"
"https://docta.me/services/operative-penile-induration-plastic","0","0","","","0","0","0"
"https://docta.me/services/plaster-cast-or-splint-removal","0","0","","","0","0","0"
"https://docta.me/services/bilateral-endonasal-ethmoidectomy-with-polyp-ablation?lang=en","0","0","","","0","0","0"
"https://docta.me/services/all-on-4-zirconia?lang=en","0","0","","","0","0","0"
"https://docta.me/services/cranial-bone-defect-plasty?lang=ru","0","0","","","0","0","0"
"https://docta.me/services/defectologist-parental-counseling","0","0","","","0","0","0"
"https://docta.me/services/holter-ecg-48h?lang=en","0","0","","","0","0","0"
"https://docta.me/services/varicose-vein-surgery-single-region","0","0","","","0","0","0"
"https://docta.me/services/histopathology-of-subcutaneous-tumor?lang=tr","0","0","","","0","0","0"
"https://docta.me/services/medical-certificate-for-general-work?lang=ru","0","0","","","0","0","0"
"https://docta.me/services/slit-lamp-biomicroscopy-with-fundus-lens","0","0","","","0","0","0"
"https://docta.me/services/nail-plate-and-matrix-excision?lang=sr-cyrl","0","0","","","0","0","0"
"https://docta.me/services/injection-technique-composite-veneer?lang=tr","0","0","","","0","0","0"
"https://docta.me/services/x-ray-foreign-body-localization?lang=en","0","0","","","0","0","0"
"https://docta.me/services/periodontal-scaling-root-planing?cityids=1","0","0","","","0","0","0"
"https://docta.me/services/retrograde-urography","0","0","","","0","0","0"
"https://docta.me/services/distal-radius-fracture-osteosynthesis","0","0","","","0","0","0"
"https://docta.me/services/percutaneous-renal-cyst-aspiration-under-ct-guidance","0","0","","","0","0","0"
"https://docta.me/services/pulmonary-perfusion-scintigraphy","0","0","","","0","0","0"
"https://docta.me/services/rotator-cuff-repair","0","0","","","0","0","0"
"https://docta.me/services/temporary-removable-partial-denture-butterfly","0","0","","","0","0","0"
"https://docta.me/services/epidural-hematoma-evacuation","0","0","","","0","0","0"
"https://docta.me/services/direct-bilateral-tapp-inguinal-hernia-repair","0","0","","","0","0","0"
"https://docta.me/services/4049","0","0","","2026-01-24","0","0","0"
"https://docta.me/services/histopathology-of-pancreatic-resection?lang=tr","0","0","","","0","0","0"
"https://docta.me/services/postoperative-locomotor-system-rehabilitation?lang=en","0","0","","","0","0","0"
"https://docta.me/services/2215?lang=en","0","0","","","0","0","0"
"https://docta.me/services/prp-dental-application?lang=tr","0","0","","","0","0","0"
"https://docta.me/services/ocular-implant-removal","0","0","","","0","0","0"
"https://docta.me/services/apicoectomy?cityids=1","0","0","","","0","0","0"
"https://docta.me/services/body-weight-and-composition-assessment","0","0","","","0","0","0"
"https://docta.me/services/follow-up-pediatric-neurologist-examination","0","0","","","0","0","0"
"https://docta.me/services/laparoscopic-bilateral-hernia-operation?lang=en","0","0","2026-05-03","2026-05-05","200","0","0"
"https://docta.me/services/laser-hair-removal-chin-and-under-chin-women","0","0","","","0","0","0"
"https://docta.me/services/urethral-stone-extraction","0","0","","","0","0","0"
"https://docta.me/services/excision-of-external-thrombosed-hemorrhoids?lang=de","0","0","","","0","0","0"
"https://docta.me/services/eustachian-tube-function-test?lang=de","0","0","","","0","0","0"
"https://docta.me/services/extracranial-artery-thrombendarterectomy-cervical","0","0","","","0","0","0"
"https://docta.me/services/closed-manipulation-reduction-of-radius-and-ulna-diaphysis-fracture","0","0","","","0","0","0"
"https://docta.me/services/laser-hair-removal-full-face-women","0","0","","","0","0","0"
"https://docta.me/services/direct-gallbladder-gi-tract-anastomosis","0","0","","","0","0","0"
"https://docta.me/services/guillotine-hand-amputation","0","0","","","0","0","0"
"https://docta.me/services/bilateral-laparoscopic-inguinal-hernia-repair?lang=en","0","0","","","0","0","0"
"https://docta.me/services/extracranial-artery-thrombendarterectomy-thoracic","0","0","","","0","0","0"
"https://docta.me/services/hospitalization-for-major-skin-disorders-same-day","0","0","","","0","0","0"
"https://docta.me/services/terminal-ileostomy-creation?lang=en","0","0","","","0","0","0"
"https://docta.me/services/crutchfield-cervical-spine-traction?lang=de","0","0","","","0","0","0"
"https://docta.me/services/machine-root-canal-treatment-per-canal?lang=tr","0","0","","","0","0","0"
"https://docta.me/services/pediatric-umbilical-hernia-repair","0","0","","","0","0","0"
"https://docta.me/services/cystoscopy-with-biopsy-in-females?lang=en","0","0","","","0","0","0"
"https://docta.me/services/fracture-and-dislocation-treatment?lang=ru","0","0","","","0","0","0"
"https://docta.me/services/systematic-exam-package-vitamins-hormones-minerals?lang=en","0","0","","","0","0","0"
"https://docta.me/services/aerobic-bacterial-culture-of-urethroprostatic-secretion","0","0","","","0","0","0"
"https://docta.me/services/implant-suprastructure?lang=tr","0","0","","","0","0","0"
"https://docta.me/services/hyperpigmentation-treatment?lang=en","0","0","","","0","0","0"
"https://docta.me/services/liver-hemangioma-surgery","0","0","","","0","0","0"
"https://docta.me/services/adult-examination-for-registered-tb?lang=de","0","0","","","0","0","0"
"https://docta.me/services/pre-employment-medical-certificate?lang=tr","0","0","","","0","0","0"
"https://docta.me/services/1996?lang=tr","0","0","","","0","0","0"
"https://docta.me/services/2277?lang=ru","0","0","","","0","0","0"
"https://docta.me/services/eyelid-tumor-reconstruction-level-5","0","0","","","0","0","0"
"https://docta.me/services/pediatric-surgeon-examination","0","0","","","0","0","0"
"https://docta.me/services/standard-intraoral-dental-radiograph?lang=de","0","0","","","0","0","0"
"https://docta.me/services/electrocoagulation-cervix?lang=en","0","0","","","0","0","0"
"https://docta.me/services/shoulder-joint-block","0","0","","","0","0","0"
"https://docta.me/services/maryland-bridge?lang=en","0","0","","","0","0","0"
"https://docta.me/services/falx-meningioma-removal","0","0","","","0","0","0"
"https://docta.me/services/pacemaker-icd-and-crt-device-testing?lang=tr","0","0","","","0","0","0"
"https://docta.me/services/male-incontinence-correction","0","0","","","0","0","0"
"https://docta.me/services/follow-up-pulmonologist-examination","0","0","","","0","0","0"
"https://docta.me/services/echocardiography-heart-ultrasound?lang=en","0","0","","","0","0","0"
"https://docta.me/services/decompressive-craniotomy","0","0","","","0","0","0"
"https://docta.me/services/dental-local-anesthesia","0","0","","","0","0","0"
"https://docta.me/services/pulpitis-treatment-single-root-machine?lang=de","0","0","","","0","0","0"
"https://docta.me/services/brucella-abortus-antibodies-agglutination","0","0","","","0","0","0"
"https://docta.me/services/distal-urethral-polyp-excision","0","0","","","0","0","0"
"https://docta.me/services/deep-caries-treatment","0","0","","","0","0","0"
"https://docta.me/services/fiberoptic-nasopharyngolaryngoscopy?lang=tr","0","0","","","0","0","0"
"https://docta.me/services/subcutaneous-anal-fistulotomy-or-fistulectomy?lang=sr-cyrl","0","0","","","0","0","0"
"https://docta.me/services/medical-certificate-for-residence-and-work-in-montenegro?lang=ru","0","0","","","0","0","0"
"https://docta.me/services/complete-dental-cleaning?cityids=1","0","0","","","0","0","0"
"https://docta.me/services/complete-psychological-testing?lang=en","0","0","","","0","0","0"
"https://docta.me/services/extraction-of-semi-impacted-or-impacted-tooth","0","0","","","0","0","0"
"https://docta.me/services/trichologist-examination","0","0","","","0","0","0"
"https://docta.me/services/breast-cancer-early-detection-examination","0","0","","","0","0","0"
"https://docta.me/services/thigh-plaster-immobilization","0","0","","","0","0","0"
"https://docta.me/services/3624","0","0","","","0","0","0"
"https://docta.me/services/follow-up-neonatologist-examination","0","0","","","0","0","0"
"https://docta.me/services/gold-inlay","0","0","","","0","0","0"
"https://docta.me/services/skin-lesion-excision-with-closure-variant-2","0","0","","","0","0","0"
"https://docta.me/services/3272","0","0","","2026-02-17","0","0","0"
"https://docta.me/services/other-esophageal-repair-cardioplasty-fistula-closure-diverticulum-resection-transthoracic","0","0","","","0","0","0"
"https://docta.me/services/colonoscopy-with-anesthesia?lang=tr","0","0","","","0","0","0"
"https://docta.me/services/premium-composite-filling-three-surfaces-ivoclar-empress-direct","0","0","","","0","0","0"
"https://docta.me/services/dental-implant-straumann?cityids=1","0","0","","","0","0","0"
"https://docta.me/services/3675","0","0","","","0","0","0"
"https://docta.me/services/cervical-lymph-node-excision-biopsy","0","0","","","0","0","0"
"https://docta.me/services/anal-fissure-surgery?cityids=1","0","0","","","0","0","0"
"https://docta.me/services/follow-up-contact-lens-examination?lang=en","0","0","","","0","0","0"
"https://docta.me/services/histopathology-of-cervical-polyp?lang=ru","0","0","","","0","0","0"
"https://docta.me/services/acute-infratentorial-subdural-hematoma","0","0","","","0","0","0"
"https://docta.me/services/foreign-body-removal-from-throat","0","0","","","0","0","0"
"https://docta.me/services/cardiac-suture-for-injury","0","0","","","0","0","0"
"https://docta.me/services/spinal-discopathy-and-stenosis-rehabilitation?lang=en","0","0","","","0","0","0"
"https://docta.me/services/thoracic-fluid-drainage-under-ultrasound-guidance","0","0","","","0","0","0"
"https://docta.me/services/1538?lang=en","0","0","","","0","0","0"
"https://docta.me/services/enema-administration","0","0","","","0","0","0"
"https://docta.me/services/follow-up-gynecologist-obstetrician-examination","0","0","","","0","0","0"
"https://docta.me/services/endocardial-electrode-repair?lang=tr","0","0","","","0","0","0"
"https://docta.me/services/hemorrhoid-rubber-band-ligation?lang=en","0","0","","","0","0","0"
"https://docta.me/services/histopathology-of-vulvectomy?lang=tr","0","0","","","0","0","0"
"https://docta.me/services/x-ray-abdomen-and-pelvis-native","0","0","","","0","0","0"
"https://docta.me/services/anti-influenza-a-virus-igm-antibodies-elisa","0","0","","","0","0","0"
"https://docta.me/services/urethral-diverticulum-surgery","0","0","","","0","0","0"
"https://docta.me/services/home-visit-city-center-technician","0","0","","","0","0","0"
"https://docta.me/services/color-vision-test-ishihara","0","0","","","0","0","0"
"https://docta.me/services/histopathology-of-cervical-biopsy-with-endocervical-curettage","0","0","","","0","0","0"
"https://docta.me/services/calcaneus-fracture-open-or-closed","0","0","","","0","0","0"
"https://docta.me/services/sistrunk-operation-for-median-neck-cystfistula?lang=de","0","0","","","0","0","0"
"https://docta.me/services/laparoscopic-evacuation-and-drainage-of-intraperitoneal-abscess","0","0","","","0","0","0"
"https://docta.me/services/laparoscopic-total-vagotomy?lang=en","0","0","","","0","0","0"
"https://docta.me/services/suprapubic-bladder-catheterization","0","0","","","0","0","0"
"https://docta.me/services/transabdominal-diaphragmatic-rupture-repair?lang=tr","0","0","","","0","0","0"
"https://docta.me/services/unilateral-nasal-polyp-ablation-without-ethmoidectomy","0","0","","","0","0","0"
"https://docta.me/services/hallux-valgus-correction-with-metatarsal-osteotomy","0","0","","","0","0","0"
"https://docta.me/services/diaphragmatic-hernioplasty-abdominal-approach","0","0","","","0","0","0"
"https://docta.me/services/prp-hair-vitality?lang=tr","0","0","","","0","0","0"
"https://docta.me/services/closed-manipulation-reduction-of-proximal-end-fracture","0","0","","","0","0","0"
"https://docta.me/services/high-risk-child-preventive-examination","0","0","","","0","0","0"
"https://docta.me/services/static-central-visual-field-perimetry","0","0","","","0","0","0"
"https://docta.me/services/aerobic-bacterial-culture-of-swan-ganz-catheter-swab","0","0","","","0","0","0"
"https://docta.me/services/tecar-therapy?cityids=1","0","0","","","0","0","0"
"https://docta.me/services/follow-up-dermatologist-examination?lang=en","0","0","","","0","0","0"
"https://docta.me/services/4115","0","0","","2026-01-26","0","0","0"
"https://docta.me/services/herpes-simplex-virus-type-1-detection-direct-immunofluorescence","0","0","","","0","0","0"
"https://docta.me/services/anti-suppression-vision-exercises?lang=tr","0","0","","","0","0","0"
"https://docta.me/services/complete-socket-reconstruction-for-prosthesis","0","0","","","0","0","0"
"https://docta.me/services/cervical-artery-arteriotomy-and-embolectomy","0","0","","","0","0","0"
"https://docta.me/services/plaster-splint-for-hand-and-fingers","0","0","","","0","0","0"
"https://docta.me/services/histopathology-of-cervical-polyp?lang=tr","0","0","","","0","0","0"
"https://docta.me/services/home-visit-follow-up","0","0","","","0","0","0"
"https://docta.me/services/developmental-defectology-assessment-school-child","0","0","","","0","0","0"
"https://docta.me/services/msct-angiography-abdominal-vessels","0","0","","","0","0","0"
"https://docta.me/services/medical-certificate-for-study-abroad-and-visa?lang=en","0","0","","","0","0","0"
"https://docta.me/services/4008?lang=de","0","0","","","0","0","0"
"https://docta.me/services/direct-unilateral-tapp-inguinal-hernia-repair","0","0","","","0","0","0"
"https://docta.me/services/nonspecific-bronchial-provocation-test","0","0","","","0","0","0"
"https://docta.me/services/pediculated-and-tubular-ureteral-implantation?lang=en","0","0","","","0","0","0"
"https://docta.me/services/influenza-vaccination","0","0","","","0","0","0"
"https://docta.me/services/pap-test-liquid-cytology","0","0","","","0","0","0"
"https://docta.me/services/medical-certificate-for-high-risk-and-difficult-working-conditions?lang=en","0","0","","","0","0","0"
"https://docta.me/services/minor-burns-surgical-treatment","0","0","","","0","0","0"
"https://docta.me/services/follow-up-hospital-round","0","0","","","0","0","0"
"https://docta.me/services/3683?lang=en","2","0","","2026-01-24","0","0","0"
"https://docta.me/services/aspiration-drainage-of-empyema?lang=ru","0","0","","","0","0","0"
"https://docta.me/services/cervical-cerclage","0","0","","","0","0","0"
"https://docta.me/services/ha-eyes-biorevitalization?lang=tr","0","0","","","0","0","0"
"https://docta.me/services/psychological-counseling-for-infertility-group?lang=en","0","0","","","0","0","0"
"https://docta.me/services/labiaplasty?lang=tr","0","0","","","0","0","0"
"https://docta.me/services/home-visit-suburban","0","0","","2026-04-01","0","0","0"
"https://docta.me/services/simple-cryptectomy","0","0","","","0","0","0"
"https://docta.me/services/pleural-drainage","0","0","","","0","0","0"
"https://docta.me/services/benign-skin-growth-thermocauterization-removal","0","0","","","0","0","0"
"https://docta.me/services/partial-bone-excision-for-tibia-and-fibula-osteomyelitis","0","0","","","0","0","0"
"https://docta.me/services/intracerebral-hematoma?lang=sr-cyrl","0","0","","","0","0","0"
"https://docta.me/services/contact-lens-fitting-and-care-training?lang=en","0","0","","","0","0","0"
"https://docta.me/services/tooth-restoration-with-fiberglass-post?cityids=7","0","0","","","0","0","0"
"https://docta.me/services/galvanic-current-therapy-in-water","0","0","","","0","0","0"
"https://docta.me/services/histopathology-of-penile-biopsy","0","0","","","0","0","0"
"https://docta.me/services/small-bowel-partial-resection-with-ileostomy","0","0","","","0","0","0"
"https://docta.me/services/implantologist-consultation?lang=tr","0","0","","","0","0","0"
"https://docta.me/services/1629?lang=en","0","0","2026-02-20","2026-01-25","200","0","0"
"https://docta.me/services/gastrostomy?lang=ru","0","0","","","0","0","0"
"https://docta.me/services/leep-excision-with-histopathology","0","0","","","0","0","0"
"https://docta.me/services/polysegmental-conduction-velocity-test-of-mixed-nerve","0","0","","","0","0","0"
"https://docta.me/services/stomach-stump-x-ray-with-catheter","0","0","","","0","0","0"
"https://docta.me/services/results-processing-integration-and-report-writing","0","0","","","0","0","0"
